customer_id,acquired_by,acquired_date,first_purchase_time,product_code,parent_region_id,first_purchase_amount,child_region_id,days_to_first_purchase,purchase_hour,purchase_weekday,acquisition_hour,acquisition_weekday,first_purchase_date,followup_end,label_available,future_return_days,sticky_target
2878417781b0881758847be0c0c50d06,ONLINE,2021-10-01 03:28:22.946000+00:00,2021-10-01 03:39:45.130000+00:00,78,300,59,C0DD698BE0C1EA71FA3045950BEEC64B,0.007895648148148148,3,Friday,3,Friday,2021-10-01 00:00:00+00:00,2021-10-08 00:00:00+00:00,True,3,1
5523b0ca3db509d72d4bcc09c6172237,OFFLINE,2021-10-01 03:18:41.784000+00:00,2021-10-01 03:51:18.986000+00:00,78,07B,65,4E8E60427140A514537C374BAA698D32,0.022652800925925927,3,Friday,3,Friday,2021-10-01 00:00:00+00:00,2021-10-08 00:00:00+00:00,True,0,0
dd6a77e958309d8ab326ebc18e337886,OFFLINE,2021-10-01 03:58:39.921000+00:00,2021-10-01 04:00:48.939000+00:00,78,300,50,09B36CB8AB7325477B80E99BE8FB2D02,0.0014932638888888888,4,Friday,3,Friday,2021-10-01 00:00:00+00:00,2021-10-08 00:00:00+00:00,True,6,1
ce23b89a51f1ac1e167b114a453c5ddb,OFFLINE,2021-10-01 04:17:51.758000+00:00,2021-10-01 04:49:17.019000+00:00,78,07B,85,EEDD0125ADF9CD4325E56C39462533F5,0.021820150462962963,4,Friday,4,Friday,2021-10-01 00:00:00+00:00,2021-10-08 00:00:00+00:00,True,1,0
6053e37870ad0dbe337bb6196578a5f2,ONLINE,2021-10-01 04:37:12.713000+00:00,2021-10-01 05:06:22.274000+00:00,78,07B,85,294B021232C509826A57AC3136B8ABDD,0.02024954861111111,5,Friday,4,Friday,2021-10-01 00:00:00+00:00,2021-10-08 00:00:00+00:00,True,4,1
d00012fa8c7ae7e4b18661168a5ad43c,OFFLINE,2021-10-01 04:23:10.047000+00:00,2021-10-01 05:26:14.526000+00:00,78,300,143,E56AE16934A0D29EBF24915402A7E5ED,0.043801840277777775,5,Friday,4,Friday,2021-10-01 00:00:00+00:00,2021-10-08 00:00:00+00:00,True,1,0
a25b2c9dc22196afb2c2ffe902f0cf2c,ONLINE,2021-10-01 04:21:26.627000+00:00,2021-10-01 05:31:18+00:00,78,300,126,08379264459A6EF0F8052CC20B9DD41F,0.048511261574074066,5,Friday,4,Friday,2021-10-01 00:00:00+00:00,2021-10-08 00:00:00+00:00,True,0,0
847bb8cbefca928d7a0f2fbe00838960,ONLINE,2021-10-01 04:50:14.489000+00:00,2021-10-01 05:51:42.392000+00:00,78,07B,203,7A4560119B1440F826F97B91B425DABC,0.042684062499999995,5,Friday,4,Friday,2021-10-01 00:00:00+00:00,2021-10-08 00:00:00+00:00,True,5,1
3b0f182f85fb3838e466cbb16fdcf886,OFFLINE,2021-10-01 05:26:36.478000+00:00,2021-10-01 05:56:42.538000+00:00,78,07B,150,729470E813F48EEAB42A800818FDC08E,0.020903472222222223,5,Friday,5,Friday,2021-10-01 00:00:00+00:00,2021-10-08 00:00:00+00:00,True,3,1
5dd86c6d7705bbe0c7bbe3a437496b73,OFFLINE,2021-10-01 04:55:53.471000+00:00,2021-10-01 05:58:09.135000+00:00,78,300,84,364A975FE43F5678164266B2B0E8A237,0.04323685185185185,5,Friday,4,Friday,2021-10-01 00:00:00+00:00,2021-10-08 00:00:00+00:00,True,0,0
2a0ebe5f97e8ff149b752d6db6941950,OFFLINE,2021-10-01 05:35:27.465000+00:00,2021-10-01 06:28:09.909000+00:00,78,1EF,82,FF6F2DDF8AB23F3461E39CE6531C7EAB,0.03660236111111111,6,Friday,5,Friday,2021-10-01 00:00:00+00:00,2021-10-08 00:00:00+00:00,True,0,0
364e4e79e23d1ab3ebd756dec41cda35,OFFLINE,2021-10-01 05:34:05.902000+00:00,2021-10-01 06:39:08.321000+00:00,78,07B,77,3B56EC028568E71AF10B3360787CD0BC,0.04516688657407407,6,Friday,5,Friday,2021-10-01 00:00:00+00:00,2021-10-08 00:00:00+00:00,True,6,1
d7794a3d6a1ca89657a20756e6552d47,OFFLINE,2021-10-01 07:21:02.283000+00:00,2021-10-01 07:45:26.271000+00:00,78,300,50,2630D6FC6433A9A4C1C906C0D64BDDE1,0.016944305555555556,7,Friday,7,Friday,2021-10-01 00:00:00+00:00,2021-10-08 00:00:00+00:00,True,2,0
39174df6774911374587d2fead650575,OFFLINE,2021-10-01 07:30:39.639000+00:00,2021-10-01 08:00:15.255000+00:00,78,300,50,89D534629771B04F61D1971C3068D1BD,0.02055111111111111,8,Friday,7,Friday,2021-10-01 00:00:00+00:00,2021-10-08 00:00:00+00:00,True,7,1
e17b9049e9988708a347fda1b3b9d2cc,ONLINE,2021-10-01 11:32:59.175000+00:00,2021-10-01 12:01:28.058000+00:00,78,1EF,68,FF6F2DDF8AB23F3461E39CE6531C7EAB,0.019778738425925927,12,Friday,11,Friday,2021-10-01 00:00:00+00:00,2021-10-08 00:00:00+00:00,True,5,1
89e3f4300672715a801fe3d16410c9b1,ONLINE,2021-10-01 11:40:29.003000+00:00,2021-10-01 12:05:16.993000+00:00,78,1EF,122,4DBE83E28F1DFA3ED9C79A2C577BFBDE,0.01722210648148148,12,Friday,11,Friday,2021-10-01 00:00:00+00:00,2021-10-08 00:00:00+00:00,True,4,1
228ad6f94eb5aba3b2124cdb2cfda454,OFFLINE,2021-10-01 02:42:39.705000+00:00,2021-10-01 12:34:11.892000+00:00,78,1EF,172,F53472DBCC26A0D6A6D02DDAAB396785,0.41078920138888886,12,Friday,2,Friday,2021-10-01 00:00:00+00:00,2021-10-08 00:00:00+00:00,True,3,1
da1af5a0485843e6d4bae149e1462b0a,OFFLINE,2021-10-01 05:32:36.332000+00:00,2021-10-01 13:23:18.687000+00:00,78,1EF,190,9EA9D0D3FE1AE487F016FBEA8CFD7731,0.3268791087962963,13,Friday,5,Friday,2021-10-01 00:00:00+00:00,2021-10-08 00:00:00+00:00,True,1,0
3b92048a7465f768e5705885c84b5098,OFFLINE,2021-10-01 12:24:36.152000+00:00,2021-10-01 13:44:10.535000+00:00,78,07B,174,6A804DC7A1AB77B75CC9D844BFAB338E,0.0552590625,13,Friday,12,Friday,2021-10-01 00:00:00+00:00,2021-10-08 00:00:00+00:00,True,5,1
060a4ed3eadf056542e39f63b0d45d72,OFFLINE,2021-10-01 13:27:55.063000+00:00,2021-10-01 13:58:49.893000+00:00,90,1EF,139,740CB1CA2BD83B3276B092195A6EB883,0.021467939814814815,13,Friday,13,Friday,2021-10-01 00:00:00+00:00,2021-10-08 00:00:00+00:00,True,1,0
4c55b0f4f636a380695c135322bb4c17,OFFLINE,2021-10-01 14:14:18.041000+00:00,2021-10-01 14:35:28.611000+00:00,78,300,79,08379264459A6EF0F8052CC20B9DD41F,0.014705671296296295,14,Friday,14,Friday,2021-10-01 00:00:00+00:00,2021-10-08 00:00:00+00:00,True,3,1
15e1ae44d7470e940fa8b7863e65e9d2,OFFLINE,2021-10-01 13:15:08.232000+00:00,2021-10-01 15:23:36.521000+00:00,78,300,76,15DEDC3B645D743B528945FFB129B0EC,0.08921630787037037,15,Friday,13,Friday,2021-10-01 00:00:00+00:00,2021-10-08 00:00:00+00:00,True,3,1
901705eaa48bae62516d97991f1e6531,OFFLINE,2021-10-01 17:06:19.852000+00:00,2021-10-01 17:19:56.393000+00:00,78,07B,58,3B56EC028568E71AF10B3360787CD0BC,0.00945070601851852,17,Friday,17,Friday,2021-10-01 00:00:00+00:00,2021-10-08 00:00:00+00:00,True,5,1
1ca5905cf14ba3c381d24da44996ed86,OFFLINE,2021-10-01 17:10:01.158000+00:00,2021-10-01 17:31:57.010000+00:00,78,1EF,67,5CD6463B9C20BA10DA25A431F2D844A6,0.01522976851851852,17,Friday,17,Friday,2021-10-01 00:00:00+00:00,2021-10-08 00:00:00+00:00,True,3,1
44206d7ca3caf2e51b09bc08842cd60f,OFFLINE,2021-10-01 22:19:36.699000+00:00,2021-10-01 23:44:51.734000+00:00,78,300,94,08379264459A6EF0F8052CC20B9DD41F,0.05920179398148148,23,Friday,22,Friday,2021-10-01 00:00:00+00:00,2021-10-08 00:00:00+00:00,True,2,0
253ba7ffb1333204a7c37d53bacabe16,OFFLINE,2021-10-01 10:08:23.679000+00:00,2021-10-02 03:12:01.949000+00:00,78,1EF,106,38BB76CCFDD8129EF62B3AF5480605C7,0.7108596064814815,3,Saturday,10,Friday,2021-10-02 00:00:00+00:00,2021-10-09 00:00:00+00:00,True,7,1
35e178b08911c2af4dc832d2d1cbaf4d,OFFLINE,2021-10-02 03:14:41.283000+00:00,2021-10-02 04:03:49.738000+00:00,78,300,222,526A1D40F50BBB44821C0C0FDE8E16B7,0.034125636574074074,4,Saturday,3,Saturday,2021-10-02 00:00:00+00:00,2021-10-09 00:00:00+00:00,True,0,0
cb1f53d9c7b8e0948f8dbbd7853a358c,OFFLINE,2021-10-02 03:28:09.404000+00:00,2021-10-02 04:04:18.591000+00:00,78,300,119,56C3843EA0BAA7B2438B58CFC2BBD0FF,0.025106331018518516,4,Saturday,3,Saturday,2021-10-02 00:00:00+00:00,2021-10-09 00:00:00+00:00,True,2,0
abd3ae3cbb255bc61bb1722fd71ef93f,OFFLINE,2021-10-01 16:43:10.349000+00:00,2021-10-02 04:25:35.560000+00:00,78,300,50,09B36CB8AB7325477B80E99BE8FB2D02,0.48779179398148154,4,Saturday,16,Friday,2021-10-02 00:00:00+00:00,2021-10-09 00:00:00+00:00,True,5,1
21a11fe9f7f46001e6081b2af2fe09e5,ONLINE,2021-10-02 03:48:12.185000+00:00,2021-10-02 04:36:34.990000+00:00,78,300,59,4FB52D1F31461850C15CC1C15A02931B,0.033597280092592594,4,Saturday,3,Saturday,2021-10-02 00:00:00+00:00,2021-10-09 00:00:00+00:00,True,2,0
cd2240983b702b0320bb340d331b8b33,OFFLINE,2021-10-02 04:58:41.716000+00:00,2021-10-02 05:31:50.927000+00:00,78,1EF,111,2C10D809ABD31810F4E95F4E500EFA7E,0.023023275462962962,5,Saturday,4,Saturday,2021-10-02 00:00:00+00:00,2021-10-09 00:00:00+00:00,True,4,1
8fc0b52357d8efe105aaf72b0d826100,OFFLINE,2021-10-01 06:22:33.742000+00:00,2021-10-02 05:33:13.830000+00:00,78,1EF,85,96C3C752FA22E3A6918ADE4F355D3F8D,0.9657417592592593,5,Saturday,6,Friday,2021-10-02 00:00:00+00:00,2021-10-09 00:00:00+00:00,True,6,1
9cddaa3692825bf8abc2f25625ccee36,OFFLINE,2021-10-02 05:20:16.908000+00:00,2021-10-02 05:37:30.504000+00:00,78,1EF,79,F5D32DD994477BAC9E1ACC96D65A0972,0.011962916666666667,5,Saturday,5,Saturday,2021-10-02 00:00:00+00:00,2021-10-09 00:00:00+00:00,True,2,0
74629209667c2190beec4b268a391acd,OFFLINE,2021-10-01 18:33:24.600000+00:00,2021-10-02 05:52:19.269000+00:00,78,07B,50,4ECC8B694F4BB262BDD4B0A85952B71A,0.47146607638888893,5,Saturday,18,Friday,2021-10-02 00:00:00+00:00,2021-10-09 00:00:00+00:00,True,4,1
76a547a1cdebdcd8288951ab0d9d7b90,OFFLINE,2021-10-01 16:11:00.670000+00:00,2021-10-02 06:02:14.833000+00:00,90,07B,150,B4FC534828E371E11BC989991238B1D4,0.5772472569444445,6,Saturday,16,Friday,2021-10-02 00:00:00+00:00,2021-10-09 00:00:00+00:00,True,0,0
05a1d0b4f85d2e7b8bbf8a57f10610f9,OFFLINE,2021-10-02 06:00:17.172000+00:00,2021-10-02 06:15:21.382000+00:00,78,1EF,93,FF6F2DDF8AB23F3461E39CE6531C7EAB,0.01046539351851852,6,Saturday,6,Saturday,2021-10-02 00:00:00+00:00,2021-10-09 00:00:00+00:00,True,1,0
2dbd2395bacb9118872e55725cc85f09,ONLINE,2021-10-01 21:15:36.027000+00:00,2021-10-02 06:28:21.440000+00:00,78,07B,78,EE735FFED3A6072D13A30636E658A03A,0.38385894675925925,6,Saturday,21,Friday,2021-10-02 00:00:00+00:00,2021-10-09 00:00:00+00:00,True,6,1
d248e14bc54e4e051b5b3bdc7df7da18,ONLINE,2021-10-02 05:42:29.445000+00:00,2021-10-02 06:49:45.655000+00:00,78,07B,87,2D9F8B5DDB0A7BD6F060DBAA34EC0CFF,0.04671539351851852,6,Saturday,5,Saturday,2021-10-02 00:00:00+00:00,2021-10-09 00:00:00+00:00,True,3,1
bf3dec01dd71d8cc26687018b9122841,OFFLINE,2021-10-02 06:11:52.084000+00:00,2021-10-02 07:02:47.977000+00:00,78,07B,175,EEDD0125ADF9CD4325E56C39462533F5,0.035369131944444444,7,Saturday,6,Saturday,2021-10-02 00:00:00+00:00,2021-10-09 00:00:00+00:00,True,2,0
fc51973676ff496dffcae2737b6b4a72,OFFLINE,2021-10-01 19:42:28.370000+00:00,2021-10-02 07:03:07.069000+00:00,78,300,67,7E701822D80EF10DEBEA008731637EA3,0.47267012731481484,7,Saturday,19,Friday,2021-10-02 00:00:00+00:00,2021-10-09 00:00:00+00:00,True,4,1
d2a99442f7f14fff59306b9970ecd799,OFFLINE,2021-10-02 07:02:25.171000+00:00,2021-10-02 07:46:29.270000+00:00,78,300,104,08379264459A6EF0F8052CC20B9DD41F,0.030602997685185186,7,Saturday,7,Saturday,2021-10-02 00:00:00+00:00,2021-10-09 00:00:00+00:00,True,2,0
9aa3d0a7e9b0fbe7810b51f8daf2df6c,OFFLINE,2021-10-02 07:47:41.002000+00:00,2021-10-02 07:59:20.187000+00:00,78,07B,66,EEDD0125ADF9CD4325E56C39462533F5,0.008092418981481482,7,Saturday,7,Saturday,2021-10-02 00:00:00+00:00,2021-10-09 00:00:00+00:00,True,6,1
1d524ae7a6ad23275d65df9441394372,ONLINE,2021-10-02 07:46:53.420000+00:00,2021-10-02 08:07:40.212000+00:00,78,1EF,60,2C10D809ABD31810F4E95F4E500EFA7E,0.014430462962962963,8,Saturday,7,Saturday,2021-10-02 00:00:00+00:00,2021-10-09 00:00:00+00:00,True,0,0
e8ff206ae2dd53e55974522371349d75,OFFLINE,2021-10-01 09:55:18.966000+00:00,2021-10-02 08:14:40.599000+00:00,78,1EF,66,4DBE83E28F1DFA3ED9C79A2C577BFBDE,0.9301114930555556,8,Saturday,9,Friday,2021-10-02 00:00:00+00:00,2021-10-09 00:00:00+00:00,True,0,0
3d7f6a6f6139fe6ab92a48a684b8dd71,OFFLINE,2021-10-01 03:50:12.486000+00:00,2021-10-02 08:51:34.204000+00:00,78,07B,50,294B021232C509826A57AC3136B8ABDD,1.2092791435185184,8,Saturday,3,Friday,2021-10-02 00:00:00+00:00,2021-10-09 00:00:00+00:00,True,0,0
29d036ad257ee0f8c6ce8394cf39f7e4,ONLINE,2021-10-02 08:23:48.034000+00:00,2021-10-02 09:09:20.072000+00:00,78,300,50,89D534629771B04F61D1971C3068D1BD,0.031620810185185186,9,Saturday,8,Saturday,2021-10-02 00:00:00+00:00,2021-10-09 00:00:00+00:00,True,3,1
96c17650a1f962b969131fb117c207d5,ONLINE,2021-10-02 08:38:45.297000+00:00,2021-10-02 09:39:24.322000+00:00,78,300,79,7E701822D80EF10DEBEA008731637EA3,0.04211834490740741,9,Saturday,8,Saturday,2021-10-02 00:00:00+00:00,2021-10-09 00:00:00+00:00,True,3,1
930c955ec5513ef915d8f4e34dc1b9e9,OFFLINE,2021-10-02 09:24:14.082000+00:00,2021-10-02 09:40:38.297000+00:00,78,300,292,08379264459A6EF0F8052CC20B9DD41F,0.011391377314814816,9,Saturday,9,Saturday,2021-10-02 00:00:00+00:00,2021-10-09 00:00:00+00:00,True,4,1
fffc0b6d510f1b3803c84ae59945025a,ONLINE,2021-10-02 09:23:27.702000+00:00,2021-10-02 09:58:08.014000+00:00,78,300,99,09B36CB8AB7325477B80E99BE8FB2D02,0.024077685185185185,9,Saturday,9,Saturday,2021-10-02 00:00:00+00:00,2021-10-09 00:00:00+00:00,True,2,0
b84a39571ed81861205319dcb3c07f8a,OFFLINE,2021-10-02 09:04:54.586000+00:00,2021-10-02 10:03:21.795000+00:00,78,1EF,264,93A459F0AC42B4DAE28317297839D393,0.04059269675925926,10,Saturday,9,Saturday,2021-10-02 00:00:00+00:00,2021-10-09 00:00:00+00:00,True,2,0
35e3cb7c8d5f9a343661f3f4c9100db4,OFFLINE,2021-10-02 10:08:32.322000+00:00,2021-10-02 10:28:33.525000+00:00,78,1EF,71,FF6F2DDF8AB23F3461E39CE6531C7EAB,0.0139028125,10,Saturday,10,Saturday,2021-10-02 00:00:00+00:00,2021-10-09 00:00:00+00:00,True,0,0
6a156e88d1fc269d1f5fbf90e047ce72,ONLINE,2021-10-02 10:19:19.077000+00:00,2021-10-02 10:50:19.206000+00:00,78,300,89,526A1D40F50BBB44821C0C0FDE8E16B7,0.021529270833333333,10,Saturday,10,Saturday,2021-10-02 00:00:00+00:00,2021-10-09 00:00:00+00:00,True,1,0
b2aaa8449c86a5cfd6ed21ded103a845,OFFLINE,2021-10-02 06:23:39.924000+00:00,2021-10-02 11:10:49.504000+00:00,78,300,174,09B36CB8AB7325477B80E99BE8FB2D02,0.1994164351851852,11,Saturday,6,Saturday,2021-10-02 00:00:00+00:00,2021-10-09 00:00:00+00:00,True,7,1
636dce3942d3b2bfd4f8451de9f0d82f,ONLINE,2021-10-02 10:35:45.163000+00:00,2021-10-02 11:16:40.061000+00:00,88,07B,190,56129BC950F9E18A9F5DF651D9D267D1,0.028413171296296297,11,Saturday,10,Saturday,2021-10-02 00:00:00+00:00,2021-10-09 00:00:00+00:00,True,0,0
9fb678acc6519c52cabdcfc166030890,ONLINE,2021-10-02 10:49:42.390000+00:00,2021-10-02 11:20:01.422000+00:00,78,1EF,96,FF6F2DDF8AB23F3461E39CE6531C7EAB,0.02105361111111111,11,Saturday,10,Saturday,2021-10-02 00:00:00+00:00,2021-10-09 00:00:00+00:00,True,2,0
53034b23ab9896c3c5656eb355657445,ONLINE,2021-10-02 10:58:27.204000+00:00,2021-10-02 11:21:56.385000+00:00,78,07B,99,10D023CEE6CC12F06C576EB33402E56B,0.01630996527777778,11,Saturday,10,Saturday,2021-10-02 00:00:00+00:00,2021-10-09 00:00:00+00:00,True,1,0
e1fe0fe38465e7cdef18d745a6fb3320,OFFLINE,2021-10-01 07:47:16.962000+00:00,2021-10-02 11:48:19.138000+00:00,78,300,137,09B36CB8AB7325477B80E99BE8FB2D02,1.1673862962962964,11,Saturday,7,Friday,2021-10-02 00:00:00+00:00,2021-10-09 00:00:00+00:00,True,1,0
ed688146e02f73b1b8befe2deb5787aa,OFFLINE,2021-10-02 10:46:00.144000+00:00,2021-10-02 11:52:40.257000+00:00,78,07B,98,10D023CEE6CC12F06C576EB33402E56B,0.046297604166666666,11,Saturday,10,Saturday,2021-10-02 00:00:00+00:00,2021-10-09 00:00:00+00:00,True,6,1
f25566c28f6f074ef2403006780a2a67,ONLINE,2021-10-02 11:37:51.849000+00:00,2021-10-02 11:57:40.830000+00:00,78,1EF,60,F066DEFF7409FE06BB3F4539FBDF12A4,0.013761354166666667,11,Saturday,11,Saturday,2021-10-02 00:00:00+00:00,2021-10-09 00:00:00+00:00,True,1,0
39ea0f113d9d141814e703d125ec7138,OFFLINE,2021-10-02 11:59:43.255000+00:00,2021-10-02 12:26:12.181000+00:00,78,1EF,60,38BB76CCFDD8129EF62B3AF5480605C7,0.01839034722222222,12,Saturday,11,Saturday,2021-10-02 00:00:00+00:00,2021-10-09 00:00:00+00:00,True,0,0
c59943481d8fee156ed369c279d436fe,OFFLINE,2021-10-02 12:15:38.622000+00:00,2021-10-02 12:56:47.301000+00:00,78,300,202,0172D49A6C50EA5A9E5C243FEBA0B377,0.028572673611111113,12,Saturday,12,Saturday,2021-10-02 00:00:00+00:00,2021-10-09 00:00:00+00:00,True,1,0
a696c28cfd7133ae1a53efd8ca5db3be,ONLINE,2021-10-02 12:31:14.123000+00:00,2021-10-02 13:04:18.124000+00:00,78,07B,132,10D023CEE6CC12F06C576EB33402E56B,0.022962974537037037,13,Saturday,12,Saturday,2021-10-02 00:00:00+00:00,2021-10-09 00:00:00+00:00,True,0,0
f7402452c016c5bce728ebac25735a43,OFFLINE,2021-10-02 12:31:45.147000+00:00,2021-10-02 13:09:40.179000+00:00,78,07B,179,9F9E66046BADAE5ABE94708CED879416,0.02633138888888889,13,Saturday,12,Saturday,2021-10-02 00:00:00+00:00,2021-10-09 00:00:00+00:00,True,4,1
44e5592f7e00a3113bebe6ef410e5b51,OFFLINE,2021-10-02 12:29:58.966000+00:00,2021-10-02 13:15:05.505000+00:00,78,1EF,210,1162FF15A2450469905B590D62F7746E,0.031325682870370374,13,Saturday,12,Saturday,2021-10-02 00:00:00+00:00,2021-10-09 00:00:00+00:00,True,4,1
7dbfcfca4f77531d453438cb3a49ff89,OFFLINE,2021-10-02 11:34:43.008000+00:00,2021-10-02 13:19:36.295000+00:00,90,07B,232,4575953E5DD96D9E301B05E12FB12540,0.07283896990740742,13,Saturday,11,Saturday,2021-10-02 00:00:00+00:00,2021-10-09 00:00:00+00:00,True,2,0
8175e8c238a807fc88058d7ae0020ee0,OFFLINE,2021-10-02 05:57:45.087000+00:00,2021-10-02 15:05:52.799000+00:00,78,07B,75,2D9F8B5DDB0A7BD6F060DBAA34EC0CFF,0.3806448148148148,15,Saturday,5,Saturday,2021-10-02 00:00:00+00:00,2021-10-09 00:00:00+00:00,True,4,1
6c42a566232482e8d4c2c6e570e27348,OFFLINE,2021-10-01 15:14:29.425000+00:00,2021-10-02 15:17:05.100000+00:00,78,1EF,90,96C3C752FA22E3A6918ADE4F355D3F8D,1.0018017939814816,15,Saturday,15,Friday,2021-10-02 00:00:00+00:00,2021-10-09 00:00:00+00:00,True,6,1
cb1462510e65958802e5c7c259315069,ONLINE,2021-10-02 15:08:45.377000+00:00,2021-10-02 15:17:10.073000+00:00,78,1EF,60,F5D32DD994477BAC9E1ACC96D65A0972,0.005841388888888889,15,Saturday,15,Saturday,2021-10-02 00:00:00+00:00,2021-10-09 00:00:00+00:00,True,4,1
135a8f38237b6a57fe9c59f9820b0a3d,OFFLINE,2021-10-02 14:33:11.609000+00:00,2021-10-02 15:25:51.813000+00:00,78,300,186,C0DD698BE0C1EA71FA3045950BEEC64B,0.036576435185185184,15,Saturday,14,Saturday,2021-10-02 00:00:00+00:00,2021-10-09 00:00:00+00:00,True,4,1
4fc15bd0d149892da3d08d430eba7078,OFFLINE,2021-10-02 08:51:33.278000+00:00,2021-10-02 15:36:10.438000+00:00,78,1EF,110,38BB76CCFDD8129EF62B3AF5480605C7,0.28098564814814814,15,Saturday,8,Saturday,2021-10-02 00:00:00+00:00,2021-10-09 00:00:00+00:00,True,4,1
2af7e74dba507744ca6cc518b2c4153c,OFFLINE,2021-10-01 15:43:50.660000+00:00,2021-10-02 15:56:17.986000+00:00,78,1EF,196,F11BA079658F860875013A84EC1AEA2B,1.0086496064814814,15,Saturday,15,Friday,2021-10-02 00:00:00+00:00,2021-10-09 00:00:00+00:00,True,7,1
3a05c7cc4c2df7d84f57f37c5da05d7e,OFFLINE,2021-10-02 12:37:20.104000+00:00,2021-10-02 15:59:04.721000+00:00,78,1EF,60,F066DEFF7409FE06BB3F4539FBDF12A4,0.1400997337962963,15,Saturday,12,Saturday,2021-10-02 00:00:00+00:00,2021-10-09 00:00:00+00:00,True,5,1
4aa89ff7549c0ebfda7d468a89312257,OFFLINE,2021-10-02 01:37:27.878000+00:00,2021-10-02 16:04:04.103000+00:00,78,1EF,65,A00AF20362FBDDE9E3869D787E4693AF,0.6018081597222222,16,Saturday,1,Saturday,2021-10-02 00:00:00+00:00,2021-10-09 00:00:00+00:00,True,2,0
256fcc6109077e765ebf474ee74e7e2e,ONLINE,2021-10-02 15:52:54.367000+00:00,2021-10-02 16:25:45.036000+00:00,78,300,111,E56AE16934A0D29EBF24915402A7E5ED,0.022808668981481484,16,Saturday,15,Saturday,2021-10-02 00:00:00+00:00,2021-10-09 00:00:00+00:00,True,5,1
5f832b8da1fcbedd42df0499f84d27ce,OFFLINE,2021-10-02 15:51:17.597000+00:00,2021-10-02 16:52:00.459000+00:00,78,300,50,C0DD698BE0C1EA71FA3045950BEEC64B,0.04216275462962963,16,Saturday,15,Saturday,2021-10-02 00:00:00+00:00,2021-10-09 00:00:00+00:00,True,2,0
b279f10e98486174782cd29babefcc16,OFFLINE,2021-10-02 12:46:38.833000+00:00,2021-10-02 17:20:58.617000+00:00,78,1EF,60,F066DEFF7409FE06BB3F4539FBDF12A4,0.19050675925925925,17,Saturday,12,Saturday,2021-10-02 00:00:00+00:00,2021-10-09 00:00:00+00:00,True,4,1
4c9588c9e3ee06e85ff6d9134dfcff41,ONLINE,2021-10-02 09:36:53.257000+00:00,2021-10-02 18:21:59.271000+00:00,78,300,50,F33A934E92BA3A2557E5C2AC105ACBFC,0.3646529398148148,18,Saturday,9,Saturday,2021-10-02 00:00:00+00:00,2021-10-09 00:00:00+00:00,True,7,1
756ee21c40f22d4d7a62dd9468b72814,OFFLINE,2021-10-02 15:06:14.441000+00:00,2021-10-02 18:43:38.717000+00:00,78,07B,50,4E8E60427140A514537C374BAA698D32,0.15097541666666667,18,Saturday,15,Saturday,2021-10-02 00:00:00+00:00,2021-10-09 00:00:00+00:00,True,5,1
51c9ace7643f1872fa1d1eb486ae52a4,OFFLINE,2021-10-02 18:06:25.102000+00:00,2021-10-02 19:00:08.028000+00:00,78,1EF,114,38BB76CCFDD8129EF62B3AF5480605C7,0.03730238425925926,19,Saturday,18,Saturday,2021-10-02 00:00:00+00:00,2021-10-09 00:00:00+00:00,True,2,0
e0037fa171e329212feba28304c98b06,ONLINE,2021-10-02 18:09:13.649000+00:00,2021-10-02 19:02:19.600000+00:00,78,300,194,0172D49A6C50EA5A9E5C243FEBA0B377,0.03687443287037037,19,Saturday,18,Saturday,2021-10-02 00:00:00+00:00,2021-10-09 00:00:00+00:00,True,2,0
f4221e3e8cb680755412e1503029c91c,ONLINE,2021-10-02 19:43:49.317000+00:00,2021-10-02 20:26:05.547000+00:00,78,300,50,E56AE16934A0D29EBF24915402A7E5ED,0.02935451388888889,20,Saturday,19,Saturday,2021-10-02 00:00:00+00:00,2021-10-09 00:00:00+00:00,True,3,1
1c76737ef20679dc04249d8e36f064fa,OFFLINE,2021-10-01 13:32:04.221000+00:00,2021-10-02 20:41:56.887000+00:00,78,300,50,08379264459A6EF0F8052CC20B9DD41F,1.2985262268518518,20,Saturday,13,Friday,2021-10-02 00:00:00+00:00,2021-10-09 00:00:00+00:00,True,3,1
539d182a3fadc0df44ef39439be5392c,OFFLINE,2021-10-02 23:43:45.070000+00:00,2021-10-03 00:48:10.502000+00:00,78,07B,106,4E8E60427140A514537C374BAA698D32,0.04473879629629629,0,Sunday,23,Saturday,2021-10-03 00:00:00+00:00,2021-10-10 00:00:00+00:00,True,2,0
7228d928b0e19a6b69981f1b6be9c32c,OFFLINE,2021-10-03 00:03:34.548000+00:00,2021-10-03 00:55:42.666000+00:00,78,07B,120,4ECC8B694F4BB262BDD4B0A85952B71A,0.036205069444444446,0,Sunday,0,Sunday,2021-10-03 00:00:00+00:00,2021-10-10 00:00:00+00:00,True,6,1
ae4a8fc55bdc51da936bbe72209f8648,OFFLINE,2021-10-01 14:00:51.887000+00:00,2021-10-03 04:13:58.081000+00:00,88,1EF,885,740CB1CA2BD83B3276B092195A6EB883,1.5924328009259259,4,Sunday,14,Friday,2021-10-03 00:00:00+00:00,2021-10-10 00:00:00+00:00,True,3,1
74360bc346e9f27502f2a3eafbac1348,OFFLINE,2021-10-03 04:29:26.961000+00:00,2021-10-03 04:37:54.476000+00:00,78,300,50,612D21728D2539ECADF40493AACAF39A,0.005874016203703703,4,Sunday,4,Sunday,2021-10-03 00:00:00+00:00,2021-10-10 00:00:00+00:00,True,2,0
0f89d85e31b5c57eacd0e906933ee1d8,ONLINE,2021-10-03 03:51:16.222000+00:00,2021-10-03 04:43:46.494000+00:00,78,07B,146,4575953E5DD96D9E301B05E12FB12540,0.036461481481481484,4,Sunday,3,Sunday,2021-10-03 00:00:00+00:00,2021-10-10 00:00:00+00:00,True,3,1
c69191818108f3315bc3cdecd63404fb,ONLINE,2021-10-03 05:07:37.296000+00:00,2021-10-03 05:42:14.949000+00:00,78,1EF,120,BB2033CE2FA4822C957B37DEB445B32C,0.02404690972222222,5,Sunday,5,Sunday,2021-10-03 00:00:00+00:00,2021-10-10 00:00:00+00:00,True,6,1
def6a1cec3baec024eee5b9647ac82fa,OFFLINE,2021-10-02 06:27:37.506000+00:00,2021-10-03 06:09:21.368000+00:00,78,07B,106,4E8E60427140A514537C374BAA698D32,0.9873132175925925,6,Sunday,6,Saturday,2021-10-03 00:00:00+00:00,2021-10-10 00:00:00+00:00,True,5,1
7eebb5805f0a58ef8be420b9ba9b2347,OFFLINE,2021-10-03 06:23:27.505000+00:00,2021-10-03 06:44:19.385000+00:00,78,300,50,4EAA928CDE96CC979939CD4797399B7B,0.014489351851851854,6,Sunday,6,Sunday,2021-10-03 00:00:00+00:00,2021-10-10 00:00:00+00:00,True,1,0
4173dfbec633c189ee4592118d33ec67,ONLINE,2021-10-03 06:33:35.798000+00:00,2021-10-03 07:29:20.024000+00:00,78,1EF,165,2C10D809ABD31810F4E95F4E500EFA7E,0.03870631944444444,7,Sunday,6,Sunday,2021-10-03 00:00:00+00:00,2021-10-10 00:00:00+00:00,True,1,0
585b7b622d966273c3a7b08df95bc0ba,ONLINE,2021-10-01 14:49:23.314000+00:00,2021-10-03 08:25:15.599000+00:00,78,07B,52,B4FC534828E371E11BC989991238B1D4,1.7332440393518518,8,Sunday,14,Friday,2021-10-03 00:00:00+00:00,2021-10-10 00:00:00+00:00,True,0,0
c9db525b30cf68bed559ca6f73a20064,OFFLINE,2021-10-03 01:52:11.695000+00:00,2021-10-03 08:27:41.683000+00:00,78,07B,179,C142F51706DA139EC3DCAA250682C61A,0.2746526388888889,8,Sunday,1,Sunday,2021-10-03 00:00:00+00:00,2021-10-10 00:00:00+00:00,True,1,0
1e3533bb54e048c8e6ff93b54a855409,ONLINE,2021-10-03 08:50:33.901000+00:00,2021-10-03 09:53:13.536000+00:00,77,07B,234,EE735FFED3A6072D13A30636E658A03A,0.04351429398148148,9,Sunday,8,Sunday,2021-10-03 00:00:00+00:00,2021-10-10 00:00:00+00:00,True,0,0
40388c905a961ca533eccc35441aa215,OFFLINE,2021-10-03 05:25:34.708000+00:00,2021-10-03 10:20:18.655000+00:00,78,07B,224,EE735FFED3A6072D13A30636E658A03A,0.2046753125,10,Sunday,5,Sunday,2021-10-03 00:00:00+00:00,2021-10-10 00:00:00+00:00,True,4,1
2688f292de793b8ee0913e1fc3f1be90,ONLINE,2021-10-02 16:10:17.839000+00:00,2021-10-03 10:31:59.141000+00:00,78,300,103,364A975FE43F5678164266B2B0E8A237,0.7650613657407407,10,Sunday,16,Saturday,2021-10-03 00:00:00+00:00,2021-10-10 00:00:00+00:00,True,6,1
b019f125970623618fb9fae40e31a78a,OFFLINE,2021-10-03 10:31:39.808000+00:00,2021-10-03 10:54:13.852000+00:00,78,1EF,66,740CB1CA2BD83B3276B092195A6EB883,0.015671805555555557,10,Sunday,10,Sunday,2021-10-03 00:00:00+00:00,2021-10-10 00:00:00+00:00,True,6,1
74e045a4ee6e8c67f60361f6a744f69f,ONLINE,2021-10-02 08:40:42.146000+00:00,2021-10-03 10:57:19.111000+00:00,78,300,91,E72C918BA3470A8671982E069981B9C8,1.0948722800925925,10,Sunday,8,Saturday,2021-10-03 00:00:00+00:00,2021-10-10 00:00:00+00:00,True,4,1
3df868bc5d0d11b7572478b63306e3ad,ONLINE,2021-10-03 10:44:32.572000+00:00,2021-10-03 11:13:53.128000+00:00,78,1EF,60,0668909560B9D2AF8FDA5489BCAA5FFF,0.020376805555555558,11,Sunday,10,Sunday,2021-10-03 00:00:00+00:00,2021-10-10 00:00:00+00:00,True,0,0
a2df663cb8c11e7aa1392e427cc62280,OFFLINE,2021-10-03 11:07:33.902000+00:00,2021-10-03 11:41:00.963000+00:00,78,1EF,101,33C4EF36C213B6D1E4BBBCDE06C7A745,0.023229872685185185,11,Sunday,11,Sunday,2021-10-03 00:00:00+00:00,2021-10-10 00:00:00+00:00,True,0,0
c51effab3b76fd4617e7d574f1b873e5,ONLINE,2021-10-03 11:54:07.084000+00:00,2021-10-03 12:05:58.591000+00:00,78,1EF,87,740CB1CA2BD83B3276B092195A6EB883,0.008235034722222222,12,Sunday,11,Sunday,2021-10-03 00:00:00+00:00,2021-10-10 00:00:00+00:00,True,4,1
9fd408296a302a5ed52a3e71896547e8,ONLINE,2021-10-03 11:50:16.850000+00:00,2021-10-03 12:13:00.277000+00:00,78,07B,114,EEDD0125ADF9CD4325E56C39462533F5,0.01578040509259259,12,Sunday,11,Sunday,2021-10-03 00:00:00+00:00,2021-10-10 00:00:00+00:00,True,4,1
4a5c8f62bac08f991f7585c52afc82b6,OFFLINE,2021-10-03 11:48:11.385000+00:00,2021-10-03 12:14:41.570000+00:00,78,1EF,60,96C3C752FA22E3A6918ADE4F355D3F8D,0.018404918981481482,12,Sunday,11,Sunday,2021-10-03 00:00:00+00:00,2021-10-10 00:00:00+00:00,True,6,1
e1a27990445463f46a41af36b39cad0e,ONLINE,2021-10-03 11:48:31.422000+00:00,2021-10-03 12:22:36.541000+00:00,78,1EF,160,F066DEFF7409FE06BB3F4539FBDF12A4,0.023670358796296295,12,Sunday,11,Sunday,2021-10-03 00:00:00+00:00,2021-10-10 00:00:00+00:00,True,2,0
29f3a0ece9eada4d5200991e057e2ceb,OFFLINE,2021-10-01 11:42:16.430000+00:00,2021-10-03 12:28:20.914000+00:00,78,1EF,124,740CB1CA2BD83B3276B092195A6EB883,2.0319963425925924,12,Sunday,11,Friday,2021-10-03 00:00:00+00:00,2021-10-10 00:00:00+00:00,True,7,1
3d2b37d4d0f0c3faa0dee084b5331461,ONLINE,2021-10-03 10:23:40.954000+00:00,2021-10-03 12:40:13.583000+00:00,78,1EF,97,195FD095D9D7F47943113AF2CBCF9A75,0.09482209490740742,12,Sunday,10,Sunday,2021-10-03 00:00:00+00:00,2021-10-10 00:00:00+00:00,True,0,0
57754f9d7708b4ecfa57ceb6a12c2630,OFFLINE,2021-10-03 12:21:38.531000+00:00,2021-10-03 12:54:52.431000+00:00,78,1EF,153,BB2033CE2FA4822C957B37DEB445B32C,0.023077546296296297,12,Sunday,12,Sunday,2021-10-03 00:00:00+00:00,2021-10-10 00:00:00+00:00,True,1,0
457ad0a8fdec2f95d336b93053c01003,OFFLINE,2021-10-02 04:39:56.831000+00:00,2021-10-03 13:17:50.038000+00:00,78,07B,125,294B021232C509826A57AC3136B8ABDD,1.359643599537037,13,Sunday,4,Saturday,2021-10-03 00:00:00+00:00,2021-10-10 00:00:00+00:00,True,2,0
3ea4eb622ee11f3ddc436fe008383e71,OFFLINE,2021-10-03 12:53:53.435000+00:00,2021-10-03 13:33:05.435000+00:00,78,07B,125,C142F51706DA139EC3DCAA250682C61A,0.02722222222222222,13,Sunday,12,Sunday,2021-10-03 00:00:00+00:00,2021-10-10 00:00:00+00:00,True,1,0
7b5efe0b17eeb2d62fb4f3b242969907,OFFLINE,2021-10-03 13:54:13.882000+00:00,2021-10-03 14:14:39.518000+00:00,78,07B,53,EE735FFED3A6072D13A30636E658A03A,0.014185601851851852,14,Sunday,13,Sunday,2021-10-03 00:00:00+00:00,2021-10-10 00:00:00+00:00,True,0,0
b1ac4fe60bd1b5b655d62231cc257549,ONLINE,2021-10-03 13:47:31.648000+00:00,2021-10-03 14:30:36.943000+00:00,78,1EF,163,F5D32DD994477BAC9E1ACC96D65A0972,0.029922395833333334,14,Sunday,13,Sunday,2021-10-03 00:00:00+00:00,2021-10-10 00:00:00+00:00,True,4,1
553096a9028e506585fafe3d824de518,OFFLINE,2021-10-03 13:57:46.283000+00:00,2021-10-03 14:38:19.914000+00:00,78,07B,117,EEDD0125ADF9CD4325E56C39462533F5,0.02816702546296296,14,Sunday,13,Sunday,2021-10-03 00:00:00+00:00,2021-10-10 00:00:00+00:00,True,6,1
5f690dcf83fcdb325e4a0dfb815d7522,OFFLINE,2021-10-03 15:03:00.921000+00:00,2021-10-03 15:21:26.589000+00:00,78,300,50,E56AE16934A0D29EBF24915402A7E5ED,0.012797083333333332,15,Sunday,15,Sunday,2021-10-03 00:00:00+00:00,2021-10-10 00:00:00+00:00,True,0,0
03f21e78e47ac4ca6a3992121035cc2d,ONLINE,2021-10-03 15:12:50.813000+00:00,2021-10-03 15:33:29.826000+00:00,78,1EF,111,96C3C752FA22E3A6918ADE4F355D3F8D,0.01434042824074074,15,Sunday,15,Sunday,2021-10-03 00:00:00+00:00,2021-10-10 00:00:00+00:00,True,6,1
15358f0cbb5be13098cf3e5f049d76d5,ONLINE,2021-10-03 07:55:54.581000+00:00,2021-10-03 15:42:41.349000+00:00,78,300,127,89D534629771B04F61D1971C3068D1BD,0.3241524074074074,15,Sunday,7,Sunday,2021-10-03 00:00:00+00:00,2021-10-10 00:00:00+00:00,True,2,0
3210d0b6ffc4131d4125e9f73e725de0,OFFLINE,2021-10-03 05:55:36.349000+00:00,2021-10-03 16:05:07.584000+00:00,78,1EF,108,FF6F2DDF8AB23F3461E39CE6531C7EAB,0.4232781828703704,16,Sunday,5,Sunday,2021-10-03 00:00:00+00:00,2021-10-10 00:00:00+00:00,True,3,1
bd34583aaa94a508d38ddbc865e0918b,OFFLINE,2021-10-03 01:11:05.893000+00:00,2021-10-03 16:18:32.143000+00:00,78,300,76,C0DD698BE0C1EA71FA3045950BEEC64B,0.6301649305555556,16,Sunday,1,Sunday,2021-10-03 00:00:00+00:00,2021-10-10 00:00:00+00:00,True,0,0
b5caf8348d18636c014419105e7a6d7c,ONLINE,2021-10-02 13:34:42.689000+00:00,2021-10-03 16:28:41.163000+00:00,78,1EF,89,38BB76CCFDD8129EF62B3AF5480605C7,1.1208156712962962,16,Sunday,13,Saturday,2021-10-03 00:00:00+00:00,2021-10-10 00:00:00+00:00,True,7,1
98960694452570e4f1c5c7d5d14b46f6,ONLINE,2021-10-02 12:16:17.088000+00:00,2021-10-03 16:38:54.339000+00:00,78,07B,196,3B56EC028568E71AF10B3360787CD0BC,1.1823755902777777,16,Sunday,12,Saturday,2021-10-03 00:00:00+00:00,2021-10-10 00:00:00+00:00,True,0,0
1351f2750fcd656b1a340d567c6e9c67,OFFLINE,2021-10-03 16:43:02.281000+00:00,2021-10-03 17:40:23.445000+00:00,90,07B,50,4E8E60427140A514537C374BAA698D32,0.03982828703703704,17,Sunday,16,Sunday,2021-10-03 00:00:00+00:00,2021-10-10 00:00:00+00:00,True,2,0
24c50eab82c3b3cb2691b4b56f27f5a3,OFFLINE,2021-10-03 15:56:13.744000+00:00,2021-10-03 17:42:20.459000+00:00,78,300,50,89D534629771B04F61D1971C3068D1BD,0.07368883101851852,17,Sunday,15,Sunday,2021-10-03 00:00:00+00:00,2021-10-10 00:00:00+00:00,True,2,0
55bd924a6db64f6ee3423fa655431a6d,OFFLINE,2021-10-03 15:04:49.182000+00:00,2021-10-03 18:55:25.851000+00:00,78,07B,94,9F9E66046BADAE5ABE94708CED879416,0.16014663194444445,18,Sunday,15,Sunday,2021-10-03 00:00:00+00:00,2021-10-10 00:00:00+00:00,True,4,1
c54a129b04532f16cd7e851e070fb6eb,OFFLINE,2021-10-03 17:48:54.912000+00:00,2021-10-03 21:14:54.726000+00:00,78,300,89,09B36CB8AB7325477B80E99BE8FB2D02,0.14305340277777778,21,Sunday,17,Sunday,2021-10-03 00:00:00+00:00,2021-10-10 00:00:00+00:00,True,7,1
d8f69eb283e639a11022de291711b6df,ONLINE,2021-10-03 23:21:44.299000+00:00,2021-10-04 01:22:54.445000+00:00,78,300,206,C0DD698BE0C1EA71FA3045950BEEC64B,0.08414520833333333,1,Monday,23,Sunday,2021-10-04 00:00:00+00:00,2021-10-11 00:00:00+00:00,True,3,1
5595fab7d02df2965d40764661628461,OFFLINE,2021-10-03 16:55:19.376000+00:00,2021-10-04 02:28:57.342000+00:00,78,1EF,75,38BB76CCFDD8129EF62B3AF5480605C7,0.39835608796296296,2,Monday,16,Sunday,2021-10-04 00:00:00+00:00,2021-10-11 00:00:00+00:00,True,7,1
db43a644da057f140f9897e334315e6f,OFFLINE,2021-10-02 18:27:09.307000+00:00,2021-10-04 02:35:15.447000+00:00,78,07B,92,4ECC8B694F4BB262BDD4B0A85952B71A,1.3389599537037038,2,Monday,18,Saturday,2021-10-04 00:00:00+00:00,2021-10-11 00:00:00+00:00,True,6,1
1af1227340b74f5bd43e3764e9f1e611,OFFLINE,2021-10-03 17:53:12.454000+00:00,2021-10-04 02:44:40.300000+00:00,78,07B,74,294B021232C509826A57AC3136B8ABDD,0.36907229166666666,2,Monday,17,Sunday,2021-10-04 00:00:00+00:00,2021-10-11 00:00:00+00:00,True,5,1
841549f01dc127d3af6b27995a71f0c2,ONLINE,2021-10-03 11:07:43.766000+00:00,2021-10-04 02:47:20.094000+00:00,78,1EF,131,195FD095D9D7F47943113AF2CBCF9A75,0.6525037962962963,2,Monday,11,Sunday,2021-10-04 00:00:00+00:00,2021-10-11 00:00:00+00:00,True,5,1
277b7001a95e26d444cad6d9d4a0228e,OFFLINE,2021-10-04 02:29:35.667000+00:00,2021-10-04 02:51:16.361000+00:00,78,07B,106,4E8E60427140A514537C374BAA698D32,0.015054328703703703,2,Monday,2,Monday,2021-10-04 00:00:00+00:00,2021-10-11 00:00:00+00:00,True,3,1
6cbef0241091fcb790af6119fdbc6f11,ONLINE,2021-10-03 16:19:27.950000+00:00,2021-10-04 03:00:16.003000+00:00,78,07B,129,4ECC8B694F4BB262BDD4B0A85952B71A,0.44500061342592595,3,Monday,16,Sunday,2021-10-04 00:00:00+00:00,2021-10-11 00:00:00+00:00,True,3,1
705254703cded36a5a16a2064918e7f4,OFFLINE,2021-10-02 13:09:09.627000+00:00,2021-10-04 03:03:30.047000+00:00,78,07B,138,4575953E5DD96D9E301B05E12FB12540,1.5794030092592595,3,Monday,13,Saturday,2021-10-04 00:00:00+00:00,2021-10-11 00:00:00+00:00,True,4,1
577b762bd351410a6808eb786a354fc8,OFFLINE,2021-10-04 02:42:13.297000+00:00,2021-10-04 03:04:17.089000+00:00,78,1EF,93,740CB1CA2BD83B3276B092195A6EB883,0.015321666666666666,3,Monday,2,Monday,2021-10-04 00:00:00+00:00,2021-10-11 00:00:00+00:00,True,1,0
9f75b73b20e322eebb455c45da8823c5,OFFLINE,2021-10-04 02:26:31.702000+00:00,2021-10-04 03:08:04.642000+00:00,78,300,153,A85A33858C7BB0DCE962E99B2E79BBC4,0.02885347222222222,3,Monday,2,Monday,2021-10-04 00:00:00+00:00,2021-10-11 00:00:00+00:00,True,1,0
3499b64682a56fa80dfcc7d27924b9a6,ONLINE,2021-10-01 11:53:01.049000+00:00,2021-10-04 03:12:24.078000+00:00,78,300,76,A85A33858C7BB0DCE962E99B2E79BBC4,2.6384609837962962,3,Monday,11,Friday,2021-10-04 00:00:00+00:00,2021-10-11 00:00:00+00:00,True,6,1
6e776d19926a926f85c0d50294b5774f,OFFLINE,2021-10-04 02:50:23.058000+00:00,2021-10-04 03:21:02.158000+00:00,78,1EF,157,740CB1CA2BD83B3276B092195A6EB883,0.02128587962962963,3,Monday,2,Monday,2021-10-04 00:00:00+00:00,2021-10-11 00:00:00+00:00,True,3,1
a45053d2f8861679bd743dd7913531dd,OFFLINE,2021-10-03 16:52:04.783000+00:00,2021-10-04 03:39:03.266000+00:00,78,300,74,7E701822D80EF10DEBEA008731637EA3,0.4492879976851852,3,Monday,16,Sunday,2021-10-04 00:00:00+00:00,2021-10-11 00:00:00+00:00,True,6,1
ae4a20b88bddd3d7ce698ca8e82f2425,OFFLINE,2021-10-04 02:46:26.958000+00:00,2021-10-04 03:40:27.827000+00:00,78,1EF,234,F4C330A3091E324FECCFB7CBE86F44E1,0.03751005787037037,3,Monday,2,Monday,2021-10-04 00:00:00+00:00,2021-10-11 00:00:00+00:00,True,7,1
3c6d0be37a3e68da8d6b03a3a5f01f89,ONLINE,2021-10-03 16:17:46.849000+00:00,2021-10-04 03:48:19.359000+00:00,78,07B,117,4E8E60427140A514537C374BAA698D32,0.47954293981481483,3,Monday,16,Sunday,2021-10-04 00:00:00+00:00,2021-10-11 00:00:00+00:00,True,5,1
ccb84e5dddbac6acf912d4a24ccbec58,ONLINE,2021-10-02 13:57:51.674000+00:00,2021-10-04 03:48:39.816000+00:00,78,07B,226,B4FC534828E371E11BC989991238B1D4,1.5769460879629629,3,Monday,13,Saturday,2021-10-04 00:00:00+00:00,2021-10-11 00:00:00+00:00,True,1,0
0336b6e561cc7f7a3ad38b7d46c413cb,OFFLINE,2021-10-04 03:26:15.924000+00:00,2021-10-04 04:03:46.587000+00:00,78,07B,146,B79C3A36345A4588BD73EBFFC22B9D01,0.026049340277777777,4,Monday,3,Monday,2021-10-04 00:00:00+00:00,2021-10-11 00:00:00+00:00,True,3,1
35477bea03a11e5531b8e4173ce6699b,OFFLINE,2021-10-04 03:27:58.830000+00:00,2021-10-04 04:04:20.351000+00:00,78,07B,123,294B021232C509826A57AC3136B8ABDD,0.02524908564814815,4,Monday,3,Monday,2021-10-04 00:00:00+00:00,2021-10-11 00:00:00+00:00,True,2,0
9f1a7c155d90a30dbbfd0a27af6603d7,OFFLINE,2021-10-04 03:13:48.655000+00:00,2021-10-04 04:06:50.453000+00:00,78,300,219,AF4F62D7ACE753F48C02D30A922CA5C2,0.03682636574074074,4,Monday,3,Monday,2021-10-04 00:00:00+00:00,2021-10-11 00:00:00+00:00,True,4,1
9d549a336e0660ec892c94511c058c99,OFFLINE,2021-10-04 03:27:28.334000+00:00,2021-10-04 04:17:40.107000+00:00,78,300,128,526A1D40F50BBB44821C0C0FDE8E16B7,0.034858483796296295,4,Monday,3,Monday,2021-10-04 00:00:00+00:00,2021-10-11 00:00:00+00:00,True,0,0
58dff0e63e5406628f3836a9d450c8a5,OFFLINE,2021-10-03 15:34:08.108000+00:00,2021-10-04 04:18:08.964000+00:00,78,07B,278,B0B076A3064F0AEA0A2AAC679ECE5F62,0.5305654629629629,4,Monday,15,Sunday,2021-10-04 00:00:00+00:00,2021-10-11 00:00:00+00:00,True,0,0
1d0021af4ecfe79a3fe7be97f075d8c3,OFFLINE,2021-10-04 02:52:39.620000+00:00,2021-10-04 04:19:16.484000+00:00,78,1EF,257,33C4EF36C213B6D1E4BBBCDE06C7A745,0.060148888888888884,4,Monday,2,Monday,2021-10-04 00:00:00+00:00,2021-10-11 00:00:00+00:00,True,5,1
d37948f935aadbe2c56276a497aa4ee0,OFFLINE,2021-10-03 20:16:00.639000+00:00,2021-10-04 04:19:44.044000+00:00,78,07B,151,EEDD0125ADF9CD4325E56C39462533F5,0.33591903935185186,4,Monday,20,Sunday,2021-10-04 00:00:00+00:00,2021-10-11 00:00:00+00:00,True,4,1
7eee603c3b85436fcef1493252367e13,OFFLINE,2021-10-03 12:16:43.549000+00:00,2021-10-04 04:22:18.343000+00:00,78,300,92,A85A33858C7BB0DCE962E99B2E79BBC4,0.6705415972222223,4,Monday,12,Sunday,2021-10-04 00:00:00+00:00,2021-10-11 00:00:00+00:00,True,1,0
fbd6b8fddf73d9c1c2fa93bd8fde64f7,OFFLINE,2021-10-04 03:49:35.906000+00:00,2021-10-04 04:24:15.559000+00:00,78,07B,135,2CF9D19CE125793D17A0B4C371AB7AFD,0.02407005787037037,4,Monday,3,Monday,2021-10-04 00:00:00+00:00,2021-10-11 00:00:00+00:00,True,2,0
1cc619e86f90ebdf40a5a5dff8634dc2,ONLINE,2021-10-04 03:50:51.888000+00:00,2021-10-04 04:24:38.922000+00:00,78,300,139,C0DD698BE0C1EA71FA3045950BEEC64B,0.023461041666666668,4,Monday,3,Monday,2021-10-04 00:00:00+00:00,2021-10-11 00:00:00+00:00,True,5,1
aee8ec48cb0ed61c9b4c0fda606c7b9a,OFFLINE,2021-10-03 10:44:17.915000+00:00,2021-10-04 04:47:50.708000+00:00,78,300,161,09B36CB8AB7325477B80E99BE8FB2D02,0.7524628819444444,4,Monday,10,Sunday,2021-10-04 00:00:00+00:00,2021-10-11 00:00:00+00:00,True,4,1
661bc8e37424562d706a7245c03716a6,OFFLINE,2021-10-04 04:09:23.799000+00:00,2021-10-04 04:52:20.592000+00:00,78,07B,112,4E8E60427140A514537C374BAA698D32,0.029823993055555557,4,Monday,4,Monday,2021-10-04 00:00:00+00:00,2021-10-11 00:00:00+00:00,True,5,1
fdd4d68bc002fd74bc1f8dd35efc9b33,OFFLINE,2021-10-04 04:47:13.416000+00:00,2021-10-04 04:55:32.504000+00:00,78,1EF,60,4DBE83E28F1DFA3ED9C79A2C577BFBDE,0.005776481481481481,4,Monday,4,Monday,2021-10-04 00:00:00+00:00,2021-10-11 00:00:00+00:00,True,4,1
724fc490704274e3c1d48a89c97db27c,OFFLINE,2021-10-04 04:19:37.143000+00:00,2021-10-04 04:57:22.406000+00:00,78,07B,153,294B021232C509826A57AC3136B8ABDD,0.02621832175925926,4,Monday,4,Monday,2021-10-04 00:00:00+00:00,2021-10-11 00:00:00+00:00,True,2,0
0ed27c0cc684bb049465c1d9ddeffab4,OFFLINE,2021-10-02 15:25:20.449000+00:00,2021-10-04 04:58:21.544000+00:00,78,07B,133,EEDD0125ADF9CD4325E56C39462533F5,1.5645960069444445,4,Monday,15,Saturday,2021-10-04 00:00:00+00:00,2021-10-11 00:00:00+00:00,True,0,0
13c8fe4708fd855137f35867beb359a5,OFFLINE,2021-10-04 04:05:32.801000+00:00,2021-10-04 05:06:47.977000+00:00,78,07B,61,4ECC8B694F4BB262BDD4B0A85952B71A,0.04253675925925926,5,Monday,4,Monday,2021-10-04 00:00:00+00:00,2021-10-11 00:00:00+00:00,True,3,1
56c5be61d82dc00ac97178e95f811093,OFFLINE,2021-10-03 17:14:00.788000+00:00,2021-10-04 05:11:34.333000+00:00,78,07B,187,56129BC950F9E18A9F5DF651D9D267D1,0.49830491898148144,5,Monday,17,Sunday,2021-10-04 00:00:00+00:00,2021-10-11 00:00:00+00:00,True,7,1
65b260a32ff7f9f232cd83088ee69a15,OFFLINE,2021-10-03 04:57:02.665000+00:00,2021-10-04 05:23:33.804000+00:00,78,300,50,89D534629771B04F61D1971C3068D1BD,1.018415960648148,5,Monday,4,Sunday,2021-10-04 00:00:00+00:00,2021-10-11 00:00:00+00:00,True,7,1
32928d80034bad8601f99681bc0bf3cf,ONLINE,2021-10-04 05:02:35.581000+00:00,2021-10-04 05:28:01.378000+00:00,78,07B,130,4ECC8B694F4BB262BDD4B0A85952B71A,0.0176596875,5,Monday,5,Monday,2021-10-04 00:00:00+00:00,2021-10-11 00:00:00+00:00,True,2,0
0e879f35dfab34e63131e6549a45bcd5,ONLINE,2021-10-04 05:22:10.429000+00:00,2021-10-04 05:39:01.018000+00:00,78,1EF,101,4DF70D744AB4B2076706A37F1EBAC6B9,0.011696631944444445,5,Monday,5,Monday,2021-10-04 00:00:00+00:00,2021-10-11 00:00:00+00:00,True,2,0
343625e2f6e7b770f3f73993b7dc1886,OFFLINE,2021-10-04 04:26:16.183000+00:00,2021-10-04 05:55:24.183000+00:00,78,07B,120,EEDD0125ADF9CD4325E56C39462533F5,0.06189814814814815,5,Monday,4,Monday,2021-10-04 00:00:00+00:00,2021-10-11 00:00:00+00:00,True,0,0
36979fbd65cc1cb57717316096193741,OFFLINE,2021-10-04 05:44:04.599000+00:00,2021-10-04 05:59:21.065000+00:00,78,300,50,526A1D40F50BBB44821C0C0FDE8E16B7,0.010607245370370371,5,Monday,5,Monday,2021-10-04 00:00:00+00:00,2021-10-11 00:00:00+00:00,True,5,1
a90e6dd3fbd0a80c18b5241335a65082,OFFLINE,2021-10-03 21:14:45.242000+00:00,2021-10-04 06:05:36.134000+00:00,78,07B,180,7A4560119B1440F826F97B91B425DABC,0.36864458333333333,6,Monday,21,Sunday,2021-10-04 00:00:00+00:00,2021-10-11 00:00:00+00:00,True,0,0
d1220399321d3f370c5d7d2775c6d88e,OFFLINE,2021-10-04 03:54:59.992000+00:00,2021-10-04 06:38:47.436000+00:00,78,07B,105,2CF9D19CE125793D17A0B4C371AB7AFD,0.1137435648148148,6,Monday,3,Monday,2021-10-04 00:00:00+00:00,2021-10-11 00:00:00+00:00,True,3,1
8519d4ae09065d1e1b7ed7e92202bdea,ONLINE,2021-10-01 19:13:26.687000+00:00,2021-10-04 06:39:30.497000+00:00,78,1EF,99,740CB1CA2BD83B3276B092195A6EB883,2.476432986111111,6,Monday,19,Friday,2021-10-04 00:00:00+00:00,2021-10-11 00:00:00+00:00,True,4,1
9b3be73e12b351ddebb038d274f4b501,OFFLINE,2021-10-04 05:42:36.027000+00:00,2021-10-04 06:42:08.389000+00:00,78,07B,83,4E8E60427140A514537C374BAA698D32,0.041346782407407405,6,Monday,5,Monday,2021-10-04 00:00:00+00:00,2021-10-11 00:00:00+00:00,True,6,1
c5059f9f21604333799485bb34f52712,OFFLINE,2021-10-02 06:54:57.057000+00:00,2021-10-04 06:44:45.013000+00:00,78,07B,92,294B021232C509826A57AC3136B8ABDD,1.9929161574074075,6,Monday,6,Saturday,2021-10-04 00:00:00+00:00,2021-10-11 00:00:00+00:00,True,7,1
157216f0ee31e63f0933cb78b61e9da9,OFFLINE,2021-10-03 16:56:54.347000+00:00,2021-10-04 06:57:40.273000+00:00,78,1EF,86,08A9B54E00545ECCD369B8E5D2692E9F,0.5838648842592592,6,Monday,16,Sunday,2021-10-04 00:00:00+00:00,2021-10-11 00:00:00+00:00,True,5,1
55e6f85e72d32835ebe8aaa44b8ae105,ONLINE,2021-10-04 06:26:15.720000+00:00,2021-10-04 07:07:02.685000+00:00,78,1EF,60,93A459F0AC42B4DAE28317297839D393,0.02832135416666667,7,Monday,6,Monday,2021-10-04 00:00:00+00:00,2021-10-11 00:00:00+00:00,True,2,0
7eb28158daac0bf9d1be642b1d177957,OFFLINE,2021-10-03 11:45:49.109000+00:00,2021-10-04 07:11:50.864000+00:00,78,1EF,67,96C3C752FA22E3A6918ADE4F355D3F8D,0.8097425347222222,7,Monday,11,Sunday,2021-10-04 00:00:00+00:00,2021-10-11 00:00:00+00:00,True,4,1
0d0a92523579978bb08484fa65cc9d34,OFFLINE,2021-10-04 07:09:12.735000+00:00,2021-10-04 07:28:59.357000+00:00,78,07B,105,9FFABDFED33FB837D72433191B5668D5,0.013734050925925927,7,Monday,7,Monday,2021-10-04 00:00:00+00:00,2021-10-11 00:00:00+00:00,True,3,1
f3805b0f9ba348e19830b2352dd5395c,OFFLINE,2021-10-03 19:10:38.772000+00:00,2021-10-04 08:16:29.779000+00:00,78,07B,113,4E8E60427140A514537C374BAA698D32,0.5457292476851852,8,Monday,19,Sunday,2021-10-04 00:00:00+00:00,2021-10-11 00:00:00+00:00,True,4,1
a9595baac0a7c52f9712f9b718d28e9d,OFFLINE,2021-10-03 18:56:25.590000+00:00,2021-10-04 08:28:17.892000+00:00,78,07B,79,C142F51706DA139EC3DCAA250682C61A,0.5637997916666667,8,Monday,18,Sunday,2021-10-04 00:00:00+00:00,2021-10-11 00:00:00+00:00,True,1,0
e3de55d6f3921af0bf9646ba51d6521a,ONLINE,2021-10-04 07:43:43.767000+00:00,2021-10-04 08:35:23.541000+00:00,78,1EF,192,38BB76CCFDD8129EF62B3AF5480605C7,0.035877013888888885,8,Monday,7,Monday,2021-10-04 00:00:00+00:00,2021-10-11 00:00:00+00:00,True,5,1
7e1da1bdb6c3408ae92c377eb3f36ba0,OFFLINE,2021-10-04 08:08:48.368000+00:00,2021-10-04 08:53:20.620000+00:00,78,07B,85,10D023CEE6CC12F06C576EB33402E56B,0.03092884259259259,8,Monday,8,Monday,2021-10-04 00:00:00+00:00,2021-10-11 00:00:00+00:00,True,1,0
268808bf265719f6285202d483e8d279,OFFLINE,2021-10-04 06:48:52.146000+00:00,2021-10-04 08:55:33.503000+00:00,78,07B,139,56129BC950F9E18A9F5DF651D9D267D1,0.08797866898148148,8,Monday,6,Monday,2021-10-04 00:00:00+00:00,2021-10-11 00:00:00+00:00,True,2,0
f7a382734788ca37960a91a5a5800669,OFFLINE,2021-10-04 08:14:34.540000+00:00,2021-10-04 09:00:25.552000+00:00,78,07B,52,EE735FFED3A6072D13A30636E658A03A,0.03184041666666667,9,Monday,8,Monday,2021-10-04 00:00:00+00:00,2021-10-11 00:00:00+00:00,True,3,1
808f6eef503a9de9f3f019e3be514920,OFFLINE,2021-10-04 08:57:21.841000+00:00,2021-10-04 09:11:06.083000+00:00,78,1EF,90,740CB1CA2BD83B3276B092195A6EB883,0.009539837962962962,9,Monday,8,Monday,2021-10-04 00:00:00+00:00,2021-10-11 00:00:00+00:00,True,3,1
f6acb3dfb2004442c9c15b5826495a4a,OFFLINE,2021-10-04 08:54:41.321000+00:00,2021-10-04 09:45:54.176000+00:00,78,1EF,169,BB2033CE2FA4822C957B37DEB445B32C,0.03556545138888889,9,Monday,8,Monday,2021-10-04 00:00:00+00:00,2021-10-11 00:00:00+00:00,True,2,0
5c7ea6e1e747a9ed14235dca355fa8a2,ONLINE,2021-10-04 09:28:02.184000+00:00,2021-10-04 09:58:21.458000+00:00,78,07B,118,2CF9D19CE125793D17A0B4C371AB7AFD,0.021056412037037037,9,Monday,9,Monday,2021-10-04 00:00:00+00:00,2021-10-11 00:00:00+00:00,True,0,0
f08189667c51cd3947b7e18ca60369ce,OFFLINE,2021-10-04 09:42:33.618000+00:00,2021-10-04 10:04:44.175000+00:00,78,07B,115,9F9E66046BADAE5ABE94708CED879416,0.015399965277777778,10,Monday,9,Monday,2021-10-04 00:00:00+00:00,2021-10-11 00:00:00+00:00,True,5,1
1e95f1915cb573c8ae3f67822d6a847b,OFFLINE,2021-10-03 23:17:59.058000+00:00,2021-10-04 10:04:44.353000+00:00,78,300,187,08379264459A6EF0F8052CC20B9DD41F,0.4491353587962963,10,Monday,23,Sunday,2021-10-04 00:00:00+00:00,2021-10-11 00:00:00+00:00,True,4,1
ae00f2fc7e66124bb694dbb638befca7,ONLINE,2021-10-04 09:41:34.134000+00:00,2021-10-04 10:04:45.318000+00:00,78,07B,96,10D023CEE6CC12F06C576EB33402E56B,0.016101666666666667,10,Monday,9,Monday,2021-10-04 00:00:00+00:00,2021-10-11 00:00:00+00:00,True,1,0
a3bb983e4f0d348a2edc98669b029a3f,OFFLINE,2021-10-04 09:45:53.884000+00:00,2021-10-04 10:17:59.508000+00:00,78,07B,124,B4FC534828E371E11BC989991238B1D4,0.022287314814814815,10,Monday,9,Monday,2021-10-04 00:00:00+00:00,2021-10-11 00:00:00+00:00,True,0,0
e6aa6262618d2042c39aa87844b75256,OFFLINE,2021-10-04 10:07:52.113000+00:00,2021-10-04 10:23:23.263000+00:00,78,1EF,60,740CB1CA2BD83B3276B092195A6EB883,0.010777199074074074,10,Monday,10,Monday,2021-10-04 00:00:00+00:00,2021-10-11 00:00:00+00:00,True,3,1
7d97b0c3202f9fc0b726453600b6f6d6,OFFLINE,2021-10-04 09:42:43.255000+00:00,2021-10-04 10:25:52.560000+00:00,78,1EF,203,4DBE83E28F1DFA3ED9C79A2C577BFBDE,0.02996880787037037,10,Monday,9,Monday,2021-10-04 00:00:00+00:00,2021-10-11 00:00:00+00:00,True,1,0
22493330f673f43c413702ecc0834b1d,ONLINE,2021-10-04 08:39:40.825000+00:00,2021-10-04 10:27:17.196000+00:00,78,1EF,103,740CB1CA2BD83B3276B092195A6EB883,0.0747265162037037,10,Monday,8,Monday,2021-10-04 00:00:00+00:00,2021-10-11 00:00:00+00:00,True,3,1
29fd1355f925f61722434b864e31ddc2,OFFLINE,2021-10-03 11:44:22.589000+00:00,2021-10-04 10:27:57.413000+00:00,78,07B,97,EE735FFED3A6072D13A30636E658A03A,0.9469308333333333,10,Monday,11,Sunday,2021-10-04 00:00:00+00:00,2021-10-11 00:00:00+00:00,True,5,1
9ef65773b6e50f3f5b6674ddaef553b9,ONLINE,2021-10-01 23:47:49.760000+00:00,2021-10-04 10:55:39.564000+00:00,78,300,124,F01C49A6AA0D833D3333DEA9AC883637,2.46377087962963,10,Monday,23,Friday,2021-10-04 00:00:00+00:00,2021-10-11 00:00:00+00:00,True,3,1
be6b5a4cb865a76902e9d275e04d0ff4,OFFLINE,2021-10-01 11:02:08.071000+00:00,2021-10-04 10:56:01.542000+00:00,78,1EF,117,2C10D809ABD31810F4E95F4E500EFA7E,2.9957577662037034,10,Monday,11,Friday,2021-10-04 00:00:00+00:00,2021-10-11 00:00:00+00:00,True,2,0
e2cc0e6d5c2d54e6ff71d6b6e2ca88f8,OFFLINE,2021-10-04 09:40:03.875000+00:00,2021-10-04 11:37:00.426000+00:00,78,1EF,68,BB2033CE2FA4822C957B37DEB445B32C,0.08121008101851852,11,Monday,9,Monday,2021-10-04 00:00:00+00:00,2021-10-11 00:00:00+00:00,True,4,1
e900653612f0dea0cd61327dd6884c18,ONLINE,2021-10-03 17:05:51.298000+00:00,2021-10-04 11:39:04.056000+00:00,78,300,85,89D534629771B04F61D1971C3068D1BD,0.7730643287037037,11,Monday,17,Sunday,2021-10-04 00:00:00+00:00,2021-10-11 00:00:00+00:00,True,5,1
4ace171d81637006ca7fb11073532a3d,OFFLINE,2021-10-04 11:32:29.811000+00:00,2021-10-04 12:07:58.338000+00:00,78,300,185,09B36CB8AB7325477B80E99BE8FB2D02,0.02463572916666667,12,Monday,11,Monday,2021-10-04 00:00:00+00:00,2021-10-11 00:00:00+00:00,True,5,1
422f2686da2fec866617f04da1fd28be,OFFLINE,2021-10-04 08:58:19.276000+00:00,2021-10-04 12:15:05.011000+00:00,78,1EF,183,13E10362E095E01B8474D8E02F873398,0.1366404513888889,12,Monday,8,Monday,2021-10-04 00:00:00+00:00,2021-10-11 00:00:00+00:00,True,6,1
a296c89d806af546e511b303efefa86c,OFFLINE,2021-10-04 11:43:27.268000+00:00,2021-10-04 12:16:13.542000+00:00,78,07B,94,9F9E66046BADAE5ABE94708CED879416,0.022757800925925924,12,Monday,11,Monday,2021-10-04 00:00:00+00:00,2021-10-11 00:00:00+00:00,True,4,1
9430b15fe30fa28158e0be2251ebab6a,ONLINE,2021-10-04 10:08:15.838000+00:00,2021-10-04 12:17:00.581000+00:00,78,1EF,234,1162FF15A2450469905B590D62F7746E,0.0894067476851852,12,Monday,10,Monday,2021-10-04 00:00:00+00:00,2021-10-11 00:00:00+00:00,True,2,0
60d52ebaf646a3645874c577ce757b39,OFFLINE,2021-10-04 04:48:02.680000+00:00,2021-10-04 12:19:39.368000+00:00,78,07B,75,EEDD0125ADF9CD4325E56C39462533F5,0.3136190740740741,12,Monday,4,Monday,2021-10-04 00:00:00+00:00,2021-10-11 00:00:00+00:00,True,6,1
bfddf6916c74014657a0957d90b0d2a9,OFFLINE,2021-10-04 11:37:32.749000+00:00,2021-10-04 12:20:44.118000+00:00,78,1EF,144,0668909560B9D2AF8FDA5489BCAA5FFF,0.029992696759259262,12,Monday,11,Monday,2021-10-04 00:00:00+00:00,2021-10-11 00:00:00+00:00,True,0,0
5c825829fe812aa4f3b5ab72cb86fbbd,ONLINE,2021-10-04 11:21:25.547000+00:00,2021-10-04 12:24:48.329000+00:00,78,1EF,112,F066DEFF7409FE06BB3F4539FBDF12A4,0.04401368055555556,12,Monday,11,Monday,2021-10-04 00:00:00+00:00,2021-10-11 00:00:00+00:00,True,1,0
ffce3aaa52e9caf7595d319d0b5bc9c1,OFFLINE,2021-10-04 12:07:51.585000+00:00,2021-10-04 12:25:16.898000+00:00,78,07B,71,56129BC950F9E18A9F5DF651D9D267D1,0.012098530092592593,12,Monday,12,Monday,2021-10-04 00:00:00+00:00,2021-10-11 00:00:00+00:00,True,6,1
426e45a092a3e2055cf4a1d773f8519b,ONLINE,2021-10-04 11:41:32.139000+00:00,2021-10-04 12:26:49.803000+00:00,78,1EF,60,33C4EF36C213B6D1E4BBBCDE06C7A745,0.031454444444444445,12,Monday,11,Monday,2021-10-04 00:00:00+00:00,2021-10-11 00:00:00+00:00,True,0,0
ef95c391a27d606a70d17448c2a3750f,ONLINE,2021-10-04 09:50:13.919000+00:00,2021-10-04 12:43:18.133000+00:00,78,07B,140,2D9F8B5DDB0A7BD6F060DBAA34EC0CFF,0.12018766203703704,12,Monday,9,Monday,2021-10-04 00:00:00+00:00,2021-10-11 00:00:00+00:00,True,3,1
01f2520164c326d6c5be466771cae919,OFFLINE,2021-10-04 07:35:17.159000+00:00,2021-10-04 12:47:23.479000+00:00,78,07B,82,EE735FFED3A6072D13A30636E658A03A,0.2167398148148148,12,Monday,7,Monday,2021-10-04 00:00:00+00:00,2021-10-11 00:00:00+00:00,True,5,1
70a9df89fb4e379200a52de6163a0fc4,ONLINE,2021-10-04 12:01:30.299000+00:00,2021-10-04 12:49:50.606000+00:00,78,300,125,09B36CB8AB7325477B80E99BE8FB2D02,0.033568368055555554,12,Monday,12,Monday,2021-10-04 00:00:00+00:00,2021-10-11 00:00:00+00:00,True,2,0
c47714a75cd074656458991eab4e9ee0,OFFLINE,2021-10-04 03:52:54.219000+00:00,2021-10-04 12:50:28.250000+00:00,78,300,164,56C3843EA0BAA7B2438B58CFC2BBD0FF,0.37331054398148145,12,Monday,3,Monday,2021-10-04 00:00:00+00:00,2021-10-11 00:00:00+00:00,True,4,1
26fbaf894805fefbc3b551ded6ed6a75,ONLINE,2021-10-04 11:33:00.970000+00:00,2021-10-04 12:52:54.130000+00:00,78,07B,172,EE735FFED3A6072D13A30636E658A03A,0.05547638888888889,12,Monday,11,Monday,2021-10-04 00:00:00+00:00,2021-10-11 00:00:00+00:00,True,4,1
8e6db1c9103b6893161159563ba861c7,ONLINE,2021-10-04 12:13:26.455000+00:00,2021-10-04 12:58:49.998000+00:00,78,300,162,08379264459A6EF0F8052CC20B9DD41F,0.03152248842592593,12,Monday,12,Monday,2021-10-04 00:00:00+00:00,2021-10-11 00:00:00+00:00,True,4,1
1c8ad1c4ed474afe84ce0ea046441bf4,OFFLINE,2021-10-04 10:57:05.804000+00:00,2021-10-04 13:02:06.269000+00:00,78,1EF,66,F11BA079658F860875013A84EC1AEA2B,0.0868109375,13,Monday,10,Monday,2021-10-04 00:00:00+00:00,2021-10-11 00:00:00+00:00,True,2,0
1d7eb999a1d4d1e296563f98a06ec49c,OFFLINE,2021-10-04 12:57:14.124000+00:00,2021-10-04 13:22:41.180000+00:00,78,1EF,85,A00AF20362FBDDE9E3869D787E4693AF,0.01767425925925926,13,Monday,12,Monday,2021-10-04 00:00:00+00:00,2021-10-11 00:00:00+00:00,True,6,1
a7ddc8d9308457e763e6769173ab0b80,ONLINE,2021-10-03 14:33:03.465000+00:00,2021-10-04 13:32:38.880000+00:00,78,07B,94,BEB712D51701D0787EC236821442EA5C,0.9580487847222221,13,Monday,14,Sunday,2021-10-04 00:00:00+00:00,2021-10-11 00:00:00+00:00,True,3,1
f5dc692af96b6d2e77394a892d044f84,OFFLINE,2021-10-04 13:22:16.563000+00:00,2021-10-04 13:35:09.954000+00:00,78,1EF,60,740CB1CA2BD83B3276B092195A6EB883,0.008951284722222222,13,Monday,13,Monday,2021-10-04 00:00:00+00:00,2021-10-11 00:00:00+00:00,True,3,1
aa7fcb30fd7eda86fe9b2d8617743b7f,ONLINE,2021-10-04 13:24:14.083000+00:00,2021-10-04 13:54:43.628000+00:00,78,300,95,A85A33858C7BB0DCE962E99B2E79BBC4,0.021175289351851853,13,Monday,13,Monday,2021-10-04 00:00:00+00:00,2021-10-11 00:00:00+00:00,True,3,1
28a290f87f63ecd9a25afbc25940720b,ONLINE,2021-10-04 11:17:19.884000+00:00,2021-10-04 13:58:20.048000+00:00,78,07B,87,2D9F8B5DDB0A7BD6F060DBAA34EC0CFF,0.11180745370370371,13,Monday,11,Monday,2021-10-04 00:00:00+00:00,2021-10-11 00:00:00+00:00,True,0,0
ddcf0e5ef504a8648d4a706a10e70a50,OFFLINE,2021-10-04 12:59:15.622000+00:00,2021-10-04 14:12:53.265000+00:00,78,07B,247,3BA1172F566EDC7D37511BBF59F34142,0.05113012731481482,14,Monday,12,Monday,2021-10-04 00:00:00+00:00,2021-10-11 00:00:00+00:00,True,0,0
a53b5e094e816168a805ebbf8c610036,OFFLINE,2021-10-03 17:46:51.982000+00:00,2021-10-04 14:21:28.594000+00:00,78,07B,87,0788D330C960376CA8EF0D842E5443A4,0.8573681944444443,14,Monday,17,Sunday,2021-10-04 00:00:00+00:00,2021-10-11 00:00:00+00:00,True,4,1
eae0ce4d6e752e232630158961c2df94,OFFLINE,2021-10-04 13:21:16.787000+00:00,2021-10-04 14:25:54.863000+00:00,78,07B,50,2D9F8B5DDB0A7BD6F060DBAA34EC0CFF,0.04488513888888889,14,Monday,13,Monday,2021-10-04 00:00:00+00:00,2021-10-11 00:00:00+00:00,True,3,1
05f0923a7b2efdd2397cb8ef4865213b,OFFLINE,2021-10-04 14:13:52.037000+00:00,2021-10-04 14:45:41.622000+00:00,78,07B,123,4E8E60427140A514537C374BAA698D32,0.02210167824074074,14,Monday,14,Monday,2021-10-04 00:00:00+00:00,2021-10-11 00:00:00+00:00,True,2,0
8ea2218520b3daa9bbfc17bf0c849e26,OFFLINE,2021-10-04 14:11:30.943000+00:00,2021-10-04 14:52:52.656000+00:00,78,1EF,172,38BB76CCFDD8129EF62B3AF5480605C7,0.028723530092592594,14,Monday,14,Monday,2021-10-04 00:00:00+00:00,2021-10-11 00:00:00+00:00,True,7,1
eb83c97cbb3eac4452c7317ce08c244e,OFFLINE,2021-10-04 13:26:55.656000+00:00,2021-10-04 15:07:09.503000+00:00,78,07B,89,9FFABDFED33FB837D72433191B5668D5,0.06960471064814815,15,Monday,13,Monday,2021-10-04 00:00:00+00:00,2021-10-11 00:00:00+00:00,True,0,0
8cea614c89fb6da87315049975657da0,ONLINE,2021-10-04 14:08:04.730000+00:00,2021-10-04 15:18:03.728000+00:00,78,1EF,181,96C3C752FA22E3A6918ADE4F355D3F8D,0.04859951388888888,15,Monday,14,Monday,2021-10-04 00:00:00+00:00,2021-10-11 00:00:00+00:00,True,0,0
1b9db199cffa5d1a76193a064884cfc6,OFFLINE,2021-10-04 14:43:18.170000+00:00,2021-10-04 15:22:48.809000+00:00,78,07B,99,2D9F8B5DDB0A7BD6F060DBAA34EC0CFF,0.027437951388888892,15,Monday,14,Monday,2021-10-04 00:00:00+00:00,2021-10-11 00:00:00+00:00,True,7,1
93e363d74bff0058d087bb0e9178abfa,ONLINE,2021-10-04 14:56:56.916000+00:00,2021-10-04 15:34:52.910000+00:00,78,300,125,7E701822D80EF10DEBEA008731637EA3,0.02634252314814815,15,Monday,14,Monday,2021-10-04 00:00:00+00:00,2021-10-11 00:00:00+00:00,True,5,1
1df2dc345e46a3f2f1147a27c78967da,OFFLINE,2021-10-04 15:38:12.040000+00:00,2021-10-04 15:57:19.124000+00:00,78,1EF,82,5CD6463B9C20BA10DA25A431F2D844A6,0.013276435185185186,15,Monday,15,Monday,2021-10-04 00:00:00+00:00,2021-10-11 00:00:00+00:00,True,1,0
0c67a44200444f069ae0419b4ead69f3,OFFLINE,2021-10-04 15:30:52.367000+00:00,2021-10-04 16:07:28.917000+00:00,78,07B,127,9F9E66046BADAE5ABE94708CED879416,0.025423032407407408,16,Monday,15,Monday,2021-10-04 00:00:00+00:00,2021-10-11 00:00:00+00:00,True,6,1
832b9118127dcb38ab30a513ee84791c,ONLINE,2021-10-04 16:12:42.287000+00:00,2021-10-04 16:43:11.349000+00:00,78,1EF,154,7B36B12A4C581DFCF8BF406AECA45564,0.021169699074074073,16,Monday,16,Monday,2021-10-04 00:00:00+00:00,2021-10-11 00:00:00+00:00,True,1,0
f3051466ea7299baf5b73588699af64e,OFFLINE,2021-10-04 16:07:00.739000+00:00,2021-10-04 16:48:00.120000+00:00,78,07B,142,294B021232C509826A57AC3136B8ABDD,0.028465057870370368,16,Monday,16,Monday,2021-10-04 00:00:00+00:00,2021-10-11 00:00:00+00:00,True,1,0
f4a5bf4d08691b880f51ac1c9f58d3b3,OFFLINE,2021-10-04 15:51:41.213000+00:00,2021-10-04 17:33:00.920000+00:00,78,1EF,165,1162FF15A2450469905B590D62F7746E,0.07036697916666668,17,Monday,15,Monday,2021-10-04 00:00:00+00:00,2021-10-11 00:00:00+00:00,True,4,1
30faaf841b332c1c1b682022b7c62aed,OFFLINE,2021-10-04 17:24:50.547000+00:00,2021-10-04 17:40:18.693000+00:00,78,1EF,70,740CB1CA2BD83B3276B092195A6EB883,0.010742430555555555,17,Monday,17,Monday,2021-10-04 00:00:00+00:00,2021-10-11 00:00:00+00:00,True,0,0
2afe0d1e455c4cb163f88bcf8c0072b2,OFFLINE,2021-10-04 17:29:13.480000+00:00,2021-10-04 17:55:03.558000+00:00,90,07B,164,4E8E60427140A514537C374BAA698D32,0.01794071759259259,17,Monday,17,Monday,2021-10-04 00:00:00+00:00,2021-10-11 00:00:00+00:00,True,0,0
c5ada675468764ade936b5b978d98cd6,OFFLINE,2021-10-01 06:37:24.319000+00:00,2021-10-04 18:20:31.288000+00:00,78,1EF,70,740CB1CA2BD83B3276B092195A6EB883,3.4882751041666666,18,Monday,6,Friday,2021-10-04 00:00:00+00:00,2021-10-11 00:00:00+00:00,True,4,1
3d9c4d57e390a5df361e505cc3f60365,OFFLINE,2021-10-04 18:26:39.473000+00:00,2021-10-04 18:43:09.909000+00:00,77,1EF,95,4DF70D744AB4B2076706A37F1EBAC6B9,0.01146337962962963,18,Monday,18,Monday,2021-10-04 00:00:00+00:00,2021-10-11 00:00:00+00:00,True,2,0
35227ccb5551764465bec37c26a7ddd2,OFFLINE,2021-10-03 06:20:08.009000+00:00,2021-10-04 18:53:59.203000+00:00,78,07B,79,4E8E60427140A514537C374BAA698D32,1.5235091898148148,18,Monday,6,Sunday,2021-10-04 00:00:00+00:00,2021-10-11 00:00:00+00:00,True,7,1
3fcfc98d0dbbac39a97187027d5fc40a,ONLINE,2021-10-03 11:35:26.935000+00:00,2021-10-04 21:03:05.214000+00:00,78,1EF,94,740CB1CA2BD83B3276B092195A6EB883,1.3941930439814814,21,Monday,11,Sunday,2021-10-04 00:00:00+00:00,2021-10-11 00:00:00+00:00,True,0,0
b381c5465d8e3185763b46f9420dfccf,ONLINE,2021-10-04 12:44:39.260000+00:00,2021-10-04 21:09:28.273000+00:00,78,07B,99,4E8E60427140A514537C374BAA698D32,0.3505672800925926,21,Monday,12,Monday,2021-10-04 00:00:00+00:00,2021-10-11 00:00:00+00:00,True,5,1
33f58c6856276baed1a894f5c99d0134,OFFLINE,2021-10-04 20:27:59.914000+00:00,2021-10-04 21:10:14.840000+00:00,78,07B,205,4E8E60427140A514537C374BAA698D32,0.029339421296296294,21,Monday,20,Monday,2021-10-04 00:00:00+00:00,2021-10-11 00:00:00+00:00,True,1,0
9d958971845d78ebec44e05aedb82c77,OFFLINE,2021-10-05 01:19:23.723000+00:00,2021-10-05 02:02:05.002000+00:00,78,300,86,FE36AB62B577062A120ECAC46197F080,0.02964443287037037,2,Tuesday,1,Tuesday,2021-10-05 00:00:00+00:00,2021-10-12 00:00:00+00:00,True,3,1
e7c1041cfce4e67254fb8b7f77ad046d,OFFLINE,2021-10-04 18:26:03.037000+00:00,2021-10-05 02:22:31.679000+00:00,78,07B,123,B0B076A3064F0AEA0A2AAC679ECE5F62,0.33088706018518516,2,Tuesday,18,Monday,2021-10-05 00:00:00+00:00,2021-10-12 00:00:00+00:00,True,5,1
6d2dbdc322dddee675ae9498f8cbf5e3,ONLINE,2021-10-04 01:55:26.521000+00:00,2021-10-05 02:33:21.617000+00:00,78,300,71,09B36CB8AB7325477B80E99BE8FB2D02,1.0263321296296297,2,Tuesday,1,Monday,2021-10-05 00:00:00+00:00,2021-10-12 00:00:00+00:00,True,4,1
a53b3bddc0a4e999ee35c01646f27f8f,OFFLINE,2021-10-04 13:14:01.632000+00:00,2021-10-05 02:36:31.295000+00:00,78,300,135,1BA53B5BBB76E9903A2CF8FF02C37293,0.5572877662037037,2,Tuesday,13,Monday,2021-10-05 00:00:00+00:00,2021-10-12 00:00:00+00:00,True,1,0
3918dc870f17990dae559c05987cb220,OFFLINE,2021-10-05 02:40:24.185000+00:00,2021-10-05 02:56:39.479000+00:00,78,07B,56,B79C3A36345A4588BD73EBFFC22B9D01,0.011288125,2,Tuesday,2,Tuesday,2021-10-05 00:00:00+00:00,2021-10-12 00:00:00+00:00,True,5,1
e5e82f595483c4b032115dd66c5c6547,ONLINE,2021-10-03 00:27:11.529000+00:00,2021-10-05 03:03:19.100000+00:00,78,300,110,D3CEA8B57F07B785543EDB2058A190CE,2.1084209606481483,3,Tuesday,0,Sunday,2021-10-05 00:00:00+00:00,2021-10-12 00:00:00+00:00,True,3,1
53bb2b2d363dcb606ed49ba9ed4376d6,OFFLINE,2021-10-05 02:32:00.639000+00:00,2021-10-05 03:05:17.520000+00:00,78,1EF,120,38BB76CCFDD8129EF62B3AF5480605C7,0.023112048611111113,3,Tuesday,2,Tuesday,2021-10-05 00:00:00+00:00,2021-10-12 00:00:00+00:00,True,4,1
f5f8ceeddb31c7b80a14b9523f403eb7,ONLINE,2021-10-05 02:52:11.071000+00:00,2021-10-05 03:16:20.119000+00:00,78,300,114,08379264459A6EF0F8052CC20B9DD41F,0.016771388888888888,3,Tuesday,2,Tuesday,2021-10-05 00:00:00+00:00,2021-10-12 00:00:00+00:00,True,2,0
96cb345c7810627fe3f81431170bd2d6,OFFLINE,2021-10-04 17:02:34.304000+00:00,2021-10-05 03:18:11.580000+00:00,78,1EF,66,4DF70D744AB4B2076706A37F1EBAC6B9,0.4275147685185185,3,Tuesday,17,Monday,2021-10-05 00:00:00+00:00,2021-10-12 00:00:00+00:00,True,4,1
fd4b97eecadb981db32bf026983b2bff,OFFLINE,2021-10-05 00:00:09.734000+00:00,2021-10-05 03:27:32.833000+00:00,78,1EF,117,F23ABF889C244499ACA33B5CE1A7C848,0.14401734953703704,3,Tuesday,0,Tuesday,2021-10-05 00:00:00+00:00,2021-10-12 00:00:00+00:00,True,1,0
741ca6d13e90a68287de31c233f06a04,ONLINE,2021-10-05 03:06:28.755000+00:00,2021-10-05 03:44:05.855000+00:00,78,300,168,6C95625CBBEF8E86248B347AF84368A0,0.02612384259259259,3,Tuesday,3,Tuesday,2021-10-05 00:00:00+00:00,2021-10-12 00:00:00+00:00,True,2,0
7e5de7d93bec49548b0da723a2bb2d66,OFFLINE,2021-10-04 17:45:35.061000+00:00,2021-10-05 03:44:24.566000+00:00,78,1EF,82,BB2033CE2FA4822C957B37DEB445B32C,0.4158507523148148,3,Tuesday,17,Monday,2021-10-05 00:00:00+00:00,2021-10-12 00:00:00+00:00,True,3,1
e89549c262f41fbc18e8a7d1a1cffce7,ONLINE,2021-10-02 06:04:26.116000+00:00,2021-10-05 03:49:53.820000+00:00,78,07B,236,9F9E66046BADAE5ABE94708CED879416,2.906570648148148,3,Tuesday,6,Saturday,2021-10-05 00:00:00+00:00,2021-10-12 00:00:00+00:00,True,0,0
b402ec4ee6a86ce60e214a1280e3f697,OFFLINE,2021-10-05 03:31:07.826000+00:00,2021-10-05 03:54:19.675000+00:00,78,07B,55,294B021232C509826A57AC3136B8ABDD,0.016109363425925925,3,Tuesday,3,Tuesday,2021-10-05 00:00:00+00:00,2021-10-12 00:00:00+00:00,True,6,1
221d2152e51c2280a2cbc3fe671ccb87,ONLINE,2021-10-02 13:16:31.074000+00:00,2021-10-05 04:02:57.228000+00:00,78,07B,113,4ECC8B694F4BB262BDD4B0A85952B71A,2.6155804861111114,4,Tuesday,13,Saturday,2021-10-05 00:00:00+00:00,2021-10-12 00:00:00+00:00,True,3,1
852bd57fa30cc3e55fa0227d017dcced,OFFLINE,2021-10-04 10:04:54.258000+00:00,2021-10-05 04:08:11.134000+00:00,78,300,173,C0DD698BE0C1EA71FA3045950BEEC64B,0.7522786574074074,4,Tuesday,10,Monday,2021-10-05 00:00:00+00:00,2021-10-12 00:00:00+00:00,True,5,1
efbfb8c4a3fe138fbbf1238be994d694,OFFLINE,2021-10-05 03:09:50.034000+00:00,2021-10-05 04:08:19.703000+00:00,78,300,104,89D534629771B04F61D1971C3068D1BD,0.04062116898148148,4,Tuesday,3,Tuesday,2021-10-05 00:00:00+00:00,2021-10-12 00:00:00+00:00,True,1,0
3440d607dc34238008286bd778532d7f,OFFLINE,2021-10-05 03:13:23.167000+00:00,2021-10-05 04:11:50.505000+00:00,78,07B,79,4ECC8B694F4BB262BDD4B0A85952B71A,0.040594189814814816,4,Tuesday,3,Tuesday,2021-10-05 00:00:00+00:00,2021-10-12 00:00:00+00:00,True,5,1
152448710439f0651f813a179c2e091d,OFFLINE,2021-10-05 03:58:25.198000+00:00,2021-10-05 04:22:53.045000+00:00,78,300,162,8C9CD2798C922216EC02BD7D1BCD9786,0.016988969907407406,4,Tuesday,3,Tuesday,2021-10-05 00:00:00+00:00,2021-10-12 00:00:00+00:00,True,0,0
debf712f355447d54753ab02e7fc7f7b,OFFLINE,2021-10-04 04:04:01.201000+00:00,2021-10-05 04:28:43.647000+00:00,78,07B,93,10D023CEE6CC12F06C576EB33402E56B,1.0171579398148147,4,Tuesday,4,Monday,2021-10-05 00:00:00+00:00,2021-10-12 00:00:00+00:00,True,3,1
eb2ac5650852de4e96eeb9fb86136c7f,OFFLINE,2021-10-05 04:27:01.809000+00:00,2021-10-05 04:33:41.045000+00:00,90,1EF,63,93A459F0AC42B4DAE28317297839D393,0.004620787037037037,4,Tuesday,4,Tuesday,2021-10-05 00:00:00+00:00,2021-10-12 00:00:00+00:00,True,3,1
9012794f96e19d6f0919c6092438778c,ONLINE,2021-10-04 16:20:03.479000+00:00,2021-10-05 04:37:13.214000+00:00,78,07B,169,9F9E66046BADAE5ABE94708CED879416,0.5119182291666666,4,Tuesday,16,Monday,2021-10-05 00:00:00+00:00,2021-10-12 00:00:00+00:00,True,4,1
6660123d7f695a04d617fe0d980438bc,OFFLINE,2021-10-05 04:43:34.242000+00:00,2021-10-05 04:52:42.503000+00:00,78,300,50,E56AE16934A0D29EBF24915402A7E5ED,0.0063456134259259256,4,Tuesday,4,Tuesday,2021-10-05 00:00:00+00:00,2021-10-12 00:00:00+00:00,True,5,1
ea2a383a087de8ba8e13130eb5bad5a7,OFFLINE,2021-10-03 12:36:04.118000+00:00,2021-10-05 05:04:38.842000+00:00,78,07B,141,294B021232C509826A57AC3136B8ABDD,1.686513009259259,5,Tuesday,12,Sunday,2021-10-05 00:00:00+00:00,2021-10-12 00:00:00+00:00,True,0,0
e10d13ac0016657341958b006a9600c8,OFFLINE,2021-10-03 19:35:25.769000+00:00,2021-10-05 05:08:02.993000+00:00,78,07B,93,C142F51706DA139EC3DCAA250682C61A,1.3976530555555555,5,Tuesday,19,Sunday,2021-10-05 00:00:00+00:00,2021-10-12 00:00:00+00:00,True,3,1
29806a01510f651d9a4be0af82a6e024,ONLINE,2021-10-04 14:48:33.448000+00:00,2021-10-05 05:10:05.929000+00:00,78,07B,162,5D80F97CDC9BD4BCBB7BFA0B329E6A7B,0.5982926041666666,5,Tuesday,14,Monday,2021-10-05 00:00:00+00:00,2021-10-12 00:00:00+00:00,True,6,1
ddfc806e98e72858582fb9d9b5f1bac4,OFFLINE,2021-10-03 17:22:05.436000+00:00,2021-10-05 05:16:04.961000+00:00,78,07B,75,294B021232C509826A57AC3136B8ABDD,1.495827835648148,5,Tuesday,17,Sunday,2021-10-05 00:00:00+00:00,2021-10-12 00:00:00+00:00,True,6,1
7af321eaf4767fb821ea4fe33cbbeb61,ONLINE,2021-10-05 04:54:36.113000+00:00,2021-10-05 05:27:50.630000+00:00,78,300,181,364A975FE43F5678164266B2B0E8A237,0.0230846875,5,Tuesday,4,Tuesday,2021-10-05 00:00:00+00:00,2021-10-12 00:00:00+00:00,True,2,0
c007ab03ba9c1224ab6d9eefb45ccd3a,OFFLINE,2021-10-05 05:09:54.311000+00:00,2021-10-05 05:43:29.082000+00:00,78,1EF,93,F23ABF889C244499ACA33B5CE1A7C848,0.023319108796296294,5,Tuesday,5,Tuesday,2021-10-05 00:00:00+00:00,2021-10-12 00:00:00+00:00,True,5,1
56d3388acbcadf3cc0d23fa39b947b57,OFFLINE,2021-10-05 05:27:45.963000+00:00,2021-10-05 05:49:50.660000+00:00,78,07B,149,C142F51706DA139EC3DCAA250682C61A,0.015332141203703702,5,Tuesday,5,Tuesday,2021-10-05 00:00:00+00:00,2021-10-12 00:00:00+00:00,True,3,1
c6911c108a778cd4c531a754e517e8c5,OFFLINE,2021-10-03 23:22:35.944000+00:00,2021-10-05 05:54:31.441000+00:00,78,1EF,104,BB2033CE2FA4822C957B37DEB445B32C,1.2721701041666666,5,Tuesday,23,Sunday,2021-10-05 00:00:00+00:00,2021-10-12 00:00:00+00:00,True,0,0
a4603ea29e13bb2fc9253632f5fa0891,OFFLINE,2021-10-04 16:22:43.280000+00:00,2021-10-05 06:03:56.420000+00:00,78,07B,116,EEDD0125ADF9CD4325E56C39462533F5,0.5702909722222222,6,Tuesday,16,Monday,2021-10-05 00:00:00+00:00,2021-10-12 00:00:00+00:00,True,1,0
673707f0f61bfd22b3df0c55ac80d1f6,OFFLINE,2021-10-04 12:24:20.832000+00:00,2021-10-05 06:13:07.158000+00:00,77,1EF,214,4DF70D744AB4B2076706A37F1EBAC6B9,0.7422028472222222,6,Tuesday,12,Monday,2021-10-05 00:00:00+00:00,2021-10-12 00:00:00+00:00,True,1,0
c53df0522a4a743dde62561f2d3f46e8,OFFLINE,2021-10-05 05:51:03.075000+00:00,2021-10-05 06:32:58.457000+00:00,78,1EF,105,5CD6463B9C20BA10DA25A431F2D844A6,0.029113217592592593,6,Tuesday,5,Tuesday,2021-10-05 00:00:00+00:00,2021-10-12 00:00:00+00:00,True,2,0
85d6af00b3ff11a129359612c1b25aa7,ONLINE,2021-10-03 12:01:53.550000+00:00,2021-10-05 06:33:24.663000+00:00,78,1EF,160,5CD6463B9C20BA10DA25A431F2D844A6,1.7718878819444446,6,Tuesday,12,Sunday,2021-10-05 00:00:00+00:00,2021-10-12 00:00:00+00:00,True,2,0
6fff2a23520c7052bf9e06819efd7dbb,OFFLINE,2021-10-05 06:30:34.898000+00:00,2021-10-05 06:42:04.435000+00:00,78,1EF,60,96C3C752FA22E3A6918ADE4F355D3F8D,0.007980752314814816,6,Tuesday,6,Tuesday,2021-10-05 00:00:00+00:00,2021-10-12 00:00:00+00:00,True,0,0
990b399e9a08ddd20a52a544937c1be2,OFFLINE,2021-10-05 05:57:58.851000+00:00,2021-10-05 06:57:20.041000+00:00,78,1EF,60,F16CFD7B03D10D346B3B0F11EE2B167C,0.041217476851851856,6,Tuesday,5,Tuesday,2021-10-05 00:00:00+00:00,2021-10-12 00:00:00+00:00,True,6,1
5bb20a2b01859ddaa1a5d9c20eaf58c3,ONLINE,2021-10-04 09:09:19.230000+00:00,2021-10-05 06:58:20.919000+00:00,88,1EF,50,A3A64282C716DEA9699FC99619B34948,0.9090473263888889,6,Tuesday,9,Monday,2021-10-05 00:00:00+00:00,2021-10-12 00:00:00+00:00,True,4,1
5e002b4e25c152564941a71094fb6931,OFFLINE,2021-10-04 14:07:24.756000+00:00,2021-10-05 07:12:48.259000+00:00,78,07B,84,9F9E66046BADAE5ABE94708CED879416,0.7120775810185185,7,Tuesday,14,Monday,2021-10-05 00:00:00+00:00,2021-10-12 00:00:00+00:00,True,5,1
d5ad939470cdca1e47036dae16a1b602,OFFLINE,2021-10-01 03:03:41.701000+00:00,2021-10-05 07:29:52.435000+00:00,78,1EF,222,2C10D809ABD31810F4E95F4E500EFA7E,4.184846458333333,7,Tuesday,3,Friday,2021-10-05 00:00:00+00:00,2021-10-12 00:00:00+00:00,True,4,1
d10febb6acf74e2b71340e324b660875,ONLINE,2021-10-05 07:12:58.826000+00:00,2021-10-05 08:19:43.855000+00:00,78,300,161,1BA53B5BBB76E9903A2CF8FF02C37293,0.04635450231481481,8,Tuesday,7,Tuesday,2021-10-05 00:00:00+00:00,2021-10-12 00:00:00+00:00,True,2,0
9b5af2bea950faf72a9d476f020c9434,ONLINE,2021-10-03 07:02:09.886000+00:00,2021-10-05 08:37:36.760000+00:00,78,300,61,C0DD698BE0C1EA71FA3045950BEEC64B,2.066283263888889,8,Tuesday,7,Sunday,2021-10-05 00:00:00+00:00,2021-10-12 00:00:00+00:00,True,5,1
845a489622361b20a11e4cdc2f3b2b8c,OFFLINE,2021-10-05 08:12:16.548000+00:00,2021-10-05 08:46:31.301000+00:00,78,300,50,F01C49A6AA0D833D3333DEA9AC883637,0.023781863425925927,8,Tuesday,8,Tuesday,2021-10-05 00:00:00+00:00,2021-10-12 00:00:00+00:00,True,4,1
08cb1e3546557642ac2548e2af1675e8,OFFLINE,2021-10-05 08:15:39.349000+00:00,2021-10-05 08:46:43.593000+00:00,78,300,50,F01C49A6AA0D833D3333DEA9AC883637,0.021576898148148147,8,Tuesday,8,Tuesday,2021-10-05 00:00:00+00:00,2021-10-12 00:00:00+00:00,True,3,1
b7a634ea3c7364c4a4beae6265b4c41e,OFFLINE,2021-10-05 04:08:50.854000+00:00,2021-10-05 09:10:33.456000+00:00,78,07B,177,4E8E60427140A514537C374BAA698D32,0.20952085648148147,9,Tuesday,4,Tuesday,2021-10-05 00:00:00+00:00,2021-10-12 00:00:00+00:00,True,1,0
56dfcde716e320f3fe359c283d649679,OFFLINE,2021-10-05 08:44:09.932000+00:00,2021-10-05 09:14:01.141000+00:00,78,07B,165,4E8E60427140A514537C374BAA698D32,0.02073158564814815,9,Tuesday,8,Tuesday,2021-10-05 00:00:00+00:00,2021-10-12 00:00:00+00:00,True,5,1
29af6fe3c491c7e3662536100463c875,OFFLINE,2021-10-05 08:30:56.008000+00:00,2021-10-05 09:24:39.530000+00:00,78,300,50,526A1D40F50BBB44821C0C0FDE8E16B7,0.037309282407407406,9,Tuesday,8,Tuesday,2021-10-05 00:00:00+00:00,2021-10-12 00:00:00+00:00,True,4,1
795e9991b34430a0e54cf55cd470836c,OFFLINE,2021-10-05 08:47:32.187000+00:00,2021-10-05 09:25:22.540000+00:00,78,300,50,526A1D40F50BBB44821C0C0FDE8E16B7,0.026277233796296297,9,Tuesday,8,Tuesday,2021-10-05 00:00:00+00:00,2021-10-12 00:00:00+00:00,True,3,1
b68aff0ab4a42592b88ccc9244f1f83f,OFFLINE,2021-10-05 08:32:35.755000+00:00,2021-10-05 09:25:34.585000+00:00,78,300,50,526A1D40F50BBB44821C0C0FDE8E16B7,0.03679201388888889,9,Tuesday,8,Tuesday,2021-10-05 00:00:00+00:00,2021-10-12 00:00:00+00:00,True,3,1
585178526c578eb175c7166dda68476f,ONLINE,2021-10-05 06:41:10.228000+00:00,2021-10-05 09:27:28.659000+00:00,78,1EF,72,A00AF20362FBDDE9E3869D787E4693AF,0.11549109953703704,9,Tuesday,6,Tuesday,2021-10-05 00:00:00+00:00,2021-10-12 00:00:00+00:00,True,0,0
70068b03be8533ba3ceba8e103e67fa0,ONLINE,2021-10-05 05:39:28.936000+00:00,2021-10-05 09:33:10.979000+00:00,78,07B,124,EE735FFED3A6072D13A30636E658A03A,0.16229216435185184,9,Tuesday,5,Tuesday,2021-10-05 00:00:00+00:00,2021-10-12 00:00:00+00:00,True,2,0
284eacbcc00ce14ba3f4ff883e3b4ba6,ONLINE,2021-10-05 08:17:01.559000+00:00,2021-10-05 09:45:55.509000+00:00,78,07B,134,BEB712D51701D0787EC236821442EA5C,0.0617355324074074,9,Tuesday,8,Tuesday,2021-10-05 00:00:00+00:00,2021-10-12 00:00:00+00:00,True,0,0
46f82587bc7601a304365950081cd907,OFFLINE,2021-10-04 13:07:11.085000+00:00,2021-10-05 10:08:22.895000+00:00,78,07B,135,9FFABDFED33FB837D72433191B5668D5,0.8758311342592592,10,Tuesday,13,Monday,2021-10-05 00:00:00+00:00,2021-10-12 00:00:00+00:00,True,2,0
6ab64551f7f2b869e799d66cbb97631d,OFFLINE,2021-10-04 15:25:05.779000+00:00,2021-10-05 10:16:40.612000+00:00,78,1EF,74,195FD095D9D7F47943113AF2CBCF9A75,0.7858198263888889,10,Tuesday,15,Monday,2021-10-05 00:00:00+00:00,2021-10-12 00:00:00+00:00,True,5,1
55095a0b2f477518aa7b4a2ae0ee5f16,OFFLINE,2021-10-05 09:50:00.494000+00:00,2021-10-05 10:18:01.646000+00:00,78,1EF,76,4DF70D744AB4B2076706A37F1EBAC6B9,0.01945777777777778,10,Tuesday,9,Tuesday,2021-10-05 00:00:00+00:00,2021-10-12 00:00:00+00:00,True,7,1
4661ea667557a63ceb5d9e9a3d7cb82d,OFFLINE,2021-10-05 09:50:25.648000+00:00,2021-10-05 10:25:24.079000+00:00,78,300,122,08379264459A6EF0F8052CC20B9DD41F,0.024287395833333333,10,Tuesday,9,Tuesday,2021-10-05 00:00:00+00:00,2021-10-12 00:00:00+00:00,True,2,0
6eef826a3f6e71ca5c435ab512003f5e,OFFLINE,2021-10-05 10:08:51.255000+00:00,2021-10-05 10:35:32.836000+00:00,78,300,50,C0DD698BE0C1EA71FA3045950BEEC64B,0.018536817129629627,10,Tuesday,10,Tuesday,2021-10-05 00:00:00+00:00,2021-10-12 00:00:00+00:00,True,3,1
185c3cf2a17fef01422f91f9a13a97be,OFFLINE,2021-10-05 10:07:03.581000+00:00,2021-10-05 10:35:50.040000+00:00,78,300,50,C0DD698BE0C1EA71FA3045950BEEC64B,0.019982164351851853,10,Tuesday,10,Tuesday,2021-10-05 00:00:00+00:00,2021-10-12 00:00:00+00:00,True,3,1
7f93aa79c3ce3ce6aefea04deb6b8d40,OFFLINE,2021-10-05 09:36:44.135000+00:00,2021-10-05 10:56:49.012000+00:00,78,07B,158,3DCC8B4086B582DDB2E5481A5D44CAB4,0.05561200231481482,10,Tuesday,9,Tuesday,2021-10-05 00:00:00+00:00,2021-10-12 00:00:00+00:00,True,2,0
c1add1b5274051565f6102a5b0e50918,OFFLINE,2021-10-04 19:52:28.952000+00:00,2021-10-05 11:01:10.146000+00:00,78,07B,170,4E8E60427140A514537C374BAA698D32,0.631032337962963,11,Tuesday,19,Monday,2021-10-05 00:00:00+00:00,2021-10-12 00:00:00+00:00,True,3,1
e7082643dd47d4d185b6df5b27adfda0,OFFLINE,2021-10-05 09:13:28.794000+00:00,2021-10-05 11:19:07.279000+00:00,78,300,151,08379264459A6EF0F8052CC20B9DD41F,0.0872509837962963,11,Tuesday,9,Tuesday,2021-10-05 00:00:00+00:00,2021-10-12 00:00:00+00:00,True,5,1
267fd1cf2779d3e9b6d37825605f9253,OFFLINE,2021-10-05 09:50:21.121000+00:00,2021-10-05 11:37:38.968000+00:00,78,07B,165,EE735FFED3A6072D13A30636E658A03A,0.07451211805555555,11,Tuesday,9,Tuesday,2021-10-05 00:00:00+00:00,2021-10-12 00:00:00+00:00,True,3,1
ea4a4d92969f020f012c6613d55e5b6e,OFFLINE,2021-10-04 21:28:48.647000+00:00,2021-10-05 11:38:42.117000+00:00,78,07B,84,EEDD0125ADF9CD4325E56C39462533F5,0.5902021990740741,11,Tuesday,21,Monday,2021-10-05 00:00:00+00:00,2021-10-12 00:00:00+00:00,True,0,0
9637797bcdf8046d4841828d8d82b9f2,OFFLINE,2021-10-05 11:32:07.027000+00:00,2021-10-05 11:46:42.027000+00:00,78,07B,124,4E8E60427140A514537C374BAA698D32,0.010127314814814815,11,Tuesday,11,Tuesday,2021-10-05 00:00:00+00:00,2021-10-12 00:00:00+00:00,True,2,0
25c465e0819d355550bfd74e40febb5e,OFFLINE,2021-10-04 11:17:28.334000+00:00,2021-10-05 12:07:34.415000+00:00,78,07B,86,9F9E66046BADAE5ABE94708CED879416,1.0347926041666666,12,Tuesday,11,Monday,2021-10-05 00:00:00+00:00,2021-10-12 00:00:00+00:00,True,5,1
d75a288ea31a6075de36c03cf8315eb8,OFFLINE,2021-10-03 12:54:24.023000+00:00,2021-10-05 12:11:36.531000+00:00,78,07B,110,EEDD0125ADF9CD4325E56C39462533F5,1.9702836574074074,12,Tuesday,12,Sunday,2021-10-05 00:00:00+00:00,2021-10-12 00:00:00+00:00,True,1,0
73831dd26ccef77123f70e58cbe00996,ONLINE,2021-10-05 11:04:07.585000+00:00,2021-10-05 12:26:51.605000+00:00,78,1EF,264,D5CECB3D35FF9FEF0E46207CFE4A5F29,0.05745393518518519,12,Tuesday,11,Tuesday,2021-10-05 00:00:00+00:00,2021-10-12 00:00:00+00:00,True,1,0
84620ec075354f83b1ead6545aa9a92a,ONLINE,2021-10-05 11:09:45.239000+00:00,2021-10-05 12:28:14.506000+00:00,76,1EF,227,5CD6463B9C20BA10DA25A431F2D844A6,0.05450540509259259,12,Tuesday,11,Tuesday,2021-10-05 00:00:00+00:00,2021-10-12 00:00:00+00:00,True,0,0
db8c657a679c084777e2e6b689637b50,OFFLINE,2021-10-05 11:13:13.908000+00:00,2021-10-05 12:34:11.233000+00:00,78,07B,79,2D9F8B5DDB0A7BD6F060DBAA34EC0CFF,0.05621903935185185,12,Tuesday,11,Tuesday,2021-10-05 00:00:00+00:00,2021-10-12 00:00:00+00:00,True,5,1
86e4188129246dc244d42051c3aecf8e,OFFLINE,2021-10-04 12:58:55.626000+00:00,2021-10-05 12:37:57.326000+00:00,78,1EF,168,08A9B54E00545ECCD369B8E5D2692E9F,0.9854363425925926,12,Tuesday,12,Monday,2021-10-05 00:00:00+00:00,2021-10-12 00:00:00+00:00,True,4,1
777ae7b9d132beb1c8d4703735f0438b,OFFLINE,2021-10-05 07:55:14.450000+00:00,2021-10-05 12:46:29.637000+00:00,78,300,99,09B36CB8AB7325477B80E99BE8FB2D02,0.20225910879629633,12,Tuesday,7,Tuesday,2021-10-05 00:00:00+00:00,2021-10-12 00:00:00+00:00,True,5,1
aa433caee98e429ceb2d4c5722601640,OFFLINE,2021-10-04 09:26:46.011000+00:00,2021-10-05 13:08:43.868000+00:00,78,07B,61,294B021232C509826A57AC3136B8ABDD,1.154141863425926,13,Tuesday,9,Monday,2021-10-05 00:00:00+00:00,2021-10-12 00:00:00+00:00,True,4,1
32636d26745431e3e75fb7a825a56ccb,ONLINE,2021-10-05 12:44:55.677000+00:00,2021-10-05 13:25:57.088000+00:00,78,300,115,08379264459A6EF0F8052CC20B9DD41F,0.028488553240740743,13,Tuesday,12,Tuesday,2021-10-05 00:00:00+00:00,2021-10-12 00:00:00+00:00,True,5,1
bd2f92811e6b90a29f1059e745ab8bd6,OFFLINE,2021-10-05 11:27:09.366000+00:00,2021-10-05 13:30:28.432000+00:00,78,07B,78,EEDD0125ADF9CD4325E56C39462533F5,0.08563733796296297,13,Tuesday,11,Tuesday,2021-10-05 00:00:00+00:00,2021-10-12 00:00:00+00:00,True,6,1
7d47f42e575d567eeb9a9a78c9f0f20b,ONLINE,2021-10-05 11:26:08.227000+00:00,2021-10-05 13:39:37.837000+00:00,78,07B,145,294B021232C509826A57AC3136B8ABDD,0.09270381944444445,13,Tuesday,11,Tuesday,2021-10-05 00:00:00+00:00,2021-10-12 00:00:00+00:00,True,3,1
343054590833817803080ae51c926df8,ONLINE,2021-10-05 13:19:13.347000+00:00,2021-10-05 13:48:48.155000+00:00,78,300,112,F01C49A6AA0D833D3333DEA9AC883637,0.02054175925925926,13,Tuesday,13,Tuesday,2021-10-05 00:00:00+00:00,2021-10-12 00:00:00+00:00,True,6,1
d2ae43a5556af6937afe31d9986ee8f0,OFFLINE,2021-10-05 13:48:44.879000+00:00,2021-10-05 13:58:36.689000+00:00,88,1EF,60,7B36B12A4C581DFCF8BF406AECA45564,0.006849652777777777,13,Tuesday,13,Tuesday,2021-10-05 00:00:00+00:00,2021-10-12 00:00:00+00:00,True,1,0
571ba1888f7f413907530c8c450dbaee,OFFLINE,2021-10-02 23:45:43.153000+00:00,2021-10-05 14:00:08.154000+00:00,78,07B,87,EEDD0125ADF9CD4325E56C39462533F5,2.5933449189814812,14,Tuesday,23,Saturday,2021-10-05 00:00:00+00:00,2021-10-12 00:00:00+00:00,True,5,1
e0e8d892e9f063cc4a70a14304adb16a,ONLINE,2021-10-05 10:05:26.883000+00:00,2021-10-05 14:20:14.759000+00:00,78,300,242,E56AE16934A0D29EBF24915402A7E5ED,0.17694300925925927,14,Tuesday,10,Tuesday,2021-10-05 00:00:00+00:00,2021-10-12 00:00:00+00:00,True,6,1
07b3ce0bf3ee64d10ed6ce0d023de171,OFFLINE,2021-10-05 13:45:16.520000+00:00,2021-10-05 14:20:36.054000+00:00,78,300,50,2630D6FC6433A9A4C1C906C0D64BDDE1,0.02453164351851852,14,Tuesday,13,Tuesday,2021-10-05 00:00:00+00:00,2021-10-12 00:00:00+00:00,True,1,0
e2d0f2331f43c68580bdc05686891bd5,OFFLINE,2021-10-05 13:44:53.216000+00:00,2021-10-05 14:24:16.757000+00:00,78,1EF,167,1162FF15A2450469905B590D62F7746E,0.027355798611111114,14,Tuesday,13,Tuesday,2021-10-05 00:00:00+00:00,2021-10-12 00:00:00+00:00,True,6,1
dfa24618ad7ef24d2465092447e3aba2,ONLINE,2021-10-05 05:47:50.479000+00:00,2021-10-05 14:30:36.392000+00:00,78,07B,175,EEDD0125ADF9CD4325E56C39462533F5,0.36303140046296295,14,Tuesday,5,Tuesday,2021-10-05 00:00:00+00:00,2021-10-12 00:00:00+00:00,True,2,0
47e577fd9a0194e97d210cc1f22d61f6,OFFLINE,2021-10-05 13:09:42.202000+00:00,2021-10-05 14:31:06.209000+00:00,78,300,50,09B36CB8AB7325477B80E99BE8FB2D02,0.05652785879629629,14,Tuesday,13,Tuesday,2021-10-05 00:00:00+00:00,2021-10-12 00:00:00+00:00,True,5,1
7d2e81e69f9b6b35b282d3cdf27c0618,ONLINE,2021-10-05 13:27:49.144000+00:00,2021-10-05 14:38:37.363000+00:00,78,300,112,7E701822D80EF10DEBEA008731637EA3,0.04916920138888889,14,Tuesday,13,Tuesday,2021-10-05 00:00:00+00:00,2021-10-12 00:00:00+00:00,True,6,1
df004cc4e28ce9c3a9ba415e2cb3a07a,OFFLINE,2021-10-05 12:57:16.400000+00:00,2021-10-05 14:54:20.309000+00:00,78,07B,123,B0B076A3064F0AEA0A2AAC679ECE5F62,0.08129524305555555,14,Tuesday,12,Tuesday,2021-10-05 00:00:00+00:00,2021-10-12 00:00:00+00:00,True,5,1
63360ea1c4fbf9184eeb12f986cb3815,OFFLINE,2021-10-04 18:42:26.224000+00:00,2021-10-05 15:22:42.937000+00:00,78,07B,50,4ECC8B694F4BB262BDD4B0A85952B71A,0.8613045486111112,15,Tuesday,18,Monday,2021-10-05 00:00:00+00:00,2021-10-12 00:00:00+00:00,True,1,0
196b3c9129e5c48208922061818da6c0,OFFLINE,2021-10-05 15:18:43.536000+00:00,2021-10-05 15:30:15.829000+00:00,90,07B,56,B0B076A3064F0AEA0A2AAC679ECE5F62,0.008012650462962963,15,Tuesday,15,Tuesday,2021-10-05 00:00:00+00:00,2021-10-12 00:00:00+00:00,True,0,0
cabc8771ff6159972a5c2f2da7672208,OFFLINE,2021-10-05 10:44:57.096000+00:00,2021-10-05 15:55:34.556000+00:00,78,1EF,175,0668909560B9D2AF8FDA5489BCAA5FFF,0.2157113425925926,15,Tuesday,10,Tuesday,2021-10-05 00:00:00+00:00,2021-10-12 00:00:00+00:00,True,2,0
760310caaa87c281c8966a052f239d57,ONLINE,2021-10-05 15:35:22.594000+00:00,2021-10-05 15:56:32.053000+00:00,78,1EF,94,38BB76CCFDD8129EF62B3AF5480605C7,0.014692812500000001,15,Tuesday,15,Tuesday,2021-10-05 00:00:00+00:00,2021-10-12 00:00:00+00:00,True,6,1
4ce6adc4a1f9afeebaeec1ec4e6190c0,OFFLINE,2021-10-05 15:43:24.368000+00:00,2021-10-05 16:20:56.309000+00:00,78,07B,118,C142F51706DA139EC3DCAA250682C61A,0.026064131944444444,16,Tuesday,15,Tuesday,2021-10-05 00:00:00+00:00,2021-10-12 00:00:00+00:00,True,4,1
5d10e1d240700ad994b75a44ceb7e92b,OFFLINE,2021-10-05 16:30:47.580000+00:00,2021-10-05 16:43:16.301000+00:00,78,07B,65,4E8E60427140A514537C374BAA698D32,0.008665752314814815,16,Tuesday,16,Tuesday,2021-10-05 00:00:00+00:00,2021-10-12 00:00:00+00:00,True,5,1
b0aff069a4699e9bab9b8e5964e7d02f,OFFLINE,2021-10-03 19:51:36.654000+00:00,2021-10-05 16:58:49.121000+00:00,78,1EF,111,49CA01E7044CB3B65F99673C9C074D16,1.8800054050925927,16,Tuesday,19,Sunday,2021-10-05 00:00:00+00:00,2021-10-12 00:00:00+00:00,True,1,0
b4a35b34fa7871ff7d0c45ed6ac5d333,OFFLINE,2021-10-05 17:05:46.297000+00:00,2021-10-05 17:29:01.349000+00:00,78,07B,85,2CF9D19CE125793D17A0B4C371AB7AFD,0.016146435185185184,17,Tuesday,17,Tuesday,2021-10-05 00:00:00+00:00,2021-10-12 00:00:00+00:00,True,5,1
39329a7b8cee2239a1589b98d9596247,ONLINE,2021-10-05 13:08:37.021000+00:00,2021-10-05 17:57:35.331000+00:00,78,1EF,78,5CD6463B9C20BA10DA25A431F2D844A6,0.20067488425925928,17,Tuesday,13,Tuesday,2021-10-05 00:00:00+00:00,2021-10-12 00:00:00+00:00,True,5,1
e7fa6d939808c0cf72a1c7eee6d107c7,OFFLINE,2021-10-05 18:08:01.464000+00:00,2021-10-05 18:24:02.630000+00:00,90,07B,74,4575953E5DD96D9E301B05E12FB12540,0.011124606481481482,18,Tuesday,18,Tuesday,2021-10-05 00:00:00+00:00,2021-10-12 00:00:00+00:00,True,1,0
f78e4b42b3fade15519b2b01cddb63a8,OFFLINE,2021-10-05 18:45:27+00:00,2021-10-05 18:56:53.784000+00:00,78,1EF,75,F11BA079658F860875013A84EC1AEA2B,0.007948888888888889,18,Tuesday,18,Tuesday,2021-10-05 00:00:00+00:00,2021-10-12 00:00:00+00:00,True,0,0
cc108785c71cdd25be00c39589ce982b,OFFLINE,2021-10-04 09:54:21.529000+00:00,2021-10-05 20:37:03.970000+00:00,78,300,50,08379264459A6EF0F8052CC20B9DD41F,1.4463245486111111,20,Tuesday,9,Monday,2021-10-05 00:00:00+00:00,2021-10-12 00:00:00+00:00,True,4,1
bd187f52e70edfaa8957a443108a05f1,OFFLINE,2021-10-04 09:59:14.056000+00:00,2021-10-05 20:37:21.496000+00:00,78,300,50,08379264459A6EF0F8052CC20B9DD41F,1.4431416666666668,20,Tuesday,9,Monday,2021-10-05 00:00:00+00:00,2021-10-12 00:00:00+00:00,True,5,1
c91f791937cb15a59a238df26c9b7feb,OFFLINE,2021-10-04 10:01:26.006000+00:00,2021-10-05 20:38:13.883000+00:00,78,300,50,08379264459A6EF0F8052CC20B9DD41F,1.442220798611111,20,Tuesday,10,Monday,2021-10-05 00:00:00+00:00,2021-10-12 00:00:00+00:00,True,3,1
6d1cdbb26fc3f935752550ae6295aae0,OFFLINE,2021-10-02 19:27:47.450000+00:00,2021-10-05 20:40:26.995000+00:00,78,300,50,09B36CB8AB7325477B80E99BE8FB2D02,3.050457696759259,20,Tuesday,19,Saturday,2021-10-05 00:00:00+00:00,2021-10-12 00:00:00+00:00,True,5,1
4c8ef21ffbb4377ce85d4f513842ba23,OFFLINE,2021-10-02 19:24:49.035000+00:00,2021-10-05 20:40:52.290000+00:00,78,300,50,09B36CB8AB7325477B80E99BE8FB2D02,3.0528154513888888,20,Tuesday,19,Saturday,2021-10-05 00:00:00+00:00,2021-10-12 00:00:00+00:00,True,5,1
ae999183d2fbbe54266eaccad6bcbba6,OFFLINE,2021-10-04 09:52:29.190000+00:00,2021-10-05 20:41:14.943000+00:00,78,300,50,09B36CB8AB7325477B80E99BE8FB2D02,1.4505295486111112,20,Tuesday,9,Monday,2021-10-05 00:00:00+00:00,2021-10-12 00:00:00+00:00,True,3,1
d01d1b5349d344926c86f5fb299c7774,OFFLINE,2021-10-05 20:00:53.802000+00:00,2021-10-05 21:58:00.051000+00:00,78,07B,122,4ECC8B694F4BB262BDD4B0A85952B71A,0.08132232638888888,21,Tuesday,20,Tuesday,2021-10-05 00:00:00+00:00,2021-10-12 00:00:00+00:00,True,5,1
6c792a64515d94c749ed060b590358f4,OFFLINE,2021-10-05 17:24:06.376000+00:00,2021-10-06 01:42:52.908000+00:00,78,300,91,A85A33858C7BB0DCE962E99B2E79BBC4,0.3463718981481481,1,Wednesday,17,Tuesday,2021-10-06 00:00:00+00:00,2021-10-13 00:00:00+00:00,True,1,0
abf25f838fca3b9d4a65212f1470270b,ONLINE,2021-10-05 11:24:56.221000+00:00,2021-10-06 01:59:41.689000+00:00,78,07B,67,EE735FFED3A6072D13A30636E658A03A,0.6074706944444445,1,Wednesday,11,Tuesday,2021-10-06 00:00:00+00:00,2021-10-13 00:00:00+00:00,True,3,1
da1025ba43ff49e26ae2caa16288f33d,OFFLINE,2021-10-05 19:57:23.580000+00:00,2021-10-06 02:41:01.966000+00:00,78,300,95,08379264459A6EF0F8052CC20B9DD41F,0.2803053935185185,2,Wednesday,19,Tuesday,2021-10-06 00:00:00+00:00,2021-10-13 00:00:00+00:00,True,0,0
6bb9d65925e9706801c684a6f964247f,ONLINE,2021-10-05 17:26:24.538000+00:00,2021-10-06 02:48:15.963000+00:00,78,07B,136,4E8E60427140A514537C374BAA698D32,0.3901785300925926,2,Wednesday,17,Tuesday,2021-10-06 00:00:00+00:00,2021-10-13 00:00:00+00:00,True,4,1
d810fc02c473754064662ce9be017b8b,ONLINE,2021-10-06 02:32:43.974000+00:00,2021-10-06 02:50:27.651000+00:00,78,1EF,60,195FD095D9D7F47943113AF2CBCF9A75,0.012311076388888887,2,Wednesday,2,Wednesday,2021-10-06 00:00:00+00:00,2021-10-13 00:00:00+00:00,True,3,1
605dfe07af25ebd2ddb33845355a83eb,OFFLINE,2021-10-05 12:01:45.086000+00:00,2021-10-06 02:59:54.244000+00:00,78,07B,145,2D9F8B5DDB0A7BD6F060DBAA34EC0CFF,0.6237171064814815,2,Wednesday,12,Tuesday,2021-10-06 00:00:00+00:00,2021-10-13 00:00:00+00:00,True,4,1
942d7eac110eb3ac74f059b475c01084,ONLINE,2021-10-06 02:40:31.720000+00:00,2021-10-06 03:04:55.392000+00:00,78,300,117,E2F9517E4B924224FB308023E6149775,0.01694064814814815,3,Wednesday,2,Wednesday,2021-10-06 00:00:00+00:00,2021-10-13 00:00:00+00:00,True,5,1
bddcbff0bd35c21c2700f7ce54c2d63b,OFFLINE,2021-10-05 03:13:09.957000+00:00,2021-10-06 03:05:37.528000+00:00,78,1EF,93,4DF70D744AB4B2076706A37F1EBAC6B9,0.9947635532407407,3,Wednesday,3,Tuesday,2021-10-06 00:00:00+00:00,2021-10-13 00:00:00+00:00,True,3,1
1a7543c08d5ab6c27ea2d65996903463,OFFLINE,2021-10-05 18:07:53.683000+00:00,2021-10-06 03:09:32.548000+00:00,78,1EF,255,740CB1CA2BD83B3276B092195A6EB883,0.37614427083333335,3,Wednesday,18,Tuesday,2021-10-06 00:00:00+00:00,2021-10-13 00:00:00+00:00,True,4,1
bb0b165fde3cdd5e5c6ee20d3f3b9f6a,OFFLINE,2021-10-03 11:50:08.308000+00:00,2021-10-06 03:10:57.594000+00:00,78,07B,141,2CF9D19CE125793D17A0B4C371AB7AFD,2.639459328703704,3,Wednesday,11,Sunday,2021-10-06 00:00:00+00:00,2021-10-13 00:00:00+00:00,True,3,1
adcc9470561d7ba327a52b803d60cbaf,OFFLINE,2021-10-05 17:18:40.701000+00:00,2021-10-06 03:11:05.453000+00:00,78,07B,58,B79C3A36345A4588BD73EBFFC22B9D01,0.4113975925925926,3,Wednesday,17,Tuesday,2021-10-06 00:00:00+00:00,2021-10-13 00:00:00+00:00,True,3,1
bbf6231da730eb7e6e6246191f80c176,OFFLINE,2021-10-05 03:28:49.915000+00:00,2021-10-06 03:26:33.285000+00:00,78,1EF,93,0668909560B9D2AF8FDA5489BCAA5FFF,0.9984186342592593,3,Wednesday,3,Tuesday,2021-10-06 00:00:00+00:00,2021-10-13 00:00:00+00:00,True,4,1
065d4ce8483153cdeff6befd2b7bb536,OFFLINE,2021-10-04 18:05:31.149000+00:00,2021-10-06 03:33:44.037000+00:00,78,300,253,09B36CB8AB7325477B80E99BE8FB2D02,1.3945936111111112,3,Wednesday,18,Monday,2021-10-06 00:00:00+00:00,2021-10-13 00:00:00+00:00,True,2,0
80ee57d2612ae094fcb778f250153ac3,OFFLINE,2021-10-05 16:47:32.137000+00:00,2021-10-06 03:35:37.383000+00:00,78,300,102,526A1D40F50BBB44821C0C0FDE8E16B7,0.4500607175925926,3,Wednesday,16,Tuesday,2021-10-06 00:00:00+00:00,2021-10-13 00:00:00+00:00,True,4,1
4ac95a2d44946474607759aee78b609e,OFFLINE,2021-10-06 02:58:26.494000+00:00,2021-10-06 03:41:57.207000+00:00,78,07B,208,4E8E60427140A514537C374BAA698D32,0.03021658564814815,3,Wednesday,2,Wednesday,2021-10-06 00:00:00+00:00,2021-10-13 00:00:00+00:00,True,1,0
09bc4e153c3b732ada05b4f9a487ed34,OFFLINE,2021-10-06 03:05:55.737000+00:00,2021-10-06 03:43:34.992000+00:00,78,07B,218,894BFDA44B5ACACDA7F59ED3F3D6AD86,0.026148784722222224,3,Wednesday,3,Wednesday,2021-10-06 00:00:00+00:00,2021-10-13 00:00:00+00:00,True,3,1
804d960b04b573c50ac8c798041085db,ONLINE,2021-10-06 02:32:34.990000+00:00,2021-10-06 03:43:34.998000+00:00,78,07B,228,EE735FFED3A6072D13A30636E658A03A,0.04930564814814815,3,Wednesday,2,Wednesday,2021-10-06 00:00:00+00:00,2021-10-13 00:00:00+00:00,True,3,1
8828b99be0b7f242e5b5a001a31d2bba,OFFLINE,2021-10-06 03:49:58.001000+00:00,2021-10-06 04:09:54.609000+00:00,78,1EF,74,08A9B54E00545ECCD369B8E5D2692E9F,0.013849629629629628,4,Wednesday,3,Wednesday,2021-10-06 00:00:00+00:00,2021-10-13 00:00:00+00:00,True,2,0
b93639b50041789f73ad49c1f0255cb8,ONLINE,2021-10-05 18:27:27.967000+00:00,2021-10-06 04:24:01.357000+00:00,78,07B,177,294B021232C509826A57AC3136B8ABDD,0.4142753472222222,4,Wednesday,18,Tuesday,2021-10-06 00:00:00+00:00,2021-10-13 00:00:00+00:00,True,2,0
9310bbcd7e86cc927264a66a8c922bd2,OFFLINE,2021-10-05 11:02:24.077000+00:00,2021-10-06 04:27:35.202000+00:00,78,07B,99,4E8E60427140A514537C374BAA698D32,0.7258232060185185,4,Wednesday,11,Tuesday,2021-10-06 00:00:00+00:00,2021-10-13 00:00:00+00:00,True,7,1
859a149780a8091fda5e646716c5e4c7,OFFLINE,2021-10-06 03:11:52.570000+00:00,2021-10-06 04:32:22.586000+00:00,78,300,124,56C3843EA0BAA7B2438B58CFC2BBD0FF,0.05590296296296296,4,Wednesday,3,Wednesday,2021-10-06 00:00:00+00:00,2021-10-13 00:00:00+00:00,True,5,1
6be02900fee84346e7e2d63a74c34f1d,ONLINE,2021-10-06 04:07:35.990000+00:00,2021-10-06 04:33:26.499000+00:00,78,1EF,84,740CB1CA2BD83B3276B092195A6EB883,0.01794570601851852,4,Wednesday,4,Wednesday,2021-10-06 00:00:00+00:00,2021-10-13 00:00:00+00:00,True,1,0
cd0612b32f95a37e9773238fcaf62ff0,OFFLINE,2021-10-05 05:13:50.546000+00:00,2021-10-06 04:36:36.150000+00:00,78,300,149,F33A934E92BA3A2557E5C2AC105ACBFC,0.9741389351851852,4,Wednesday,5,Tuesday,2021-10-06 00:00:00+00:00,2021-10-13 00:00:00+00:00,True,5,1
5d6c161d629a1b34889f1a554a3e0d94,ONLINE,2021-10-05 16:25:47.487000+00:00,2021-10-06 04:50:54.272000+00:00,78,1EF,60,38BB76CCFDD8129EF62B3AF5480605C7,0.5174396412037038,4,Wednesday,16,Tuesday,2021-10-06 00:00:00+00:00,2021-10-13 00:00:00+00:00,True,6,1
c5c63b77412ebc4afc537bcf76019f06,OFFLINE,2021-10-06 00:33:00.307000+00:00,2021-10-06 05:08:46.600000+00:00,78,300,32,89D534629771B04F61D1971C3068D1BD,0.19150802083333335,5,Wednesday,0,Wednesday,2021-10-06 00:00:00+00:00,2021-10-13 00:00:00+00:00,True,2,0
37ad079f9412f82a11a8d103b9d27c1c,OFFLINE,2021-10-06 04:48:17.523000+00:00,2021-10-06 05:09:20.819000+00:00,78,1EF,94,2C10D809ABD31810F4E95F4E500EFA7E,0.014621481481481482,5,Wednesday,4,Wednesday,2021-10-06 00:00:00+00:00,2021-10-13 00:00:00+00:00,True,6,1
9c9a292031ffef96a1366d095352664a,OFFLINE,2021-10-04 11:16:06.275000+00:00,2021-10-06 05:14:27.089000+00:00,78,300,50,09B36CB8AB7325477B80E99BE8FB2D02,1.748852013888889,5,Wednesday,11,Monday,2021-10-06 00:00:00+00:00,2021-10-13 00:00:00+00:00,True,4,1
8550d430e58ca858a9f9884604e5325a,ONLINE,2021-10-06 04:40:55.723000+00:00,2021-10-06 05:19:11.277000+00:00,78,300,185,C0DD698BE0C1EA71FA3045950BEEC64B,0.026568912037037037,5,Wednesday,4,Wednesday,2021-10-06 00:00:00+00:00,2021-10-13 00:00:00+00:00,True,6,1
3cf7e95aa35669b103ff4fd75573d4b9,OFFLINE,2021-10-06 03:42:29.049000+00:00,2021-10-06 05:19:55.276000+00:00,78,07B,243,5D80F97CDC9BD4BCBB7BFA0B329E6A7B,0.06766466435185185,5,Wednesday,3,Wednesday,2021-10-06 00:00:00+00:00,2021-10-13 00:00:00+00:00,True,2,0
36df9d8d9633003f23dd21cbc06e8694,OFFLINE,2021-10-05 18:39:15.624000+00:00,2021-10-06 05:27:07.175000+00:00,78,07B,139,4E8E60427140A514537C374BAA698D32,0.4499022106481481,5,Wednesday,18,Tuesday,2021-10-06 00:00:00+00:00,2021-10-13 00:00:00+00:00,True,4,1
97187d43f968d26edb9535b270ea3e1f,OFFLINE,2021-10-05 14:52:43.737000+00:00,2021-10-06 05:30:43.627000+00:00,78,07B,66,EEDD0125ADF9CD4325E56C39462533F5,0.609720949074074,5,Wednesday,14,Tuesday,2021-10-06 00:00:00+00:00,2021-10-13 00:00:00+00:00,True,3,1
85c2e6db7e7890d201fe36a6e5a69f27,OFFLINE,2021-10-05 17:26:34.560000+00:00,2021-10-06 05:40:26.190000+00:00,78,300,57,1BA53B5BBB76E9903A2CF8FF02C37293,0.5096253472222222,5,Wednesday,17,Tuesday,2021-10-06 00:00:00+00:00,2021-10-13 00:00:00+00:00,True,4,1
ddbd4b69701e294a6e9dd2b80317ecfb,OFFLINE,2021-10-05 18:21:19.042000+00:00,2021-10-06 05:40:43.080000+00:00,78,300,58,1BA53B5BBB76E9903A2CF8FF02C37293,0.4718059953703704,5,Wednesday,18,Tuesday,2021-10-06 00:00:00+00:00,2021-10-13 00:00:00+00:00,True,4,1
001717c78b49480664ddef5e043b8f87,OFFLINE,2021-10-05 18:13:58.439000+00:00,2021-10-06 05:41:03.569000+00:00,78,300,50,1BA53B5BBB76E9903A2CF8FF02C37293,0.4771427083333333,5,Wednesday,18,Tuesday,2021-10-06 00:00:00+00:00,2021-10-13 00:00:00+00:00,True,4,1
7a7721ea3520434bb5e5c041b1e9763b,OFFLINE,2021-10-05 18:04:56.437000+00:00,2021-10-06 05:41:26.327000+00:00,78,300,50,1BA53B5BBB76E9903A2CF8FF02C37293,0.4836792824074074,5,Wednesday,18,Tuesday,2021-10-06 00:00:00+00:00,2021-10-13 00:00:00+00:00,True,3,1
c16ee449b380c48c5eb7562b8a0e5ec4,ONLINE,2021-10-04 05:31:13.192000+00:00,2021-10-06 05:41:40.370000+00:00,78,300,109,09B36CB8AB7325477B80E99BE8FB2D02,2.00725900462963,5,Wednesday,5,Monday,2021-10-06 00:00:00+00:00,2021-10-13 00:00:00+00:00,True,5,1
e732f014674776085bf8a15c79d85c18,OFFLINE,2021-10-04 11:22:22.790000+00:00,2021-10-06 05:50:44.177000+00:00,78,300,50,08379264459A6EF0F8052CC20B9DD41F,1.7696919791666665,5,Wednesday,11,Monday,2021-10-06 00:00:00+00:00,2021-10-13 00:00:00+00:00,True,4,1
f179486acf90af3cc8f4c2e5fa5687f1,OFFLINE,2021-10-04 11:26:32.638000+00:00,2021-10-06 05:52:33.255000+00:00,78,300,50,08379264459A6EF0F8052CC20B9DD41F,1.7680626967592592,5,Wednesday,11,Monday,2021-10-06 00:00:00+00:00,2021-10-13 00:00:00+00:00,True,4,1
d01d0a70dfefe6acead73b0aa8b877f5,OFFLINE,2021-10-05 18:47:22.877000+00:00,2021-10-06 05:59:14.219000+00:00,78,300,57,08379264459A6EF0F8052CC20B9DD41F,0.4665664583333333,5,Wednesday,18,Tuesday,2021-10-06 00:00:00+00:00,2021-10-13 00:00:00+00:00,True,3,1
a35653e219bc54858ad4289a503b21c4,OFFLINE,2021-10-06 04:26:20.068000+00:00,2021-10-06 05:59:25.189000+00:00,78,07B,189,EEDD0125ADF9CD4325E56C39462533F5,0.06464260416666667,5,Wednesday,4,Wednesday,2021-10-06 00:00:00+00:00,2021-10-13 00:00:00+00:00,True,4,1
e105208cd63dddbba51a6a04b070601b,OFFLINE,2021-10-06 05:39:45.177000+00:00,2021-10-06 06:08:08.103000+00:00,78,07B,101,4575953E5DD96D9E301B05E12FB12540,0.019709791666666667,6,Wednesday,5,Wednesday,2021-10-06 00:00:00+00:00,2021-10-13 00:00:00+00:00,True,3,1
3d3e89eda7ed138d54d2cc2eb3d8aebd,OFFLINE,2021-10-05 18:44:03.547000+00:00,2021-10-06 06:16:21.351000+00:00,78,300,43,E56AE16934A0D29EBF24915402A7E5ED,0.48076162037037035,6,Wednesday,18,Tuesday,2021-10-06 00:00:00+00:00,2021-10-13 00:00:00+00:00,True,5,1
000b6d7ff74ef32f3b0392a5401ed538,OFFLINE,2021-10-05 18:52:27.329000+00:00,2021-10-06 06:16:47.889000+00:00,78,300,50,E56AE16934A0D29EBF24915402A7E5ED,0.47523796296296295,6,Wednesday,18,Tuesday,2021-10-06 00:00:00+00:00,2021-10-13 00:00:00+00:00,True,4,1
904ccc498e041c100366fce5f5dce880,OFFLINE,2021-10-04 11:31:08.239000+00:00,2021-10-06 06:16:57.870000+00:00,78,300,50,526A1D40F50BBB44821C0C0FDE8E16B7,1.7818244328703703,6,Wednesday,11,Monday,2021-10-06 00:00:00+00:00,2021-10-13 00:00:00+00:00,True,3,1
7f678642cd58717e81d57050d4031fb6,OFFLINE,2021-10-05 19:03:09.377000+00:00,2021-10-06 06:17:10.737000+00:00,78,300,50,E56AE16934A0D29EBF24915402A7E5ED,0.4680712962962963,6,Wednesday,19,Tuesday,2021-10-06 00:00:00+00:00,2021-10-13 00:00:00+00:00,True,4,1
afb8b1249d5f3f279a5d772bb8996484,OFFLINE,2021-10-05 10:34:08.869000+00:00,2021-10-06 06:27:43.510000+00:00,78,300,50,B6563BC197C1D5F0381754909937C28F,0.8288731597222223,6,Wednesday,10,Tuesday,2021-10-06 00:00:00+00:00,2021-10-13 00:00:00+00:00,True,2,0
f64daf22bd459221829d2b04cc492e99,OFFLINE,2021-10-05 10:36:29.437000+00:00,2021-10-06 06:27:59.794000+00:00,78,300,50,B6563BC197C1D5F0381754909937C28F,0.8274346875,6,Wednesday,10,Tuesday,2021-10-06 00:00:00+00:00,2021-10-13 00:00:00+00:00,True,3,1
26d38dc667104cad63c70cff8a570294,OFFLINE,2021-10-05 10:32:58.783000+00:00,2021-10-06 06:28:19.089000+00:00,78,300,50,B6563BC197C1D5F0381754909937C28F,0.8300961342592592,6,Wednesday,10,Tuesday,2021-10-06 00:00:00+00:00,2021-10-13 00:00:00+00:00,True,3,1
51a4a489fd0aa159042f6dae9ad315e9,OFFLINE,2021-10-05 10:35:08.469000+00:00,2021-10-06 06:28:34.896000+00:00,78,300,50,B6563BC197C1D5F0381754909937C28F,0.8287780902777777,6,Wednesday,10,Tuesday,2021-10-06 00:00:00+00:00,2021-10-13 00:00:00+00:00,True,3,1
014f4875712b72fc9982adbbfc5170e7,OFFLINE,2021-10-04 11:32:59.813000+00:00,2021-10-06 06:35:05.776000+00:00,78,300,50,08379264459A6EF0F8052CC20B9DD41F,1.7931245717592592,6,Wednesday,11,Monday,2021-10-06 00:00:00+00:00,2021-10-13 00:00:00+00:00,True,4,1
9add88a6f781ef49c5bcc8cf45f24356,OFFLINE,2021-10-04 11:37:55.113000+00:00,2021-10-06 06:37:05.867000+00:00,78,300,50,4FB52D1F31461850C15CC1C15A02931B,1.7910966898148146,6,Wednesday,11,Monday,2021-10-06 00:00:00+00:00,2021-10-13 00:00:00+00:00,True,5,1
503bad0d09cede95d8cebcca5b08f3cf,OFFLINE,2021-10-04 12:21:03.818000+00:00,2021-10-06 06:38:49.325000+00:00,78,300,50,4FB52D1F31461850C15CC1C15A02931B,1.7623322569444446,6,Wednesday,12,Monday,2021-10-06 00:00:00+00:00,2021-10-13 00:00:00+00:00,True,4,1
f6872aef59490f48f695187431010c40,ONLINE,2021-10-06 06:33:04.709000+00:00,2021-10-06 06:53:24.505000+00:00,78,07B,108,294B021232C509826A57AC3136B8ABDD,0.014118009259259259,6,Wednesday,6,Wednesday,2021-10-06 00:00:00+00:00,2021-10-13 00:00:00+00:00,True,1,0
02af588aea558eaac430c363ed64d069,OFFLINE,2021-10-05 12:13:04.791000+00:00,2021-10-06 06:56:14.311000+00:00,78,07B,115,294B021232C509826A57AC3136B8ABDD,0.7799712962962964,6,Wednesday,12,Tuesday,2021-10-06 00:00:00+00:00,2021-10-13 00:00:00+00:00,True,6,1
1f8f57fa6a91643a27e7b204e4143ed5,OFFLINE,2021-10-05 19:16:01.153000+00:00,2021-10-06 07:14:59.649000+00:00,78,300,49,C0DD698BE0C1EA71FA3045950BEEC64B,0.49928814814814815,7,Wednesday,19,Tuesday,2021-10-06 00:00:00+00:00,2021-10-13 00:00:00+00:00,True,4,1
7709bb9988affc340ecbdfc28305411d,OFFLINE,2021-10-05 19:35:16.132000+00:00,2021-10-06 07:15:15.747000+00:00,78,300,49,C0DD698BE0C1EA71FA3045950BEEC64B,0.48610665509259254,7,Wednesday,19,Tuesday,2021-10-06 00:00:00+00:00,2021-10-13 00:00:00+00:00,True,3,1
86c22bac5b6ed201409dbaa1b907d3e8,OFFLINE,2021-10-05 18:52:27.245000+00:00,2021-10-06 07:20:36.604000+00:00,78,1EF,60,1162FF15A2450469905B590D62F7746E,0.5195527662037037,7,Wednesday,18,Tuesday,2021-10-06 00:00:00+00:00,2021-10-13 00:00:00+00:00,True,6,1
c2af84575409dd10e23cbf185ab47231,OFFLINE,2021-10-04 17:03:09.748000+00:00,2021-10-06 07:21:22.346000+00:00,78,07B,50,3DCC8B4086B582DDB2E5481A5D44CAB4,1.5959791435185184,7,Wednesday,17,Monday,2021-10-06 00:00:00+00:00,2021-10-13 00:00:00+00:00,True,1,0
9c666c6f369e133fcf825260ce1a84b7,ONLINE,2021-10-06 06:47:26.465000+00:00,2021-10-06 07:30:32.347000+00:00,78,300,61,E2F9517E4B924224FB308023E6149775,0.029929189814814815,7,Wednesday,6,Wednesday,2021-10-06 00:00:00+00:00,2021-10-13 00:00:00+00:00,True,3,1
d30de9b3a4d290e7f1fc2bef65e84d73,OFFLINE,2021-10-06 06:49:48.530000+00:00,2021-10-06 07:31:00.258000+00:00,78,300,115,4FB52D1F31461850C15CC1C15A02931B,0.028607962962962964,7,Wednesday,6,Wednesday,2021-10-06 00:00:00+00:00,2021-10-13 00:00:00+00:00,True,5,1
f42017fdf9a8ff382fbe16487b25df9a,OFFLINE,2021-10-06 06:31:34.969000+00:00,2021-10-06 07:31:28.344000+00:00,78,300,41,C0DD698BE0C1EA71FA3045950BEEC64B,0.04158998842592593,7,Wednesday,6,Wednesday,2021-10-06 00:00:00+00:00,2021-10-13 00:00:00+00:00,True,3,1
22e27fe56a71324a0bb1425ffa85d679,OFFLINE,2021-10-06 06:39:20.732000+00:00,2021-10-06 07:32:22.213000+00:00,78,300,50,C0DD698BE0C1EA71FA3045950BEEC64B,0.03682269675925926,7,Wednesday,6,Wednesday,2021-10-06 00:00:00+00:00,2021-10-13 00:00:00+00:00,True,2,0
110ae903272323fbd063b3401f9f10a4,OFFLINE,2021-10-06 07:06:08.246000+00:00,2021-10-06 07:52:59.808000+00:00,78,300,142,269CB18F9DAC7649B08410B51621225E,0.03254122685185185,7,Wednesday,7,Wednesday,2021-10-06 00:00:00+00:00,2021-10-13 00:00:00+00:00,True,0,0
db5b3a7769ad5756fd6c273f1289be37,OFFLINE,2021-10-06 06:53:49.834000+00:00,2021-10-06 07:57:30.232000+00:00,78,1EF,265,FF6F2DDF8AB23F3461E39CE6531C7EAB,0.044217569444444445,7,Wednesday,6,Wednesday,2021-10-06 00:00:00+00:00,2021-10-13 00:00:00+00:00,True,5,1
8f05312d11047b5b8f7894919c40480c,OFFLINE,2021-10-05 19:19:39.094000+00:00,2021-10-06 08:00:01.763000+00:00,78,300,110,08379264459A6EF0F8052CC20B9DD41F,0.5280401504629629,8,Wednesday,19,Tuesday,2021-10-06 00:00:00+00:00,2021-10-13 00:00:00+00:00,True,3,1
bc5e4e2161790a1194a365bf302be1d5,OFFLINE,2021-10-06 07:59:17.171000+00:00,2021-10-06 08:06:58.621000+00:00,78,300,50,E56AE16934A0D29EBF24915402A7E5ED,0.005340856481481481,8,Wednesday,7,Wednesday,2021-10-06 00:00:00+00:00,2021-10-13 00:00:00+00:00,True,1,0
f2b53a2adc94d7339282f13ff7ccb8f1,OFFLINE,2021-10-06 07:26:46.439000+00:00,2021-10-06 08:13:06.230000+00:00,78,07B,177,C142F51706DA139EC3DCAA250682C61A,0.032173506944444444,8,Wednesday,7,Wednesday,2021-10-06 00:00:00+00:00,2021-10-13 00:00:00+00:00,True,5,1
b20a4ea4ff9977e5ad2e72cdb6681f6b,OFFLINE,2021-10-03 13:10:04.905000+00:00,2021-10-06 08:16:45.291000+00:00,78,07B,71,9F9E66046BADAE5ABE94708CED879416,2.796300763888889,8,Wednesday,13,Sunday,2021-10-06 00:00:00+00:00,2021-10-13 00:00:00+00:00,True,2,0
4587d8c867225742043dd47e59d8b02a,OFFLINE,2021-10-06 07:37:55.893000+00:00,2021-10-06 08:28:31.978000+00:00,78,1EF,135,F53472DBCC26A0D6A6D02DDAAB396785,0.03513987268518519,8,Wednesday,7,Wednesday,2021-10-06 00:00:00+00:00,2021-10-13 00:00:00+00:00,True,4,1
71118805182511adcdd10265aae3cedc,ONLINE,2021-10-05 05:44:30.738000+00:00,2021-10-06 08:31:53.433000+00:00,78,07B,169,4575953E5DD96D9E301B05E12FB12540,1.1162348958333335,8,Wednesday,5,Tuesday,2021-10-06 00:00:00+00:00,2021-10-13 00:00:00+00:00,True,6,1
c7a61e3bcf3f24e99c6264da607e3220,OFFLINE,2021-10-06 08:10:23.698000+00:00,2021-10-06 08:36:57.707000+00:00,78,1EF,60,08A9B54E00545ECCD369B8E5D2692E9F,0.01844917824074074,8,Wednesday,8,Wednesday,2021-10-06 00:00:00+00:00,2021-10-13 00:00:00+00:00,True,4,1
40efcb00afccd2f241dd2379d600d3cf,ONLINE,2021-10-06 08:25:42.333000+00:00,2021-10-06 08:50:53.860000+00:00,78,07B,92,4ECC8B694F4BB262BDD4B0A85952B71A,0.017494525462962963,8,Wednesday,8,Wednesday,2021-10-06 00:00:00+00:00,2021-10-13 00:00:00+00:00,True,0,0
32f84bd36b67944090ff9c61f06eb76a,OFFLINE,2021-10-06 08:37:04.818000+00:00,2021-10-06 09:04:16.967000+00:00,78,300,121,E56AE16934A0D29EBF24915402A7E5ED,0.018890613425925924,9,Wednesday,8,Wednesday,2021-10-06 00:00:00+00:00,2021-10-13 00:00:00+00:00,True,6,1
3088e485e6be81dc31d8248e21be106e,OFFLINE,2021-10-05 08:35:00.580000+00:00,2021-10-06 09:16:24.975000+00:00,78,07B,82,3B56EC028568E71AF10B3360787CD0BC,1.0287545717592592,9,Wednesday,8,Tuesday,2021-10-06 00:00:00+00:00,2021-10-13 00:00:00+00:00,True,4,1
b1f7ea6f316af96bf1f57b4c62d7288b,OFFLINE,2021-10-06 09:14:05.570000+00:00,2021-10-06 09:49:09.208000+00:00,78,300,144,526A1D40F50BBB44821C0C0FDE8E16B7,0.024347662037037036,9,Wednesday,9,Wednesday,2021-10-06 00:00:00+00:00,2021-10-13 00:00:00+00:00,True,7,1
2872bdd0e2cec77c4e6c0a0fe0a7c0ff,OFFLINE,2021-10-04 13:15:55.202000+00:00,2021-10-06 09:57:39.853000+00:00,78,07B,98,4E8E60427140A514537C374BAA698D32,1.8623223495370371,9,Wednesday,13,Monday,2021-10-06 00:00:00+00:00,2021-10-13 00:00:00+00:00,True,3,1
3eb15f76b86fa5fec73fd307ff7120dc,OFFLINE,2021-10-04 17:31:00.341000+00:00,2021-10-06 10:00:19.203000+00:00,78,1EF,134,96C3C752FA22E3A6918ADE4F355D3F8D,1.6870238657407406,10,Wednesday,17,Monday,2021-10-06 00:00:00+00:00,2021-10-13 00:00:00+00:00,True,5,1
95b8d283b13b60a23fa8e19d96f14ec4,ONLINE,2021-10-06 09:46:55.036000+00:00,2021-10-06 10:09:45.993000+00:00,78,07B,77,EE735FFED3A6072D13A30636E658A03A,0.01586755787037037,10,Wednesday,9,Wednesday,2021-10-06 00:00:00+00:00,2021-10-13 00:00:00+00:00,True,1,0
7f2622f8bea9514fc18d66490a2ce9fa,OFFLINE,2021-10-04 15:29:59.085000+00:00,2021-10-06 10:11:58.264000+00:00,78,300,50,C0DD698BE0C1EA71FA3045950BEEC64B,1.779157164351852,10,Wednesday,15,Monday,2021-10-06 00:00:00+00:00,2021-10-13 00:00:00+00:00,True,1,0
dd146d3220f21b6f7155b56bbc408815,ONLINE,2021-10-05 17:26:36.676000+00:00,2021-10-06 10:13:43.234000+00:00,78,07B,50,10D023CEE6CC12F06C576EB33402E56B,0.6993814583333333,10,Wednesday,17,Tuesday,2021-10-06 00:00:00+00:00,2021-10-13 00:00:00+00:00,True,4,1
cf68638f166fb0d8df5920a670d38435,OFFLINE,2021-10-04 15:14:35.116000+00:00,2021-10-06 10:16:26.024000+00:00,78,300,50,09B36CB8AB7325477B80E99BE8FB2D02,1.792950324074074,10,Wednesday,15,Monday,2021-10-06 00:00:00+00:00,2021-10-13 00:00:00+00:00,True,3,1
fd08a97d5064723d8e01f46e82c15c3a,ONLINE,2021-10-06 09:05:52.358000+00:00,2021-10-06 10:17:41.800000+00:00,78,07B,84,EE735FFED3A6072D13A30636E658A03A,0.049877800925925926,10,Wednesday,9,Wednesday,2021-10-06 00:00:00+00:00,2021-10-13 00:00:00+00:00,True,4,1
d526871214df399823c5df6e066705cb,OFFLINE,2021-10-06 09:05:33.182000+00:00,2021-10-06 10:21:18.569000+00:00,78,07B,115,EE735FFED3A6072D13A30636E658A03A,0.05260864583333333,10,Wednesday,9,Wednesday,2021-10-06 00:00:00+00:00,2021-10-13 00:00:00+00:00,True,3,1
b33171d8fb911199dd50417fee4c2267,ONLINE,2021-10-06 10:11:03.565000+00:00,2021-10-06 10:33:00.519000+00:00,78,300,72,09B36CB8AB7325477B80E99BE8FB2D02,0.015242523148148147,10,Wednesday,10,Wednesday,2021-10-06 00:00:00+00:00,2021-10-13 00:00:00+00:00,True,2,0
c941976cd897d31ad4fe591ed4ccb706,ONLINE,2021-10-06 10:02:35.930000+00:00,2021-10-06 10:43:04.882000+00:00,78,1EF,87,740CB1CA2BD83B3276B092195A6EB883,0.02811287037037037,10,Wednesday,10,Wednesday,2021-10-06 00:00:00+00:00,2021-10-13 00:00:00+00:00,True,6,1
db2fc8d5b0aff78b4f42ed05ac0e6e2e,OFFLINE,2021-10-06 06:44:13.038000+00:00,2021-10-06 10:43:44.781000+00:00,78,07B,89,B79C3A36345A4588BD73EBFFC22B9D01,0.16633961805555555,10,Wednesday,6,Wednesday,2021-10-06 00:00:00+00:00,2021-10-13 00:00:00+00:00,True,2,0
ebe3f1d036baf527ae815d62db8b129c,OFFLINE,2021-10-06 10:35:39.759000+00:00,2021-10-06 10:52:21.774000+00:00,78,300,50,C0DD698BE0C1EA71FA3045950BEEC64B,0.011597395833333333,10,Wednesday,10,Wednesday,2021-10-06 00:00:00+00:00,2021-10-13 00:00:00+00:00,True,0,0
f01452fe04b052c5015085444d182287,OFFLINE,2021-10-06 05:53:55.309000+00:00,2021-10-06 10:56:06.278000+00:00,78,1EF,97,4DF70D744AB4B2076706A37F1EBAC6B9,0.20984917824074076,10,Wednesday,5,Wednesday,2021-10-06 00:00:00+00:00,2021-10-13 00:00:00+00:00,True,3,1
9a5c25307023a763a6f45a43be7e520a,ONLINE,2021-10-06 09:53:08.813000+00:00,2021-10-06 10:59:14.435000+00:00,78,07B,77,EE735FFED3A6072D13A30636E658A03A,0.04589840277777778,10,Wednesday,9,Wednesday,2021-10-06 00:00:00+00:00,2021-10-13 00:00:00+00:00,True,6,1
bfa46e1af20e4d069343a9065c9c9bc8,ONLINE,2021-10-01 14:21:04.880000+00:00,2021-10-06 11:13:09.643000+00:00,78,1EF,85,38BB76CCFDD8129EF62B3AF5480605C7,4.869499571759259,11,Wednesday,14,Friday,2021-10-06 00:00:00+00:00,2021-10-13 00:00:00+00:00,True,4,1
f89d69bd2f9211e3e2cef25ded3db862,OFFLINE,2021-10-06 10:17:34.066000+00:00,2021-10-06 12:16:16.883000+00:00,78,300,59,1BA53B5BBB76E9903A2CF8FF02C37293,0.08244001157407407,12,Wednesday,10,Wednesday,2021-10-06 00:00:00+00:00,2021-10-13 00:00:00+00:00,True,4,1
5676ee3e1e98623b67768a52fd515eb2,ONLINE,2021-10-05 04:49:31.537000+00:00,2021-10-06 12:21:03.395000+00:00,78,1EF,103,BB2033CE2FA4822C957B37DEB445B32C,1.3135631712962963,12,Wednesday,4,Tuesday,2021-10-06 00:00:00+00:00,2021-10-13 00:00:00+00:00,True,3,1
ac1bdee3ad1202f13b1777db0cdd9cdb,OFFLINE,2021-10-04 22:59:35.672000+00:00,2021-10-06 12:25:00.761000+00:00,78,1EF,116,2C10D809ABD31810F4E95F4E500EFA7E,1.5593181597222223,12,Wednesday,22,Monday,2021-10-06 00:00:00+00:00,2021-10-13 00:00:00+00:00,True,3,1
54144138a129aff911bb2090fa95dc76,OFFLINE,2021-10-06 10:54:49.690000+00:00,2021-10-06 12:53:15.680000+00:00,78,07B,127,EEDD0125ADF9CD4325E56C39462533F5,0.08224525462962963,12,Wednesday,10,Wednesday,2021-10-06 00:00:00+00:00,2021-10-13 00:00:00+00:00,True,7,1
7c354ad51b02cbb8f27e05b7448266e0,ONLINE,2021-10-05 14:12:07.991000+00:00,2021-10-06 13:26:15.257000+00:00,78,07B,101,2D9F8B5DDB0A7BD6F060DBAA34EC0CFF,0.9681396527777778,13,Wednesday,14,Tuesday,2021-10-06 00:00:00+00:00,2021-10-13 00:00:00+00:00,True,0,0
d156ed3dccdf6cb46dea499bae08122b,ONLINE,2021-10-06 13:19:49.276000+00:00,2021-10-06 13:31:09.980000+00:00,78,07B,75,4E8E60427140A514537C374BAA698D32,0.007878518518518517,13,Wednesday,13,Wednesday,2021-10-06 00:00:00+00:00,2021-10-13 00:00:00+00:00,True,4,1
d64813450bd15e332636bd5dfede3f79,ONLINE,2021-10-06 13:08:16.012000+00:00,2021-10-06 13:35:25.391000+00:00,78,1EF,57,93A459F0AC42B4DAE28317297839D393,0.01885855324074074,13,Wednesday,13,Wednesday,2021-10-06 00:00:00+00:00,2021-10-13 00:00:00+00:00,True,6,1
110f5baa6d390900c2960f7a690d1304,ONLINE,2021-10-06 00:20:20.985000+00:00,2021-10-06 13:38:20.177000+00:00,78,300,52,2630D6FC6433A9A4C1C906C0D64BDDE1,0.5541573148148149,13,Wednesday,0,Wednesday,2021-10-06 00:00:00+00:00,2021-10-13 00:00:00+00:00,True,4,1
650c2998b395c52807ba9a87804cbb0e,OFFLINE,2021-10-05 09:40:02.353000+00:00,2021-10-06 13:58:52.605000+00:00,88,300,900,1BA53B5BBB76E9903A2CF8FF02C37293,1.179748287037037,13,Wednesday,9,Tuesday,2021-10-06 00:00:00+00:00,2021-10-13 00:00:00+00:00,True,6,1
41c4a7834ac8b785e75705fd30b95a2d,OFFLINE,2021-10-06 10:15:55.994000+00:00,2021-10-06 14:09:03.517000+00:00,78,300,107,7E701822D80EF10DEBEA008731637EA3,0.1618926273148148,14,Wednesday,10,Wednesday,2021-10-06 00:00:00+00:00,2021-10-13 00:00:00+00:00,True,3,1
a019e3288670dc9b239ad4d3708bcaef,OFFLINE,2021-10-05 19:27:59.730000+00:00,2021-10-06 14:09:56.946000+00:00,78,07B,109,3B56EC028568E71AF10B3360787CD0BC,0.7791344444444445,14,Wednesday,19,Tuesday,2021-10-06 00:00:00+00:00,2021-10-13 00:00:00+00:00,True,4,1
cca3679bd5e634a9b5c2e3701f2c5dc6,OFFLINE,2021-10-05 16:56:13.200000+00:00,2021-10-06 14:14:17.962000+00:00,78,300,220,09B36CB8AB7325477B80E99BE8FB2D02,0.8875551157407408,14,Wednesday,16,Tuesday,2021-10-06 00:00:00+00:00,2021-10-13 00:00:00+00:00,True,1,0
086150246d8072761ced416b39e7306b,OFFLINE,2021-10-06 14:02:42.075000+00:00,2021-10-06 14:18:02.992000+00:00,78,300,50,C0DD698BE0C1EA71FA3045950BEEC64B,0.010658761574074074,14,Wednesday,14,Wednesday,2021-10-06 00:00:00+00:00,2021-10-13 00:00:00+00:00,True,2,0
6e783cc48b6d713750eace2b9232e846,OFFLINE,2021-10-06 10:41:30.290000+00:00,2021-10-06 14:20:00.675000+00:00,78,07B,167,3B56EC028568E71AF10B3360787CD0BC,0.15174056712962963,14,Wednesday,10,Wednesday,2021-10-06 00:00:00+00:00,2021-10-13 00:00:00+00:00,True,3,1
38a39b0903c9a060c45ad3fe37251a36,ONLINE,2021-10-06 13:12:01.069000+00:00,2021-10-06 14:30:10.522000+00:00,78,1EF,218,195FD095D9D7F47943113AF2CBCF9A75,0.05427607638888889,14,Wednesday,13,Wednesday,2021-10-06 00:00:00+00:00,2021-10-13 00:00:00+00:00,True,3,1
cb670e1f4fbe9da18d6139643da702b7,OFFLINE,2021-10-06 13:39:38.332000+00:00,2021-10-06 14:34:17.211000+00:00,78,07B,181,B79C3A36345A4588BD73EBFFC22B9D01,0.037949988425925923,14,Wednesday,13,Wednesday,2021-10-06 00:00:00+00:00,2021-10-13 00:00:00+00:00,True,1,0
53acae6bc04347841046885acdbf1df8,OFFLINE,2021-10-06 14:14:54.459000+00:00,2021-10-06 14:47:19.655000+00:00,78,1EF,117,BB2033CE2FA4822C957B37DEB445B32C,0.022513842592592592,14,Wednesday,14,Wednesday,2021-10-06 00:00:00+00:00,2021-10-13 00:00:00+00:00,True,3,1
48b5a5393d3e714d51744e9d6786a3d7,OFFLINE,2021-10-06 03:49:44.543000+00:00,2021-10-06 15:03:15.996000+00:00,78,07B,305,4ECC8B694F4BB262BDD4B0A85952B71A,0.467725150462963,15,Wednesday,3,Wednesday,2021-10-06 00:00:00+00:00,2021-10-13 00:00:00+00:00,True,3,1
5956a913c0da89dfbe62b2ec170c04a7,OFFLINE,2021-10-06 14:26:28.151000+00:00,2021-10-06 15:09:21.269000+00:00,78,1EF,60,D5CECB3D35FF9FEF0E46207CFE4A5F29,0.029781458333333333,15,Wednesday,14,Wednesday,2021-10-06 00:00:00+00:00,2021-10-13 00:00:00+00:00,True,2,0
ecbf1479eedfc348319c053722035923,OFFLINE,2021-10-05 13:23:33.035000+00:00,2021-10-06 15:16:12.201000+00:00,78,1EF,288,F066DEFF7409FE06BB3F4539FBDF12A4,1.0782310879629629,15,Wednesday,13,Tuesday,2021-10-06 00:00:00+00:00,2021-10-13 00:00:00+00:00,True,3,1
3981a267aa7f03527a786fdd73057776,ONLINE,2021-10-06 10:10:42.690000+00:00,2021-10-06 15:19:00.673000+00:00,78,1EF,70,38BB76CCFDD8129EF62B3AF5480605C7,0.21409702546296297,15,Wednesday,10,Wednesday,2021-10-06 00:00:00+00:00,2021-10-13 00:00:00+00:00,True,6,1
6307aa4f6984f4010d3cfaa2f88d0fd0,OFFLINE,2021-10-06 15:21:53.149000+00:00,2021-10-06 15:52:45.964000+00:00,78,07B,94,4E8E60427140A514537C374BAA698D32,0.021444618055555555,15,Wednesday,15,Wednesday,2021-10-06 00:00:00+00:00,2021-10-13 00:00:00+00:00,True,3,1
b44543a1e90e9b50e172983c6e911317,OFFLINE,2021-10-06 15:34:42.344000+00:00,2021-10-06 15:57:57.426000+00:00,78,300,32,08379264459A6EF0F8052CC20B9DD41F,0.01614678240740741,15,Wednesday,15,Wednesday,2021-10-06 00:00:00+00:00,2021-10-13 00:00:00+00:00,True,4,1
57d68ff19f7b387f629a2c9a233c98fd,OFFLINE,2021-10-06 15:52:59.225000+00:00,2021-10-06 16:07:25.639000+00:00,78,1EF,76,195FD095D9D7F47943113AF2CBCF9A75,0.010027939814814814,16,Wednesday,15,Wednesday,2021-10-06 00:00:00+00:00,2021-10-13 00:00:00+00:00,True,1,0
128c784ee3fe14d32776c2e420d05b35,ONLINE,2021-10-06 15:31:41.937000+00:00,2021-10-06 16:10:49.921000+00:00,78,07B,79,2D9F8B5DDB0A7BD6F060DBAA34EC0CFF,0.02717574074074074,16,Wednesday,15,Wednesday,2021-10-06 00:00:00+00:00,2021-10-13 00:00:00+00:00,True,6,1
220f59621966c120a7aea2361c1d9303,OFFLINE,2021-10-04 05:27:48.564000+00:00,2021-10-06 16:18:59.190000+00:00,78,1EF,79,4DF70D744AB4B2076706A37F1EBAC6B9,2.452206319444444,16,Wednesday,5,Monday,2021-10-06 00:00:00+00:00,2021-10-13 00:00:00+00:00,True,5,1
177443cd84aeb12b89520b1ea01e68b1,OFFLINE,2021-10-05 14:56:14.670000+00:00,2021-10-06 16:57:26.095000+00:00,78,1EF,139,7B36B12A4C581DFCF8BF406AECA45564,1.0841600115740742,16,Wednesday,14,Tuesday,2021-10-06 00:00:00+00:00,2021-10-13 00:00:00+00:00,True,6,1
8da92698efa5b746c6a09e176ba7ce10,OFFLINE,2021-10-06 16:46:09.404000+00:00,2021-10-06 17:00:05.758000+00:00,78,07B,67,9F9E66046BADAE5ABE94708CED879416,0.00968002314814815,17,Wednesday,16,Wednesday,2021-10-06 00:00:00+00:00,2021-10-13 00:00:00+00:00,True,2,0
4d1d574aca107391be0181fe906e81d9,ONLINE,2021-10-06 16:38:45.538000+00:00,2021-10-06 17:17:54.977000+00:00,78,07B,93,4ECC8B694F4BB262BDD4B0A85952B71A,0.027192581018518517,17,Wednesday,16,Wednesday,2021-10-06 00:00:00+00:00,2021-10-13 00:00:00+00:00,True,1,0
d7fdeb23bd4e11755717fe0e2af23c5f,ONLINE,2021-10-06 17:27:56.956000+00:00,2021-10-06 17:59:19.029000+00:00,78,300,148,89D534629771B04F61D1971C3068D1BD,0.021783252314814816,17,Wednesday,17,Wednesday,2021-10-06 00:00:00+00:00,2021-10-13 00:00:00+00:00,True,4,1
74af676b44c1972627d2c3870f4b1d78,ONLINE,2021-10-06 17:41:45.212000+00:00,2021-10-06 18:07:15.351000+00:00,78,300,120,08379264459A6EF0F8052CC20B9DD41F,0.01770994212962963,18,Wednesday,17,Wednesday,2021-10-06 00:00:00+00:00,2021-10-13 00:00:00+00:00,True,4,1
55e599aa0f49c9dd381f18ddd71e4e6d,OFFLINE,2021-10-06 18:06:01.691000+00:00,2021-10-06 18:11:33.639000+00:00,78,1EF,75,7B36B12A4C581DFCF8BF406AECA45564,0.0038419907407407404,18,Wednesday,18,Wednesday,2021-10-06 00:00:00+00:00,2021-10-13 00:00:00+00:00,True,1,0
bec81fa27739027f0e73cbf47ec71b3b,ONLINE,2021-10-04 04:08:08.737000+00:00,2021-10-06 19:05:43.385000+00:00,78,07B,251,2CF9D19CE125793D17A0B4C371AB7AFD,2.623317685185185,19,Wednesday,4,Monday,2021-10-06 00:00:00+00:00,2021-10-13 00:00:00+00:00,True,5,1
d8baf47d6db153498f345a00df58f455,OFFLINE,2021-10-05 16:51:29.350000+00:00,2021-10-06 19:07:19.372000+00:00,78,300,94,7E701822D80EF10DEBEA008731637EA3,1.0943289583333333,19,Wednesday,16,Tuesday,2021-10-06 00:00:00+00:00,2021-10-13 00:00:00+00:00,True,1,0
35954b635c5fd783336ffdae6cac835e,OFFLINE,2021-10-06 19:58:18.708000+00:00,2021-10-06 20:45:51.997000+00:00,90,1EF,58,740CB1CA2BD83B3276B092195A6EB883,0.03302417824074074,20,Wednesday,19,Wednesday,2021-10-06 00:00:00+00:00,2021-10-13 00:00:00+00:00,True,1,0
fab7f276e5d0188e8f527a2321f8e6bd,OFFLINE,2021-10-06 11:36:17.388000+00:00,2021-10-07 02:16:43.472000+00:00,78,1EF,112,7B36B12A4C581DFCF8BF406AECA45564,0.6114130092592593,2,Thursday,11,Wednesday,2021-10-07 00:00:00+00:00,2021-10-14 00:00:00+00:00,True,3,1
cc229c82562b9915efd13bdaab958d51,OFFLINE,2021-10-06 20:26:45.026000+00:00,2021-10-07 02:38:11.415000+00:00,78,07B,97,4E8E60427140A514537C374BAA698D32,0.2579443171296296,2,Thursday,20,Wednesday,2021-10-07 00:00:00+00:00,2021-10-14 00:00:00+00:00,True,3,1
f7ef4873302c30e4d567b65f24cc0ad7,ONLINE,2021-10-07 02:12:11.729000+00:00,2021-10-07 02:43:16.424000+00:00,78,1EF,68,5CD6463B9C20BA10DA25A431F2D844A6,0.021582118055555554,2,Thursday,2,Thursday,2021-10-07 00:00:00+00:00,2021-10-14 00:00:00+00:00,True,5,1
e1918a459824017071dbf444d01854ca,ONLINE,2021-10-07 01:48:51.819000+00:00,2021-10-07 03:00:44.769000+00:00,78,1EF,60,5CD6463B9C20BA10DA25A431F2D844A6,0.04991840277777777,3,Thursday,1,Thursday,2021-10-07 00:00:00+00:00,2021-10-14 00:00:00+00:00,True,6,1
c924f17172d758066306baaf13a3aa7a,OFFLINE,2021-10-07 02:50:26.457000+00:00,2021-10-07 03:23:34.554000+00:00,78,07B,139,294B021232C509826A57AC3136B8ABDD,0.023010381944444443,3,Thursday,2,Thursday,2021-10-07 00:00:00+00:00,2021-10-14 00:00:00+00:00,True,4,1
9e2043ae27dcac7ff7f1ec27ca49fafc,ONLINE,2021-10-06 13:52:15.618000+00:00,2021-10-07 03:40:34.189000+00:00,78,300,240,08379264459A6EF0F8052CC20B9DD41F,0.5752149421296296,3,Thursday,13,Wednesday,2021-10-07 00:00:00+00:00,2021-10-14 00:00:00+00:00,True,5,1
1be413f75c2fe47e7654ac375cf589fb,ONLINE,2021-10-06 20:16:56.046000+00:00,2021-10-07 03:45:11.595000+00:00,78,07B,134,EEDD0125ADF9CD4325E56C39462533F5,0.31129107638888887,3,Thursday,20,Wednesday,2021-10-07 00:00:00+00:00,2021-10-14 00:00:00+00:00,True,2,0
7624fd6ef8abbcad4e009327b3545306,ONLINE,2021-10-06 06:14:38.870000+00:00,2021-10-07 03:53:36.205000+00:00,78,300,103,1BA53B5BBB76E9903A2CF8FF02C37293,0.902052488425926,3,Thursday,6,Wednesday,2021-10-07 00:00:00+00:00,2021-10-14 00:00:00+00:00,True,5,1
0aa09074699be46bc5c30e4bcfe685c7,ONLINE,2021-10-05 19:59:33.528000+00:00,2021-10-07 04:19:53.467000+00:00,78,07B,177,3DCC8B4086B582DDB2E5481A5D44CAB4,1.3474529976851852,4,Thursday,19,Tuesday,2021-10-07 00:00:00+00:00,2021-10-14 00:00:00+00:00,True,4,1
724f7e013d9f5dfb537eb8663b3faf41,OFFLINE,2021-10-04 21:15:43.649000+00:00,2021-10-07 04:27:45.415000+00:00,78,07B,95,4E8E60427140A514537C374BAA698D32,2.3000204398148147,4,Thursday,21,Monday,2021-10-07 00:00:00+00:00,2021-10-14 00:00:00+00:00,True,5,1
9c1bf1ab58f0f08abb4d5ce9f2e7c32a,OFFLINE,2021-10-05 05:28:35.616000+00:00,2021-10-07 04:34:01.090000+00:00,78,300,50,526A1D40F50BBB44821C0C0FDE8E16B7,1.9621003935185184,4,Thursday,5,Tuesday,2021-10-07 00:00:00+00:00,2021-10-14 00:00:00+00:00,True,6,1
a29b2c4d75fbf2c778c0e954519829e3,OFFLINE,2021-10-05 05:30:04.371000+00:00,2021-10-07 04:34:41.165000+00:00,78,300,50,526A1D40F50BBB44821C0C0FDE8E16B7,1.9615369675925924,4,Thursday,5,Tuesday,2021-10-07 00:00:00+00:00,2021-10-14 00:00:00+00:00,True,6,1
cb680daca975d9b69d857d7502c3e6a5,OFFLINE,2021-10-05 05:31:35.278000+00:00,2021-10-07 04:35:10.730000+00:00,78,300,66,526A1D40F50BBB44821C0C0FDE8E16B7,1.9608269907407407,4,Thursday,5,Tuesday,2021-10-07 00:00:00+00:00,2021-10-14 00:00:00+00:00,True,6,1
2fc8f0b1b82afdddb9a144d26db9c35e,OFFLINE,2021-10-06 05:59:12.161000+00:00,2021-10-07 04:38:55.144000+00:00,78,300,50,526A1D40F50BBB44821C0C0FDE8E16B7,0.9442474884259259,4,Thursday,5,Wednesday,2021-10-07 00:00:00+00:00,2021-10-14 00:00:00+00:00,True,5,1
39b275412a6fca910436a95ec467a7ec,OFFLINE,2021-10-06 06:04:37.284000+00:00,2021-10-07 04:39:23.763000+00:00,78,300,50,526A1D40F50BBB44821C0C0FDE8E16B7,0.9408157291666668,4,Thursday,6,Wednesday,2021-10-07 00:00:00+00:00,2021-10-14 00:00:00+00:00,True,5,1
de23b4c2a268ad34bb85863f37cf35b5,ONLINE,2021-10-07 04:13:24.836000+00:00,2021-10-07 04:58:09.569000+00:00,78,07B,136,B79C3A36345A4588BD73EBFFC22B9D01,0.031073298611111112,4,Thursday,4,Thursday,2021-10-07 00:00:00+00:00,2021-10-14 00:00:00+00:00,True,5,1
952bc0688566dc7e4c5e6f50c0d2b980,OFFLINE,2021-10-07 03:30:48.110000+00:00,2021-10-07 04:58:23.671000+00:00,78,07B,230,3B56EC028568E71AF10B3360787CD0BC,0.06082825231481481,4,Thursday,3,Thursday,2021-10-07 00:00:00+00:00,2021-10-14 00:00:00+00:00,True,1,0
e3cc80f0f6424275896bbf38b0dcfde2,OFFLINE,2021-10-07 04:03:54.819000+00:00,2021-10-07 05:10:38.977000+00:00,78,300,242,90C3452EF4D2B2390B45A9D5554A8F65,0.0463444212962963,5,Thursday,4,Thursday,2021-10-07 00:00:00+00:00,2021-10-14 00:00:00+00:00,True,1,0
2453dfd4b8dacb79538e5d7a865d07fa,OFFLINE,2021-10-06 16:49:56.991000+00:00,2021-10-07 05:24:06.107000+00:00,78,1EF,66,5CD6463B9C20BA10DA25A431F2D844A6,0.5237166203703704,5,Thursday,16,Wednesday,2021-10-07 00:00:00+00:00,2021-10-14 00:00:00+00:00,True,0,0
5cd03a4118834c13ecfddd3260701cd4,OFFLINE,2021-10-07 03:44:16.675000+00:00,2021-10-07 05:24:10.261000+00:00,78,07B,335,EEDD0125ADF9CD4325E56C39462533F5,0.06937020833333334,5,Thursday,3,Thursday,2021-10-07 00:00:00+00:00,2021-10-14 00:00:00+00:00,True,7,1
a1e12ccf5e1e807329a57c0a98160b67,OFFLINE,2021-10-06 06:49:42.555000+00:00,2021-10-07 05:25:24.823000+00:00,78,300,85,526A1D40F50BBB44821C0C0FDE8E16B7,0.9414614351851851,5,Thursday,6,Wednesday,2021-10-07 00:00:00+00:00,2021-10-14 00:00:00+00:00,True,7,1
e5230a1d661e38080cafb4aceef9bc46,OFFLINE,2021-10-07 04:36:29.791000+00:00,2021-10-07 05:26:32.974000+00:00,78,1EF,60,195FD095D9D7F47943113AF2CBCF9A75,0.0347590625,5,Thursday,4,Thursday,2021-10-07 00:00:00+00:00,2021-10-14 00:00:00+00:00,True,3,1
6547b6e495d54c28ac9f90fa0ae9d26d,OFFLINE,2021-10-07 04:31:05.425000+00:00,2021-10-07 05:30:17.035000+00:00,78,07B,130,C142F51706DA139EC3DCAA250682C61A,0.04110659722222222,5,Thursday,4,Thursday,2021-10-07 00:00:00+00:00,2021-10-14 00:00:00+00:00,True,6,1
09bd26172b5df93bff381e7849b2b1ca,ONLINE,2021-10-07 04:57:48.825000+00:00,2021-10-07 05:30:21.549000+00:00,78,1EF,123,FF6F2DDF8AB23F3461E39CE6531C7EAB,0.02260097222222222,5,Thursday,4,Thursday,2021-10-07 00:00:00+00:00,2021-10-14 00:00:00+00:00,True,0,0
bd4a704771345a7e5b770219da149a6b,OFFLINE,2021-10-07 05:13:10.368000+00:00,2021-10-07 05:33:14.577000+00:00,78,1EF,60,93A459F0AC42B4DAE28317297839D393,0.013937604166666668,5,Thursday,5,Thursday,2021-10-07 00:00:00+00:00,2021-10-14 00:00:00+00:00,True,0,0
e68fb5a69468c2d881bbc009921726ef,ONLINE,2021-10-07 04:42:53.598000+00:00,2021-10-07 05:36:29.715000+00:00,78,1EF,118,5CD6463B9C20BA10DA25A431F2D844A6,0.03722357638888889,5,Thursday,4,Thursday,2021-10-07 00:00:00+00:00,2021-10-14 00:00:00+00:00,True,0,0
680cf3db8a2b2f5afd1dcde6e95982ec,OFFLINE,2021-10-06 19:49:13.916000+00:00,2021-10-07 05:49:22.335000+00:00,78,300,50,1BA53B5BBB76E9903A2CF8FF02C37293,0.41676410879629633,5,Thursday,19,Wednesday,2021-10-07 00:00:00+00:00,2021-10-14 00:00:00+00:00,True,3,1
2027c30fb3b58f38a323b3037120869f,OFFLINE,2021-10-06 19:31:37.510000+00:00,2021-10-07 05:49:38.551000+00:00,78,300,59,1BA53B5BBB76E9903A2CF8FF02C37293,0.42917871527777773,5,Thursday,19,Wednesday,2021-10-07 00:00:00+00:00,2021-10-14 00:00:00+00:00,True,4,1
02465de6abe5b40be3c2dad11df96109,OFFLINE,2021-10-06 19:58:51.659000+00:00,2021-10-07 05:49:58.914000+00:00,78,300,50,1BA53B5BBB76E9903A2CF8FF02C37293,0.41050063657407404,5,Thursday,19,Wednesday,2021-10-07 00:00:00+00:00,2021-10-14 00:00:00+00:00,True,2,0
8638de6a698bdbd5543cbed9f447b86c,OFFLINE,2021-10-06 20:03:31.056000+00:00,2021-10-07 05:50:23.624000+00:00,78,300,50,1BA53B5BBB76E9903A2CF8FF02C37293,0.40755287037037036,5,Thursday,20,Wednesday,2021-10-07 00:00:00+00:00,2021-10-14 00:00:00+00:00,True,4,1
da0978d3deada93be886fb0876cca0c4,OFFLINE,2021-10-07 05:26:05.425000+00:00,2021-10-07 05:58:44.582000+00:00,78,1EF,131,FF6F2DDF8AB23F3461E39CE6531C7EAB,0.02267542824074074,5,Thursday,5,Thursday,2021-10-07 00:00:00+00:00,2021-10-14 00:00:00+00:00,True,5,1
c8072abf3816df291de80e23780050e6,ONLINE,2021-10-07 05:43:45.275000+00:00,2021-10-07 06:18:05.978000+00:00,78,1EF,117,BB2033CE2FA4822C957B37DEB445B32C,0.023850729166666668,6,Thursday,5,Thursday,2021-10-07 00:00:00+00:00,2021-10-14 00:00:00+00:00,True,2,0
097c66c0639ffd6c6200fd37e8db7657,OFFLINE,2021-10-06 20:34:00.627000+00:00,2021-10-07 06:30:26.333000+00:00,78,07B,97,EEDD0125ADF9CD4325E56C39462533F5,0.41418641203703704,6,Thursday,20,Wednesday,2021-10-07 00:00:00+00:00,2021-10-14 00:00:00+00:00,True,4,1
8598a9f1423bafe778674e4fb4145234,OFFLINE,2021-10-06 06:18:19.948000+00:00,2021-10-07 06:39:31.857000+00:00,78,1EF,197,A00AF20362FBDDE9E3869D787E4693AF,1.0147211689814815,6,Thursday,6,Wednesday,2021-10-07 00:00:00+00:00,2021-10-14 00:00:00+00:00,True,2,0
18735608f1240f94390fb5f21ba05e69,OFFLINE,2021-10-05 13:51:52.050000+00:00,2021-10-07 06:48:50.262000+00:00,78,300,50,526A1D40F50BBB44821C0C0FDE8E16B7,1.7062293055555555,6,Thursday,13,Tuesday,2021-10-07 00:00:00+00:00,2021-10-14 00:00:00+00:00,True,3,1
0b4f317839da3bf50ef52ca59078680a,ONLINE,2021-10-07 05:25:46.404000+00:00,2021-10-07 06:52:45.989000+00:00,78,300,50,D3CEA8B57F07B785543EDB2058A190CE,0.06041186342592593,6,Thursday,5,Thursday,2021-10-07 00:00:00+00:00,2021-10-14 00:00:00+00:00,True,5,1
377e43d93797541c7577f25f67970be4,OFFLINE,2021-10-07 06:34:59.473000+00:00,2021-10-07 07:02:08.044000+00:00,78,300,50,F0C8A9D19009F1B76367ED6CFD4FA580,0.01884920138888889,7,Thursday,6,Thursday,2021-10-07 00:00:00+00:00,2021-10-14 00:00:00+00:00,True,4,1
41f26f3c71658736fd160d5264ec74e4,ONLINE,2021-10-06 13:30:11.285000+00:00,2021-10-07 07:02:27.161000+00:00,78,300,50,7E701822D80EF10DEBEA008731637EA3,0.7307393055555556,7,Thursday,13,Wednesday,2021-10-07 00:00:00+00:00,2021-10-14 00:00:00+00:00,True,7,1
e22dc179241cddd95909131f459a5014,OFFLINE,2021-10-07 06:04:00.165000+00:00,2021-10-07 07:03:23.603000+00:00,78,300,50,F0C8A9D19009F1B76367ED6CFD4FA580,0.04124349537037037,7,Thursday,6,Thursday,2021-10-07 00:00:00+00:00,2021-10-14 00:00:00+00:00,True,4,1
292660be7607ee0a58abb1b5c9fbe065,OFFLINE,2021-10-07 05:54:27.160000+00:00,2021-10-07 07:03:54.160000+00:00,78,300,50,F0C8A9D19009F1B76367ED6CFD4FA580,0.04822916666666666,7,Thursday,5,Thursday,2021-10-07 00:00:00+00:00,2021-10-14 00:00:00+00:00,True,4,1
f622e7e7f29085b7c88260f141caef95,OFFLINE,2021-10-07 05:36:18.024000+00:00,2021-10-07 07:04:12.417000+00:00,78,300,50,F0C8A9D19009F1B76367ED6CFD4FA580,0.06104621527777778,7,Thursday,5,Thursday,2021-10-07 00:00:00+00:00,2021-10-14 00:00:00+00:00,True,4,1
0429b7bec63a5b2e98a471675adb1a84,OFFLINE,2021-10-03 08:13:22.425000+00:00,2021-10-07 07:05:52.618000+00:00,78,300,50,526A1D40F50BBB44821C0C0FDE8E16B7,3.953127233796297,7,Thursday,8,Sunday,2021-10-07 00:00:00+00:00,2021-10-14 00:00:00+00:00,True,0,0
1dcdac0ac1b62b87de43a2c2500d221b,OFFLINE,2021-10-07 06:43:40.358000+00:00,2021-10-07 07:11:50.424000+00:00,78,07B,77,EEDD0125ADF9CD4325E56C39462533F5,0.019560949074074074,7,Thursday,6,Thursday,2021-10-07 00:00:00+00:00,2021-10-14 00:00:00+00:00,True,6,1
e957ed503ea0845c0e55afaa4884f9fe,OFFLINE,2021-10-06 07:39:53.731000+00:00,2021-10-07 07:19:34.382000+00:00,78,07B,85,4E8E60427140A514537C374BAA698D32,0.9858871643518519,7,Thursday,7,Wednesday,2021-10-07 00:00:00+00:00,2021-10-14 00:00:00+00:00,True,6,1
7053800952efb0f4bc5d3d12a43d16a5,OFFLINE,2021-10-07 07:18:53.654000+00:00,2021-10-07 07:19:53.261000+00:00,78,07B,149,7A4560119B1440F826F97B91B425DABC,0.0006898958333333334,7,Thursday,7,Thursday,2021-10-07 00:00:00+00:00,2021-10-14 00:00:00+00:00,True,2,0
61b6ac9cc4d60c0cafb361ef5364cf8b,OFFLINE,2021-10-05 15:25:06.290000+00:00,2021-10-07 07:31:36.624000+00:00,78,07B,176,2CF9D19CE125793D17A0B4C371AB7AFD,1.6711844212962963,7,Thursday,15,Tuesday,2021-10-07 00:00:00+00:00,2021-10-14 00:00:00+00:00,True,0,0
d577fa6e3a29e8a8f98cc1f5e345cfb4,ONLINE,2021-10-06 06:12:05.046000+00:00,2021-10-07 07:45:24.143000+00:00,78,07B,290,A350C7D26631194B9958F6B726C32574,1.0648043634259259,7,Thursday,6,Wednesday,2021-10-07 00:00:00+00:00,2021-10-14 00:00:00+00:00,True,5,1
874bbf8cb15c0e828b8cddcf8e185a7d,OFFLINE,2021-10-07 07:15:28.955000+00:00,2021-10-07 07:46:48.978000+00:00,78,07B,50,3B56EC028568E71AF10B3360787CD0BC,0.02175952546296296,7,Thursday,7,Thursday,2021-10-07 00:00:00+00:00,2021-10-14 00:00:00+00:00,True,6,1
a0f7032438e4be67fd6de8c9a3a8ce7c,ONLINE,2021-10-07 07:09:13.355000+00:00,2021-10-07 07:49:30.479000+00:00,78,07B,250,B79C3A36345A4588BD73EBFFC22B9D01,0.02797597222222222,7,Thursday,7,Thursday,2021-10-07 00:00:00+00:00,2021-10-14 00:00:00+00:00,True,1,0
8082c86cf1b3ea7a89996c9f57c5f6dd,OFFLINE,2021-10-07 07:18:33.265000+00:00,2021-10-07 08:09:40.633000+00:00,78,07B,73,4E8E60427140A514537C374BAA698D32,0.03550194444444445,8,Thursday,7,Thursday,2021-10-07 00:00:00+00:00,2021-10-14 00:00:00+00:00,True,3,1
2715696c3be8d025174b3418d57f3245,OFFLINE,2021-10-07 08:09:21.659000+00:00,2021-10-07 08:55:16.892000+00:00,78,1EF,82,A00AF20362FBDDE9E3869D787E4693AF,0.03188927083333334,8,Thursday,8,Thursday,2021-10-07 00:00:00+00:00,2021-10-14 00:00:00+00:00,True,7,1
498aac642eb4b5e708c06f5d18de4d38,OFFLINE,2021-10-07 08:29:40.563000+00:00,2021-10-07 09:03:38.565000+00:00,78,1EF,175,33C4EF36C213B6D1E4BBBCDE06C7A745,0.02358798611111111,9,Thursday,8,Thursday,2021-10-07 00:00:00+00:00,2021-10-14 00:00:00+00:00,True,3,1
b0a059ea71db89e2d3ee5c374574b8fa,ONLINE,2021-10-07 07:15:57.779000+00:00,2021-10-07 09:27:36.562000+00:00,78,300,113,364A975FE43F5678164266B2B0E8A237,0.09142109953703705,9,Thursday,7,Thursday,2021-10-07 00:00:00+00:00,2021-10-14 00:00:00+00:00,True,4,1
5358ed19bb94147be7a074291be4c321,OFFLINE,2021-10-06 10:24:58.221000+00:00,2021-10-07 09:30:01.621000+00:00,78,07B,56,EE735FFED3A6072D13A30636E658A03A,0.9618449074074074,9,Thursday,10,Wednesday,2021-10-07 00:00:00+00:00,2021-10-14 00:00:00+00:00,True,4,1
3209bfdf7cf75f6078749dbcefb34186,OFFLINE,2021-10-05 18:13:23.927000+00:00,2021-10-07 09:35:51.188000+00:00,78,07B,135,294B021232C509826A57AC3136B8ABDD,1.6405932986111111,9,Thursday,18,Tuesday,2021-10-07 00:00:00+00:00,2021-10-14 00:00:00+00:00,True,5,1
436e966c407cce4f6dfe46623c6e3371,ONLINE,2021-10-07 09:13:41.394000+00:00,2021-10-07 09:52:20.080000+00:00,78,07B,148,4E8E60427140A514537C374BAA698D32,0.02683664351851852,9,Thursday,9,Thursday,2021-10-07 00:00:00+00:00,2021-10-14 00:00:00+00:00,True,4,1
83f82bb4fc144bd372b0afd22698980f,OFFLINE,2021-10-07 09:38:03.438000+00:00,2021-10-07 09:55:07.533000+00:00,78,300,70,2630D6FC6433A9A4C1C906C0D64BDDE1,0.011852951388888889,9,Thursday,9,Thursday,2021-10-07 00:00:00+00:00,2021-10-14 00:00:00+00:00,True,6,1
3a937d33359cbadbf00d08c2ed120077,OFFLINE,2021-10-07 08:00:22.846000+00:00,2021-10-07 09:59:54.749000+00:00,78,1EF,150,FF6F2DDF8AB23F3461E39CE6531C7EAB,0.08300813657407408,9,Thursday,8,Thursday,2021-10-07 00:00:00+00:00,2021-10-14 00:00:00+00:00,True,6,1
b54510785726db3394e508c9eed98830,ONLINE,2021-10-07 08:54:54.285000+00:00,2021-10-07 10:34:02.736000+00:00,78,07B,90,4ECC8B694F4BB262BDD4B0A85952B71A,0.0688478125,10,Thursday,8,Thursday,2021-10-07 00:00:00+00:00,2021-10-14 00:00:00+00:00,True,3,1
528069d66b8a305f3738fc4af292e828,ONLINE,2021-10-07 08:32:56.684000+00:00,2021-10-07 10:36:18.331000+00:00,78,300,103,89D534629771B04F61D1971C3068D1BD,0.08566721064814815,10,Thursday,8,Thursday,2021-10-07 00:00:00+00:00,2021-10-14 00:00:00+00:00,True,1,0
36707bb6a82dcd83577bf95e0ae03caa,OFFLINE,2021-10-07 10:13:06.175000+00:00,2021-10-07 10:41:46.500000+00:00,78,07B,225,C142F51706DA139EC3DCAA250682C61A,0.019911168981481483,10,Thursday,10,Thursday,2021-10-07 00:00:00+00:00,2021-10-14 00:00:00+00:00,True,5,1
6241f5bb1eee0bf4ba88309fb3e7ab0d,ONLINE,2021-10-07 09:53:21.165000+00:00,2021-10-07 10:50:25.587000+00:00,78,07B,164,0788D330C960376CA8EF0D842E5443A4,0.03963451388888889,10,Thursday,9,Thursday,2021-10-07 00:00:00+00:00,2021-10-14 00:00:00+00:00,True,4,1
7c64d50aaa61b50de96c608b45076cb2,ONLINE,2021-10-07 10:43:20.453000+00:00,2021-10-07 10:58:39.709000+00:00,78,1EF,84,740CB1CA2BD83B3276B092195A6EB883,0.010639537037037036,10,Thursday,10,Thursday,2021-10-07 00:00:00+00:00,2021-10-14 00:00:00+00:00,True,4,1
e5452e6618c5c8cc4d69bae6785bc841,ONLINE,2021-10-07 10:27:07.841000+00:00,2021-10-07 11:00:28.307000+00:00,78,1EF,143,D5CECB3D35FF9FEF0E46207CFE4A5F29,0.023153541666666666,11,Thursday,10,Thursday,2021-10-07 00:00:00+00:00,2021-10-14 00:00:00+00:00,True,3,1
aabbdcb7300629a033f1cc3fe4416814,OFFLINE,2021-10-07 07:44:36.149000+00:00,2021-10-07 11:40:46.532000+00:00,78,300,50,E2F9517E4B924224FB308023E6149775,0.1640090625,11,Thursday,7,Thursday,2021-10-07 00:00:00+00:00,2021-10-14 00:00:00+00:00,True,3,1
3c8dcd1a33ec54a8378a8d3f4b4a769a,OFFLINE,2021-10-07 10:30:08.492000+00:00,2021-10-07 11:42:27.602000+00:00,78,07B,145,4575953E5DD96D9E301B05E12FB12540,0.05022118055555555,11,Thursday,10,Thursday,2021-10-07 00:00:00+00:00,2021-10-14 00:00:00+00:00,True,5,1
3e6888285f1682425e02c0642168eebf,OFFLINE,2021-10-07 07:16:42.393000+00:00,2021-10-07 11:45:41.739000+00:00,78,300,50,E2F9517E4B924224FB308023E6149775,0.18679798611111112,11,Thursday,7,Thursday,2021-10-07 00:00:00+00:00,2021-10-14 00:00:00+00:00,True,3,1
6bdcaa236ab84cc1471f0392b94590d5,OFFLINE,2021-10-07 07:14:17.380000+00:00,2021-10-07 11:47:39.467000+00:00,78,300,50,E2F9517E4B924224FB308023E6149775,0.1898389699074074,11,Thursday,7,Thursday,2021-10-07 00:00:00+00:00,2021-10-14 00:00:00+00:00,True,3,1
3d048bf0cd141ae9c9d0f040e7104a9d,OFFLINE,2021-10-07 10:40:39.079000+00:00,2021-10-07 12:08:47.285000+00:00,78,300,50,4FB52D1F31461850C15CC1C15A02931B,0.061206087962962966,12,Thursday,10,Thursday,2021-10-07 00:00:00+00:00,2021-10-14 00:00:00+00:00,True,3,1
3d4aabb985168b39bc2105fe53942e1d,OFFLINE,2021-10-07 11:18:51.413000+00:00,2021-10-07 12:16:23.203000+00:00,78,300,50,09B36CB8AB7325477B80E99BE8FB2D02,0.03995127314814815,12,Thursday,11,Thursday,2021-10-07 00:00:00+00:00,2021-10-14 00:00:00+00:00,True,3,1
3f15cb1fb493ef2e34280019e969e136,OFFLINE,2021-10-07 11:45:23.871000+00:00,2021-10-07 12:16:51.565000+00:00,78,07B,101,EE735FFED3A6072D13A30636E658A03A,0.021848310185185186,12,Thursday,11,Thursday,2021-10-07 00:00:00+00:00,2021-10-14 00:00:00+00:00,True,4,1
5c5c1ca7d0cfda5dccdb0cc03ca553c0,ONLINE,2021-10-07 11:08:47.381000+00:00,2021-10-07 12:17:53.304000+00:00,78,300,216,7E701822D80EF10DEBEA008731637EA3,0.0479852199074074,12,Thursday,11,Thursday,2021-10-07 00:00:00+00:00,2021-10-14 00:00:00+00:00,True,5,1
abfc80e07d2a805d972bb2f066cad785,OFFLINE,2021-10-07 05:23:07.724000+00:00,2021-10-07 12:28:12.714000+00:00,78,07B,124,10D023CEE6CC12F06C576EB33402E56B,0.29519664351851854,12,Thursday,5,Thursday,2021-10-07 00:00:00+00:00,2021-10-14 00:00:00+00:00,True,1,0
42db99507e40b82e83cfa083d7c5e5e4,ONLINE,2021-10-07 11:47:33.598000+00:00,2021-10-07 12:34:06.769000+00:00,78,1EF,210,1162FF15A2450469905B590D62F7746E,0.032328368055555556,12,Thursday,11,Thursday,2021-10-07 00:00:00+00:00,2021-10-14 00:00:00+00:00,True,2,0
f2a6358022f063bdc8b4bafd1ae72591,OFFLINE,2021-10-07 03:51:40.205000+00:00,2021-10-07 12:50:31.984000+00:00,78,07B,224,56129BC950F9E18A9F5DF651D9D267D1,0.37421040509259257,12,Thursday,3,Thursday,2021-10-07 00:00:00+00:00,2021-10-14 00:00:00+00:00,True,7,1
afc915ec61c7eb1f541fbc2aafbe24ce,OFFLINE,2021-10-07 08:16:53.946000+00:00,2021-10-07 12:58:58.474000+00:00,78,300,50,6C95625CBBEF8E86248B347AF84368A0,0.19588574074074072,12,Thursday,8,Thursday,2021-10-07 00:00:00+00:00,2021-10-14 00:00:00+00:00,True,3,1
b082aa38034c1fbd374d64e80e268798,ONLINE,2021-10-07 12:18:15.240000+00:00,2021-10-07 12:59:57.540000+00:00,78,07B,222,4ECC8B694F4BB262BDD4B0A85952B71A,0.028961805555555557,12,Thursday,12,Thursday,2021-10-07 00:00:00+00:00,2021-10-14 00:00:00+00:00,True,5,1
6cffcb293f3b777faad00ea51fb3f166,ONLINE,2021-10-07 12:08:25.948000+00:00,2021-10-07 13:02:15.911000+00:00,78,07B,110,4E8E60427140A514537C374BAA698D32,0.03738383101851852,13,Thursday,12,Thursday,2021-10-07 00:00:00+00:00,2021-10-14 00:00:00+00:00,True,4,1
2c9d12cf7158eafe9e36ed8beee8520a,ONLINE,2021-10-06 09:15:42.682000+00:00,2021-10-07 13:05:50.655000+00:00,78,07B,86,EE735FFED3A6072D13A30636E658A03A,1.1598145023148148,13,Thursday,9,Wednesday,2021-10-07 00:00:00+00:00,2021-10-14 00:00:00+00:00,True,5,1
282cfedfff44e689efc302ae64597144,OFFLINE,2021-10-07 08:14:51.751000+00:00,2021-10-07 13:07:44.359000+00:00,78,300,50,4EAA928CDE96CC979939CD4797399B7B,0.20338666666666666,13,Thursday,8,Thursday,2021-10-07 00:00:00+00:00,2021-10-14 00:00:00+00:00,True,3,1
9d4dc0d3bbe86926016f5d6a41cdf5d1,OFFLINE,2021-10-07 12:45:23.492000+00:00,2021-10-07 13:09:00.313000+00:00,78,1EF,85,BB2033CE2FA4822C957B37DEB445B32C,0.0163983912037037,13,Thursday,12,Thursday,2021-10-07 00:00:00+00:00,2021-10-14 00:00:00+00:00,True,4,1
4184b19bd95341b5e56c04e71785cde9,ONLINE,2021-10-07 11:41:02.658000+00:00,2021-10-07 13:12:24.525000+00:00,78,07B,78,EE735FFED3A6072D13A30636E658A03A,0.06344753472222223,13,Thursday,11,Thursday,2021-10-07 00:00:00+00:00,2021-10-14 00:00:00+00:00,True,4,1
af73fd7936aadaa5e98bf007c72cd9ed,OFFLINE,2021-10-07 12:58:25.466000+00:00,2021-10-07 13:13:23.825000+00:00,78,07B,67,3B56EC028568E71AF10B3360787CD0BC,0.010397673611111111,13,Thursday,12,Thursday,2021-10-07 00:00:00+00:00,2021-10-14 00:00:00+00:00,True,3,1
8bab1a39b8337a66d66ec6784beabfc9,OFFLINE,2021-10-07 13:04:44.288000+00:00,2021-10-07 13:27:27.758000+00:00,78,300,61,526A1D40F50BBB44821C0C0FDE8E16B7,0.01578090277777778,13,Thursday,13,Thursday,2021-10-07 00:00:00+00:00,2021-10-14 00:00:00+00:00,True,7,1
51df9adb2cb7055d14155d1f8e8cb908,OFFLINE,2021-10-07 08:58:13.940000+00:00,2021-10-07 13:31:16.828000+00:00,78,07B,101,EEDD0125ADF9CD4325E56C39462533F5,0.18961675925925928,13,Thursday,8,Thursday,2021-10-07 00:00:00+00:00,2021-10-14 00:00:00+00:00,True,2,0
b3c4a39fe1eda6f06126873c023b9c14,ONLINE,2021-10-07 12:58:22.512000+00:00,2021-10-07 13:40:51.561000+00:00,78,300,146,08379264459A6EF0F8052CC20B9DD41F,0.029502881944444444,13,Thursday,12,Thursday,2021-10-07 00:00:00+00:00,2021-10-14 00:00:00+00:00,True,6,1
26c873f249bb32d5ef1883ee3a2bafdb,OFFLINE,2021-10-07 13:35:21.176000+00:00,2021-10-07 14:02:53.085000+00:00,78,07B,90,EEDD0125ADF9CD4325E56C39462533F5,0.01911931712962963,14,Thursday,13,Thursday,2021-10-07 00:00:00+00:00,2021-10-14 00:00:00+00:00,True,5,1
0ecf65a582434fe7999fbd557a9561b8,ONLINE,2021-10-07 13:57:20.796000+00:00,2021-10-07 14:07:59.592000+00:00,78,300,52,2630D6FC6433A9A4C1C906C0D64BDDE1,0.007393472222222223,14,Thursday,13,Thursday,2021-10-07 00:00:00+00:00,2021-10-14 00:00:00+00:00,True,4,1
54c85281d0acf83a6091e1d3a6cbf845,OFFLINE,2021-10-07 13:40:58.934000+00:00,2021-10-07 14:13:53.237000+00:00,78,300,96,C0DD698BE0C1EA71FA3045950BEEC64B,0.022850729166666667,14,Thursday,13,Thursday,2021-10-07 00:00:00+00:00,2021-10-14 00:00:00+00:00,True,0,0
b91c61827c04cb197a9c7ecff29b0cf3,ONLINE,2021-10-03 12:07:55.603000+00:00,2021-10-07 14:16:43.184000+00:00,78,300,135,4FB52D1F31461850C15CC1C15A02931B,4.089439594907407,14,Thursday,12,Sunday,2021-10-07 00:00:00+00:00,2021-10-14 00:00:00+00:00,True,3,1
2fa4f762ffca74f7c901ce6e66c1fd88,OFFLINE,2021-10-07 13:50:18.790000+00:00,2021-10-07 14:22:43.645000+00:00,78,300,99,08379264459A6EF0F8052CC20B9DD41F,0.022509895833333335,14,Thursday,13,Thursday,2021-10-07 00:00:00+00:00,2021-10-14 00:00:00+00:00,True,5,1
d21181f86a186ca561c125482e96484c,OFFLINE,2021-10-05 03:17:55.019000+00:00,2021-10-07 14:36:00.138000+00:00,78,1EF,60,5CD6463B9C20BA10DA25A431F2D844A6,2.4708925810185187,14,Thursday,3,Tuesday,2021-10-07 00:00:00+00:00,2021-10-14 00:00:00+00:00,True,6,1
ae31430e43d912c3888f7b6c8207927d,OFFLINE,2021-10-07 13:55:36.080000+00:00,2021-10-07 15:08:20.196000+00:00,78,1EF,201,740CB1CA2BD83B3276B092195A6EB883,0.050510601851851855,15,Thursday,13,Thursday,2021-10-07 00:00:00+00:00,2021-10-14 00:00:00+00:00,True,1,0
29b7292d5cbc04d4a812e2b784f079b8,OFFLINE,2021-10-06 23:34:52.838000+00:00,2021-10-07 15:10:14.780000+00:00,78,07B,68,4ECC8B694F4BB262BDD4B0A85952B71A,0.6495595138888889,15,Thursday,23,Wednesday,2021-10-07 00:00:00+00:00,2021-10-14 00:00:00+00:00,True,1,0
96d8506aca3beab63d10971757147547,OFFLINE,2021-10-07 06:43:54.516000+00:00,2021-10-07 15:19:10.411000+00:00,78,300,76,C0DD698BE0C1EA71FA3045950BEEC64B,0.35782285879629633,15,Thursday,6,Thursday,2021-10-07 00:00:00+00:00,2021-10-14 00:00:00+00:00,True,4,1
cbde5b231fa2c12868b86822df0ca5ba,OFFLINE,2021-10-07 15:17:26.501000+00:00,2021-10-07 15:32:12.972000+00:00,78,1EF,60,740CB1CA2BD83B3276B092195A6EB883,0.010260081018518519,15,Thursday,15,Thursday,2021-10-07 00:00:00+00:00,2021-10-14 00:00:00+00:00,True,2,0
8fbc17bd3a4e9d4e1fe9d3fc3472fec7,OFFLINE,2021-10-05 08:38:03.577000+00:00,2021-10-07 15:53:19.389000+00:00,78,07B,84,294B021232C509826A57AC3136B8ABDD,2.3022663425925924,15,Thursday,8,Tuesday,2021-10-07 00:00:00+00:00,2021-10-14 00:00:00+00:00,True,4,1
bdecf18a6e2977d5deb4047107b0490a,OFFLINE,2021-10-04 14:19:04.106000+00:00,2021-10-07 15:54:06.486000+00:00,78,07B,115,EEDD0125ADF9CD4325E56C39462533F5,3.0659997685185187,15,Thursday,14,Monday,2021-10-07 00:00:00+00:00,2021-10-14 00:00:00+00:00,True,0,0
becb2cac3736e5e7f9dcc33168c80808,OFFLINE,2021-10-07 06:06:04.904000+00:00,2021-10-07 15:57:44.948000+00:00,78,1EF,166,08A9B54E00545ECCD369B8E5D2692E9F,0.4108801388888889,15,Thursday,6,Thursday,2021-10-07 00:00:00+00:00,2021-10-14 00:00:00+00:00,True,4,1
5723a7e00470ae24e4bee61337846f80,OFFLINE,2021-10-07 14:41:03.446000+00:00,2021-10-07 16:02:23.018000+00:00,78,300,50,09B36CB8AB7325477B80E99BE8FB2D02,0.05647652777777778,16,Thursday,14,Thursday,2021-10-07 00:00:00+00:00,2021-10-14 00:00:00+00:00,True,2,0
b657c0b1129543994e7cc50f3fbe327e,OFFLINE,2021-10-07 15:25:57.800000+00:00,2021-10-07 16:07:16.026000+00:00,78,1EF,103,A00AF20362FBDDE9E3869D787E4693AF,0.028683171296296297,16,Thursday,15,Thursday,2021-10-07 00:00:00+00:00,2021-10-14 00:00:00+00:00,True,1,0
73921ba8d89b3a0d9aeda1e988d10553,ONLINE,2021-10-07 15:30:19.414000+00:00,2021-10-07 16:10:38.710000+00:00,78,300,88,08379264459A6EF0F8052CC20B9DD41F,0.02800111111111111,16,Thursday,15,Thursday,2021-10-07 00:00:00+00:00,2021-10-14 00:00:00+00:00,True,6,1
f8ec3ed37231f9d5c845a0ae3f291367,ONLINE,2021-10-05 11:09:20.795000+00:00,2021-10-07 16:11:40.007000+00:00,78,300,68,7E701822D80EF10DEBEA008731637EA3,2.2099445833333333,16,Thursday,11,Tuesday,2021-10-07 00:00:00+00:00,2021-10-14 00:00:00+00:00,True,4,1
062b943dd313dd1c52b9aaa969840606,OFFLINE,2021-10-06 16:47:35.246000+00:00,2021-10-07 16:16:27.298000+00:00,78,07B,112,294B021232C509826A57AC3136B8ABDD,0.9783802314814815,16,Thursday,16,Wednesday,2021-10-07 00:00:00+00:00,2021-10-14 00:00:00+00:00,True,4,1
849fdec0ad244df60e3e058a7a31fcb3,OFFLINE,2021-10-01 11:18:30.609000+00:00,2021-10-07 16:19:37.264000+00:00,78,07B,75,4ECC8B694F4BB262BDD4B0A85952B71A,6.209104803240741,16,Thursday,11,Friday,2021-10-07 00:00:00+00:00,2021-10-14 00:00:00+00:00,True,2,0
cfbf093a0f208dafd67c3b5e90f9b944,ONLINE,2021-10-07 06:56:43.686000+00:00,2021-10-07 16:30:53.959000+00:00,78,07B,127,EEDD0125ADF9CD4325E56C39462533F5,0.39873001157407406,16,Thursday,6,Thursday,2021-10-07 00:00:00+00:00,2021-10-14 00:00:00+00:00,True,3,1
d7d8ba911769572d7596131ef9e207c3,OFFLINE,2021-10-07 15:59:59.431000+00:00,2021-10-07 16:31:28.698000+00:00,78,07B,127,10D023CEE6CC12F06C576EB33402E56B,0.021866516203703706,16,Thursday,15,Thursday,2021-10-07 00:00:00+00:00,2021-10-14 00:00:00+00:00,True,5,1
2b41338d40cac98951b4438850b8f56e,ONLINE,2021-10-07 16:28:25.030000+00:00,2021-10-07 16:58:25.055000+00:00,78,1EF,122,A00AF20362FBDDE9E3869D787E4693AF,0.020833622685185186,16,Thursday,16,Thursday,2021-10-07 00:00:00+00:00,2021-10-14 00:00:00+00:00,True,2,0
040aee9eaef04ce92eac6a2acac9c43e,OFFLINE,2021-10-07 16:51:38.695000+00:00,2021-10-07 17:07:21.584000+00:00,78,07B,86,294B021232C509826A57AC3136B8ABDD,0.01091306712962963,17,Thursday,16,Thursday,2021-10-07 00:00:00+00:00,2021-10-14 00:00:00+00:00,True,6,1
bd22c47b90982f2aa743e25efc6a627d,OFFLINE,2021-10-07 03:18:53.469000+00:00,2021-10-07 17:16:31.290000+00:00,78,07B,172,294B021232C509826A57AC3136B8ABDD,0.5816877430555556,17,Thursday,3,Thursday,2021-10-07 00:00:00+00:00,2021-10-14 00:00:00+00:00,True,4,1
92d58e1230ac3ca06e20160425f51ff7,OFFLINE,2021-10-07 17:18:09.366000+00:00,2021-10-07 17:48:34.432000+00:00,78,300,130,7E701822D80EF10DEBEA008731637EA3,0.021123449074074076,17,Thursday,17,Thursday,2021-10-07 00:00:00+00:00,2021-10-14 00:00:00+00:00,True,4,1
f7c7d5376e56e1e288a12a28e1533957,OFFLINE,2021-10-06 11:22:18.308000+00:00,2021-10-07 17:52:01.336000+00:00,78,300,78,D3CEA8B57F07B785543EDB2058A190CE,1.2706368981481482,17,Thursday,11,Wednesday,2021-10-07 00:00:00+00:00,2021-10-14 00:00:00+00:00,True,1,0
27fff1f2c30be3c5e58607a9150528be,OFFLINE,2021-10-07 17:55:01.038000+00:00,2021-10-07 18:17:12.457000+00:00,79,07B,142,EEDD0125ADF9CD4325E56C39462533F5,0.015409942129629631,18,Thursday,17,Thursday,2021-10-07 00:00:00+00:00,2021-10-14 00:00:00+00:00,True,0,0
09af941cc5fb0fb1ceb4c76294538189,ONLINE,2021-10-07 11:54:35.855000+00:00,2021-10-07 18:32:26.368000+00:00,78,1EF,77,740CB1CA2BD83B3276B092195A6EB883,0.2762790856481481,18,Thursday,11,Thursday,2021-10-07 00:00:00+00:00,2021-10-14 00:00:00+00:00,True,3,1
018e1937439ba959e9911cc20d801ae8,OFFLINE,2021-10-08 00:25:28.179000+00:00,2021-10-08 00:44:35.154000+00:00,78,1EF,86,4DF70D744AB4B2076706A37F1EBAC6B9,0.01327517361111111,0,Friday,0,Friday,2021-10-08 00:00:00+00:00,2021-10-15 00:00:00+00:00,True,5,1
45f1b407b1853c9cf27d599163264137,OFFLINE,2021-10-08 01:54:05.140000+00:00,2021-10-08 02:37:18.881000+00:00,78,1EF,141,0668909560B9D2AF8FDA5489BCAA5FFF,0.030020150462962962,2,Friday,1,Friday,2021-10-08 00:00:00+00:00,2021-10-15 00:00:00+00:00,True,5,1
0751d61700d8e2454c0bb5e3d175dde6,OFFLINE,2021-10-07 18:36:02.960000+00:00,2021-10-08 03:39:22.632000+00:00,78,300,50,08379264459A6EF0F8052CC20B9DD41F,0.3773110185185185,3,Friday,18,Thursday,2021-10-08 00:00:00+00:00,2021-10-15 00:00:00+00:00,True,7,1
5ca65b69c23ebc8257624a5d29b2ea93,OFFLINE,2021-10-07 12:58:21.412000+00:00,2021-10-08 03:46:38.447000+00:00,78,300,50,F01C49A6AA0D833D3333DEA9AC883637,0.6168638310185186,3,Friday,12,Thursday,2021-10-08 00:00:00+00:00,2021-10-15 00:00:00+00:00,True,0,0
0995e19c239c0a8b9acf153d55704127,ONLINE,2021-10-07 17:53:01.815000+00:00,2021-10-08 03:48:45.747000+00:00,78,07B,108,EEDD0125ADF9CD4325E56C39462533F5,0.4137029166666667,3,Friday,17,Thursday,2021-10-08 00:00:00+00:00,2021-10-15 00:00:00+00:00,True,5,1
46a882e204acf2c2d433ffa76705b878,ONLINE,2021-10-07 04:07:48.989000+00:00,2021-10-08 04:01:50.647000+00:00,78,07B,112,4E8E60427140A514537C374BAA698D32,0.9958525231481481,4,Friday,4,Thursday,2021-10-08 00:00:00+00:00,2021-10-15 00:00:00+00:00,True,4,1
f3d2b4799d6b7a80176ecb14ce813b3b,OFFLINE,2021-10-06 08:23:12.242000+00:00,2021-10-08 04:09:39.392000+00:00,78,07B,111,4E8E60427140A514537C374BAA698D32,1.823925347222222,4,Friday,8,Wednesday,2021-10-08 00:00:00+00:00,2021-10-15 00:00:00+00:00,True,7,1
4fb44757be0cfa88200ab5feaf860c89,OFFLINE,2021-10-05 08:08:11.721000+00:00,2021-10-08 04:11:25.173000+00:00,78,300,50,D3CEA8B57F07B785543EDB2058A190CE,2.835572361111111,4,Friday,8,Tuesday,2021-10-08 00:00:00+00:00,2021-10-15 00:00:00+00:00,True,0,0
f208f9e42b02866d424ed639e2b33a2d,OFFLINE,2021-10-08 03:39:04.141000+00:00,2021-10-08 04:11:53.068000+00:00,78,300,52,F06B3934D41B27BFBFE7028E05CC35F2,0.022788506944444443,4,Friday,3,Friday,2021-10-08 00:00:00+00:00,2021-10-15 00:00:00+00:00,True,2,0
5b47d94e3be770dc7a69d3d74b9b48d0,OFFLINE,2021-10-07 14:58:44.675000+00:00,2021-10-08 04:12:04.914000+00:00,78,1EF,162,1162FF15A2450469905B590D62F7746E,0.5509286921296297,4,Friday,14,Thursday,2021-10-08 00:00:00+00:00,2021-10-15 00:00:00+00:00,True,6,1
9898459277ab845153929f7e01c1e627,OFFLINE,2021-10-07 15:34:03.337000+00:00,2021-10-08 04:15:13.757000+00:00,78,07B,113,294B021232C509826A57AC3136B8ABDD,0.528592824074074,4,Friday,15,Thursday,2021-10-08 00:00:00+00:00,2021-10-15 00:00:00+00:00,True,5,1
a9633be0a7cfc06b257042c78aad61ff,OFFLINE,2021-10-05 13:25:14.785000+00:00,2021-10-08 04:34:13.627000+00:00,78,300,68,D3CEA8B57F07B785543EDB2058A190CE,2.6312365972222223,4,Friday,13,Tuesday,2021-10-08 00:00:00+00:00,2021-10-15 00:00:00+00:00,True,1,0
7e92f68c61f7c583d3ec909845833c06,OFFLINE,2021-10-08 03:55:33.278000+00:00,2021-10-08 04:42:54.540000+00:00,78,07B,142,4ECC8B694F4BB262BDD4B0A85952B71A,0.032884976851851856,4,Friday,3,Friday,2021-10-08 00:00:00+00:00,2021-10-15 00:00:00+00:00,True,3,1
d097082ba00bee61f2b8701c5476cffd,OFFLINE,2021-10-07 16:12:44.550000+00:00,2021-10-08 04:46:15.993000+00:00,78,300,61,612D21728D2539ECADF40493AACAF39A,0.5232805902777777,4,Friday,16,Thursday,2021-10-08 00:00:00+00:00,2021-10-15 00:00:00+00:00,True,2,0
3d58da472b2192b7f7664580c0565496,ONLINE,2021-10-08 03:44:23.423000+00:00,2021-10-08 04:55:08.525000+00:00,78,1EF,103,93A459F0AC42B4DAE28317297839D393,0.049133125,4,Friday,3,Friday,2021-10-08 00:00:00+00:00,2021-10-15 00:00:00+00:00,True,0,0
288718921ca51e4b08e1a785041def9a,OFFLINE,2021-10-08 04:27:30.872000+00:00,2021-10-08 04:59:43.413000+00:00,78,07B,66,56129BC950F9E18A9F5DF651D9D267D1,0.022367372685185183,4,Friday,4,Friday,2021-10-08 00:00:00+00:00,2021-10-15 00:00:00+00:00,True,0,0
27003ff567ae38396c35a8fbf205c2e7,ONLINE,2021-10-08 04:33:03.125000+00:00,2021-10-08 05:12:10.926000+00:00,78,1EF,146,49CA01E7044CB3B65F99673C9C074D16,0.027173622685185184,5,Friday,4,Friday,2021-10-08 00:00:00+00:00,2021-10-15 00:00:00+00:00,True,4,1
57603534ffd9cf1bdb95a164ebb752d6,ONLINE,2021-10-07 12:25:35.031000+00:00,2021-10-08 05:24:16.712000+00:00,78,1EF,70,38BB76CCFDD8129EF62B3AF5480605C7,0.7074268634259259,5,Friday,12,Thursday,2021-10-08 00:00:00+00:00,2021-10-15 00:00:00+00:00,True,5,1
673b4fa562bb203bb129360216641869,ONLINE,2021-10-08 04:27:37.070000+00:00,2021-10-08 05:25:59.148000+00:00,78,1EF,238,2C10D809ABD31810F4E95F4E500EFA7E,0.04053331018518518,5,Friday,4,Friday,2021-10-08 00:00:00+00:00,2021-10-15 00:00:00+00:00,True,5,1
523fb62efca8daed46a3f9b0335b77d0,OFFLINE,2021-10-07 11:53:26.875000+00:00,2021-10-08 05:32:32.042000+00:00,78,07B,91,EEDD0125ADF9CD4325E56C39462533F5,0.7354764699074074,5,Friday,11,Thursday,2021-10-08 00:00:00+00:00,2021-10-15 00:00:00+00:00,True,2,0
c7c870a42171aa618871b9981cd5b1f8,OFFLINE,2021-10-02 02:38:27.339000+00:00,2021-10-08 05:35:37.301000+00:00,78,300,127,E56AE16934A0D29EBF24915402A7E5ED,6.123031967592593,5,Friday,2,Saturday,2021-10-08 00:00:00+00:00,2021-10-15 00:00:00+00:00,True,6,1
18aa096efe9b30829da52fe5aa3fe82f,OFFLINE,2021-10-08 05:35:50.525000+00:00,2021-10-08 06:11:10.452000+00:00,78,07B,50,2D9F8B5DDB0A7BD6F060DBAA34EC0CFF,0.024536192129629632,6,Friday,5,Friday,2021-10-08 00:00:00+00:00,2021-10-15 00:00:00+00:00,True,3,1
b02ef53e32a434e261bfeabe876db1cd,ONLINE,2021-10-08 05:54:53.677000+00:00,2021-10-08 06:26:15.771000+00:00,78,07B,98,10D023CEE6CC12F06C576EB33402E56B,0.02178349537037037,6,Friday,5,Friday,2021-10-08 00:00:00+00:00,2021-10-15 00:00:00+00:00,True,5,1
cc04bb35b1db05b13ef1f01881ce7f15,ONLINE,2021-10-08 04:34:33.450000+00:00,2021-10-08 06:40:01.255000+00:00,78,1EF,61,BB2033CE2FA4822C957B37DEB445B32C,0.0871273726851852,6,Friday,4,Friday,2021-10-08 00:00:00+00:00,2021-10-15 00:00:00+00:00,True,4,1
121d6b8a8d63b9591d56202674cae007,OFFLINE,2021-10-05 14:37:14.382000+00:00,2021-10-08 06:53:33.698000+00:00,78,300,50,08379264459A6EF0F8052CC20B9DD41F,2.6780013425925926,6,Friday,14,Tuesday,2021-10-08 00:00:00+00:00,2021-10-15 00:00:00+00:00,True,3,1
65ebd769bc982346ef9ae55285d11beb,OFFLINE,2021-10-05 14:26:52.894000+00:00,2021-10-08 06:54:59.655000+00:00,78,300,50,08379264459A6EF0F8052CC20B9DD41F,2.686189363425926,6,Friday,14,Tuesday,2021-10-08 00:00:00+00:00,2021-10-15 00:00:00+00:00,True,3,1
82390406be8e352ba7810ed20a3c4d73,OFFLINE,2021-10-06 13:04:01.467000+00:00,2021-10-08 06:58:44.377000+00:00,78,07B,122,294B021232C509826A57AC3136B8ABDD,1.7463299768518519,6,Friday,13,Wednesday,2021-10-08 00:00:00+00:00,2021-10-15 00:00:00+00:00,True,4,1
f9ca1f049de1eead46841e8dd9562a99,ONLINE,2021-10-08 06:19:04.690000+00:00,2021-10-08 07:08:40.072000+00:00,77,1EF,186,49CA01E7044CB3B65F99673C9C074D16,0.03443729166666667,7,Friday,6,Friday,2021-10-08 00:00:00+00:00,2021-10-15 00:00:00+00:00,True,0,0
48ababb01f0792ac4b87b1a0aeeef116,OFFLINE,2021-10-03 13:36:37.848000+00:00,2021-10-08 07:13:33.366000+00:00,78,1EF,196,D5CECB3D35FF9FEF0E46207CFE4A5F29,4.733975902777778,7,Friday,13,Sunday,2021-10-08 00:00:00+00:00,2021-10-15 00:00:00+00:00,True,1,0
e4f42b746b5e29797ea0bf6207a28610,OFFLINE,2021-10-05 08:58:55.281000+00:00,2021-10-08 07:35:54.466000+00:00,78,07B,50,B5BC37462B0785F740436790AE41D171,2.942351678240741,7,Friday,8,Tuesday,2021-10-08 00:00:00+00:00,2021-10-15 00:00:00+00:00,True,0,0
b7b9487e0740e326cf59585d1bc382fc,OFFLINE,2021-10-08 07:08:02.306000+00:00,2021-10-08 07:38:55.333000+00:00,88,07B,70,10D023CEE6CC12F06C576EB33402E56B,0.02144707175925926,7,Friday,7,Friday,2021-10-08 00:00:00+00:00,2021-10-15 00:00:00+00:00,True,3,1
2f030a7f9b2e9f13e187ed2b2bd9c9c1,OFFLINE,2021-10-05 14:21:44.101000+00:00,2021-10-08 07:40:42.180000+00:00,78,300,50,7E701822D80EF10DEBEA008731637EA3,2.7215055439814813,7,Friday,14,Tuesday,2021-10-08 00:00:00+00:00,2021-10-15 00:00:00+00:00,True,4,1
17b25af73b91e91ee1e7c0cdcb11354f,OFFLINE,2021-10-08 05:26:05.471000+00:00,2021-10-08 08:16:13.104000+00:00,76,1EF,170,2C10D809ABD31810F4E95F4E500EFA7E,0.11814390046296296,8,Friday,5,Friday,2021-10-08 00:00:00+00:00,2021-10-15 00:00:00+00:00,True,2,0
b50dd4bb387df0795ad32405510fa7c6,OFFLINE,2021-10-08 04:52:49.378000+00:00,2021-10-08 08:48:24.999000+00:00,78,07B,148,4E8E60427140A514537C374BAA698D32,0.16360672453703703,8,Friday,4,Friday,2021-10-08 00:00:00+00:00,2021-10-15 00:00:00+00:00,True,3,1
e777303650e604c41cf8520bffe15c97,OFFLINE,2021-10-08 04:27:07.236000+00:00,2021-10-08 09:17:32.603000+00:00,78,1EF,125,195FD095D9D7F47943113AF2CBCF9A75,0.2016824884259259,9,Friday,4,Friday,2021-10-08 00:00:00+00:00,2021-10-15 00:00:00+00:00,True,6,1
6ff0bf2ac8966bc24c9654e1827d2eab,ONLINE,2021-10-08 09:04:34.267000+00:00,2021-10-08 09:21:28.806000+00:00,78,300,89,D3CEA8B57F07B785543EDB2058A190CE,0.011742349537037037,9,Friday,9,Friday,2021-10-08 00:00:00+00:00,2021-10-15 00:00:00+00:00,True,0,0
b09bd2bc7c523c5751191d4397d546c5,OFFLINE,2021-10-07 19:18:00.685000+00:00,2021-10-08 09:29:49.573000+00:00,78,07B,58,4E8E60427140A514537C374BAA698D32,0.5915380555555555,9,Friday,19,Thursday,2021-10-08 00:00:00+00:00,2021-10-15 00:00:00+00:00,True,6,1
c7c703a99a4a2b98a243ece532a59f4d,OFFLINE,2021-10-01 06:08:45.901000+00:00,2021-10-08 10:02:54.872000+00:00,78,1EF,85,F53472DBCC26A0D6A6D02DDAAB396785,7.162603831018519,10,Friday,6,Friday,2021-10-08 00:00:00+00:00,2021-10-15 00:00:00+00:00,True,0,0
cf92c019f6d6ffe4577eea011509923d,OFFLINE,2021-10-08 09:59:24.891000+00:00,2021-10-08 10:29:09.218000+00:00,78,300,96,90C3452EF4D2B2390B45A9D5554A8F65,0.02065193287037037,10,Friday,9,Friday,2021-10-08 00:00:00+00:00,2021-10-15 00:00:00+00:00,True,0,0
5948eaad30963fef17f58e547cb5b38e,ONLINE,2021-10-08 09:41:24.603000+00:00,2021-10-08 10:32:38.325000+00:00,78,300,188,364A975FE43F5678164266B2B0E8A237,0.03557548611111112,10,Friday,9,Friday,2021-10-08 00:00:00+00:00,2021-10-15 00:00:00+00:00,True,4,1
73b4bce61e5854be612cd3f92007fedc,OFFLINE,2021-10-08 08:50:03.306000+00:00,2021-10-08 10:36:47.881000+00:00,78,07B,50,D03E45AE45CAFB97B315F3E4A7C2D615,0.07412702546296296,10,Friday,8,Friday,2021-10-08 00:00:00+00:00,2021-10-15 00:00:00+00:00,True,3,1
4f2fa31ed371e54967d4bec2565eebec,ONLINE,2021-10-08 09:36:51.266000+00:00,2021-10-08 10:42:07.537000+00:00,78,300,108,7E701822D80EF10DEBEA008731637EA3,0.04532721064814815,10,Friday,9,Friday,2021-10-08 00:00:00+00:00,2021-10-15 00:00:00+00:00,True,3,1
88922b6f28d8ac8fd7d9c001e3aef29d,OFFLINE,2021-10-08 10:19:10.869000+00:00,2021-10-08 10:49:05.883000+00:00,90,07B,151,2D9F8B5DDB0A7BD6F060DBAA34EC0CFF,0.020775625,10,Friday,10,Friday,2021-10-08 00:00:00+00:00,2021-10-15 00:00:00+00:00,True,1,0
673f2cf612e650bced2fabf5e7a70508,OFFLINE,2021-10-08 10:53:10.597000+00:00,2021-10-08 11:19:44.308000+00:00,78,07B,96,EEDD0125ADF9CD4325E56C39462533F5,0.018445729166666668,11,Friday,10,Friday,2021-10-08 00:00:00+00:00,2021-10-15 00:00:00+00:00,True,1,0
7635bfccfb46c8a822cbf6aa490bcfe3,OFFLINE,2021-10-08 10:43:25.816000+00:00,2021-10-08 11:21:52.592000+00:00,78,07B,139,3B56EC028568E71AF10B3360787CD0BC,0.026698796296296293,11,Friday,10,Friday,2021-10-08 00:00:00+00:00,2021-10-15 00:00:00+00:00,True,2,0
e9ab5b236f66eb448330e88c565dbacf,ONLINE,2021-10-08 10:29:20.740000+00:00,2021-10-08 11:23:07.198000+00:00,78,07B,50,0788D330C960376CA8EF0D842E5443A4,0.03734326388888889,11,Friday,10,Friday,2021-10-08 00:00:00+00:00,2021-10-15 00:00:00+00:00,True,1,0
cf402c0f6394204cc785d80510b63215,OFFLINE,2021-10-08 11:17:04.023000+00:00,2021-10-08 11:44:52.758000+00:00,78,300,106,526A1D40F50BBB44821C0C0FDE8E16B7,0.0193140625,11,Friday,11,Friday,2021-10-08 00:00:00+00:00,2021-10-15 00:00:00+00:00,True,1,0
5b0d373a57b377a814720de3d22139eb,OFFLINE,2021-10-08 10:08:11.237000+00:00,2021-10-08 11:47:10.454000+00:00,76,300,287,526A1D40F50BBB44821C0C0FDE8E16B7,0.0687409375,11,Friday,10,Friday,2021-10-08 00:00:00+00:00,2021-10-15 00:00:00+00:00,True,0,0
8d9a5efc4ef931bc330632ea55c086be,ONLINE,2021-10-08 10:54:42.457000+00:00,2021-10-08 11:50:38.211000+00:00,78,300,50,2CFC40A84BB49F39102A60211ED177E8,0.03883974537037037,11,Friday,10,Friday,2021-10-08 00:00:00+00:00,2021-10-15 00:00:00+00:00,True,3,1
56966dccc97b1102a639d6d3a1e170a3,OFFLINE,2021-10-07 17:57:58.937000+00:00,2021-10-08 12:03:48.271000+00:00,78,1EF,122,4DBE83E28F1DFA3ED9C79A2C577BFBDE,0.7540432175925926,12,Friday,17,Thursday,2021-10-08 00:00:00+00:00,2021-10-15 00:00:00+00:00,True,4,1
66bc8d89ab683f33a07bfb87b08b1b1e,OFFLINE,2021-10-08 11:53:25.014000+00:00,2021-10-08 12:09:09.994000+00:00,78,1EF,82,2C10D809ABD31810F4E95F4E500EFA7E,0.010937268518518518,12,Friday,11,Friday,2021-10-08 00:00:00+00:00,2021-10-15 00:00:00+00:00,True,5,1
bb868db164ea8c23683c61886ca54fa0,ONLINE,2021-10-07 22:58:25.848000+00:00,2021-10-08 12:34:28.800000+00:00,80,1EF,320,740CB1CA2BD83B3276B092195A6EB883,0.5667008333333333,12,Friday,22,Thursday,2021-10-08 00:00:00+00:00,2021-10-15 00:00:00+00:00,True,1,0
cdd1301f9b40c4d137a093fb27bf3bc8,ONLINE,2021-10-08 04:17:57.167000+00:00,2021-10-08 12:49:59.234000+00:00,78,1EF,65,08A9B54E00545ECCD369B8E5D2692E9F,0.35557947916666666,12,Friday,4,Friday,2021-10-08 00:00:00+00:00,2021-10-15 00:00:00+00:00,True,2,0
780a9448aa2390f4ce93b7b153266e9f,ONLINE,2021-10-08 11:03:33.443000+00:00,2021-10-08 13:01:07.934000+00:00,78,300,143,526A1D40F50BBB44821C0C0FDE8E16B7,0.08164920138888888,13,Friday,11,Friday,2021-10-08 00:00:00+00:00,2021-10-15 00:00:00+00:00,True,6,1
9553c364e690ad0a53f0b30ca50e4ef7,OFFLINE,2021-10-08 13:03:56.404000+00:00,2021-10-08 13:38:18.669000+00:00,78,1EF,120,96C3C752FA22E3A6918ADE4F355D3F8D,0.02386880787037037,13,Friday,13,Friday,2021-10-08 00:00:00+00:00,2021-10-15 00:00:00+00:00,True,1,0
459d2753fc90f8b9d192457b69ca84d9,ONLINE,2021-10-08 06:22:50.700000+00:00,2021-10-08 13:42:22.999000+00:00,78,300,137,D3CEA8B57F07B785543EDB2058A190CE,0.3052349421296296,13,Friday,6,Friday,2021-10-08 00:00:00+00:00,2021-10-15 00:00:00+00:00,True,5,1
dae2c8a75f0c983839f6ecb6a748a973,OFFLINE,2021-10-07 04:46:28.453000+00:00,2021-10-08 13:49:46.359000+00:00,78,300,85,364A975FE43F5678164266B2B0E8A237,1.3772905787037037,13,Friday,4,Thursday,2021-10-08 00:00:00+00:00,2021-10-15 00:00:00+00:00,True,0,0
11b4ef2bc2fa515cc6d830f569df3d25,OFFLINE,2021-10-08 08:20:56.968000+00:00,2021-10-08 13:56:31.407000+00:00,78,1EF,60,F5D32DD994477BAC9E1ACC96D65A0972,0.23303748842592592,13,Friday,8,Friday,2021-10-08 00:00:00+00:00,2021-10-15 00:00:00+00:00,True,4,1
5f5170f50a9898c79ec6c4e86cd301c8,ONLINE,2021-10-07 07:48:06.392000+00:00,2021-10-08 14:20:51.480000+00:00,78,1EF,170,D5CECB3D35FF9FEF0E46207CFE4A5F29,1.272744074074074,14,Friday,7,Thursday,2021-10-08 00:00:00+00:00,2021-10-15 00:00:00+00:00,True,2,0
29d3ff96571476abc872b240555cf0e7,ONLINE,2021-10-08 14:12:04.651000+00:00,2021-10-08 14:40:59.515000+00:00,78,07B,82,C142F51706DA139EC3DCAA250682C61A,0.020079444444444445,14,Friday,14,Friday,2021-10-08 00:00:00+00:00,2021-10-15 00:00:00+00:00,True,3,1
ab1bfd110dfe849b0c21af36b85430ff,OFFLINE,2021-10-08 14:29:06.987000+00:00,2021-10-08 14:42:19.631000+00:00,78,300,50,FE36AB62B577062A120ECAC46197F080,0.00917412037037037,14,Friday,14,Friday,2021-10-08 00:00:00+00:00,2021-10-15 00:00:00+00:00,True,1,0
46dec846fb5dc20498d0c7e2e1996154,OFFLINE,2021-10-08 13:20:33.129000+00:00,2021-10-08 14:48:36.439000+00:00,78,300,99,89D534629771B04F61D1971C3068D1BD,0.0611494212962963,14,Friday,13,Friday,2021-10-08 00:00:00+00:00,2021-10-15 00:00:00+00:00,True,3,1
5d276f4e5b86b3ab0d5986489a92f690,OFFLINE,2021-10-03 16:44:57.399000+00:00,2021-10-08 15:29:27.012000+00:00,78,07B,50,3B56EC028568E71AF10B3360787CD0BC,4.947564965277778,15,Friday,16,Sunday,2021-10-08 00:00:00+00:00,2021-10-15 00:00:00+00:00,True,4,1
b28c7d90e0e57ba8f76af94c4d87b863,ONLINE,2021-10-08 14:39:47.291000+00:00,2021-10-08 15:33:17.372000+00:00,78,1EF,179,08A9B54E00545ECCD369B8E5D2692E9F,0.03715371527777778,15,Friday,14,Friday,2021-10-08 00:00:00+00:00,2021-10-15 00:00:00+00:00,True,0,0
864086242ec5dac42c128c26e5bf4361,OFFLINE,2021-10-08 10:41:26.186000+00:00,2021-10-08 15:38:03.857000+00:00,78,1EF,82,740CB1CA2BD83B3276B092195A6EB883,0.20599156249999998,15,Friday,10,Friday,2021-10-08 00:00:00+00:00,2021-10-15 00:00:00+00:00,True,5,1
dfcb6b87b84e16c7739a13dd2573f4c1,ONLINE,2021-10-08 15:28:36.222000+00:00,2021-10-08 15:42:26.760000+00:00,78,1EF,60,A00AF20362FBDDE9E3869D787E4693AF,0.009612708333333334,15,Friday,15,Friday,2021-10-08 00:00:00+00:00,2021-10-15 00:00:00+00:00,True,7,1
cc36cb5b6143c1da58e2809301bc2495,OFFLINE,2021-10-07 18:23:54.145000+00:00,2021-10-08 15:43:47.721000+00:00,78,07B,183,56129BC950F9E18A9F5DF651D9D267D1,0.8888145370370371,15,Friday,18,Thursday,2021-10-08 00:00:00+00:00,2021-10-15 00:00:00+00:00,True,4,1
924022282a0a15e9d7d74fcb8f6ceede,OFFLINE,2021-10-08 15:38:13.272000+00:00,2021-10-08 16:16:30.027000+00:00,78,1EF,151,4DF70D744AB4B2076706A37F1EBAC6B9,0.0265828125,16,Friday,15,Friday,2021-10-08 00:00:00+00:00,2021-10-15 00:00:00+00:00,True,3,1
8e746161c0bf1206ce876950762836f2,ONLINE,2021-10-08 16:22:44.712000+00:00,2021-10-08 16:39:59.671000+00:00,78,300,79,89D534629771B04F61D1971C3068D1BD,0.01197869212962963,16,Friday,16,Friday,2021-10-08 00:00:00+00:00,2021-10-15 00:00:00+00:00,True,3,1
23551ca74442f01b1405082b07ca82da,ONLINE,2021-10-08 09:46:05.680000+00:00,2021-10-08 17:12:53.056000+00:00,78,07B,66,EE735FFED3A6072D13A30636E658A03A,0.31027055555555555,17,Friday,9,Friday,2021-10-08 00:00:00+00:00,2021-10-15 00:00:00+00:00,True,4,1
1f8951769cbef49162d728b91c26e732,OFFLINE,2021-10-04 17:03:01.113000+00:00,2021-10-08 17:36:03.324000+00:00,78,300,124,7E701822D80EF10DEBEA008731637EA3,4.022942256944445,17,Friday,17,Monday,2021-10-08 00:00:00+00:00,2021-10-15 00:00:00+00:00,True,6,1
9ee24b7dd9edd4fb080b83220c50e463,OFFLINE,2021-10-08 07:51:56.511000+00:00,2021-10-08 17:49:19.094000+00:00,78,1EF,206,96C3C752FA22E3A6918ADE4F355D3F8D,0.41484471064814815,17,Friday,7,Friday,2021-10-08 00:00:00+00:00,2021-10-15 00:00:00+00:00,True,4,1
6c5be7c869098e7ac117f5acf46715a0,OFFLINE,2021-10-06 08:24:44.774000+00:00,2021-10-08 17:50:20.673000+00:00,78,300,71,4FB52D1F31461850C15CC1C15A02931B,2.3927766087962965,17,Friday,8,Wednesday,2021-10-08 00:00:00+00:00,2021-10-15 00:00:00+00:00,True,1,0
d9d3635a08ecee583dfabff9650a5e4a,OFFLINE,2021-10-08 09:35:24.640000+00:00,2021-10-08 18:01:53.066000+00:00,78,300,85,7E701822D80EF10DEBEA008731637EA3,0.3517178935185185,18,Friday,9,Friday,2021-10-08 00:00:00+00:00,2021-10-15 00:00:00+00:00,True,5,1
9cd66107cb749fc64fab0d616a0c51a4,OFFLINE,2021-10-08 17:32:00.976000+00:00,2021-10-08 18:07:53.869000+00:00,78,1EF,60,F11BA079658F860875013A84EC1AEA2B,0.024917743055555556,18,Friday,17,Friday,2021-10-08 00:00:00+00:00,2021-10-15 00:00:00+00:00,True,4,1
3eff625471e1b427911db18ee6fa3cf1,ONLINE,2021-10-08 17:48:59.507000+00:00,2021-10-08 18:08:04.233000+00:00,78,07B,63,2CF9D19CE125793D17A0B4C371AB7AFD,0.01324914351851852,18,Friday,17,Friday,2021-10-08 00:00:00+00:00,2021-10-15 00:00:00+00:00,True,0,0
fd8bae585489858d8905de001f1e5323,OFFLINE,2021-10-08 17:18:52.258000+00:00,2021-10-08 18:48:28.848000+00:00,78,1EF,194,FF6F2DDF8AB23F3461E39CE6531C7EAB,0.06222905092592593,18,Friday,17,Friday,2021-10-08 00:00:00+00:00,2021-10-15 00:00:00+00:00,True,2,0
fb0cee18986b80ca8f11235e7af0a720,OFFLINE,2021-10-08 18:18:09.624000+00:00,2021-10-08 18:49:23.662000+00:00,90,07B,99,4E8E60427140A514537C374BAA698D32,0.02169025462962963,18,Friday,18,Friday,2021-10-08 00:00:00+00:00,2021-10-15 00:00:00+00:00,True,0,0
c7f2e2dbf26a9e0c19af1a76539e09a6,ONLINE,2021-10-08 19:45:54.807000+00:00,2021-10-08 20:42:03.650000+00:00,78,1EF,122,1162FF15A2450469905B590D62F7746E,0.038991238425925924,20,Friday,19,Friday,2021-10-08 00:00:00+00:00,2021-10-15 00:00:00+00:00,True,1,0
f4e20a920bbc1d0b6bf8ecb46ac70c56,ONLINE,2021-10-08 20:15:28.125000+00:00,2021-10-08 20:45:26.374000+00:00,78,07B,146,2CF9D19CE125793D17A0B4C371AB7AFD,0.02081306712962963,20,Friday,20,Friday,2021-10-08 00:00:00+00:00,2021-10-15 00:00:00+00:00,True,4,1
269028e6464c094ff5cba5ee261ac5ee,OFFLINE,2021-10-07 09:19:48.573000+00:00,2021-10-08 21:00:02.680000+00:00,78,300,130,2630D6FC6433A9A4C1C906C0D64BDDE1,1.4862743865740742,21,Friday,9,Thursday,2021-10-08 00:00:00+00:00,2021-10-15 00:00:00+00:00,True,1,0
22e9cc83b223d0c229850da4e29063fd,ONLINE,2021-10-08 19:58:57.470000+00:00,2021-10-08 21:06:15.455000+00:00,78,07B,200,B79C3A36345A4588BD73EBFFC22B9D01,0.046735937500000005,21,Friday,19,Friday,2021-10-08 00:00:00+00:00,2021-10-15 00:00:00+00:00,True,3,1
311f8215592b9bd0293ea52ef02e0e69,ONLINE,2021-10-08 23:24:54.515000+00:00,2021-10-09 00:06:46.664000+00:00,78,300,121,08379264459A6EF0F8052CC20B9DD41F,0.02907579861111111,0,Saturday,23,Friday,2021-10-09 00:00:00+00:00,2021-10-16 00:00:00+00:00,True,0,0
4fb8505bbb5452c07f63bd2af6bc84de,ONLINE,2021-10-08 23:07:12.870000+00:00,2021-10-09 00:06:52.172000+00:00,78,300,50,7E701822D80EF10DEBEA008731637EA3,0.041427106481481485,0,Saturday,23,Friday,2021-10-09 00:00:00+00:00,2021-10-16 00:00:00+00:00,True,4,1
2b57bc0bb1faddd4c5a1d138103a3571,OFFLINE,2021-10-08 16:43:44.844000+00:00,2021-10-09 01:11:05.919000+00:00,78,07B,104,EE735FFED3A6072D13A30636E658A03A,0.35232725694444444,1,Saturday,16,Friday,2021-10-09 00:00:00+00:00,2021-10-16 00:00:00+00:00,True,4,1
f9a6b9cb3c4bbf9ee1aa3121073300bd,OFFLINE,2021-10-04 03:48:44.059000+00:00,2021-10-09 02:22:11.835000+00:00,78,1EF,176,F4C330A3091E324FECCFB7CBE86F44E1,4.939904814814815,2,Saturday,3,Monday,2021-10-09 00:00:00+00:00,2021-10-16 00:00:00+00:00,True,3,1
e42f06a1bb7aaf749970a897bd3d1687,OFFLINE,2021-10-05 02:08:51.610000+00:00,2021-10-09 02:44:06.919000+00:00,78,300,135,2630D6FC6433A9A4C1C906C0D64BDDE1,4.024482743055556,2,Saturday,2,Tuesday,2021-10-09 00:00:00+00:00,2021-10-16 00:00:00+00:00,True,5,1
7ee829c6ceb63c2e9b082b2c42759df9,ONLINE,2021-10-09 02:30:13.751000+00:00,2021-10-09 02:55:59.071000+00:00,78,07B,103,EE735FFED3A6072D13A30636E658A03A,0.017885648148148147,2,Saturday,2,Saturday,2021-10-09 00:00:00+00:00,2021-10-16 00:00:00+00:00,True,4,1
5789f7002064b6d86b896e6e39e19127,OFFLINE,2021-10-09 01:44:55.833000+00:00,2021-10-09 03:08:27.708000+00:00,78,07B,116,9F9E66046BADAE5ABE94708CED879416,0.0580078125,3,Saturday,1,Saturday,2021-10-09 00:00:00+00:00,2021-10-16 00:00:00+00:00,True,2,0
ff45f7c380832a5174775ef9decf9ae7,OFFLINE,2021-10-08 20:09:35.047000+00:00,2021-10-09 03:14:36.359000+00:00,78,07B,89,EE735FFED3A6072D13A30636E658A03A,0.29515407407407407,3,Saturday,20,Friday,2021-10-09 00:00:00+00:00,2021-10-16 00:00:00+00:00,True,4,1
d25f7f96dc830c6c71a14fd51a6fdc41,ONLINE,2021-10-03 14:13:15.176000+00:00,2021-10-09 03:59:02.432000+00:00,78,07B,56,2D9F8B5DDB0A7BD6F060DBAA34EC0CFF,5.573463611111111,3,Saturday,14,Sunday,2021-10-09 00:00:00+00:00,2021-10-16 00:00:00+00:00,True,5,1
41e3d845644424192584330a444bc8a5,OFFLINE,2021-10-08 18:56:07.358000+00:00,2021-10-09 04:00:38.649000+00:00,78,07B,105,3B56EC028568E71AF10B3360787CD0BC,0.37813994212962965,4,Saturday,18,Friday,2021-10-09 00:00:00+00:00,2021-10-16 00:00:00+00:00,True,2,0
3beec023423321581e833872f1fcbba9,OFFLINE,2021-10-07 15:43:45.162000+00:00,2021-10-09 04:14:34.662000+00:00,78,07B,50,4ECC8B694F4BB262BDD4B0A85952B71A,1.52140625,4,Saturday,15,Thursday,2021-10-09 00:00:00+00:00,2021-10-16 00:00:00+00:00,True,3,1
1d3595f7e960aec1b8625c364c93fd6e,OFFLINE,2021-10-08 10:05:07.250000+00:00,2021-10-09 04:26:15.551000+00:00,78,1EF,97,2C10D809ABD31810F4E95F4E500EFA7E,0.7646794097222223,4,Saturday,10,Friday,2021-10-09 00:00:00+00:00,2021-10-16 00:00:00+00:00,True,5,1
8102533d73a2a84ae33360a991dacf12,OFFLINE,2021-10-09 04:12:14.919000+00:00,2021-10-09 04:43:05.607000+00:00,78,1EF,110,F066DEFF7409FE06BB3F4539FBDF12A4,0.02142,4,Saturday,4,Saturday,2021-10-09 00:00:00+00:00,2021-10-16 00:00:00+00:00,True,0,0
0848c4a143f4ee52fa404557d8227a3a,OFFLINE,2021-10-09 04:15:36.168000+00:00,2021-10-09 04:45:41.298000+00:00,78,07B,107,4575953E5DD96D9E301B05E12FB12540,0.020892708333333336,4,Saturday,4,Saturday,2021-10-09 00:00:00+00:00,2021-10-16 00:00:00+00:00,True,1,0
e8028797057d6f92637bfc6420fb31c9,ONLINE,2021-10-09 04:36:19.263000+00:00,2021-10-09 05:10:01.624000+00:00,78,07B,130,EEDD0125ADF9CD4325E56C39462533F5,0.02340695601851852,5,Saturday,4,Saturday,2021-10-09 00:00:00+00:00,2021-10-16 00:00:00+00:00,True,0,0
082cb9e1ebde0c5f0ded495e71915a54,OFFLINE,2021-10-09 04:57:21.845000+00:00,2021-10-09 05:13:25.173000+00:00,78,07B,65,2D9F8B5DDB0A7BD6F060DBAA34EC0CFF,0.011149629629629629,5,Saturday,4,Saturday,2021-10-09 00:00:00+00:00,2021-10-16 00:00:00+00:00,True,6,1
8c2aea84a6c580ac573a2c9357e1f035,OFFLINE,2021-10-08 06:22:06.449000+00:00,2021-10-09 05:19:26.093000+00:00,78,300,50,6C95625CBBEF8E86248B347AF84368A0,0.9564773611111111,5,Saturday,6,Friday,2021-10-09 00:00:00+00:00,2021-10-16 00:00:00+00:00,True,2,0
0d14d83cc5231a5d08eecfbf1cb5b638,OFFLINE,2021-10-08 06:13:56.739000+00:00,2021-10-09 05:19:34.204000+00:00,78,300,50,6C95625CBBEF8E86248B347AF84368A0,0.9622391782407407,5,Saturday,6,Friday,2021-10-09 00:00:00+00:00,2021-10-16 00:00:00+00:00,True,2,0
38887d6ad52fa13a04e23aeab4a5b3f5,OFFLINE,2021-10-08 06:17:15.013000+00:00,2021-10-09 05:19:43.267000+00:00,78,300,50,6C95625CBBEF8E86248B347AF84368A0,0.9600492361111111,5,Saturday,6,Friday,2021-10-09 00:00:00+00:00,2021-10-16 00:00:00+00:00,True,2,0
9b1d4385d47e9fe41e08b85eae37ace8,OFFLINE,2021-10-09 04:24:18.739000+00:00,2021-10-09 05:22:18.205000+00:00,78,07B,232,B0B076A3064F0AEA0A2AAC679ECE5F62,0.04027159722222222,5,Saturday,4,Saturday,2021-10-09 00:00:00+00:00,2021-10-16 00:00:00+00:00,True,6,1
63461c99671a5acfa77b346058b9b58d,ONLINE,2021-10-07 16:52:50.688000+00:00,2021-10-09 05:31:08.100000+00:00,78,07B,122,10D023CEE6CC12F06C576EB33402E56B,1.5265904166666668,5,Saturday,16,Thursday,2021-10-09 00:00:00+00:00,2021-10-16 00:00:00+00:00,True,6,1
13e2b0d53ede72ad79b1c84b89eeffc9,ONLINE,2021-10-09 04:01:40.139000+00:00,2021-10-09 05:33:29.636000+00:00,78,07B,180,C142F51706DA139EC3DCAA250682C61A,0.06376732638888889,5,Saturday,4,Saturday,2021-10-09 00:00:00+00:00,2021-10-16 00:00:00+00:00,True,2,0
7ae004095e8fe7ad565c1e180eec081f,ONLINE,2021-10-09 05:21:42.283000+00:00,2021-10-09 05:43:12.642000+00:00,78,300,79,E56AE16934A0D29EBF24915402A7E5ED,0.014934710648148147,5,Saturday,5,Saturday,2021-10-09 00:00:00+00:00,2021-10-16 00:00:00+00:00,True,1,0
576588e4a0f04d156ca44cb73e1d9bf7,OFFLINE,2021-10-08 11:49:10.107000+00:00,2021-10-09 06:04:57.135000+00:00,80,1EF,70,2C10D809ABD31810F4E95F4E500EFA7E,0.7609609722222223,6,Saturday,11,Friday,2021-10-09 00:00:00+00:00,2021-10-16 00:00:00+00:00,True,5,1
60c184147ea242878cc419f39a3253f6,OFFLINE,2021-10-09 06:27:02.943000+00:00,2021-10-09 06:44:49.012000+00:00,78,300,67,D3CEA8B57F07B785543EDB2058A190CE,0.012338761574074073,6,Saturday,6,Saturday,2021-10-09 00:00:00+00:00,2021-10-16 00:00:00+00:00,True,2,0
0c6a2b5dae8d762ad38795d325a9b119,OFFLINE,2021-10-07 07:39:38.672000+00:00,2021-10-09 06:46:10.480000+00:00,78,300,88,09B36CB8AB7325477B80E99BE8FB2D02,1.962868148148148,6,Saturday,7,Thursday,2021-10-09 00:00:00+00:00,2021-10-16 00:00:00+00:00,True,4,1
0cd34318e4a5eafbcd5894164b012f60,OFFLINE,2021-10-09 06:07:00.282000+00:00,2021-10-09 06:57:21.610000+00:00,78,07B,168,C142F51706DA139EC3DCAA250682C61A,0.034969074074074076,6,Saturday,6,Saturday,2021-10-09 00:00:00+00:00,2021-10-16 00:00:00+00:00,True,4,1
bbcd543e79a7c20e7879781361dda57c,OFFLINE,2021-10-09 05:38:32.483000+00:00,2021-10-09 07:06:53.458000+00:00,78,1EF,60,7B36B12A4C581DFCF8BF406AECA45564,0.06135387731481482,7,Saturday,5,Saturday,2021-10-09 00:00:00+00:00,2021-10-16 00:00:00+00:00,True,5,1
9c8b1bb36cf163c138c72f3082b4b91e,ONLINE,2021-10-06 20:09:03.354000+00:00,2021-10-09 07:18:08.282000+00:00,78,07B,196,294B021232C509826A57AC3136B8ABDD,2.4646403703703705,7,Saturday,20,Wednesday,2021-10-09 00:00:00+00:00,2021-10-16 00:00:00+00:00,True,3,1
b6c9487a1f8db57494217bb60d4c1bc3,ONLINE,2021-10-09 07:12:06.942000+00:00,2021-10-09 07:29:54.311000+00:00,78,07B,67,EEDD0125ADF9CD4325E56C39462533F5,0.01235380787037037,7,Saturday,7,Saturday,2021-10-09 00:00:00+00:00,2021-10-16 00:00:00+00:00,True,1,0
a2d6ad67c3a35cada13ddb768e03ddb5,ONLINE,2021-10-01 11:02:59.123000+00:00,2021-10-09 07:33:03.642000+00:00,78,07B,50,2D9F8B5DDB0A7BD6F060DBAA34EC0CFF,7.854218969907407,7,Saturday,11,Friday,2021-10-09 00:00:00+00:00,2021-10-16 00:00:00+00:00,True,5,1
3e13a20045c7f3f2b4eb0d7e60c61c30,OFFLINE,2021-10-09 07:14:28.985000+00:00,2021-10-09 07:38:50.611000+00:00,78,07B,57,B0B076A3064F0AEA0A2AAC679ECE5F62,0.01691696759259259,7,Saturday,7,Saturday,2021-10-09 00:00:00+00:00,2021-10-16 00:00:00+00:00,True,2,0
47f76de3b5eb7946b500dd71eb6bb036,ONLINE,2021-10-09 07:16:34.507000+00:00,2021-10-09 07:51:54.085000+00:00,78,1EF,66,FF6F2DDF8AB23F3461E39CE6531C7EAB,0.024532152777777778,7,Saturday,7,Saturday,2021-10-09 00:00:00+00:00,2021-10-16 00:00:00+00:00,True,4,1
9111e4574b7ad726e77480fbe2f366fc,OFFLINE,2021-10-08 17:53:33.837000+00:00,2021-10-09 07:52:15.771000+00:00,78,07B,292,4ECC8B694F4BB262BDD4B0A85952B71A,0.5824297916666666,7,Saturday,17,Friday,2021-10-09 00:00:00+00:00,2021-10-16 00:00:00+00:00,True,6,1
3f5a4efdc49a338d6f50a6ee65cfee88,OFFLINE,2021-10-08 22:18:40.229000+00:00,2021-10-09 08:01:26.419000+00:00,78,07B,50,10D023CEE6CC12F06C576EB33402E56B,0.4047012731481482,8,Saturday,22,Friday,2021-10-09 00:00:00+00:00,2021-10-16 00:00:00+00:00,True,4,1
a93c8312b04e15a787cf7ab433f9c68a,OFFLINE,2021-10-09 05:16:48.257000+00:00,2021-10-09 08:29:21.812000+00:00,78,1EF,60,5CD6463B9C20BA10DA25A431F2D844A6,0.1337217013888889,8,Saturday,5,Saturday,2021-10-09 00:00:00+00:00,2021-10-16 00:00:00+00:00,True,1,0
3a9a4b2ba9e1f216aefbe991dbaf8d8f,OFFLINE,2021-10-09 08:21:40.446000+00:00,2021-10-09 08:36:31.378000+00:00,78,1EF,85,F4C330A3091E324FECCFB7CBE86F44E1,0.010311712962962963,8,Saturday,8,Saturday,2021-10-09 00:00:00+00:00,2021-10-16 00:00:00+00:00,True,0,0
2b3e069f27b0a1661af9057ab32b0805,OFFLINE,2021-10-09 07:26:18.067000+00:00,2021-10-09 08:44:56.463000+00:00,76,300,271,08379264459A6EF0F8052CC20B9DD41F,0.054611064814814814,8,Saturday,7,Saturday,2021-10-09 00:00:00+00:00,2021-10-16 00:00:00+00:00,True,1,0
f6918b2ecabec4df486f1bb4f1e47093,OFFLINE,2021-10-09 07:22:40.158000+00:00,2021-10-09 08:50:39.262000+00:00,78,300,50,F01C49A6AA0D833D3333DEA9AC883637,0.06110074074074075,8,Saturday,7,Saturday,2021-10-09 00:00:00+00:00,2021-10-16 00:00:00+00:00,True,4,1
d1d2239370a536bfcbcba91cb7f8bc86,OFFLINE,2021-10-09 07:41:32.041000+00:00,2021-10-09 08:51:09.665000+00:00,78,300,50,F01C49A6AA0D833D3333DEA9AC883637,0.04835212962962963,8,Saturday,7,Saturday,2021-10-09 00:00:00+00:00,2021-10-16 00:00:00+00:00,True,4,1
e344f6bfe8a1f22c169194211301355c,OFFLINE,2021-10-09 08:31:05.142000+00:00,2021-10-09 08:51:57.328000+00:00,78,1EF,94,F6AD024DDBE30DC433E2D9BE8AB5CBDC,0.014492893518518518,8,Saturday,8,Saturday,2021-10-09 00:00:00+00:00,2021-10-16 00:00:00+00:00,True,5,1
8549855cb5725093149f9e5af6a3971d,OFFLINE,2021-10-09 07:16:54.161000+00:00,2021-10-09 08:52:32.305000+00:00,78,300,50,F01C49A6AA0D833D3333DEA9AC883637,0.06641370370370371,8,Saturday,7,Saturday,2021-10-09 00:00:00+00:00,2021-10-16 00:00:00+00:00,True,5,1
59d3ba7ce0a320f5de162e9d77674379,OFFLINE,2021-10-09 07:19:44.958000+00:00,2021-10-09 08:52:55.132000+00:00,78,300,50,F01C49A6AA0D833D3333DEA9AC883637,0.06470108796296296,8,Saturday,7,Saturday,2021-10-09 00:00:00+00:00,2021-10-16 00:00:00+00:00,True,5,1
ef5bc7b5c2e0c2986f8d9ffeb4d5fc59,OFFLINE,2021-10-08 08:07:05.027000+00:00,2021-10-09 08:58:22.479000+00:00,78,300,86,7E701822D80EF10DEBEA008731637EA3,1.0356186574074076,8,Saturday,8,Friday,2021-10-09 00:00:00+00:00,2021-10-16 00:00:00+00:00,True,4,1
078c789d32f496c5b46eebdbc4eeec79,OFFLINE,2021-10-07 08:30:38.970000+00:00,2021-10-09 09:06:06.087000+00:00,78,300,50,6C95625CBBEF8E86248B347AF84368A0,2.0246194097222223,9,Saturday,8,Thursday,2021-10-09 00:00:00+00:00,2021-10-16 00:00:00+00:00,True,4,1
ce816e822d4ccd8ca45239c269233a00,OFFLINE,2021-10-07 08:27:17.834000+00:00,2021-10-09 09:06:39.287000+00:00,78,300,50,6C95625CBBEF8E86248B347AF84368A0,2.0273316319444445,9,Saturday,8,Thursday,2021-10-09 00:00:00+00:00,2021-10-16 00:00:00+00:00,True,4,1
d8d086940d78f613a4c767b3e023c6f0,ONLINE,2021-10-09 09:01:03.484000+00:00,2021-10-09 09:23:04.123000+00:00,78,300,70,A85A33858C7BB0DCE962E99B2E79BBC4,0.01528517361111111,9,Saturday,9,Saturday,2021-10-09 00:00:00+00:00,2021-10-16 00:00:00+00:00,True,1,0
320528d80705a66fb6973ed8020271c1,OFFLINE,2021-10-08 17:11:20.115000+00:00,2021-10-09 09:28:54.748000+00:00,78,300,110,7E701822D80EF10DEBEA008731637EA3,0.6788730671296297,9,Saturday,17,Friday,2021-10-09 00:00:00+00:00,2021-10-16 00:00:00+00:00,True,5,1
f3525461de6e7e5071b59e13480652d3,OFFLINE,2021-10-09 08:45:07.069000+00:00,2021-10-09 09:29:14.027000+00:00,78,1EF,161,FF6F2DDF8AB23F3461E39CE6531C7EAB,0.030636087962962966,9,Saturday,8,Saturday,2021-10-09 00:00:00+00:00,2021-10-16 00:00:00+00:00,True,6,1
c7deae405c5cce674030a4187b3affd5,OFFLINE,2021-10-09 09:10:46.146000+00:00,2021-10-09 09:31:10.588000+00:00,78,300,112,E56AE16934A0D29EBF24915402A7E5ED,0.014171782407407407,9,Saturday,9,Saturday,2021-10-09 00:00:00+00:00,2021-10-16 00:00:00+00:00,True,2,0
b1224c8f2abbac8b40acc9f30229c137,OFFLINE,2021-10-07 19:41:05.977000+00:00,2021-10-09 10:09:27.721000+00:00,78,07B,149,C142F51706DA139EC3DCAA250682C61A,1.6030294444444446,10,Saturday,19,Thursday,2021-10-09 00:00:00+00:00,2021-10-16 00:00:00+00:00,True,3,1
6557ee43279aed13790f657f6970ebbf,OFFLINE,2021-10-02 19:45:08.526000+00:00,2021-10-09 10:44:37.756000+00:00,78,300,50,1BA53B5BBB76E9903A2CF8FF02C37293,6.62464386574074,10,Saturday,19,Saturday,2021-10-09 00:00:00+00:00,2021-10-16 00:00:00+00:00,True,0,0
9dc5d50ef557ca3cd70e202bb17e724c,ONLINE,2021-10-09 10:28:10.051000+00:00,2021-10-09 10:48:53.744000+00:00,78,1EF,93,BB2033CE2FA4822C957B37DEB445B32C,0.014394594907407408,10,Saturday,10,Saturday,2021-10-09 00:00:00+00:00,2021-10-16 00:00:00+00:00,True,2,0
1a1693af3caf540e8f16cf51c5451972,OFFLINE,2021-10-09 07:46:19.132000+00:00,2021-10-09 10:51:18.022000+00:00,88,300,1152,09B36CB8AB7325477B80E99BE8FB2D02,0.128459375,10,Saturday,7,Saturday,2021-10-09 00:00:00+00:00,2021-10-16 00:00:00+00:00,True,4,1
2cff4af5c92e8797645d53538560159a,ONLINE,2021-10-09 10:51:11.378000+00:00,2021-10-09 11:06:11.152000+00:00,78,1EF,85,7B36B12A4C581DFCF8BF406AECA45564,0.010414050925925926,11,Saturday,10,Saturday,2021-10-09 00:00:00+00:00,2021-10-16 00:00:00+00:00,True,2,0
73a501269f734fec652c55c37429683f,ONLINE,2021-10-09 10:44:45.627000+00:00,2021-10-09 11:11:53.061000+00:00,78,07B,50,4575953E5DD96D9E301B05E12FB12540,0.018836041666666668,11,Saturday,10,Saturday,2021-10-09 00:00:00+00:00,2021-10-16 00:00:00+00:00,True,2,0
83a7b53ec7e08d720727af4eb4931ab9,OFFLINE,2021-10-07 11:39:35.427000+00:00,2021-10-09 11:23:36.367000+00:00,78,300,50,4FB52D1F31461850C15CC1C15A02931B,1.9888997685185186,11,Saturday,11,Thursday,2021-10-09 00:00:00+00:00,2021-10-16 00:00:00+00:00,True,2,0
09a3dc05c9cb1dc2e0f34a079a5fb3b5,OFFLINE,2021-10-09 10:36:31.489000+00:00,2021-10-09 11:40:27.391000+00:00,78,07B,50,4ECC8B694F4BB262BDD4B0A85952B71A,0.04439701388888889,11,Saturday,10,Saturday,2021-10-09 00:00:00+00:00,2021-10-16 00:00:00+00:00,True,6,1
68d80682544fb80f04d8a0ccfb27f687,ONLINE,2021-10-09 12:31:38.529000+00:00,2021-10-09 12:49:58.353000+00:00,78,300,86,15DEDC3B645D743B528945FFB129B0EC,0.012729444444444446,12,Saturday,12,Saturday,2021-10-09 00:00:00+00:00,2021-10-16 00:00:00+00:00,True,5,1
844ae6f9c0fe7da8d38914d6c68142a0,OFFLINE,2021-10-08 12:42:17.655000+00:00,2021-10-09 12:52:31.438000+00:00,78,300,97,E56AE16934A0D29EBF24915402A7E5ED,1.0071039699074074,12,Saturday,12,Friday,2021-10-09 00:00:00+00:00,2021-10-16 00:00:00+00:00,True,3,1
81ec06946fd5b7f0e6e10a4e2785ec20,OFFLINE,2021-10-05 19:01:50.289000+00:00,2021-10-09 12:57:06.086000+00:00,78,07B,101,294B021232C509826A57AC3136B8ABDD,3.7467106134259263,12,Saturday,19,Tuesday,2021-10-09 00:00:00+00:00,2021-10-16 00:00:00+00:00,True,6,1
4e9d39775ea7f8f7f090912d6aa224b3,ONLINE,2021-10-09 12:26:03.575000+00:00,2021-10-09 12:57:27.685000+00:00,78,07B,136,4E8E60427140A514537C374BAA698D32,0.021806828703703703,12,Saturday,12,Saturday,2021-10-09 00:00:00+00:00,2021-10-16 00:00:00+00:00,True,2,0
1274843541164f653a9eb9a46dd51815,ONLINE,2021-10-09 07:19:57.774000+00:00,2021-10-09 13:16:45.431000+00:00,78,07B,191,4E8E60427140A514537C374BAA698D32,0.24777380787037037,13,Saturday,7,Saturday,2021-10-09 00:00:00+00:00,2021-10-16 00:00:00+00:00,True,0,0
af480dce4ac84094fa763305d9964c90,OFFLINE,2021-10-09 09:59:58.342000+00:00,2021-10-09 13:33:37.813000+00:00,78,300,50,E56AE16934A0D29EBF24915402A7E5ED,0.14837350694444443,13,Saturday,9,Saturday,2021-10-09 00:00:00+00:00,2021-10-16 00:00:00+00:00,True,5,1
6a55dd9eb73ec63abdfb197a6370330a,ONLINE,2021-10-05 06:09:54.153000+00:00,2021-10-09 13:58:10.786000+00:00,78,1EF,114,F11BA079658F860875013A84EC1AEA2B,4.325192511574074,13,Saturday,6,Tuesday,2021-10-09 00:00:00+00:00,2021-10-16 00:00:00+00:00,True,3,1
a7853fffe61f41bf4bf3aadff2e42290,OFFLINE,2021-10-06 14:59:49.427000+00:00,2021-10-09 14:03:18.511000+00:00,78,07B,64,10D023CEE6CC12F06C576EB33402E56B,2.960753287037037,14,Saturday,14,Wednesday,2021-10-09 00:00:00+00:00,2021-10-16 00:00:00+00:00,True,3,1
a9859175dd39493ef36274897dd28b5d,OFFLINE,2021-10-08 08:29:43.087000+00:00,2021-10-09 14:04:38.014000+00:00,78,300,139,7E701822D80EF10DEBEA008731637EA3,1.232580173611111,14,Saturday,8,Friday,2021-10-09 00:00:00+00:00,2021-10-16 00:00:00+00:00,True,4,1
c899801f197df691f32a08d7c9eb84a6,OFFLINE,2021-10-06 09:18:36.374000+00:00,2021-10-09 14:14:22.967000+00:00,78,300,50,D3CEA8B57F07B785543EDB2058A190CE,3.2054003819444445,14,Saturday,9,Wednesday,2021-10-09 00:00:00+00:00,2021-10-16 00:00:00+00:00,True,3,1
e30abfe650ce307224e830055576b5f5,ONLINE,2021-10-09 13:46:12.730000+00:00,2021-10-09 14:15:10.614000+00:00,78,07B,108,4ECC8B694F4BB262BDD4B0A85952B71A,0.02011439814814815,14,Saturday,13,Saturday,2021-10-09 00:00:00+00:00,2021-10-16 00:00:00+00:00,True,5,1
2902ad33f1d2ff16bda7448681c2617b,ONLINE,2021-10-09 13:52:35.045000+00:00,2021-10-09 14:16:46.852000+00:00,78,07B,76,2D9F8B5DDB0A7BD6F060DBAA34EC0CFF,0.01680332175925926,14,Saturday,13,Saturday,2021-10-09 00:00:00+00:00,2021-10-16 00:00:00+00:00,True,0,0
89fface71d0bed7e09090d67925cd882,OFFLINE,2021-10-08 09:52:38.320000+00:00,2021-10-09 14:24:17.956000+00:00,78,07B,97,B0B076A3064F0AEA0A2AAC679ECE5F62,1.1886531944444445,14,Saturday,9,Friday,2021-10-09 00:00:00+00:00,2021-10-16 00:00:00+00:00,True,6,1
e26da68eb56aad35e3e48e820bfc25e3,OFFLINE,2021-10-02 14:47:44.843000+00:00,2021-10-09 14:42:10.749000+00:00,78,07B,66,EEDD0125ADF9CD4325E56C39462533F5,6.996133171296296,14,Saturday,14,Saturday,2021-10-09 00:00:00+00:00,2021-10-16 00:00:00+00:00,True,0,0
608633e87485d41c43369373a9031c6c,OFFLINE,2021-10-09 07:51:57.630000+00:00,2021-10-09 14:59:26.385000+00:00,78,300,50,4FD13663B2CCC2D01F0D29437D3FAE5B,0.2968605902777778,14,Saturday,7,Saturday,2021-10-09 00:00:00+00:00,2021-10-16 00:00:00+00:00,True,5,1
2f7d3db6a0c797a98d1f896e172831a1,OFFLINE,2021-10-09 07:55:27.581000+00:00,2021-10-09 14:59:40.322000+00:00,78,300,50,4FD13663B2CCC2D01F0D29437D3FAE5B,0.29459190972222227,14,Saturday,7,Saturday,2021-10-09 00:00:00+00:00,2021-10-16 00:00:00+00:00,True,4,1
d0b522b8b4135e3acfc5fa4c490f6d9b,OFFLINE,2021-10-09 09:11:47.174000+00:00,2021-10-09 15:00:12.966000+00:00,78,300,50,4FD13663B2CCC2D01F0D29437D3FAE5B,0.2419651851851852,15,Saturday,9,Saturday,2021-10-09 00:00:00+00:00,2021-10-16 00:00:00+00:00,True,4,1
1297d7a51e80dfd2e63b7c5d46ccb02a,OFFLINE,2021-10-09 14:39:21.453000+00:00,2021-10-09 15:24:19.799000+00:00,78,300,68,7E701822D80EF10DEBEA008731637EA3,0.03123085648148148,15,Saturday,14,Saturday,2021-10-09 00:00:00+00:00,2021-10-16 00:00:00+00:00,True,3,1
9d155598bd3996d76dff1946cbe9e239,OFFLINE,2021-10-09 15:11:33.851000+00:00,2021-10-09 15:31:24.928000+00:00,90,07B,75,3B56EC028568E71AF10B3360787CD0BC,0.013785613425925925,15,Saturday,15,Saturday,2021-10-09 00:00:00+00:00,2021-10-16 00:00:00+00:00,True,6,1
796b052cc8deac52349d0b49325816d1,OFFLINE,2021-10-09 13:13:46.691000+00:00,2021-10-09 15:54:57.425000+00:00,78,1EF,38,740CB1CA2BD83B3276B092195A6EB883,0.11192979166666667,15,Saturday,13,Saturday,2021-10-09 00:00:00+00:00,2021-10-16 00:00:00+00:00,True,6,1
96e677a2c3279259f219e927437fd723,OFFLINE,2021-10-07 13:21:37.637000+00:00,2021-10-09 16:56:04.187000+00:00,78,1EF,153,A00AF20362FBDDE9E3869D787E4693AF,2.1489184027777775,16,Saturday,13,Thursday,2021-10-09 00:00:00+00:00,2021-10-16 00:00:00+00:00,True,5,1
080510b2d52f3d1daae3bdb4ba4406bf,OFFLINE,2021-10-09 16:59:20.288000+00:00,2021-10-09 17:12:59.137000+00:00,78,1EF,60,BB2033CE2FA4822C957B37DEB445B32C,0.009477418981481482,17,Saturday,16,Saturday,2021-10-09 00:00:00+00:00,2021-10-16 00:00:00+00:00,True,0,0
0c531d6f350ad2237fea9e9e63e8b2ed,OFFLINE,2021-10-09 15:24:22.095000+00:00,2021-10-09 17:29:49.085000+00:00,78,07B,96,EEDD0125ADF9CD4325E56C39462533F5,0.08711793981481482,17,Saturday,15,Saturday,2021-10-09 00:00:00+00:00,2021-10-16 00:00:00+00:00,True,2,0
73217ac4da2e0aefb5be5933f3e5a8ae,OFFLINE,2021-10-07 22:03:07.405000+00:00,2021-10-09 19:16:45.960000+00:00,78,07B,51,294B021232C509826A57AC3136B8ABDD,1.8844740162037037,19,Saturday,22,Thursday,2021-10-09 00:00:00+00:00,2021-10-16 00:00:00+00:00,True,6,1
6467e2529ac70da270927dbaffd8f6cd,ONLINE,2021-10-09 20:22:32.353000+00:00,2021-10-09 20:34:13.209000+00:00,78,1EF,90,740CB1CA2BD83B3276B092195A6EB883,0.00811175925925926,20,Saturday,20,Saturday,2021-10-09 00:00:00+00:00,2021-10-16 00:00:00+00:00,True,1,0
0c98f1d4ca50323a716bc4dc9d8866b6,OFFLINE,2021-10-09 20:40:36.400000+00:00,2021-10-09 21:11:54.564000+00:00,78,07B,186,EE735FFED3A6072D13A30636E658A03A,0.02173800925925926,21,Saturday,20,Saturday,2021-10-09 00:00:00+00:00,2021-10-16 00:00:00+00:00,True,1,0
c92a89941ecc0aaa55d633e507e01e1c,OFFLINE,2021-10-09 23:32:07.704000+00:00,2021-10-10 00:00:22.213000+00:00,78,1EF,104,740CB1CA2BD83B3276B092195A6EB883,0.019612372685185186,0,Sunday,23,Saturday,2021-10-10 00:00:00+00:00,2021-10-17 00:00:00+00:00,True,5,1
70dd810908ea50cd198bafec3a9f31bd,OFFLINE,2021-10-09 23:34:43.766000+00:00,2021-10-10 00:09:20.164000+00:00,78,300,138,7E701822D80EF10DEBEA008731637EA3,0.02403238425925926,0,Sunday,23,Saturday,2021-10-10 00:00:00+00:00,2021-10-17 00:00:00+00:00,True,0,0
fbe4685099c6111d1bd066661cb99fd4,OFFLINE,2021-10-05 10:04:54.755000+00:00,2021-10-10 02:33:52.564000+00:00,78,07B,112,EEDD0125ADF9CD4325E56C39462533F5,4.686780196759259,2,Sunday,10,Tuesday,2021-10-10 00:00:00+00:00,2021-10-17 00:00:00+00:00,True,1,0
f5d6f117f540970a7c27539db90a17ba,OFFLINE,2021-10-10 02:53:17.566000+00:00,2021-10-10 03:42:16.880000+00:00,78,07B,50,EEDD0125ADF9CD4325E56C39462533F5,0.034019837962962964,3,Sunday,2,Sunday,2021-10-10 00:00:00+00:00,2021-10-17 00:00:00+00:00,True,3,1
2759d75087d9dc25e373a27e4dda6632,ONLINE,2021-10-08 10:31:40.727000+00:00,2021-10-10 04:20:13.406000+00:00,78,07B,76,EEDD0125ADF9CD4325E56C39462533F5,1.7420448958333334,4,Sunday,10,Friday,2021-10-10 00:00:00+00:00,2021-10-17 00:00:00+00:00,True,2,0
0b171b812a9389107aece48be2206511,ONLINE,2021-10-04 10:31:36.674000+00:00,2021-10-10 04:42:49.702000+00:00,78,1EF,108,740CB1CA2BD83B3276B092195A6EB883,5.757789675925926,4,Sunday,10,Monday,2021-10-10 00:00:00+00:00,2021-10-17 00:00:00+00:00,True,2,0
2955c5a732da43d7c8582ada4212134c,OFFLINE,2021-10-10 04:25:12.264000+00:00,2021-10-10 05:14:02.471000+00:00,78,07B,222,3DCC8B4086B582DDB2E5481A5D44CAB4,0.03391443287037037,5,Sunday,4,Sunday,2021-10-10 00:00:00+00:00,2021-10-17 00:00:00+00:00,True,0,0
b8f6c3cfb57bd401da3fe56f6398ba37,ONLINE,2021-10-09 15:21:55.159000+00:00,2021-10-10 06:18:25.888000+00:00,78,07B,136,3B56EC028568E71AF10B3360787CD0BC,0.6225778819444444,6,Sunday,15,Saturday,2021-10-10 00:00:00+00:00,2021-10-17 00:00:00+00:00,True,2,0
d8efba1a502f02752c046096235102bf,ONLINE,2021-10-10 05:56:12.831000+00:00,2021-10-10 06:34:51.548000+00:00,78,07B,122,B79C3A36345A4588BD73EBFFC22B9D01,0.026837002314814815,6,Sunday,5,Sunday,2021-10-10 00:00:00+00:00,2021-10-17 00:00:00+00:00,True,2,0
55176341c64d29f45af9c1a4793c2daf,OFFLINE,2021-10-09 19:16:26.881000+00:00,2021-10-10 07:00:55.731000+00:00,78,07B,130,C142F51706DA139EC3DCAA250682C61A,0.4892228009259259,7,Sunday,19,Saturday,2021-10-10 00:00:00+00:00,2021-10-17 00:00:00+00:00,True,1,0
e792696a69523c962499beff3730dd8b,OFFLINE,2021-10-10 06:26:14.059000+00:00,2021-10-10 07:02:10.195000+00:00,78,300,146,A85A33858C7BB0DCE962E99B2E79BBC4,0.024955277777777778,7,Sunday,6,Sunday,2021-10-10 00:00:00+00:00,2021-10-17 00:00:00+00:00,True,0,0
2c37e4dd129143e549a1ced8619501b9,OFFLINE,2021-10-09 12:41:05.618000+00:00,2021-10-10 07:15:39.635000+00:00,78,07B,58,3B56EC028568E71AF10B3360787CD0BC,0.774004826388889,7,Sunday,12,Saturday,2021-10-10 00:00:00+00:00,2021-10-17 00:00:00+00:00,True,5,1
3534bd2a4d91e706c6575e4c9eaf731a,OFFLINE,2021-10-10 06:24:57.113000+00:00,2021-10-10 08:02:41.162000+00:00,78,300,50,B6563BC197C1D5F0381754909937C28F,0.0678709375,8,Sunday,6,Sunday,2021-10-10 00:00:00+00:00,2021-10-17 00:00:00+00:00,True,5,1
ace7bcc76ae6ae613d1095756ff024c3,ONLINE,2021-10-10 07:53:14.432000+00:00,2021-10-10 08:18:05.003000+00:00,78,1EF,82,0668909560B9D2AF8FDA5489BCAA5FFF,0.017251979166666667,8,Sunday,7,Sunday,2021-10-10 00:00:00+00:00,2021-10-17 00:00:00+00:00,True,4,1
6f68ef94855cabb97a8bb8af3a61aa8d,OFFLINE,2021-10-10 07:58:02.164000+00:00,2021-10-10 08:28:20.468000+00:00,78,1EF,40,2C10D809ABD31810F4E95F4E500EFA7E,0.021045185185185188,8,Sunday,7,Sunday,2021-10-10 00:00:00+00:00,2021-10-17 00:00:00+00:00,True,3,1
61803d4f819b37e727f846fc70c86121,ONLINE,2021-10-09 03:29:00.570000+00:00,2021-10-10 08:55:40.843000+00:00,78,07B,104,4575953E5DD96D9E301B05E12FB12540,1.2268550115740742,8,Sunday,3,Saturday,2021-10-10 00:00:00+00:00,2021-10-17 00:00:00+00:00,True,0,0
0c539f5aadc717740e49203c90ac9741,OFFLINE,2021-10-03 12:23:21.590000+00:00,2021-10-10 09:08:11.624000+00:00,78,07B,50,10D023CEE6CC12F06C576EB33402E56B,6.864467986111111,9,Sunday,12,Sunday,2021-10-10 00:00:00+00:00,2021-10-17 00:00:00+00:00,True,3,1
5bbce32a33a706023bb2533b7e25205d,OFFLINE,2021-10-09 19:07:54.943000+00:00,2021-10-10 09:18:45.040000+00:00,78,07B,123,4E8E60427140A514537C374BAA698D32,0.5908576041666667,9,Sunday,19,Saturday,2021-10-10 00:00:00+00:00,2021-10-17 00:00:00+00:00,True,5,1
8dc8c79243e40c6451226c461d8ead9a,ONLINE,2021-10-10 08:45:44.916000+00:00,2021-10-10 09:21:24.256000+00:00,78,300,114,C0DD698BE0C1EA71FA3045950BEEC64B,0.024760879629629633,9,Sunday,8,Sunday,2021-10-10 00:00:00+00:00,2021-10-17 00:00:00+00:00,True,4,1
67763409f35060bb48e9fb44951f381e,OFFLINE,2021-10-08 19:31:07.524000+00:00,2021-10-10 09:51:59.835000+00:00,78,07B,158,294B021232C509826A57AC3136B8ABDD,1.597827673611111,9,Sunday,19,Friday,2021-10-10 00:00:00+00:00,2021-10-17 00:00:00+00:00,True,5,1
79d4e361a392e21034496594948fb333,ONLINE,2021-10-10 09:18:29.732000+00:00,2021-10-10 10:05:46.032000+00:00,78,300,106,E2F9517E4B924224FB308023E6149775,0.0328275462962963,10,Sunday,9,Sunday,2021-10-10 00:00:00+00:00,2021-10-17 00:00:00+00:00,True,3,1
458e21ca08c68a430db19f3036d5aae7,OFFLINE,2021-10-09 20:38:06.370000+00:00,2021-10-10 10:20:25.110000+00:00,78,07B,135,10D023CEE6CC12F06C576EB33402E56B,0.5710502314814815,10,Sunday,20,Saturday,2021-10-10 00:00:00+00:00,2021-10-17 00:00:00+00:00,True,3,1
d952db90d95c45eae2b3710b43f077eb,OFFLINE,2021-10-08 19:19:13.158000+00:00,2021-10-10 10:21:14.094000+00:00,78,1EF,91,195FD095D9D7F47943113AF2CBCF9A75,1.6263997222222222,10,Sunday,19,Friday,2021-10-10 00:00:00+00:00,2021-10-17 00:00:00+00:00,True,3,1
b4378f212846ca96c82ec1a2e8031075,OFFLINE,2021-10-10 10:32:28.955000+00:00,2021-10-10 10:51:29.580000+00:00,78,07B,50,2CF9D19CE125793D17A0B4C371AB7AFD,0.013201678240740741,10,Sunday,10,Sunday,2021-10-10 00:00:00+00:00,2021-10-17 00:00:00+00:00,True,4,1
4c2b03f83cdb2b067314f63e86e1b20c,OFFLINE,2021-10-10 10:45:54.831000+00:00,2021-10-10 11:02:07.872000+00:00,78,300,50,343C9BDAF8B30C6FA69625DB245306BD,0.011262048611111112,11,Sunday,10,Sunday,2021-10-10 00:00:00+00:00,2021-10-17 00:00:00+00:00,True,2,0
e6fdea9eae122ada1e64cf82cf302f33,OFFLINE,2021-10-09 12:02:48.650000+00:00,2021-10-10 11:15:11.692000+00:00,78,1EF,99,740CB1CA2BD83B3276B092195A6EB883,0.9669333564814815,11,Sunday,12,Saturday,2021-10-10 00:00:00+00:00,2021-10-17 00:00:00+00:00,True,2,0
635783a978a5d0ee559f76f95ff8566a,OFFLINE,2021-10-07 12:13:38.744000+00:00,2021-10-10 11:20:18.117000+00:00,78,1EF,93,F066DEFF7409FE06BB3F4539FBDF12A4,2.9629557060185183,11,Sunday,12,Thursday,2021-10-10 00:00:00+00:00,2021-10-17 00:00:00+00:00,True,3,1
a7344b0a64368c4ef4677893ef5b6b92,ONLINE,2021-10-10 11:04:57.957000+00:00,2021-10-10 11:23:50.877000+00:00,78,07B,56,4ECC8B694F4BB262BDD4B0A85952B71A,0.013112500000000001,11,Sunday,11,Sunday,2021-10-10 00:00:00+00:00,2021-10-17 00:00:00+00:00,True,5,1
c5282d988a241c09a1edad4b0f754b84,OFFLINE,2021-10-10 11:15:57.420000+00:00,2021-10-10 11:27:13.061000+00:00,78,1EF,115,0668909560B9D2AF8FDA5489BCAA5FFF,0.007819918981481482,11,Sunday,11,Sunday,2021-10-10 00:00:00+00:00,2021-10-17 00:00:00+00:00,True,1,0
bc0bd9a91853981ec07a6cff3b030ed5,ONLINE,2021-10-10 10:57:04.561000+00:00,2021-10-10 11:27:40.280000+00:00,78,07B,170,EEDD0125ADF9CD4325E56C39462533F5,0.021246747685185186,11,Sunday,10,Sunday,2021-10-10 00:00:00+00:00,2021-10-17 00:00:00+00:00,True,2,0
4a79db969a2e8c729e0d399cf1807f02,OFFLINE,2021-10-09 09:57:36.851000+00:00,2021-10-10 12:14:43.561000+00:00,78,300,50,09B36CB8AB7325477B80E99BE8FB2D02,1.095216550925926,12,Sunday,9,Saturday,2021-10-10 00:00:00+00:00,2021-10-17 00:00:00+00:00,True,5,1
5c0177cc1580cc363a0cdca8e83a01ff,OFFLINE,2021-10-10 11:14:18.870000+00:00,2021-10-10 12:20:37.735000+00:00,78,07B,115,4E8E60427140A514537C374BAA698D32,0.04605167824074074,12,Sunday,11,Sunday,2021-10-10 00:00:00+00:00,2021-10-17 00:00:00+00:00,True,1,0
95b6a870a68bd5e8da6a35f589b8d6e7,ONLINE,2021-10-09 16:59:28.968000+00:00,2021-10-10 12:26:13.642000+00:00,78,07B,116,3B56EC028568E71AF10B3360787CD0BC,0.8102392824074074,12,Sunday,16,Saturday,2021-10-10 00:00:00+00:00,2021-10-17 00:00:00+00:00,True,1,0
bb57cc27f6f1aad7b45c610b2b40eda0,ONLINE,2021-10-10 11:33:08.886000+00:00,2021-10-10 12:40:22.420000+00:00,78,300,77,D3CEA8B57F07B785543EDB2058A190CE,0.0466844212962963,12,Sunday,11,Sunday,2021-10-10 00:00:00+00:00,2021-10-17 00:00:00+00:00,True,5,1
de23caa8f21eb184f0ab215e6b663d55,OFFLINE,2021-10-09 10:05:01.548000+00:00,2021-10-10 12:45:11.206000+00:00,78,300,50,08379264459A6EF0F8052CC20B9DD41F,1.1112228935185184,12,Sunday,10,Saturday,2021-10-10 00:00:00+00:00,2021-10-17 00:00:00+00:00,True,4,1
238a3c8e960d3770b44b6908474ad218,OFFLINE,2021-10-09 10:17:39.602000+00:00,2021-10-10 12:45:52.801000+00:00,78,300,50,08379264459A6EF0F8052CC20B9DD41F,1.1029305439814814,12,Sunday,10,Saturday,2021-10-10 00:00:00+00:00,2021-10-17 00:00:00+00:00,True,4,1
5900b6a0c553013db12483a27e4f3746,OFFLINE,2021-10-10 13:53:47.814000+00:00,2021-10-10 14:36:37.053000+00:00,78,1EF,106,38BB76CCFDD8129EF62B3AF5480605C7,0.0297365625,14,Sunday,13,Sunday,2021-10-10 00:00:00+00:00,2021-10-17 00:00:00+00:00,True,4,1
aea4581341f7f89598878c2118679e42,OFFLINE,2021-10-10 14:32:23.910000+00:00,2021-10-10 14:52:18.935000+00:00,78,07B,78,EE735FFED3A6072D13A30636E658A03A,0.013831307870370372,14,Sunday,14,Sunday,2021-10-10 00:00:00+00:00,2021-10-17 00:00:00+00:00,True,6,1
fd53eb769ac1c823a6a06504225171a4,ONLINE,2021-10-10 14:36:52.072000+00:00,2021-10-10 15:03:13.532000+00:00,78,1EF,112,740CB1CA2BD83B3276B092195A6EB883,0.018303935185185187,15,Sunday,14,Sunday,2021-10-10 00:00:00+00:00,2021-10-17 00:00:00+00:00,True,4,1
37c4879875c7ef200baba7783e1bfa01,OFFLINE,2021-10-10 08:35:42.747000+00:00,2021-10-10 16:06:30.889000+00:00,78,07B,281,EE735FFED3A6072D13A30636E658A03A,0.3130571990740741,16,Sunday,8,Sunday,2021-10-10 00:00:00+00:00,2021-10-17 00:00:00+00:00,True,3,1
d3bf923df8063a96060fd0e997008b19,OFFLINE,2021-10-10 15:55:57.987000+00:00,2021-10-10 16:14:51.516000+00:00,78,300,77,7E701822D80EF10DEBEA008731637EA3,0.013119548611111111,16,Sunday,15,Sunday,2021-10-10 00:00:00+00:00,2021-10-17 00:00:00+00:00,True,6,1
9214fe96415e027338837ab64d42827d,OFFLINE,2021-10-10 16:32:44.838000+00:00,2021-10-10 17:03:06.682000+00:00,78,07B,125,10D023CEE6CC12F06C576EB33402E56B,0.021086157407407408,17,Sunday,16,Sunday,2021-10-10 00:00:00+00:00,2021-10-17 00:00:00+00:00,True,1,0
ee6fd008a33019b89973b8ef1c813289,OFFLINE,2021-10-10 16:34:35.715000+00:00,2021-10-10 17:12:21.822000+00:00,78,300,140,08379264459A6EF0F8052CC20B9DD41F,0.02622809027777778,17,Sunday,16,Sunday,2021-10-10 00:00:00+00:00,2021-10-17 00:00:00+00:00,True,6,1
8d32833fb6924472ea98a7fecda38aae,OFFLINE,2021-10-10 16:27:20.258000+00:00,2021-10-10 17:23:45.604000+00:00,78,1EF,158,FF6F2DDF8AB23F3461E39CE6531C7EAB,0.03918224537037037,17,Sunday,16,Sunday,2021-10-10 00:00:00+00:00,2021-10-17 00:00:00+00:00,True,1,0
9b16d32a164837f5efb3076908fec056,OFFLINE,2021-10-08 14:13:14.266000+00:00,2021-10-10 17:40:05.760000+00:00,78,1EF,265,FF6F2DDF8AB23F3461E39CE6531C7EAB,2.143651550925926,17,Sunday,14,Friday,2021-10-10 00:00:00+00:00,2021-10-17 00:00:00+00:00,True,1,0
115f1db17ee538c46e0a54bc3acddd10,OFFLINE,2021-10-10 17:10:06.074000+00:00,2021-10-10 17:50:24.949000+00:00,78,07B,77,B79C3A36345A4588BD73EBFFC22B9D01,0.027996238425925926,17,Sunday,17,Sunday,2021-10-10 00:00:00+00:00,2021-10-17 00:00:00+00:00,True,1,0
74edf6a94e5f3aeb5314f7a7eb16f53f,ONLINE,2021-10-10 17:52:13.807000+00:00,2021-10-10 18:46:53.836000+00:00,78,300,130,1BA53B5BBB76E9903A2CF8FF02C37293,0.03796329861111111,18,Sunday,17,Sunday,2021-10-10 00:00:00+00:00,2021-10-17 00:00:00+00:00,True,0,0
ce2105474846217b17f76f550226169e,ONLINE,2021-10-10 18:16:24.807000+00:00,2021-10-10 18:52:24.845000+00:00,78,300,146,2630D6FC6433A9A4C1C906C0D64BDDE1,0.025000439814814816,18,Sunday,18,Sunday,2021-10-10 00:00:00+00:00,2021-10-17 00:00:00+00:00,True,4,1
dd5018491a3ce40c74190576d15adb32,OFFLINE,2021-10-10 18:15:51.068000+00:00,2021-10-10 19:04:09.101000+00:00,78,1EF,157,7B36B12A4C581DFCF8BF406AECA45564,0.03354204861111111,19,Sunday,18,Sunday,2021-10-10 00:00:00+00:00,2021-10-17 00:00:00+00:00,True,2,0
24509998e9143fa4a2f84dec7edb0033,OFFLINE,2021-10-09 22:26:29.780000+00:00,2021-10-10 19:56:04.041000+00:00,78,07B,167,B0B076A3064F0AEA0A2AAC679ECE5F62,0.8955354282407407,19,Sunday,22,Saturday,2021-10-10 00:00:00+00:00,2021-10-17 00:00:00+00:00,True,4,1
444631db73011f5afd77b3341361e6ff,OFFLINE,2021-10-10 18:57:10.777000+00:00,2021-10-10 20:09:58.963000+00:00,78,1EF,129,740CB1CA2BD83B3276B092195A6EB883,0.05055770833333333,20,Sunday,18,Sunday,2021-10-10 00:00:00+00:00,2021-10-17 00:00:00+00:00,True,1,0
e7963094849695b7a112759ddc209fd0,ONLINE,2021-10-10 19:21:48.472000+00:00,2021-10-10 20:18:41.698000+00:00,78,07B,190,56129BC950F9E18A9F5DF651D9D267D1,0.039504930555555554,20,Sunday,19,Sunday,2021-10-10 00:00:00+00:00,2021-10-17 00:00:00+00:00,True,0,0
16c5b27dd5009c5817d1d12c544cee4b,OFFLINE,2021-10-10 21:13:10.449000+00:00,2021-10-10 21:22:14.236000+00:00,79,300,97,F0C8A9D19009F1B76367ED6CFD4FA580,0.006293831018518519,21,Sunday,21,Sunday,2021-10-10 00:00:00+00:00,2021-10-17 00:00:00+00:00,True,0,0
9c9850b932d80c4a85b956863eb68250,ONLINE,2021-10-10 21:56:15.347000+00:00,2021-10-10 22:16:03.598000+00:00,78,300,122,E2F9517E4B924224FB308023E6149775,0.013752905092592593,22,Sunday,21,Sunday,2021-10-10 00:00:00+00:00,2021-10-17 00:00:00+00:00,True,1,0
18c1015dae7cd186cf0fd0287721566b,OFFLINE,2021-10-10 23:08:23.318000+00:00,2021-10-10 23:40:44.122000+00:00,78,300,144,89D534629771B04F61D1971C3068D1BD,0.02246300925925926,23,Sunday,23,Sunday,2021-10-10 00:00:00+00:00,2021-10-17 00:00:00+00:00,True,5,1
808df11804fe37fabe1acefb5d123130,OFFLINE,2021-10-11 01:25:55.256000+00:00,2021-10-11 02:10:10.691000+00:00,78,1EF,82,96C3C752FA22E3A6918ADE4F355D3F8D,0.03073420138888889,2,Monday,1,Monday,2021-10-11 00:00:00+00:00,2021-10-18 00:00:00+00:00,True,1,0
b1a382c845d9e887da22447e3b81f0af,OFFLINE,2021-10-10 13:10:25.053000+00:00,2021-10-11 02:35:47.359000+00:00,78,07B,190,C142F51706DA139EC3DCAA250682C61A,0.559285949074074,2,Monday,13,Sunday,2021-10-11 00:00:00+00:00,2021-10-18 00:00:00+00:00,True,6,1
97c391ade1a35bd3ea41d2ca05022582,OFFLINE,2021-10-11 02:12:21.705000+00:00,2021-10-11 02:45:09.023000+00:00,78,1EF,157,195FD095D9D7F47943113AF2CBCF9A75,0.02276988425925926,2,Monday,2,Monday,2021-10-11 00:00:00+00:00,2021-10-18 00:00:00+00:00,True,6,1
11474b1ef89e146f07a34b7b859cc062,ONLINE,2021-10-10 04:53:26.960000+00:00,2021-10-11 02:56:03.089000+00:00,78,07B,78,10D023CEE6CC12F06C576EB33402E56B,0.9184737152777778,2,Monday,4,Sunday,2021-10-11 00:00:00+00:00,2021-10-18 00:00:00+00:00,True,4,1
c1c78e47451dcccce753f4aeb158374d,OFFLINE,2021-10-09 09:26:48.102000+00:00,2021-10-11 02:56:05.634000+00:00,78,07B,128,894BFDA44B5ACACDA7F59ED3F3D6AD86,1.728675138888889,2,Monday,9,Saturday,2021-10-11 00:00:00+00:00,2021-10-18 00:00:00+00:00,True,5,1
e91ad0e6bf1cf882e44260cf3330b0a6,OFFLINE,2021-10-08 13:20:45.080000+00:00,2021-10-11 02:59:59.319000+00:00,78,300,148,89D534629771B04F61D1971C3068D1BD,2.568914803240741,2,Monday,13,Friday,2021-10-11 00:00:00+00:00,2021-10-18 00:00:00+00:00,True,4,1
5b44327e428b1584279cb417bcf39c50,ONLINE,2021-10-08 02:45:27.248000+00:00,2021-10-11 03:02:21.686000+00:00,78,1EF,104,4DF70D744AB4B2076706A37F1EBAC6B9,3.0117411805555556,3,Monday,2,Friday,2021-10-11 00:00:00+00:00,2021-10-18 00:00:00+00:00,True,1,0
0aaf47e7f2a806e879d7e5ddb26a37c0,OFFLINE,2021-10-04 14:24:04.820000+00:00,2021-10-11 03:13:42.657000+00:00,78,07B,148,10D023CEE6CC12F06C576EB33402E56B,6.534465706018519,3,Monday,14,Monday,2021-10-11 00:00:00+00:00,2021-10-18 00:00:00+00:00,True,3,1
47891f6c52989198414e26a606506f7a,OFFLINE,2021-10-09 12:11:55.550000+00:00,2021-10-11 03:19:56.249000+00:00,78,07B,63,4E8E60427140A514537C374BAA698D32,1.6305636458333332,3,Monday,12,Saturday,2021-10-11 00:00:00+00:00,2021-10-18 00:00:00+00:00,True,3,1
11cc5ebdb7cb02b664e53ca77b5a678d,OFFLINE,2021-10-11 02:25:32.604000+00:00,2021-10-11 03:20:31.626000+00:00,78,1EF,234,195FD095D9D7F47943113AF2CBCF9A75,0.038183125,3,Monday,2,Monday,2021-10-11 00:00:00+00:00,2021-10-18 00:00:00+00:00,True,1,0
25b7cb619acfe1b2eef6bae67ce62b44,OFFLINE,2021-10-05 16:14:37.470000+00:00,2021-10-11 03:21:58.192000+00:00,78,07B,148,B79C3A36345A4588BD73EBFFC22B9D01,5.463434282407407,3,Monday,16,Tuesday,2021-10-11 00:00:00+00:00,2021-10-18 00:00:00+00:00,True,3,1
6f090eb700cbde996434d5ddf43f6a58,ONLINE,2021-10-08 15:04:43.414000+00:00,2021-10-11 03:48:33.712000+00:00,78,1EF,177,2C10D809ABD31810F4E95F4E500EFA7E,2.530443263888889,3,Monday,15,Friday,2021-10-11 00:00:00+00:00,2021-10-18 00:00:00+00:00,True,6,1
fa8c7ce76e3263c5ebac0d65857553f6,OFFLINE,2021-10-11 03:07:48.490000+00:00,2021-10-11 03:49:45.494000+00:00,78,07B,193,729470E813F48EEAB42A800818FDC08E,0.02913199074074074,3,Monday,3,Monday,2021-10-11 00:00:00+00:00,2021-10-18 00:00:00+00:00,True,4,1
99d403d09992920fe5b4c6f67ba9d373,OFFLINE,2021-10-11 03:05:41.507000+00:00,2021-10-11 03:52:34.561000+00:00,78,07B,234,B5BC37462B0785F740436790AE41D171,0.03255849537037037,3,Monday,3,Monday,2021-10-11 00:00:00+00:00,2021-10-18 00:00:00+00:00,True,5,1
5c9498df9181d1c68ccd4811b4a2ea2a,OFFLINE,2021-10-10 15:43:00.635000+00:00,2021-10-11 03:54:18.677000+00:00,78,07B,104,56129BC950F9E18A9F5DF651D9D267D1,0.5078477083333334,3,Monday,15,Sunday,2021-10-11 00:00:00+00:00,2021-10-18 00:00:00+00:00,True,1,0
eb0f6aaa66f5b377910521374aa68f71,ONLINE,2021-10-10 10:36:15.662000+00:00,2021-10-11 03:57:21.043000+00:00,78,07B,98,4ECC8B694F4BB262BDD4B0A85952B71A,0.7229789467592592,3,Monday,10,Sunday,2021-10-11 00:00:00+00:00,2021-10-18 00:00:00+00:00,True,5,1
b42c6937363d84c1073d8310d08a1421,OFFLINE,2021-10-11 03:29:32.551000+00:00,2021-10-11 04:00:15.019000+00:00,78,300,104,E56AE16934A0D29EBF24915402A7E5ED,0.02132486111111111,4,Monday,3,Monday,2021-10-11 00:00:00+00:00,2021-10-18 00:00:00+00:00,True,6,1
4f1f907f9fc2d2d91c06944335a5ab77,OFFLINE,2021-10-11 03:46:38.511000+00:00,2021-10-11 04:05:46.144000+00:00,78,300,90,7E701822D80EF10DEBEA008731637EA3,0.013282789351851853,4,Monday,3,Monday,2021-10-11 00:00:00+00:00,2021-10-18 00:00:00+00:00,True,6,1
508b08f6b7baca9cfa045ebc729c8fad,OFFLINE,2021-10-11 03:06:19.184000+00:00,2021-10-11 04:13:14.317000+00:00,78,1EF,65,A00AF20362FBDDE9E3869D787E4693AF,0.04647144675925926,4,Monday,3,Monday,2021-10-11 00:00:00+00:00,2021-10-18 00:00:00+00:00,True,5,1
b0bf5feae5e5c7ae0dff3006c6f4130b,OFFLINE,2021-10-09 12:41:49.881000+00:00,2021-10-11 04:13:24.886000+00:00,78,1EF,65,14CCC0943D263F0E285A20693E9FD4B1,1.6469329282407408,4,Monday,12,Saturday,2021-10-11 00:00:00+00:00,2021-10-18 00:00:00+00:00,True,2,0
c824f5f09c1a9271df0ebf1be84e9c71,OFFLINE,2021-10-10 20:54:04.685000+00:00,2021-10-11 04:14:10.749000+00:00,78,1EF,144,08A9B54E00545ECCD369B8E5D2692E9F,0.3056257407407407,4,Monday,20,Sunday,2021-10-11 00:00:00+00:00,2021-10-18 00:00:00+00:00,True,4,1
2ffa846b53879d4c2985ca3ea8f18eda,OFFLINE,2021-10-11 04:12:12.488000+00:00,2021-10-11 04:25:39.109000+00:00,78,1EF,71,FF6F2DDF8AB23F3461E39CE6531C7EAB,0.009335891203703704,4,Monday,4,Monday,2021-10-11 00:00:00+00:00,2021-10-18 00:00:00+00:00,True,0,0
b397a635350e69853ac6aa7a9e39cd88,OFFLINE,2021-10-11 03:07:40.996000+00:00,2021-10-11 04:27:46.218000+00:00,78,07B,269,9F9E66046BADAE5ABE94708CED879416,0.05561599537037037,4,Monday,3,Monday,2021-10-11 00:00:00+00:00,2021-10-18 00:00:00+00:00,True,3,1
5609a48eb9fa16dda4580ebcb6deaa1c,OFFLINE,2021-10-10 18:10:00.062000+00:00,2021-10-11 04:32:20.090000+00:00,78,1EF,94,740CB1CA2BD83B3276B092195A6EB883,0.43217625,4,Monday,18,Sunday,2021-10-11 00:00:00+00:00,2021-10-18 00:00:00+00:00,True,2,0
642ce16611416611dbad1413a879aed8,ONLINE,2021-10-11 04:12:39.638000+00:00,2021-10-11 04:32:44.066000+00:00,78,07B,84,2D9F8B5DDB0A7BD6F060DBAA34EC0CFF,0.01394013888888889,4,Monday,4,Monday,2021-10-11 00:00:00+00:00,2021-10-18 00:00:00+00:00,True,1,0
09e2ac024345a9187202280a31686221,ONLINE,2021-10-11 03:23:48.360000+00:00,2021-10-11 04:35:48.044000+00:00,78,300,101,C0DD698BE0C1EA71FA3045950BEEC64B,0.04999634259259259,4,Monday,3,Monday,2021-10-11 00:00:00+00:00,2021-10-18 00:00:00+00:00,True,5,1
1e6d6b722eb40a1204cd74d09dbbf6f0,OFFLINE,2021-10-06 21:36:51.836000+00:00,2021-10-11 04:38:18.184000+00:00,78,07B,104,B79C3A36345A4588BD73EBFFC22B9D01,4.2926660648148145,4,Monday,21,Wednesday,2021-10-11 00:00:00+00:00,2021-10-18 00:00:00+00:00,True,4,1
00b0df715fae561a63e1c6750bd27b33,OFFLINE,2021-10-11 03:53:10.284000+00:00,2021-10-11 04:42:31.996000+00:00,78,07B,226,10D023CEE6CC12F06C576EB33402E56B,0.03427907407407407,4,Monday,3,Monday,2021-10-11 00:00:00+00:00,2021-10-18 00:00:00+00:00,True,5,1
2f8eb5ba0dbddcf57c4b1763c5b3a25f,ONLINE,2021-10-11 02:42:27.479000+00:00,2021-10-11 04:57:17.156000+00:00,78,07B,168,2CF9D19CE125793D17A0B4C371AB7AFD,0.09363052083333333,4,Monday,2,Monday,2021-10-11 00:00:00+00:00,2021-10-18 00:00:00+00:00,True,7,1
ebcbd287aa2363c29229b1d566341e4e,OFFLINE,2021-10-11 02:41:57.978000+00:00,2021-10-11 05:09:57.312000+00:00,78,300,200,A85A33858C7BB0DCE962E99B2E79BBC4,0.10277006944444446,5,Monday,2,Monday,2021-10-11 00:00:00+00:00,2021-10-18 00:00:00+00:00,True,3,1
afcceebb0a4314546dde8032a618dd64,OFFLINE,2021-10-07 02:52:03.991000+00:00,2021-10-11 05:14:32.247000+00:00,78,1EF,106,D5CECB3D35FF9FEF0E46207CFE4A5F29,4.098938148148148,5,Monday,2,Thursday,2021-10-11 00:00:00+00:00,2021-10-18 00:00:00+00:00,True,5,1
98e9adedbc4d96634174db320280bb1b,OFFLINE,2021-10-10 13:35:09.990000+00:00,2021-10-11 05:20:19.891000+00:00,78,07B,122,2D9F8B5DDB0A7BD6F060DBAA34EC0CFF,0.6563645949074074,5,Monday,13,Sunday,2021-10-11 00:00:00+00:00,2021-10-18 00:00:00+00:00,True,4,1
d4ce6bdb4c4fa71dc90b232b6dbae629,ONLINE,2021-10-11 04:38:56.939000+00:00,2021-10-11 05:22:18.858000+00:00,78,07B,189,56129BC950F9E18A9F5DF651D9D267D1,0.03011480324074074,5,Monday,4,Monday,2021-10-11 00:00:00+00:00,2021-10-18 00:00:00+00:00,True,6,1
d70f1f0771f88f5916159d54a3994ba4,OFFLINE,2021-10-11 04:53:23.305000+00:00,2021-10-11 05:23:17.590000+00:00,78,300,99,89D534629771B04F61D1971C3068D1BD,0.020767187500000003,5,Monday,4,Monday,2021-10-11 00:00:00+00:00,2021-10-18 00:00:00+00:00,True,2,0
56a37380adc796adca0289079bccca1d,OFFLINE,2021-10-11 04:49:53.336000+00:00,2021-10-11 05:23:34.600000+00:00,78,07B,167,4E8E60427140A514537C374BAA698D32,0.023394259259259257,5,Monday,4,Monday,2021-10-11 00:00:00+00:00,2021-10-18 00:00:00+00:00,True,6,1
78b646f87e0dcdb29f95580c840e8a0c,ONLINE,2021-10-11 05:10:38.797000+00:00,2021-10-11 05:38:50.746000+00:00,78,07B,111,EEDD0125ADF9CD4325E56C39462533F5,0.019582743055555556,5,Monday,5,Monday,2021-10-11 00:00:00+00:00,2021-10-18 00:00:00+00:00,True,6,1
20c81e64dea0f81ec71a86e312afe857,OFFLINE,2021-10-11 03:33:21.649000+00:00,2021-10-11 05:41:19.971000+00:00,78,1EF,163,FF6F2DDF8AB23F3461E39CE6531C7EAB,0.0888694675925926,5,Monday,3,Monday,2021-10-11 00:00:00+00:00,2021-10-18 00:00:00+00:00,True,2,0
e88d6dcb38b61c6d56b381064cddd7d8,OFFLINE,2021-10-10 15:38:44.774000+00:00,2021-10-11 06:01:33.845000+00:00,78,07B,113,9F9E66046BADAE5ABE94708CED879416,0.5991790625000001,6,Monday,15,Sunday,2021-10-11 00:00:00+00:00,2021-10-18 00:00:00+00:00,True,5,1
da5b20ad1efe6c6543f039076170506c,OFFLINE,2021-10-10 21:44:49.711000+00:00,2021-10-11 06:04:29.795000+00:00,78,300,101,C0DD698BE0C1EA71FA3045950BEEC64B,0.34699171296296294,6,Monday,21,Sunday,2021-10-11 00:00:00+00:00,2021-10-18 00:00:00+00:00,True,6,1
2e03ad09dfcd93611939e9c262718094,ONLINE,2021-10-11 05:32:23.140000+00:00,2021-10-11 06:19:49.425000+00:00,78,07B,175,9F9E66046BADAE5ABE94708CED879416,0.03294311342592592,6,Monday,5,Monday,2021-10-11 00:00:00+00:00,2021-10-18 00:00:00+00:00,True,3,1
f087abc53475ba4765ed2c93ff69a0e1,ONLINE,2021-10-09 19:13:42.024000+00:00,2021-10-11 06:25:49.636000+00:00,78,1EF,129,F11BA079658F860875013A84EC1AEA2B,1.4667547685185185,6,Monday,19,Saturday,2021-10-11 00:00:00+00:00,2021-10-18 00:00:00+00:00,True,5,1
431dbec8f42a84b3e460109602a73177,OFFLINE,2021-10-09 10:52:38.214000+00:00,2021-10-11 06:27:45.390000+00:00,78,1EF,104,F6AD024DDBE30DC433E2D9BE8AB5CBDC,1.8160552777777779,6,Monday,10,Saturday,2021-10-11 00:00:00+00:00,2021-10-18 00:00:00+00:00,True,2,0
c3758d698e32f64a3ec5d48121d8b1f2,OFFLINE,2021-10-11 05:44:37.586000+00:00,2021-10-11 06:32:27.828000+00:00,78,1EF,60,F066DEFF7409FE06BB3F4539FBDF12A4,0.03322039351851852,6,Monday,5,Monday,2021-10-11 00:00:00+00:00,2021-10-18 00:00:00+00:00,True,4,1
0b4ff65a0d3d5a92c78bfae7a74a6374,OFFLINE,2021-10-10 21:30:54.154000+00:00,2021-10-11 06:34:50.384000+00:00,78,300,102,2630D6FC6433A9A4C1C906C0D64BDDE1,0.37773414351851853,6,Monday,21,Sunday,2021-10-11 00:00:00+00:00,2021-10-18 00:00:00+00:00,True,5,1
472bb923462551252d38c45b660e18ca,ONLINE,2021-10-07 07:47:03.697000+00:00,2021-10-11 06:35:31.855000+00:00,78,07B,59,B79C3A36345A4588BD73EBFFC22B9D01,3.9503259027777777,6,Monday,7,Thursday,2021-10-11 00:00:00+00:00,2021-10-18 00:00:00+00:00,True,1,0
3d1f87b776b46faf1e0f9cdfe9abd6f2,OFFLINE,2021-10-10 07:05:37.240000+00:00,2021-10-11 06:46:01.914000+00:00,78,1EF,60,5CD6463B9C20BA10DA25A431F2D844A6,0.9863966898148148,6,Monday,7,Sunday,2021-10-11 00:00:00+00:00,2021-10-18 00:00:00+00:00,True,0,0
9ede140351d5721face31afedebd4e88,OFFLINE,2021-10-10 16:50:15.819000+00:00,2021-10-11 06:51:37.363000+00:00,78,1EF,169,1162FF15A2450469905B590D62F7746E,0.5842771296296296,6,Monday,16,Sunday,2021-10-11 00:00:00+00:00,2021-10-18 00:00:00+00:00,True,4,1
281b42177c3b505710d0d61d91599b00,OFFLINE,2021-10-10 14:02:11.275000+00:00,2021-10-11 06:54:53.073000+00:00,78,1EF,79,5CD6463B9C20BA10DA25A431F2D844A6,0.7032615509259259,6,Monday,14,Sunday,2021-10-11 00:00:00+00:00,2021-10-18 00:00:00+00:00,True,5,1
402c6e7dbe228e1bcc84afe5f5f69220,ONLINE,2021-10-09 05:57:01.732000+00:00,2021-10-11 06:55:45.912000+00:00,78,1EF,142,2C10D809ABD31810F4E95F4E500EFA7E,2.0407891203703703,6,Monday,5,Saturday,2021-10-11 00:00:00+00:00,2021-10-18 00:00:00+00:00,True,3,1
5473b624615d2c4352f6a13d19e8f561,OFFLINE,2021-10-09 13:51:13.975000+00:00,2021-10-11 06:55:57.063000+00:00,78,300,50,F01C49A6AA0D833D3333DEA9AC883637,1.7116098148148147,6,Monday,13,Saturday,2021-10-11 00:00:00+00:00,2021-10-18 00:00:00+00:00,True,4,1
c9fffd5a134c9169aab7d694c9294434,OFFLINE,2021-10-11 06:10:23.868000+00:00,2021-10-11 06:55:57.986000+00:00,78,1EF,102,93A459F0AC42B4DAE28317297839D393,0.03164488425925926,6,Monday,6,Monday,2021-10-11 00:00:00+00:00,2021-10-18 00:00:00+00:00,True,6,1
659b298b4ac37b850b5cf2d05f7e3217,ONLINE,2021-10-11 06:08:48.012000+00:00,2021-10-11 07:01:26.783000+00:00,78,07B,241,EE735FFED3A6072D13A30636E658A03A,0.03655984953703704,7,Monday,6,Monday,2021-10-11 00:00:00+00:00,2021-10-18 00:00:00+00:00,True,6,1
e76b25a78031ba94b7007c17b22b010f,OFFLINE,2021-10-08 06:45:09.758000+00:00,2021-10-11 07:04:08.557000+00:00,78,300,50,4EAA928CDE96CC979939CD4797399B7B,3.0131805439814814,7,Monday,6,Friday,2021-10-11 00:00:00+00:00,2021-10-18 00:00:00+00:00,True,1,0
cc73d6f5bfa384bf0f2ce809efb49759,ONLINE,2021-10-10 15:47:55.123000+00:00,2021-10-11 07:18:07.951000+00:00,78,1EF,108,5CD6463B9C20BA10DA25A431F2D844A6,0.6459818055555556,7,Monday,15,Sunday,2021-10-11 00:00:00+00:00,2021-10-18 00:00:00+00:00,True,3,1
7aaa01f8d4439827b7333428438bce9b,ONLINE,2021-10-05 03:55:13.615000+00:00,2021-10-11 07:19:26.651000+00:00,78,300,60,364A975FE43F5678164266B2B0E8A237,6.141817546296296,7,Monday,3,Tuesday,2021-10-11 00:00:00+00:00,2021-10-18 00:00:00+00:00,True,4,1
19b7099802070c8bc4ae132d8aa79276,OFFLINE,2021-10-11 03:24:28.341000+00:00,2021-10-11 07:21:43.832000+00:00,78,1EF,164,4DBE83E28F1DFA3ED9C79A2C577BFBDE,0.1647626273148148,7,Monday,3,Monday,2021-10-11 00:00:00+00:00,2021-10-18 00:00:00+00:00,True,5,1
aca9086b09b46e07e01f8ced958f5762,OFFLINE,2021-10-02 11:28:36.390000+00:00,2021-10-11 07:28:19.927000+00:00,78,1EF,137,4DBE83E28F1DFA3ED9C79A2C577BFBDE,8.833142789351852,7,Monday,11,Saturday,2021-10-11 00:00:00+00:00,2021-10-18 00:00:00+00:00,True,3,1
909508cc2130cbc380600fcfd8e90919,OFFLINE,2021-10-08 06:50:08.567000+00:00,2021-10-11 07:30:29.806000+00:00,78,300,50,E2F9517E4B924224FB308023E6149775,3.028023599537037,7,Monday,6,Friday,2021-10-11 00:00:00+00:00,2021-10-18 00:00:00+00:00,True,1,0
77668cbceba6085344ea489b9809fd27,ONLINE,2021-10-11 07:08:16.280000+00:00,2021-10-11 07:33:19.171000+00:00,78,07B,139,2D9F8B5DDB0A7BD6F060DBAA34EC0CFF,0.01739457175925926,7,Monday,7,Monday,2021-10-11 00:00:00+00:00,2021-10-18 00:00:00+00:00,True,5,1
6278d23e74acce2190c4e23d6e7f4cde,OFFLINE,2021-10-11 06:12:30.671000+00:00,2021-10-11 07:33:56.922000+00:00,78,300,50,B6563BC197C1D5F0381754909937C28F,0.05655383101851852,7,Monday,6,Monday,2021-10-11 00:00:00+00:00,2021-10-18 00:00:00+00:00,True,4,1
8905901d287e60766213b4512b409f49,OFFLINE,2021-10-11 06:15:47.800000+00:00,2021-10-11 07:34:04.806000+00:00,78,300,50,B6563BC197C1D5F0381754909937C28F,0.05436349537037037,7,Monday,6,Monday,2021-10-11 00:00:00+00:00,2021-10-18 00:00:00+00:00,True,4,1
07e65a16929179fa3adfa74694ff9864,OFFLINE,2021-10-11 06:19:36.145000+00:00,2021-10-11 07:34:10.268000+00:00,78,300,50,B6563BC197C1D5F0381754909937C28F,0.051783831018518515,7,Monday,6,Monday,2021-10-11 00:00:00+00:00,2021-10-18 00:00:00+00:00,True,4,1
7cd7d2cd29d2392f08de94d9327df525,OFFLINE,2021-10-11 06:20:52.342000+00:00,2021-10-11 07:34:15.990000+00:00,78,300,50,B6563BC197C1D5F0381754909937C28F,0.05096814814814815,7,Monday,6,Monday,2021-10-11 00:00:00+00:00,2021-10-18 00:00:00+00:00,True,4,1
f0795469e889b957ca77a5b05464185d,OFFLINE,2021-10-11 06:23:55.271000+00:00,2021-10-11 07:34:23.496000+00:00,78,300,50,B6563BC197C1D5F0381754909937C28F,0.048937789351851856,7,Monday,6,Monday,2021-10-11 00:00:00+00:00,2021-10-18 00:00:00+00:00,True,4,1
86ab5fcf6e4a91db7a4b0f1178b859cc,OFFLINE,2021-10-11 06:50:18.182000+00:00,2021-10-11 07:34:32.069000+00:00,78,300,50,B6563BC197C1D5F0381754909937C28F,0.030716284722222223,7,Monday,6,Monday,2021-10-11 00:00:00+00:00,2021-10-18 00:00:00+00:00,True,4,1
3c48ddb5a60146167c3c47694c2df04b,OFFLINE,2021-10-11 06:44:38.991000+00:00,2021-10-11 07:34:41.330000+00:00,78,300,50,B6563BC197C1D5F0381754909937C28F,0.03474929398148148,7,Monday,6,Monday,2021-10-11 00:00:00+00:00,2021-10-18 00:00:00+00:00,True,4,1
5305b430880f20116d0ff901b9b44b32,OFFLINE,2021-10-11 06:25:48.376000+00:00,2021-10-11 07:34:59.344000+00:00,78,300,50,B6563BC197C1D5F0381754909937C28F,0.048043611111111106,7,Monday,6,Monday,2021-10-11 00:00:00+00:00,2021-10-18 00:00:00+00:00,True,3,1
0eb006af4e1dda77f29680e697e2be98,OFFLINE,2021-10-10 15:27:26.437000+00:00,2021-10-11 07:41:54.165000+00:00,76,1EF,185,D5CECB3D35FF9FEF0E46207CFE4A5F29,0.6767098148148148,7,Monday,15,Sunday,2021-10-11 00:00:00+00:00,2021-10-18 00:00:00+00:00,True,3,1
aab2e1e14be55b3b859c7a3d57a74607,ONLINE,2021-10-11 02:59:00.057000+00:00,2021-10-11 07:43:53.316000+00:00,78,1EF,87,96C3C752FA22E3A6918ADE4F355D3F8D,0.1978386458333333,7,Monday,2,Monday,2021-10-11 00:00:00+00:00,2021-10-18 00:00:00+00:00,True,6,1
f483f15440613f69a7797c923985d277,OFFLINE,2021-10-11 05:52:45.951000+00:00,2021-10-11 07:50:00.137000+00:00,78,07B,148,4E8E60427140A514537C374BAA698D32,0.08141418981481481,7,Monday,5,Monday,2021-10-11 00:00:00+00:00,2021-10-18 00:00:00+00:00,True,5,1
15b9c79836e22024bc2f55d463451192,ONLINE,2021-10-10 14:44:18.334000+00:00,2021-10-11 07:58:48.810000+00:00,78,1EF,106,1162FF15A2450469905B590D62F7746E,0.7184082870370371,7,Monday,14,Sunday,2021-10-11 00:00:00+00:00,2021-10-18 00:00:00+00:00,True,1,0
7ffdd031f778bbae21a55dbeee9a2f52,OFFLINE,2021-10-11 06:00:28.462000+00:00,2021-10-11 08:00:20.511000+00:00,78,1EF,96,2C10D809ABD31810F4E95F4E500EFA7E,0.08324130787037037,8,Monday,6,Monday,2021-10-11 00:00:00+00:00,2021-10-18 00:00:00+00:00,True,3,1
583e18fb93a4233d48651e908eb6451c,ONLINE,2021-10-10 07:06:06.515000+00:00,2021-10-11 08:04:52.127000+00:00,78,07B,116,3B56EC028568E71AF10B3360787CD0BC,1.0408056944444444,8,Monday,7,Sunday,2021-10-11 00:00:00+00:00,2021-10-18 00:00:00+00:00,True,5,1
13d59dc732a9c6c2e4aa318d63490db2,OFFLINE,2021-10-08 08:11:16.264000+00:00,2021-10-11 08:23:33.658000+00:00,78,300,50,E2F9517E4B924224FB308023E6149775,3.0085346527777777,8,Monday,8,Friday,2021-10-11 00:00:00+00:00,2021-10-18 00:00:00+00:00,True,2,0
f5e745d9c85aa546cf926da46d17c33a,OFFLINE,2021-10-10 12:39:05.088000+00:00,2021-10-11 08:23:43.679000+00:00,78,1EF,65,08A9B54E00545ECCD369B8E5D2692E9F,0.8226688773148149,8,Monday,12,Sunday,2021-10-11 00:00:00+00:00,2021-10-18 00:00:00+00:00,True,0,0
09aa224b5b69761a452ae30aa92f56d8,ONLINE,2021-10-11 08:05:17.722000+00:00,2021-10-11 08:44:33.196000+00:00,78,300,143,4FB52D1F31461850C15CC1C15A02931B,0.027262430555555557,8,Monday,8,Monday,2021-10-11 00:00:00+00:00,2021-10-18 00:00:00+00:00,True,4,1
86ab320083bcbf04670f4d4bebf56ab2,OFFLINE,2021-10-03 05:10:14.380000+00:00,2021-10-11 08:50:09.536000+00:00,78,300,121,1BA53B5BBB76E9903A2CF8FF02C37293,8.152721712962963,8,Monday,5,Sunday,2021-10-11 00:00:00+00:00,2021-10-18 00:00:00+00:00,True,4,1
b0df676db6978948bd4979107b9aa1f2,OFFLINE,2021-10-10 19:39:35.597000+00:00,2021-10-11 08:54:30.233000+00:00,78,1EF,164,FF6F2DDF8AB23F3461E39CE6531C7EAB,0.55202125,8,Monday,19,Sunday,2021-10-11 00:00:00+00:00,2021-10-18 00:00:00+00:00,True,2,0
998a2e9cac15f532907108b11bf3326d,OFFLINE,2021-10-11 08:27:04.640000+00:00,2021-10-11 08:57:27.088000+00:00,78,1EF,66,08A9B54E00545ECCD369B8E5D2692E9F,0.02109314814814815,8,Monday,8,Monday,2021-10-11 00:00:00+00:00,2021-10-18 00:00:00+00:00,True,2,0
0644fff613f53e4a6a90fe61f8159713,OFFLINE,2021-10-11 08:08:57.583000+00:00,2021-10-11 08:58:58.052000+00:00,78,300,50,6C95625CBBEF8E86248B347AF84368A0,0.034727650462962965,8,Monday,8,Monday,2021-10-11 00:00:00+00:00,2021-10-18 00:00:00+00:00,True,4,1
03ff9ea92f88c49d82aec227b5d96717,OFFLINE,2021-10-10 20:47:49.748000+00:00,2021-10-11 09:09:31.395000+00:00,78,07B,141,294B021232C509826A57AC3136B8ABDD,0.5150653587962962,9,Monday,20,Sunday,2021-10-11 00:00:00+00:00,2021-10-18 00:00:00+00:00,True,6,1
109557e14efbd82b524e5a2be26b4539,OFFLINE,2021-10-11 08:26:55.437000+00:00,2021-10-11 09:22:31.489000+00:00,78,1EF,123,38BB76CCFDD8129EF62B3AF5480605C7,0.038611712962962966,9,Monday,8,Monday,2021-10-11 00:00:00+00:00,2021-10-18 00:00:00+00:00,True,7,1
57f6ea63e5ca1ee13189b373bfaf94d8,OFFLINE,2021-10-07 12:59:11.497000+00:00,2021-10-11 09:25:20.466000+00:00,78,07B,50,4E8E60427140A514537C374BAA698D32,3.851492696759259,9,Monday,12,Thursday,2021-10-11 00:00:00+00:00,2021-10-18 00:00:00+00:00,True,0,0
85fb6fd1ce3045c2304e08238032e21d,OFFLINE,2021-10-11 02:39:25.823000+00:00,2021-10-11 09:32:31.960000+00:00,78,07B,184,EE735FFED3A6072D13A30636E658A03A,0.2868765856481481,9,Monday,2,Monday,2021-10-11 00:00:00+00:00,2021-10-18 00:00:00+00:00,True,3,1
32effcfe4550192b6cde98307c9c3090,OFFLINE,2021-10-11 09:18:42.045000+00:00,2021-10-11 09:43:49.959000+00:00,78,07B,73,56129BC950F9E18A9F5DF651D9D267D1,0.017452708333333334,9,Monday,9,Monday,2021-10-11 00:00:00+00:00,2021-10-18 00:00:00+00:00,True,2,0
cbd80e123c8ada38b491e264797fe085,OFFLINE,2021-10-11 09:00:18.948000+00:00,2021-10-11 09:54:10.288000+00:00,78,1EF,222,7B36B12A4C581DFCF8BF406AECA45564,0.03739976851851852,9,Monday,9,Monday,2021-10-11 00:00:00+00:00,2021-10-18 00:00:00+00:00,True,4,1
d521735ea6720aea4248e578a02c33be,OFFLINE,2021-10-06 10:39:06.765000+00:00,2021-10-11 09:54:44.828000+00:00,78,1EF,184,38BB76CCFDD8129EF62B3AF5480605C7,4.969190543981481,9,Monday,10,Wednesday,2021-10-11 00:00:00+00:00,2021-10-18 00:00:00+00:00,True,4,1
c8ce67ab9d5636486b31a44b812cd7be,OFFLINE,2021-10-11 09:13:05.874000+00:00,2021-10-11 09:59:26.445000+00:00,78,300,142,08379264459A6EF0F8052CC20B9DD41F,0.03218253472222222,9,Monday,9,Monday,2021-10-11 00:00:00+00:00,2021-10-18 00:00:00+00:00,True,5,1
defa0deb09f4f3de81cc338d81fe3ca7,OFFLINE,2021-10-06 18:42:39.314000+00:00,2021-10-11 10:08:18.495000+00:00,78,07B,87,10D023CEE6CC12F06C576EB33402E56B,4.642814594907407,10,Monday,18,Wednesday,2021-10-11 00:00:00+00:00,2021-10-18 00:00:00+00:00,True,5,1
fa7897b5da428cfea5c3f5cbb95645ed,OFFLINE,2021-10-09 18:47:21.145000+00:00,2021-10-11 10:10:37.804000+00:00,78,07B,221,4E8E60427140A514537C374BAA698D32,1.6411650347222224,10,Monday,18,Saturday,2021-10-11 00:00:00+00:00,2021-10-18 00:00:00+00:00,True,3,1
5b26393cd174bba25806ef8bacfc516e,OFFLINE,2021-10-11 09:46:01.185000+00:00,2021-10-11 10:18:14.117000+00:00,78,07B,110,4E8E60427140A514537C374BAA698D32,0.022371898148148148,10,Monday,9,Monday,2021-10-11 00:00:00+00:00,2021-10-18 00:00:00+00:00,True,5,1
90aee7b223a1db2303664a56528bd8ef,ONLINE,2021-10-10 20:16:21.880000+00:00,2021-10-11 10:18:46.142000+00:00,78,07B,98,4E8E60427140A514537C374BAA698D32,0.5850030324074075,10,Monday,20,Sunday,2021-10-11 00:00:00+00:00,2021-10-18 00:00:00+00:00,True,2,0
989116389cdf1998b3263f48c0d7a5b7,ONLINE,2021-10-11 08:43:44.468000+00:00,2021-10-11 10:32:56.619000+00:00,78,300,254,09B36CB8AB7325477B80E99BE8FB2D02,0.07583508101851852,10,Monday,8,Monday,2021-10-11 00:00:00+00:00,2021-10-18 00:00:00+00:00,True,3,1
18fb0a80cbd4d4562df300e8aee1a064,ONLINE,2021-10-11 09:15:57.931000+00:00,2021-10-11 10:33:22.531000+00:00,78,07B,113,9F9E66046BADAE5ABE94708CED879416,0.05375694444444445,10,Monday,9,Monday,2021-10-11 00:00:00+00:00,2021-10-18 00:00:00+00:00,True,2,0
d4e64b01f68c1906725cd054d7079772,OFFLINE,2021-10-08 17:33:00.046000+00:00,2021-10-11 10:45:39.391000+00:00,78,07B,50,4575953E5DD96D9E301B05E12FB12540,2.717122048611111,10,Monday,17,Friday,2021-10-11 00:00:00+00:00,2021-10-18 00:00:00+00:00,True,2,0
675ef971938f41ef6606e97209609d8a,OFFLINE,2021-10-11 10:17:32.578000+00:00,2021-10-11 10:47:14.580000+00:00,78,300,125,D3CEA8B57F07B785543EDB2058A190CE,0.02062502314814815,10,Monday,10,Monday,2021-10-11 00:00:00+00:00,2021-10-18 00:00:00+00:00,True,1,0
d3d6f5e23c830dde810cd98f4f151741,OFFLINE,2021-10-10 19:57:15.027000+00:00,2021-10-11 10:53:52.532000+00:00,78,1EF,111,08A9B54E00545ECCD369B8E5D2692E9F,0.6226563078703703,10,Monday,19,Sunday,2021-10-11 00:00:00+00:00,2021-10-18 00:00:00+00:00,True,3,1
90413f195017f29a578c0c67418f5226,OFFLINE,2021-10-10 21:17:30.632000+00:00,2021-10-11 11:19:44.884000+00:00,78,07B,199,4E8E60427140A514537C374BAA698D32,0.584887175925926,11,Monday,21,Sunday,2021-10-11 00:00:00+00:00,2021-10-18 00:00:00+00:00,True,4,1
9e84a32967e333a1d55cb7086382fe11,ONLINE,2021-10-10 16:02:37.991000+00:00,2021-10-11 11:19:52.149000+00:00,78,07B,63,2CF9D19CE125793D17A0B4C371AB7AFD,0.8036360879629629,11,Monday,16,Sunday,2021-10-11 00:00:00+00:00,2021-10-18 00:00:00+00:00,True,1,0
fd4d66275d154068fd8e06b8ec2d04fe,OFFLINE,2021-10-11 10:02:10.182000+00:00,2021-10-11 11:27:37.826000+00:00,78,07B,50,4ECC8B694F4BB262BDD4B0A85952B71A,0.05934773148148149,11,Monday,10,Monday,2021-10-11 00:00:00+00:00,2021-10-18 00:00:00+00:00,True,0,0
3bca67ee895cf3d40e61a505537d19aa,OFFLINE,2021-10-11 10:45:28.160000+00:00,2021-10-11 11:35:31.579000+00:00,78,07B,186,294B021232C509826A57AC3136B8ABDD,0.03476179398148148,11,Monday,10,Monday,2021-10-11 00:00:00+00:00,2021-10-18 00:00:00+00:00,True,4,1
4bcda88b5c0d837dce5ee22487d4b9d3,OFFLINE,2021-10-11 11:15:17.104000+00:00,2021-10-11 11:41:19.028000+00:00,78,1EF,132,BB2033CE2FA4822C957B37DEB445B32C,0.018077824074074073,11,Monday,11,Monday,2021-10-11 00:00:00+00:00,2021-10-18 00:00:00+00:00,True,0,0
6a6c0537bc828947f2b1331540a4ff04,OFFLINE,2021-10-06 11:26:02.871000+00:00,2021-10-11 11:42:58.181000+00:00,78,1EF,141,BB2033CE2FA4822C957B37DEB445B32C,5.011751273148148,11,Monday,11,Wednesday,2021-10-11 00:00:00+00:00,2021-10-18 00:00:00+00:00,True,2,0
3e96974b971857d648903b82d93c4887,OFFLINE,2021-10-06 15:53:45.947000+00:00,2021-10-11 11:49:11.324000+00:00,78,300,256,526A1D40F50BBB44821C0C0FDE8E16B7,4.830154826388888,11,Monday,15,Wednesday,2021-10-11 00:00:00+00:00,2021-10-18 00:00:00+00:00,True,3,1
51b0092ac9f109de1a522222030b4a88,ONLINE,2021-10-11 08:04:04.376000+00:00,2021-10-11 11:51:47.894000+00:00,78,1EF,82,08A9B54E00545ECCD369B8E5D2692E9F,0.15814256944444444,11,Monday,8,Monday,2021-10-11 00:00:00+00:00,2021-10-18 00:00:00+00:00,True,3,1
689c4d936d88ae377f6feefbfd182d73,OFFLINE,2021-10-11 10:50:30.832000+00:00,2021-10-11 11:53:28.035000+00:00,78,07B,276,4ECC8B694F4BB262BDD4B0A85952B71A,0.043717627314814815,11,Monday,10,Monday,2021-10-11 00:00:00+00:00,2021-10-18 00:00:00+00:00,True,2,0
7c8a3191ecff18384ecf8f07acf9a20e,ONLINE,2021-10-11 09:45:16.688000+00:00,2021-10-11 11:55:24.985000+00:00,78,07B,75,B4FC534828E371E11BC989991238B1D4,0.09037380787037036,11,Monday,9,Monday,2021-10-11 00:00:00+00:00,2021-10-18 00:00:00+00:00,True,3,1
72ac16b2c2ee856333b6cbb6972792d4,ONLINE,2021-10-07 12:07:01.278000+00:00,2021-10-11 12:20:14.226000+00:00,78,07B,117,EEDD0125ADF9CD4325E56C39462533F5,4.009177638888889,12,Monday,12,Thursday,2021-10-11 00:00:00+00:00,2021-10-18 00:00:00+00:00,True,2,0
9573891f6788ff69c33368dcaa2e5daa,OFFLINE,2021-10-11 12:00:19.002000+00:00,2021-10-11 12:21:24.638000+00:00,78,07B,79,3B56EC028568E71AF10B3360787CD0BC,0.014648564814814814,12,Monday,12,Monday,2021-10-11 00:00:00+00:00,2021-10-18 00:00:00+00:00,True,6,1
1f2153ff4e4ff6a2c1a1164cbfde9d3a,ONLINE,2021-10-09 13:12:36.425000+00:00,2021-10-11 12:21:37.964000+00:00,78,07B,50,2CF9D19CE125793D17A0B4C371AB7AFD,1.9646011458333332,12,Monday,13,Saturday,2021-10-11 00:00:00+00:00,2021-10-18 00:00:00+00:00,True,4,1
630734ca7eee2fba858c6b373a03a1d9,OFFLINE,2021-10-11 12:10:02.028000+00:00,2021-10-11 12:31:39.604000+00:00,78,1EF,60,5CD6463B9C20BA10DA25A431F2D844A6,0.015018240740740742,12,Monday,12,Monday,2021-10-11 00:00:00+00:00,2021-10-18 00:00:00+00:00,True,3,1
0220d6cbf0b6126cee9cd9eb1a33a6d8,ONLINE,2021-10-05 19:23:33.107000+00:00,2021-10-11 12:35:37.043000+00:00,78,07B,79,4E8E60427140A514537C374BAA698D32,5.716712222222222,12,Monday,19,Tuesday,2021-10-11 00:00:00+00:00,2021-10-18 00:00:00+00:00,True,5,1
86c4f5f21c35cf6274760649357a4a76,OFFLINE,2021-10-11 12:40:42.284000+00:00,2021-10-11 12:59:29.128000+00:00,78,300,50,526A1D40F50BBB44821C0C0FDE8E16B7,0.013042175925925926,12,Monday,12,Monday,2021-10-11 00:00:00+00:00,2021-10-18 00:00:00+00:00,True,4,1
cad4ffd5ddcfcef2f954ead5c1c670e7,ONLINE,2021-10-07 18:23:09.850000+00:00,2021-10-11 12:59:43.887000+00:00,78,300,70,08379264459A6EF0F8052CC20B9DD41F,3.775393946759259,12,Monday,18,Thursday,2021-10-11 00:00:00+00:00,2021-10-18 00:00:00+00:00,True,0,0
6416c5e6914d76770b8445629b32f4c1,OFFLINE,2021-10-11 10:38:07.108000+00:00,2021-10-11 13:02:39.781000+00:00,78,300,50,C0DD698BE0C1EA71FA3045950BEEC64B,0.10037815972222223,13,Monday,10,Monday,2021-10-11 00:00:00+00:00,2021-10-18 00:00:00+00:00,True,4,1
379d0206919ca71b165a34057fd7292f,OFFLINE,2021-10-11 12:07:34.094000+00:00,2021-10-11 13:02:58.260000+00:00,78,300,50,C0DD698BE0C1EA71FA3045950BEEC64B,0.03847414351851852,13,Monday,12,Monday,2021-10-11 00:00:00+00:00,2021-10-18 00:00:00+00:00,True,4,1
c5dd77e6574af24d679444b1efb1112c,OFFLINE,2021-10-11 12:18:15.713000+00:00,2021-10-11 13:03:16.579000+00:00,78,300,50,C0DD698BE0C1EA71FA3045950BEEC64B,0.03126002314814815,13,Monday,12,Monday,2021-10-11 00:00:00+00:00,2021-10-18 00:00:00+00:00,True,4,1
d92a4bef16cf543f9e96f76ae78f8005,OFFLINE,2021-10-11 12:15:33.479000+00:00,2021-10-11 13:03:37.419000+00:00,78,300,50,C0DD698BE0C1EA71FA3045950BEEC64B,0.033378935185185185,13,Monday,12,Monday,2021-10-11 00:00:00+00:00,2021-10-18 00:00:00+00:00,True,5,1
0a00cba28d8996bd57f8bab81d4c7c28,OFFLINE,2021-10-11 12:39:06.518000+00:00,2021-10-11 13:20:59.757000+00:00,78,1EF,119,BB2033CE2FA4822C957B37DEB445B32C,0.029088414351851853,13,Monday,12,Monday,2021-10-11 00:00:00+00:00,2021-10-18 00:00:00+00:00,True,5,1
a510dee771785aadb7b712b2e01557ec,OFFLINE,2021-10-11 12:57:53.603000+00:00,2021-10-11 13:27:32.643000+00:00,78,07B,137,10D023CEE6CC12F06C576EB33402E56B,0.02059074074074074,13,Monday,12,Monday,2021-10-11 00:00:00+00:00,2021-10-18 00:00:00+00:00,True,6,1
bae4fcfcb4306b9a85427ad76564148c,ONLINE,2021-10-11 01:55:10.025000+00:00,2021-10-11 13:49:48.160000+00:00,78,1EF,82,F066DEFF7409FE06BB3F4539FBDF12A4,0.49627471064814815,13,Monday,1,Monday,2021-10-11 00:00:00+00:00,2021-10-18 00:00:00+00:00,True,5,1
80b52c43bfa0f88225666c1430fe187b,OFFLINE,2021-10-11 13:27:51.990000+00:00,2021-10-11 13:52:07.232000+00:00,78,300,297,08379264459A6EF0F8052CC20B9DD41F,0.016843078703703704,13,Monday,13,Monday,2021-10-11 00:00:00+00:00,2021-10-18 00:00:00+00:00,True,3,1
1f037dd6efb88ccb8b6933e0f135e402,OFFLINE,2021-10-09 07:34:28.324000+00:00,2021-10-11 13:52:13.970000+00:00,78,07B,148,9F9E66046BADAE5ABE94708CED879416,2.262333865740741,13,Monday,7,Saturday,2021-10-11 00:00:00+00:00,2021-10-18 00:00:00+00:00,True,7,1
f0dc11dcd11ddb87d635300f4410cc53,OFFLINE,2021-10-08 14:24:35.216000+00:00,2021-10-11 13:59:14.304000+00:00,78,07B,78,4ECC8B694F4BB262BDD4B0A85952B71A,2.9823968518518518,13,Monday,14,Friday,2021-10-11 00:00:00+00:00,2021-10-18 00:00:00+00:00,True,2,0
b0586562c0e976f504ed75b6c892f3d8,OFFLINE,2021-10-10 19:45:33.989000+00:00,2021-10-11 14:04:55.907000+00:00,78,1EF,60,96C3C752FA22E3A6918ADE4F355D3F8D,0.763448125,14,Monday,19,Sunday,2021-10-11 00:00:00+00:00,2021-10-18 00:00:00+00:00,True,5,1
af711817a056c4512d18df23f9886da6,OFFLINE,2021-10-07 13:28:36.803000+00:00,2021-10-11 14:21:54.726000+00:00,78,1EF,60,F066DEFF7409FE06BB3F4539FBDF12A4,4.037012997685185,14,Monday,13,Thursday,2021-10-11 00:00:00+00:00,2021-10-18 00:00:00+00:00,True,2,0
b03276b3bfdc56a52740f42f527ec004,ONLINE,2021-10-11 13:30:00.566000+00:00,2021-10-11 14:34:10.409000+00:00,77,1EF,132,740CB1CA2BD83B3276B092195A6EB883,0.044558368055555554,14,Monday,13,Monday,2021-10-11 00:00:00+00:00,2021-10-18 00:00:00+00:00,True,2,0
aaec4edd1c147e883d954f68190a8bb0,OFFLINE,2021-10-10 13:55:45.256000+00:00,2021-10-11 14:42:04.929000+00:00,78,300,59,09B36CB8AB7325477B80E99BE8FB2D02,1.0321721412037037,14,Monday,13,Sunday,2021-10-11 00:00:00+00:00,2021-10-18 00:00:00+00:00,True,2,0
89ecd7ba15bde0ed5496cf2c0bca4a33,OFFLINE,2021-10-11 06:00:04.066000+00:00,2021-10-11 14:49:56.050000+00:00,78,300,50,FDDED23F2734BBB8F642ABE582E81ADF,0.3679627777777778,14,Monday,6,Monday,2021-10-11 00:00:00+00:00,2021-10-18 00:00:00+00:00,True,6,1
d9e358b64d1071475826b973eadaa073,OFFLINE,2021-10-11 06:10:29.558000+00:00,2021-10-11 14:50:06.437000+00:00,78,300,50,FDDED23F2734BBB8F642ABE582E81ADF,0.36084350694444445,14,Monday,6,Monday,2021-10-11 00:00:00+00:00,2021-10-18 00:00:00+00:00,True,5,1
f778667a1c542e6e96113bbe33a98e7a,ONLINE,2021-10-11 13:50:45.698000+00:00,2021-10-11 15:02:03.880000+00:00,78,300,50,526A1D40F50BBB44821C0C0FDE8E16B7,0.049515995370370366,15,Monday,13,Monday,2021-10-11 00:00:00+00:00,2021-10-18 00:00:00+00:00,True,0,0
a7b7aa8b67ce90fdecfbc59ba064c8f8,ONLINE,2021-10-10 20:10:30.838000+00:00,2021-10-11 15:02:30.485000+00:00,78,1EF,122,38BB76CCFDD8129EF62B3AF5480605C7,0.786107025462963,15,Monday,20,Sunday,2021-10-11 00:00:00+00:00,2021-10-18 00:00:00+00:00,True,1,0
0340d8d62ab89889084856915322bb93,OFFLINE,2021-10-11 04:19:29.823000+00:00,2021-10-11 15:14:47.777000+00:00,78,300,161,08379264459A6EF0F8052CC20B9DD41F,0.45506891203703703,15,Monday,4,Monday,2021-10-11 00:00:00+00:00,2021-10-18 00:00:00+00:00,True,5,1
b8ddd18194076a8ce9409f90b8724c86,OFFLINE,2021-10-11 05:35:37.851000+00:00,2021-10-11 15:30:20.953000+00:00,78,300,50,D4C37F84E4615558E068D7F501FC3E17,0.41299886574074074,15,Monday,5,Monday,2021-10-11 00:00:00+00:00,2021-10-18 00:00:00+00:00,True,6,1
76c3f7f83b695c7ce552a1ea31a8e03f,OFFLINE,2021-10-11 05:42:29.615000+00:00,2021-10-11 15:30:47.041000+00:00,78,300,50,D4C37F84E4615558E068D7F501FC3E17,0.40853502314814816,15,Monday,5,Monday,2021-10-11 00:00:00+00:00,2021-10-18 00:00:00+00:00,True,6,1
32329d7e55b58cd323177bcc3131b55e,OFFLINE,2021-10-11 05:54:05.270000+00:00,2021-10-11 15:31:00.005000+00:00,78,300,50,D4C37F84E4615558E068D7F501FC3E17,0.40063350694444444,15,Monday,5,Monday,2021-10-11 00:00:00+00:00,2021-10-18 00:00:00+00:00,True,6,1
69e68ae2224865ba2d15fdb556e12d32,OFFLINE,2021-10-11 05:47:39.474000+00:00,2021-10-11 15:31:21.832000+00:00,78,300,50,D4C37F84E4615558E068D7F501FC3E17,0.40535136574074077,15,Monday,5,Monday,2021-10-11 00:00:00+00:00,2021-10-18 00:00:00+00:00,True,6,1
3b70e0feb3528de66f7aac175087d612,OFFLINE,2021-10-11 05:39:42.258000+00:00,2021-10-11 15:31:39.807000+00:00,78,300,50,D4C37F84E4615558E068D7F501FC3E17,0.41108274305555553,15,Monday,5,Monday,2021-10-11 00:00:00+00:00,2021-10-18 00:00:00+00:00,True,5,1
d3044d169a4ec4346b99e2b32de10071,OFFLINE,2021-10-11 05:55:28.092000+00:00,2021-10-11 15:32:02.610000+00:00,78,300,50,D4C37F84E4615558E068D7F501FC3E17,0.40039951388888884,15,Monday,5,Monday,2021-10-11 00:00:00+00:00,2021-10-18 00:00:00+00:00,True,6,1
e054c06b8830c80b978ee632194209fd,OFFLINE,2021-10-06 05:10:59.609000+00:00,2021-10-11 15:44:17.377000+00:00,78,07B,172,4ECC8B694F4BB262BDD4B0A85952B71A,5.439788981481481,15,Monday,5,Wednesday,2021-10-11 00:00:00+00:00,2021-10-18 00:00:00+00:00,True,5,1
d8e14dcf5b8c28a3032a217a0d60ffbe,OFFLINE,2021-10-11 15:19:38.586000+00:00,2021-10-11 15:48:44.791000+00:00,88,1EF,80,38BB76CCFDD8129EF62B3AF5480605C7,0.02021070601851852,15,Monday,15,Monday,2021-10-11 00:00:00+00:00,2021-10-18 00:00:00+00:00,True,1,0
934d3fb46652efebd6419677d3cbb628,OFFLINE,2021-10-11 15:49:53.208000+00:00,2021-10-11 16:13:27.265000+00:00,78,07B,84,9F9E66046BADAE5ABE94708CED879416,0.016366400462962963,16,Monday,15,Monday,2021-10-11 00:00:00+00:00,2021-10-18 00:00:00+00:00,True,2,0
e0a7fd598e0fdf583d50afc2c70fc868,OFFLINE,2021-10-11 16:04:06.999000+00:00,2021-10-11 16:13:44.950000+00:00,78,1EF,60,FF6F2DDF8AB23F3461E39CE6531C7EAB,0.006689247685185185,16,Monday,16,Monday,2021-10-11 00:00:00+00:00,2021-10-18 00:00:00+00:00,True,5,1
d2f07aab52adce03565146a5e4823646,OFFLINE,2021-10-11 05:29:03.123000+00:00,2021-10-11 16:13:54.028000+00:00,78,300,50,AF4F62D7ACE753F48C02D30A922CA5C2,0.44781140046296297,16,Monday,5,Monday,2021-10-11 00:00:00+00:00,2021-10-18 00:00:00+00:00,True,6,1
35fab7769aedc7edba2abaa64f7d21e2,OFFLINE,2021-10-11 05:31:16.283000+00:00,2021-10-11 16:15:09.231000+00:00,78,300,50,AF4F62D7ACE753F48C02D30A922CA5C2,0.44714060185185184,16,Monday,5,Monday,2021-10-11 00:00:00+00:00,2021-10-18 00:00:00+00:00,True,6,1
50bb4029a472f0e7cf07c3f6646c8db5,ONLINE,2021-10-11 16:43:53.142000+00:00,2021-10-11 16:59:28.884000+00:00,78,1EF,60,08A9B54E00545ECCD369B8E5D2692E9F,0.010830347222222222,16,Monday,16,Monday,2021-10-11 00:00:00+00:00,2021-10-18 00:00:00+00:00,True,3,1
7ea36f559c94d95557abf1b4dce2ff81,OFFLINE,2021-10-11 15:15:08.669000+00:00,2021-10-11 17:41:54.849000+00:00,78,300,50,A85A33858C7BB0DCE962E99B2E79BBC4,0.10192337962962963,17,Monday,15,Monday,2021-10-11 00:00:00+00:00,2021-10-18 00:00:00+00:00,True,0,0
918bf355f28d575bb2b2183d31f69981,OFFLINE,2021-10-08 18:25:11.259000+00:00,2021-10-11 18:37:12.995000+00:00,78,07B,168,9F9E66046BADAE5ABE94708CED879416,3.008353425925926,18,Monday,18,Friday,2021-10-11 00:00:00+00:00,2021-10-18 00:00:00+00:00,True,4,1
12c1938972a54335470dd94f71534c4d,OFFLINE,2021-10-11 17:33:38.387000+00:00,2021-10-11 18:46:37.085000+00:00,78,300,117,09B36CB8AB7325477B80E99BE8FB2D02,0.050679375000000006,18,Monday,17,Monday,2021-10-11 00:00:00+00:00,2021-10-18 00:00:00+00:00,True,5,1
0b1c5621de9363bead438758e09de9b8,OFFLINE,2021-10-11 17:11:44.251000+00:00,2021-10-11 18:55:40.694000+00:00,78,300,112,08379264459A6EF0F8052CC20B9DD41F,0.07218105324074074,18,Monday,17,Monday,2021-10-11 00:00:00+00:00,2021-10-18 00:00:00+00:00,True,4,1
2ed1118ef798db93ed6e8ce73aee3826,OFFLINE,2021-10-11 18:40:14.357000+00:00,2021-10-11 19:43:38.002000+00:00,78,300,50,08379264459A6EF0F8052CC20B9DD41F,0.04402366898148148,19,Monday,18,Monday,2021-10-11 00:00:00+00:00,2021-10-18 00:00:00+00:00,True,5,1
86a857324a1f013861758ac86fb0b5a5,OFFLINE,2021-10-11 18:44:35.802000+00:00,2021-10-11 19:47:04.976000+00:00,78,1EF,265,2C10D809ABD31810F4E95F4E500EFA7E,0.04339321759259259,19,Monday,18,Monday,2021-10-11 00:00:00+00:00,2021-10-18 00:00:00+00:00,True,6,1
235ffe46b9897a59c03fc2de40ca5a12,OFFLINE,2021-10-11 18:30:53.475000+00:00,2021-10-11 20:16:46.757000+00:00,78,300,104,E56AE16934A0D29EBF24915402A7E5ED,0.07353335648148149,20,Monday,18,Monday,2021-10-11 00:00:00+00:00,2021-10-18 00:00:00+00:00,True,5,1
d82b75fa970b5716518c25bdfb28bb4f,OFFLINE,2021-10-11 12:30:23.465000+00:00,2021-10-11 20:29:45.352000+00:00,78,07B,64,9F9E66046BADAE5ABE94708CED879416,0.3328922106481481,20,Monday,12,Monday,2021-10-11 00:00:00+00:00,2021-10-18 00:00:00+00:00,True,5,1
2a42a45cdcce5ee6389885751a9d1fb4,ONLINE,2021-10-11 20:38:34.369000+00:00,2021-10-11 21:10:26.074000+00:00,78,1EF,103,F11BA079658F860875013A84EC1AEA2B,0.022126215277777778,21,Monday,20,Monday,2021-10-11 00:00:00+00:00,2021-10-18 00:00:00+00:00,True,3,1
e8c102eaa6c54f36c068ce07be7fe6f1,OFFLINE,2021-10-11 20:13:03.245000+00:00,2021-10-12 02:10:39.752000+00:00,78,07B,201,3B56EC028568E71AF10B3360787CD0BC,0.2483392013888889,2,Tuesday,20,Monday,2021-10-12 00:00:00+00:00,2021-10-19 00:00:00+00:00,True,3,1
284897c0b68f11769456ccb32a7e2aa5,ONLINE,2021-10-09 20:54:54.411000+00:00,2021-10-12 02:50:26.623000+00:00,78,07B,52,9F9E66046BADAE5ABE94708CED879416,2.246900601851852,2,Tuesday,20,Saturday,2021-10-12 00:00:00+00:00,2021-10-19 00:00:00+00:00,True,2,0
25fa40ecd544f742184e3e374681ccb6,OFFLINE,2021-10-12 02:34:03.519000+00:00,2021-10-12 02:51:04.007000+00:00,78,300,84,7E701822D80EF10DEBEA008731637EA3,0.011811203703703704,2,Tuesday,2,Tuesday,2021-10-12 00:00:00+00:00,2021-10-19 00:00:00+00:00,True,1,0
fc8a8d98f9be8d63e9d6e0fb85ab3f26,OFFLINE,2021-10-11 14:08:24.438000+00:00,2021-10-12 02:52:42.305000+00:00,78,1EF,122,4DF70D744AB4B2076706A37F1EBAC6B9,0.530762349537037,2,Tuesday,14,Monday,2021-10-12 00:00:00+00:00,2021-10-19 00:00:00+00:00,True,2,0
558c4931ea0f29eb6d665f8d5b225144,OFFLINE,2021-10-12 02:07:17.570000+00:00,2021-10-12 02:57:38.461000+00:00,78,07B,129,294B021232C509826A57AC3136B8ABDD,0.03496401620370371,2,Tuesday,2,Tuesday,2021-10-12 00:00:00+00:00,2021-10-19 00:00:00+00:00,True,2,0
98963d42c44f9858132c88e863ada729,OFFLINE,2021-10-11 16:30:10.033000+00:00,2021-10-12 02:58:35.524000+00:00,78,07B,78,3BA1172F566EDC7D37511BBF59F34142,0.43640614583333337,2,Tuesday,16,Monday,2021-10-12 00:00:00+00:00,2021-10-19 00:00:00+00:00,True,3,1
bc601669816784938b177e21586a9bc3,ONLINE,2021-10-11 17:12:06.234000+00:00,2021-10-12 02:58:45.847000+00:00,78,07B,139,EEDD0125ADF9CD4325E56C39462533F5,0.4074029282407407,2,Tuesday,17,Monday,2021-10-12 00:00:00+00:00,2021-10-19 00:00:00+00:00,True,7,1
af01ca2bc5d5bae9d8896929700ed4f8,OFFLINE,2021-10-04 16:40:05.354000+00:00,2021-10-12 03:06:05.933000+00:00,78,1EF,96,38BB76CCFDD8129EF62B3AF5480605C7,7.434728923611112,3,Tuesday,16,Monday,2021-10-12 00:00:00+00:00,2021-10-19 00:00:00+00:00,True,0,0
d1a06150785d63c22b0c942223e04375,ONLINE,2021-10-12 01:59:35.246000+00:00,2021-10-12 03:07:41.752000+00:00,78,1EF,154,96C3C752FA22E3A6918ADE4F355D3F8D,0.04729752314814815,3,Tuesday,1,Tuesday,2021-10-12 00:00:00+00:00,2021-10-19 00:00:00+00:00,True,3,1
58178d9b0e157cc48b55fe302bf331ff,OFFLINE,2021-10-11 13:35:49.519000+00:00,2021-10-12 03:11:45.364000+00:00,78,07B,72,EE735FFED3A6072D13A30636E658A03A,0.5666185763888889,3,Tuesday,13,Monday,2021-10-12 00:00:00+00:00,2021-10-19 00:00:00+00:00,True,4,1
138824eb26cfe50f64afcb39677e29be,ONLINE,2021-10-06 02:25:23.983000+00:00,2021-10-12 03:12:39.402000+00:00,78,300,112,56C3843EA0BAA7B2438B58CFC2BBD0FF,6.032817349537037,3,Tuesday,2,Wednesday,2021-10-12 00:00:00+00:00,2021-10-19 00:00:00+00:00,True,1,0
6443b61fe14c57a6dbc2d965a29ec0ca,OFFLINE,2021-10-11 18:08:05.113000+00:00,2021-10-12 03:22:01.904000+00:00,78,300,58,7E701822D80EF10DEBEA008731637EA3,0.3846850810185185,3,Tuesday,18,Monday,2021-10-12 00:00:00+00:00,2021-10-19 00:00:00+00:00,True,2,0
7f8ea2486ce8b683a3da38eeb9866d68,ONLINE,2021-10-12 03:06:08.448000+00:00,2021-10-12 03:24:20.847000+00:00,78,07B,101,EE735FFED3A6072D13A30636E658A03A,0.012643506944444443,3,Tuesday,3,Tuesday,2021-10-12 00:00:00+00:00,2021-10-19 00:00:00+00:00,True,2,0
20cf313128d5e95f3c786dc8675111bd,OFFLINE,2021-10-12 03:07:32.649000+00:00,2021-10-12 03:31:08.598000+00:00,78,07B,113,9F9E66046BADAE5ABE94708CED879416,0.016388298611111112,3,Tuesday,3,Tuesday,2021-10-12 00:00:00+00:00,2021-10-19 00:00:00+00:00,True,1,0
f85ad68ed42439b9c3d4806fbc5e89ab,ONLINE,2021-10-12 03:23:41.359000+00:00,2021-10-12 03:33:16.709000+00:00,78,07B,78,5D80F97CDC9BD4BCBB7BFA0B329E6A7B,0.006659143518518519,3,Tuesday,3,Tuesday,2021-10-12 00:00:00+00:00,2021-10-19 00:00:00+00:00,True,2,0
c1ce3b1da432d82745245488fdf7695e,OFFLINE,2021-10-11 11:56:02.601000+00:00,2021-10-12 03:45:22.052000+00:00,78,1EF,141,740CB1CA2BD83B3276B092195A6EB883,0.6592529050925926,3,Tuesday,11,Monday,2021-10-12 00:00:00+00:00,2021-10-19 00:00:00+00:00,True,1,0
3b9f678dc3a90e3cf0a151b58b0b66b6,OFFLINE,2021-10-12 03:11:56.263000+00:00,2021-10-12 03:55:58.709000+00:00,78,07B,90,5CBAE575834E2A0026B9C318B4104DF0,0.03058386574074074,3,Tuesday,3,Tuesday,2021-10-12 00:00:00+00:00,2021-10-19 00:00:00+00:00,True,4,1
a94e2dcdfa245af4920e7737307a0fac,ONLINE,2021-10-12 02:36:44.455000+00:00,2021-10-12 03:57:43.919000+00:00,78,07B,189,9FFABDFED33FB837D72433191B5668D5,0.0562437962962963,3,Tuesday,2,Tuesday,2021-10-12 00:00:00+00:00,2021-10-19 00:00:00+00:00,True,3,1
00cca2a2b75eccab81fa8e8ceb94e988,OFFLINE,2021-10-11 15:44:38.163000+00:00,2021-10-12 03:59:17.913000+00:00,78,07B,231,5D80F97CDC9BD4BCBB7BFA0B329E6A7B,0.5101822916666666,3,Tuesday,15,Monday,2021-10-12 00:00:00+00:00,2021-10-19 00:00:00+00:00,True,2,0
214ad39a24a2253410236aa609b8214a,ONLINE,2021-10-12 03:39:33.314000+00:00,2021-10-12 04:01:20.334000+00:00,78,07B,121,EEDD0125ADF9CD4325E56C39462533F5,0.015127546296296297,4,Tuesday,3,Tuesday,2021-10-12 00:00:00+00:00,2021-10-19 00:00:00+00:00,True,2,0
4408a720bb3b6ab77ff36cba93445501,OFFLINE,2021-10-12 03:42:27.190000+00:00,2021-10-12 04:06:09.501000+00:00,78,1EF,68,195FD095D9D7F47943113AF2CBCF9A75,0.016461932870370368,4,Tuesday,3,Tuesday,2021-10-12 00:00:00+00:00,2021-10-19 00:00:00+00:00,True,5,1
80e0726a3f18c9281a8fc29f9329f0b3,ONLINE,2021-10-12 03:32:11.938000+00:00,2021-10-12 04:15:59.088000+00:00,78,300,142,D3CEA8B57F07B785543EDB2058A190CE,0.030406828703703703,4,Tuesday,3,Tuesday,2021-10-12 00:00:00+00:00,2021-10-19 00:00:00+00:00,True,1,0
dceda17cc7ec445a7c08bcd3921ef4aa,ONLINE,2021-10-10 13:52:04.500000+00:00,2021-10-12 04:16:07.269000+00:00,78,07B,116,4E8E60427140A514537C374BAA698D32,1.600032048611111,4,Tuesday,13,Sunday,2021-10-12 00:00:00+00:00,2021-10-19 00:00:00+00:00,True,0,0
580f104f2e24e55c3b0d1e2e2d0500b0,OFFLINE,2021-10-12 03:14:51.853000+00:00,2021-10-12 04:21:47.429000+00:00,78,300,163,08379264459A6EF0F8052CC20B9DD41F,0.04647657407407407,4,Tuesday,3,Tuesday,2021-10-12 00:00:00+00:00,2021-10-19 00:00:00+00:00,True,0,0
df874faa7af44d6789499feae3f308a2,OFFLINE,2021-10-09 11:03:27.991000+00:00,2021-10-12 04:30:55.278000+00:00,78,300,124,C0DD698BE0C1EA71FA3045950BEEC64B,2.7273991550925927,4,Tuesday,11,Saturday,2021-10-12 00:00:00+00:00,2021-10-19 00:00:00+00:00,True,2,0
456e00f8c91971e48a90902d49676f6d,ONLINE,2021-10-12 03:58:34.970000+00:00,2021-10-12 04:39:25.433000+00:00,78,300,174,D3CEA8B57F07B785543EDB2058A190CE,0.02836184027777778,4,Tuesday,3,Tuesday,2021-10-12 00:00:00+00:00,2021-10-19 00:00:00+00:00,True,2,0
95a92e679d5bb4ae887e5e5d03115251,OFFLINE,2021-10-12 01:51:17.831000+00:00,2021-10-12 04:51:56.798000+00:00,78,300,61,08379264459A6EF0F8052CC20B9DD41F,0.12545100694444444,4,Tuesday,1,Tuesday,2021-10-12 00:00:00+00:00,2021-10-19 00:00:00+00:00,True,1,0
a62f9e6038bd322492c6106e322ddfbb,OFFLINE,2021-10-11 16:13:07.051000+00:00,2021-10-12 04:55:46.890000+00:00,78,07B,144,C142F51706DA139EC3DCAA250682C61A,0.5296277662037037,4,Tuesday,16,Monday,2021-10-12 00:00:00+00:00,2021-10-19 00:00:00+00:00,True,5,1
cc0bbf2e1f12c479732df5abb4dc67a8,OFFLINE,2021-10-12 04:28:56.627000+00:00,2021-10-12 05:05:53.526000+00:00,90,07B,161,4E8E60427140A514537C374BAA698D32,0.02565855324074074,5,Tuesday,4,Tuesday,2021-10-12 00:00:00+00:00,2021-10-19 00:00:00+00:00,True,1,0
94a22a115a1c3999c132305516448800,OFFLINE,2021-10-12 04:52:07.571000+00:00,2021-10-12 05:09:04.297000+00:00,78,07B,72,10D023CEE6CC12F06C576EB33402E56B,0.011767662037037037,5,Tuesday,4,Tuesday,2021-10-12 00:00:00+00:00,2021-10-19 00:00:00+00:00,True,4,1
43c50a2e49d2876cfd9ab17675bbebb6,OFFLINE,2021-10-11 00:51:45.191000+00:00,2021-10-12 05:20:24.824000+00:00,78,07B,78,4E8E60427140A514537C374BAA698D32,1.1865698263888889,5,Tuesday,0,Monday,2021-10-12 00:00:00+00:00,2021-10-19 00:00:00+00:00,True,4,1
80feb6cd90569aadc312a74726a474cd,OFFLINE,2021-10-08 01:53:59.454000+00:00,2021-10-12 05:22:46.829000+00:00,78,1EF,60,BB2033CE2FA4822C957B37DEB445B32C,4.144992766203703,5,Tuesday,1,Friday,2021-10-12 00:00:00+00:00,2021-10-19 00:00:00+00:00,True,2,0
b9c7dc1557bdc63f6b4039962c97a926,OFFLINE,2021-10-06 15:58:07.613000+00:00,2021-10-12 05:40:47.641000+00:00,78,300,50,3C9A38041319FDC1296E25999C70C4DA,5.57129662037037,5,Tuesday,15,Wednesday,2021-10-12 00:00:00+00:00,2021-10-19 00:00:00+00:00,True,4,1
699c61f3c9fca80c1d1fb9f16d51bd7a,ONLINE,2021-10-12 05:24:03.212000+00:00,2021-10-12 05:58:49.222000+00:00,78,300,102,2630D6FC6433A9A4C1C906C0D64BDDE1,0.02414363425925926,5,Tuesday,5,Tuesday,2021-10-12 00:00:00+00:00,2021-10-19 00:00:00+00:00,True,6,1
9bb512ad95af9f72cb2c38cfaf2ecba5,ONLINE,2021-10-12 05:42:21.537000+00:00,2021-10-12 06:14:23.546000+00:00,78,1EF,169,A00AF20362FBDDE9E3869D787E4693AF,0.022245474537037038,6,Tuesday,5,Tuesday,2021-10-12 00:00:00+00:00,2021-10-19 00:00:00+00:00,True,4,1
8766224df9de7c28c3cb74492cdd3910,OFFLINE,2021-10-09 10:43:35.726000+00:00,2021-10-12 06:14:48.824000+00:00,78,300,50,E72C918BA3470A8671982E069981B9C8,2.8133460416666667,6,Tuesday,10,Saturday,2021-10-12 00:00:00+00:00,2021-10-19 00:00:00+00:00,True,4,1
2c65f407a4aeb877e9d56443c3317197,OFFLINE,2021-10-12 06:10:28.270000+00:00,2021-10-12 06:18:37.443000+00:00,90,07B,58,2CF9D19CE125793D17A0B4C371AB7AFD,0.005661724537037037,6,Tuesday,6,Tuesday,2021-10-12 00:00:00+00:00,2021-10-19 00:00:00+00:00,True,1,0
306043cb617aa800c954f71a4f93c39e,ONLINE,2021-10-09 15:13:57.615000+00:00,2021-10-12 06:28:25.270000+00:00,78,1EF,87,96C3C752FA22E3A6918ADE4F355D3F8D,2.635042303240741,6,Tuesday,15,Saturday,2021-10-12 00:00:00+00:00,2021-10-19 00:00:00+00:00,True,3,1
3fecac986c03489e2ba36338b499af9d,ONLINE,2021-10-11 18:18:15.088000+00:00,2021-10-12 06:42:59.990000+00:00,78,1EF,96,F11BA079658F860875013A84EC1AEA2B,0.5171863657407407,6,Tuesday,18,Monday,2021-10-12 00:00:00+00:00,2021-10-19 00:00:00+00:00,True,3,1
c74f2fdcbf0328d27bc462a5f4c68eba,ONLINE,2021-10-11 14:13:39.827000+00:00,2021-10-12 06:47:16.430000+00:00,88,07B,275,B4FC534828E371E11BC989991238B1D4,0.6900069791666666,6,Tuesday,14,Monday,2021-10-12 00:00:00+00:00,2021-10-19 00:00:00+00:00,True,0,0
da193ff5b0e51fd9151a3042251cdaca,OFFLINE,2021-10-09 16:23:50.388000+00:00,2021-10-12 06:56:10.287000+00:00,78,1EF,60,FF6F2DDF8AB23F3461E39CE6531C7EAB,2.6057858680555555,6,Tuesday,16,Saturday,2021-10-12 00:00:00+00:00,2021-10-19 00:00:00+00:00,True,3,1
1c5b1100a2886cab490750bc2c7f9ec7,ONLINE,2021-10-12 06:45:24.633000+00:00,2021-10-12 07:02:39.280000+00:00,78,07B,79,294B021232C509826A57AC3136B8ABDD,0.011975081018518519,7,Tuesday,6,Tuesday,2021-10-12 00:00:00+00:00,2021-10-19 00:00:00+00:00,True,3,1
5d3af441bf97134efab3261dcdaca8d5,OFFLINE,2021-10-11 20:26:49.705000+00:00,2021-10-12 07:04:07.325000+00:00,78,07B,59,2CF9D19CE125793D17A0B4C371AB7AFD,0.44256504629629634,7,Tuesday,20,Monday,2021-10-12 00:00:00+00:00,2021-10-19 00:00:00+00:00,True,6,1
ba6a650bc853e8dda7ff12f010bc8492,OFFLINE,2021-10-12 06:27:08.727000+00:00,2021-10-12 07:07:22.958000+00:00,78,07B,153,56129BC950F9E18A9F5DF651D9D267D1,0.027942488425925928,7,Tuesday,6,Tuesday,2021-10-12 00:00:00+00:00,2021-10-19 00:00:00+00:00,True,1,0
b100ab20031930e90703a0faa63e87a8,OFFLINE,2021-10-12 06:11:14.257000+00:00,2021-10-12 07:08:08.381000+00:00,78,07B,234,3B56EC028568E71AF10B3360787CD0BC,0.03951532407407407,7,Tuesday,6,Tuesday,2021-10-12 00:00:00+00:00,2021-10-19 00:00:00+00:00,True,3,1
b6d68a1868e28192369c5d23400223db,OFFLINE,2021-10-12 06:28:50.149000+00:00,2021-10-12 07:08:15.151000+00:00,78,07B,144,B273179DA6B16E679BB8D2C7DE063CC9,0.027372708333333332,7,Tuesday,6,Tuesday,2021-10-12 00:00:00+00:00,2021-10-19 00:00:00+00:00,True,1,0
c4f959b62fd3a54f4e13857d30f52f65,OFFLINE,2021-10-12 07:09:57.032000+00:00,2021-10-12 07:23:42.809000+00:00,78,1EF,60,96C3C752FA22E3A6918ADE4F355D3F8D,0.009557604166666667,7,Tuesday,7,Tuesday,2021-10-12 00:00:00+00:00,2021-10-19 00:00:00+00:00,True,4,1
19f1926e2093fffe34e390f4e188502e,OFFLINE,2021-10-12 06:51:43.799000+00:00,2021-10-12 07:36:01.390000+00:00,78,07B,155,EE735FFED3A6072D13A30636E658A03A,0.03075915509259259,7,Tuesday,6,Tuesday,2021-10-12 00:00:00+00:00,2021-10-19 00:00:00+00:00,True,6,1
05209beab37ab4e3d4b21d3d6a1cf365,OFFLINE,2021-10-12 07:16:06.333000+00:00,2021-10-12 07:38:02.545000+00:00,78,07B,96,4E8E60427140A514537C374BAA698D32,0.015233935185185185,7,Tuesday,7,Tuesday,2021-10-12 00:00:00+00:00,2021-10-19 00:00:00+00:00,True,2,0
ab0234e6c2977ddbc3b2e9ca6133a301,OFFLINE,2021-10-09 07:54:25.529000+00:00,2021-10-12 07:43:31.128000+00:00,78,1EF,128,1162FF15A2450469905B590D62F7746E,2.992425914351852,7,Tuesday,7,Saturday,2021-10-12 00:00:00+00:00,2021-10-19 00:00:00+00:00,True,4,1
b611bd0cae06cb6e4b44c40fdae54802,OFFLINE,2021-10-11 06:46:53.699000+00:00,2021-10-12 07:48:16.286000+00:00,78,300,50,E72C918BA3470A8671982E069981B9C8,1.0426225347222222,7,Tuesday,6,Monday,2021-10-12 00:00:00+00:00,2021-10-19 00:00:00+00:00,True,2,0
d4d3ed946dce2740e8078a53d119e749,OFFLINE,2021-10-11 10:41:25.024000+00:00,2021-10-12 07:48:30.606000+00:00,78,07B,205,4575953E5DD96D9E301B05E12FB12540,0.8799257175925925,7,Tuesday,10,Monday,2021-10-12 00:00:00+00:00,2021-10-19 00:00:00+00:00,True,0,0
a9fcd666598b13e466005cf6362d01bd,OFFLINE,2021-10-11 06:45:20.867000+00:00,2021-10-12 07:48:40.883000+00:00,78,300,50,E72C918BA3470A8671982E069981B9C8,1.0439816666666668,7,Tuesday,6,Monday,2021-10-12 00:00:00+00:00,2021-10-19 00:00:00+00:00,True,3,1
4189fb408662ca7394ee5036b77c37b7,OFFLINE,2021-10-11 07:46:35.459000+00:00,2021-10-12 07:48:53.915000+00:00,78,300,50,E72C918BA3470A8671982E069981B9C8,1.0016025000000002,7,Tuesday,7,Monday,2021-10-12 00:00:00+00:00,2021-10-19 00:00:00+00:00,True,1,0
94b1a92bdf7e2c2f87ae21a8cd00224f,OFFLINE,2021-10-09 12:09:35.052000+00:00,2021-10-12 07:49:07.282000+00:00,78,300,50,E72C918BA3470A8671982E069981B9C8,2.8191230324074077,7,Tuesday,12,Saturday,2021-10-12 00:00:00+00:00,2021-10-19 00:00:00+00:00,True,2,0
c5109ee1ae77f05adacc37b1fcfcfd20,OFFLINE,2021-10-11 08:12:05.192000+00:00,2021-10-12 07:49:31.369000+00:00,78,300,50,E72C918BA3470A8671982E069981B9C8,0.9843307523148148,7,Tuesday,8,Monday,2021-10-12 00:00:00+00:00,2021-10-19 00:00:00+00:00,True,2,0
aae4c113de6163fa3d96cf0dfa6e2e7d,OFFLINE,2021-10-12 02:19:49.613000+00:00,2021-10-12 08:11:58.126000+00:00,78,1EF,65,F53472DBCC26A0D6A6D02DDAAB396785,0.24454297453703702,8,Tuesday,2,Tuesday,2021-10-12 00:00:00+00:00,2021-10-19 00:00:00+00:00,True,2,0
a7ee6632a210d463a04077892e3bf960,OFFLINE,2021-10-12 07:20:48.514000+00:00,2021-10-12 08:24:53.037000+00:00,78,1EF,60,A00AF20362FBDDE9E3869D787E4693AF,0.044496793981481486,8,Tuesday,7,Tuesday,2021-10-12 00:00:00+00:00,2021-10-19 00:00:00+00:00,True,3,1
9f23d97e277e74161899b08ba30cd011,ONLINE,2021-10-12 08:03:58.434000+00:00,2021-10-12 08:28:19.110000+00:00,78,1EF,138,F11BA079658F860875013A84EC1AEA2B,0.01690597222222222,8,Tuesday,8,Tuesday,2021-10-12 00:00:00+00:00,2021-10-19 00:00:00+00:00,True,4,1
f212cef34a6374ce8755b04486a0ccdf,ONLINE,2021-10-12 07:49:05.128000+00:00,2021-10-12 08:30:28.083000+00:00,78,1EF,94,2C10D809ABD31810F4E95F4E500EFA7E,0.02873790509259259,8,Tuesday,7,Tuesday,2021-10-12 00:00:00+00:00,2021-10-19 00:00:00+00:00,True,1,0
cc10bd744ba0954280b4b33257a9ea32,OFFLINE,2021-10-12 08:15:53.241000+00:00,2021-10-12 08:54:36.385000+00:00,78,07B,139,294B021232C509826A57AC3136B8ABDD,0.026888240740740737,8,Tuesday,8,Tuesday,2021-10-12 00:00:00+00:00,2021-10-19 00:00:00+00:00,True,5,1
fd3531264438fb018c82ff8685f941e2,OFFLINE,2021-10-12 07:58:00.429000+00:00,2021-10-12 08:54:46.933000+00:00,78,07B,93,B79C3A36345A4588BD73EBFFC22B9D01,0.03942712962962963,8,Tuesday,7,Tuesday,2021-10-12 00:00:00+00:00,2021-10-19 00:00:00+00:00,True,1,0
8b62cd6be797bb4663c928165722087c,ONLINE,2021-10-08 11:20:21.470000+00:00,2021-10-12 09:01:59.479000+00:00,78,1EF,60,08A9B54E00545ECCD369B8E5D2692E9F,3.903912141203704,9,Tuesday,11,Friday,2021-10-12 00:00:00+00:00,2021-10-19 00:00:00+00:00,True,7,1
3c7e14adc4f622bfcf517d78e50bf52a,OFFLINE,2021-10-12 08:39:43.426000+00:00,2021-10-12 09:18:14.443000+00:00,78,07B,141,294B021232C509826A57AC3136B8ABDD,0.026747881944444444,9,Tuesday,8,Tuesday,2021-10-12 00:00:00+00:00,2021-10-19 00:00:00+00:00,True,3,1
89a88a7a049d153826a32d9e70a3a649,OFFLINE,2021-10-02 18:36:27.166000+00:00,2021-10-12 09:26:44.954000+00:00,78,07B,50,2D9F8B5DDB0A7BD6F060DBAA34EC0CFF,9.618261435185184,9,Tuesday,18,Saturday,2021-10-12 00:00:00+00:00,2021-10-19 00:00:00+00:00,True,6,1
72d82f62d5e8ddf1e9d054231554a86f,OFFLINE,2021-10-09 10:41:53.282000+00:00,2021-10-12 09:43:53.168000+00:00,78,300,50,4FB52D1F31461850C15CC1C15A02931B,2.9597209027777778,9,Tuesday,10,Saturday,2021-10-12 00:00:00+00:00,2021-10-19 00:00:00+00:00,True,4,1
5a502c0eb22cbbb7913f42cff053bea6,ONLINE,2021-10-11 09:07:07.966000+00:00,2021-10-12 09:46:04.666000+00:00,78,07B,165,EE735FFED3A6072D13A30636E658A03A,1.0270451388888888,9,Tuesday,9,Monday,2021-10-12 00:00:00+00:00,2021-10-19 00:00:00+00:00,True,4,1
28786e9e726aa712b0fd910456170f0b,OFFLINE,2021-10-12 09:30:00.443000+00:00,2021-10-12 09:50:27.783000+00:00,78,07B,82,EEDD0125ADF9CD4325E56C39462533F5,0.014205324074074073,9,Tuesday,9,Tuesday,2021-10-12 00:00:00+00:00,2021-10-19 00:00:00+00:00,True,1,0
e3adf07c7c100a8dfb800b5f0b3bd625,ONLINE,2021-10-12 09:13:01.411000+00:00,2021-10-12 09:51:51.015000+00:00,78,07B,116,9F9E66046BADAE5ABE94708CED879416,0.026963009259259256,9,Tuesday,9,Tuesday,2021-10-12 00:00:00+00:00,2021-10-19 00:00:00+00:00,True,4,1
b4e3bb28d0a2005d29e97c6e55be66d6,ONLINE,2021-10-11 22:52:10.305000+00:00,2021-10-12 09:52:36.981000+00:00,78,07B,182,294B021232C509826A57AC3136B8ABDD,0.45864208333333334,9,Tuesday,22,Monday,2021-10-12 00:00:00+00:00,2021-10-19 00:00:00+00:00,True,3,1
06f7ed587d8e83b9bd258ff6797b0fca,OFFLINE,2021-10-10 18:34:57.276000+00:00,2021-10-12 10:09:29.140000+00:00,78,07B,50,294B021232C509826A57AC3136B8ABDD,1.6489799074074074,10,Tuesday,18,Sunday,2021-10-12 00:00:00+00:00,2021-10-19 00:00:00+00:00,True,1,0
b58e2be247f900eef349a0d967e06d85,OFFLINE,2021-10-09 08:59:18.199000+00:00,2021-10-12 10:10:36.245000+00:00,78,07B,161,4E8E60427140A514537C374BAA698D32,3.049514421296296,10,Tuesday,8,Saturday,2021-10-12 00:00:00+00:00,2021-10-19 00:00:00+00:00,True,3,1
d2112fabfc4e4cbf9ccd5c1bf60b7a25,OFFLINE,2021-10-11 12:45:53.974000+00:00,2021-10-12 10:13:21.001000+00:00,78,1EF,187,F11BA079658F860875013A84EC1AEA2B,0.8940628125,10,Tuesday,12,Monday,2021-10-12 00:00:00+00:00,2021-10-19 00:00:00+00:00,True,3,1
123537ebffd4afb78265af6f101085ea,OFFLINE,2021-10-11 11:59:41.241000+00:00,2021-10-12 10:15:48.804000+00:00,78,300,50,4FB52D1F31461850C15CC1C15A02931B,0.9278653124999999,10,Tuesday,11,Monday,2021-10-12 00:00:00+00:00,2021-10-19 00:00:00+00:00,True,3,1
5d03c441f4f4bb8584f8b4120df751d4,OFFLINE,2021-10-11 09:39:10.198000+00:00,2021-10-12 10:16:27.181000+00:00,78,300,50,4FB52D1F31461850C15CC1C15A02931B,1.0258910069444445,10,Tuesday,9,Monday,2021-10-12 00:00:00+00:00,2021-10-19 00:00:00+00:00,True,3,1
0f70171da7b72e810d0326730175ba78,OFFLINE,2021-10-12 06:46:51.371000+00:00,2021-10-12 10:17:28.603000+00:00,78,300,50,4FB52D1F31461850C15CC1C15A02931B,0.14626425925925926,10,Tuesday,6,Tuesday,2021-10-12 00:00:00+00:00,2021-10-19 00:00:00+00:00,True,2,0
f8b88df3771856cd854ac2dfec61e56a,OFFLINE,2021-10-12 09:28:54.308000+00:00,2021-10-12 10:20:19.117000+00:00,78,07B,50,EE735FFED3A6072D13A30636E658A03A,0.03570380787037037,10,Tuesday,9,Tuesday,2021-10-12 00:00:00+00:00,2021-10-19 00:00:00+00:00,True,1,0
735913bab6bc5a8a0085247a7d3ac6be,ONLINE,2021-10-11 05:29:36.575000+00:00,2021-10-12 10:39:04.581000+00:00,78,07B,105,A350C7D26631194B9958F6B726C32574,1.2149074768518517,10,Tuesday,5,Monday,2021-10-12 00:00:00+00:00,2021-10-19 00:00:00+00:00,True,3,1
25cf47485d5340e24a39aa547e7dd78d,OFFLINE,2021-10-12 06:13:55.800000+00:00,2021-10-12 10:50:25.016000+00:00,78,300,168,7E701822D80EF10DEBEA008731637EA3,0.19200481481481482,10,Tuesday,6,Tuesday,2021-10-12 00:00:00+00:00,2021-10-19 00:00:00+00:00,True,3,1
3361311db0d491aaf1e0356d06f41948,OFFLINE,2021-10-11 12:19:54.925000+00:00,2021-10-12 11:00:34.060000+00:00,78,300,50,7E701822D80EF10DEBEA008731637EA3,0.9448973958333333,11,Tuesday,12,Monday,2021-10-12 00:00:00+00:00,2021-10-19 00:00:00+00:00,True,4,1
e3bb829506022ed702b3f37ef1a6afc5,ONLINE,2021-10-12 08:58:51.308000+00:00,2021-10-12 11:06:36.524000+00:00,78,07B,64,EEDD0125ADF9CD4325E56C39462533F5,0.08871777777777778,11,Tuesday,8,Tuesday,2021-10-12 00:00:00+00:00,2021-10-19 00:00:00+00:00,True,5,1
bab50097f59ee23a6c7b7f3270f6d856,OFFLINE,2021-10-12 05:01:15.820000+00:00,2021-10-12 11:11:20.608000+00:00,78,1EF,90,38BB76CCFDD8129EF62B3AF5480605C7,0.2569998611111111,11,Tuesday,5,Tuesday,2021-10-12 00:00:00+00:00,2021-10-19 00:00:00+00:00,True,3,1
03328141c651a93bdca8dee663c55140,OFFLINE,2021-10-11 07:39:33.422000+00:00,2021-10-12 11:11:45.866000+00:00,78,07B,63,EE735FFED3A6072D13A30636E658A03A,1.1473662500000001,11,Tuesday,7,Monday,2021-10-12 00:00:00+00:00,2021-10-19 00:00:00+00:00,True,3,1
2225a24cf8483054974376be76ff644c,OFFLINE,2021-10-11 18:46:05.316000+00:00,2021-10-12 11:18:05.913000+00:00,78,07B,95,4E8E60427140A514537C374BAA698D32,0.6888957986111112,11,Tuesday,18,Monday,2021-10-12 00:00:00+00:00,2021-10-19 00:00:00+00:00,True,3,1
084d925956c3873e840779ec375b5da3,OFFLINE,2021-10-12 10:26:25.431000+00:00,2021-10-12 11:20:01.472000+00:00,79,07B,142,4E8E60427140A514537C374BAA698D32,0.03722269675925926,11,Tuesday,10,Tuesday,2021-10-12 00:00:00+00:00,2021-10-19 00:00:00+00:00,True,0,0
a07cafa46937c2136d474a083bc9de49,ONLINE,2021-10-12 10:36:59.685000+00:00,2021-10-12 11:22:38.040000+00:00,78,07B,50,B79C3A36345A4588BD73EBFFC22B9D01,0.03169392361111111,11,Tuesday,10,Tuesday,2021-10-12 00:00:00+00:00,2021-10-19 00:00:00+00:00,True,0,0
ccaa0732ea69ac70644303e2fcf0abf2,OFFLINE,2021-10-12 03:41:09.132000+00:00,2021-10-12 11:38:13.221000+00:00,78,1EF,104,08A9B54E00545ECCD369B8E5D2692E9F,0.33129732638888887,11,Tuesday,3,Tuesday,2021-10-12 00:00:00+00:00,2021-10-19 00:00:00+00:00,True,3,1
be001a8b1e03cd44acee5ab5ae269886,OFFLINE,2021-10-12 10:28:56.876000+00:00,2021-10-12 11:47:24.387000+00:00,78,300,50,08379264459A6EF0F8052CC20B9DD41F,0.054485081018518525,11,Tuesday,10,Tuesday,2021-10-12 00:00:00+00:00,2021-10-19 00:00:00+00:00,True,4,1
ad6b92cb58b65fbc6620a98abc9e93e1,OFFLINE,2021-10-12 10:49:14.963000+00:00,2021-10-12 11:47:45.607000+00:00,78,300,50,08379264459A6EF0F8052CC20B9DD41F,0.0406324537037037,11,Tuesday,10,Tuesday,2021-10-12 00:00:00+00:00,2021-10-19 00:00:00+00:00,True,4,1
4070fcf74d9ad7a45f4098b30a68c869,OFFLINE,2021-10-12 11:15:52.336000+00:00,2021-10-12 11:50:45.919000+00:00,78,07B,108,4ECC8B694F4BB262BDD4B0A85952B71A,0.024231284722222222,11,Tuesday,11,Tuesday,2021-10-12 00:00:00+00:00,2021-10-19 00:00:00+00:00,True,2,0
fe3bf33dc7bb8f9d4b42bdacbf428d38,OFFLINE,2021-10-11 10:46:33.147000+00:00,2021-10-12 11:56:39.564000+00:00,78,300,70,7E701822D80EF10DEBEA008731637EA3,1.0486853819444444,11,Tuesday,10,Monday,2021-10-12 00:00:00+00:00,2021-10-19 00:00:00+00:00,True,2,0
a9a9141b84204662b402bf6c2abda2b4,ONLINE,2021-10-12 03:32:32.724000+00:00,2021-10-12 11:56:45.607000+00:00,78,300,50,269CB18F9DAC7649B08410B51621225E,0.3501491087962963,11,Tuesday,3,Tuesday,2021-10-12 00:00:00+00:00,2021-10-19 00:00:00+00:00,True,5,1
53d6e1d3d07acbd1cf249d5bebc64c1f,OFFLINE,2021-10-11 03:59:26.783000+00:00,2021-10-12 12:00:27.692000+00:00,78,07B,56,56129BC950F9E18A9F5DF651D9D267D1,1.334038298611111,12,Tuesday,3,Monday,2021-10-12 00:00:00+00:00,2021-10-19 00:00:00+00:00,True,4,1
18044326b9f8a1dfcabbc94f7def08a0,OFFLINE,2021-10-12 11:21:52.687000+00:00,2021-10-12 12:06:56.838000+00:00,78,07B,173,4E8E60427140A514537C374BAA698D32,0.03129804398148148,12,Tuesday,11,Tuesday,2021-10-12 00:00:00+00:00,2021-10-19 00:00:00+00:00,True,3,1
f547686537bc3c9981d947b79f00a086,OFFLINE,2021-10-12 10:47:14.295000+00:00,2021-10-12 12:17:03.667000+00:00,78,300,50,E56AE16934A0D29EBF24915402A7E5ED,0.06237699074074075,12,Tuesday,10,Tuesday,2021-10-12 00:00:00+00:00,2021-10-19 00:00:00+00:00,True,4,1
5625ed09d8161be6d06baed4cdd6f6fa,ONLINE,2021-10-11 09:39:15.745000+00:00,2021-10-12 12:21:37.375000+00:00,78,1EF,257,F11BA079658F860875013A84EC1AEA2B,1.1127503472222222,12,Tuesday,9,Monday,2021-10-12 00:00:00+00:00,2021-10-19 00:00:00+00:00,True,3,1
a868d20e700bf8cb6ba1b5c937520d06,OFFLINE,2021-10-12 12:20:51.799000+00:00,2021-10-12 12:27:05.113000+00:00,90,300,55,612D21728D2539ECADF40493AACAF39A,0.004320763888888889,12,Tuesday,12,Tuesday,2021-10-12 00:00:00+00:00,2021-10-19 00:00:00+00:00,True,0,0
db2ef045ec29dc636779889fb572b7ec,OFFLINE,2021-10-07 10:33:22.212000+00:00,2021-10-12 12:28:48.059000+00:00,78,07B,75,C142F51706DA139EC3DCAA250682C61A,5.080160266203704,12,Tuesday,10,Thursday,2021-10-12 00:00:00+00:00,2021-10-19 00:00:00+00:00,True,2,0
893685c44e0e92dd041d6d24e31b942f,OFFLINE,2021-10-12 06:08:26.658000+00:00,2021-10-12 12:45:46.221000+00:00,78,07B,67,10D023CEE6CC12F06C576EB33402E56B,0.27592086805555555,12,Tuesday,6,Tuesday,2021-10-12 00:00:00+00:00,2021-10-19 00:00:00+00:00,True,5,1
56270ffab9e13d0bed0b26ff608667e6,OFFLINE,2021-10-11 12:05:08.322000+00:00,2021-10-12 13:17:26.182000+00:00,78,07B,68,EEDD0125ADF9CD4325E56C39462533F5,1.0502067129629629,13,Tuesday,12,Monday,2021-10-12 00:00:00+00:00,2021-10-19 00:00:00+00:00,True,3,1
d443f493d82b3b4855235fd1ad8b8710,OFFLINE,2021-10-12 12:09:10.418000+00:00,2021-10-12 13:22:56.452000+00:00,78,07B,104,4ECC8B694F4BB262BDD4B0A85952B71A,0.051227245370370364,13,Tuesday,12,Tuesday,2021-10-12 00:00:00+00:00,2021-10-19 00:00:00+00:00,True,3,1
7be604d4db1ea6152b7e780f739f3656,OFFLINE,2021-10-10 18:26:29.611000+00:00,2021-10-12 13:23:51.236000+00:00,78,300,249,E2F9517E4B924224FB308023E6149775,1.7898336226851852,13,Tuesday,18,Sunday,2021-10-12 00:00:00+00:00,2021-10-19 00:00:00+00:00,True,1,0
8a5d3e0708fb092ce2bd5af14b5e1e52,OFFLINE,2021-10-12 03:39:49.150000+00:00,2021-10-12 13:37:52.091000+00:00,78,07B,85,EEDD0125ADF9CD4325E56C39462533F5,0.4153118171296296,13,Tuesday,3,Tuesday,2021-10-12 00:00:00+00:00,2021-10-19 00:00:00+00:00,True,1,0
3be479586df028506a61c05a64645097,ONLINE,2021-10-11 12:17:35.786000+00:00,2021-10-12 13:42:21.752000+00:00,78,07B,71,2D9F8B5DDB0A7BD6F060DBAA34EC0CFF,1.0588653472222223,13,Tuesday,12,Monday,2021-10-12 00:00:00+00:00,2021-10-19 00:00:00+00:00,True,3,1
de78d02b24e843b0cde972efaa4cf8e3,OFFLINE,2021-10-12 12:50:05.251000+00:00,2021-10-12 13:44:54.284000+00:00,78,07B,168,EEDD0125ADF9CD4325E56C39462533F5,0.03806751157407407,13,Tuesday,12,Tuesday,2021-10-12 00:00:00+00:00,2021-10-19 00:00:00+00:00,True,1,0
331a27b904f3ff7cc43d24f8c70ab965,ONLINE,2021-10-12 13:44:41.026000+00:00,2021-10-12 13:57:05.843000+00:00,78,1EF,192,4DF70D744AB4B2076706A37F1EBAC6B9,0.008620567129629629,13,Tuesday,13,Tuesday,2021-10-12 00:00:00+00:00,2021-10-19 00:00:00+00:00,True,1,0
bfbc02deaac0e29a43a97dfa7347478e,ONLINE,2021-10-12 13:38:04.167000+00:00,2021-10-12 14:01:03.179000+00:00,79,07B,99,EEDD0125ADF9CD4325E56C39462533F5,0.015960787037037037,14,Tuesday,13,Tuesday,2021-10-12 00:00:00+00:00,2021-10-19 00:00:00+00:00,True,3,1
61581e7a17a104f3521042adc2081986,ONLINE,2021-10-12 13:57:26.241000+00:00,2021-10-12 14:13:34.760000+00:00,78,07B,78,4ECC8B694F4BB262BDD4B0A85952B71A,0.011209710648148147,14,Tuesday,13,Tuesday,2021-10-12 00:00:00+00:00,2021-10-19 00:00:00+00:00,True,0,0
ac0fcef7b3ea803a13e9c4b3de4dc5e6,OFFLINE,2021-10-12 13:27:27.144000+00:00,2021-10-12 14:14:59.932000+00:00,78,300,68,E56AE16934A0D29EBF24915402A7E5ED,0.03301837962962963,14,Tuesday,13,Tuesday,2021-10-12 00:00:00+00:00,2021-10-19 00:00:00+00:00,True,3,1
685832d71ee889ac655d32b28d901632,OFFLINE,2021-10-12 13:28:21.613000+00:00,2021-10-12 14:18:39.999000+00:00,78,07B,217,4575953E5DD96D9E301B05E12FB12540,0.03493502314814815,14,Tuesday,13,Tuesday,2021-10-12 00:00:00+00:00,2021-10-19 00:00:00+00:00,True,3,1
baf3b554c32aa8b8476ffb4f662ec221,ONLINE,2021-10-12 13:58:06.812000+00:00,2021-10-12 14:28:29.139000+00:00,78,300,86,364A975FE43F5678164266B2B0E8A237,0.021091747685185184,14,Tuesday,13,Tuesday,2021-10-12 00:00:00+00:00,2021-10-19 00:00:00+00:00,True,2,0
e00e47b1424d3a882402b85e9ea5c190,ONLINE,2021-10-12 14:40:47.366000+00:00,2021-10-12 15:05:46.870000+00:00,78,07B,96,294B021232C509826A57AC3136B8ABDD,0.017355370370370368,15,Tuesday,14,Tuesday,2021-10-12 00:00:00+00:00,2021-10-19 00:00:00+00:00,True,3,1
70b83246db458477353096ed255cd8d0,ONLINE,2021-10-11 18:41:48.501000+00:00,2021-10-12 15:07:56.485000+00:00,78,07B,250,4ECC8B694F4BB262BDD4B0A85952B71A,0.8514812962962962,15,Tuesday,18,Monday,2021-10-12 00:00:00+00:00,2021-10-19 00:00:00+00:00,True,7,1
d606b77fddc26ba9fcee2321fbda9eb3,OFFLINE,2021-10-12 14:38:12.931000+00:00,2021-10-12 15:12:50.290000+00:00,78,07B,94,10D023CEE6CC12F06C576EB33402E56B,0.024043506944444442,15,Tuesday,14,Tuesday,2021-10-12 00:00:00+00:00,2021-10-19 00:00:00+00:00,True,0,0
9acb127fffaad0e07a63969fb5a427e9,OFFLINE,2021-10-12 14:40:15.755000+00:00,2021-10-12 15:13:39.905000+00:00,78,300,50,09B36CB8AB7325477B80E99BE8FB2D02,0.023196180555555557,15,Tuesday,14,Tuesday,2021-10-12 00:00:00+00:00,2021-10-19 00:00:00+00:00,True,2,0
10e46293a8ee8f0f1baca38841c2664c,OFFLINE,2021-10-12 13:23:04.924000+00:00,2021-10-12 15:15:54.277000+00:00,78,300,206,AF4F62D7ACE753F48C02D30A922CA5C2,0.07834899305555555,15,Tuesday,13,Tuesday,2021-10-12 00:00:00+00:00,2021-10-19 00:00:00+00:00,True,2,0
61ae8134da07e0841f2722d9bd608ccc,OFFLINE,2021-10-12 14:20:20.742000+00:00,2021-10-12 15:19:00.961000+00:00,78,07B,225,4ECC8B694F4BB262BDD4B0A85952B71A,0.04074327546296296,15,Tuesday,14,Tuesday,2021-10-12 00:00:00+00:00,2021-10-19 00:00:00+00:00,True,4,1
970372d79ae4e60e84df682225a37a69,OFFLINE,2021-10-10 05:39:07.571000+00:00,2021-10-12 15:33:43.787000+00:00,78,07B,242,4ECC8B694F4BB262BDD4B0A85952B71A,2.4129191666666663,15,Tuesday,5,Sunday,2021-10-12 00:00:00+00:00,2021-10-19 00:00:00+00:00,True,2,0
0198be5b323c469bbafcb76ee2854189,OFFLINE,2021-10-11 13:31:24.193000+00:00,2021-10-12 16:09:40.023000+00:00,80,1EF,320,4DF70D744AB4B2076706A37F1EBAC6B9,1.109905439814815,16,Tuesday,13,Monday,2021-10-12 00:00:00+00:00,2021-10-19 00:00:00+00:00,True,0,0
c8e3ecf9e3abfd7dc1c8f2f025af2cb9,OFFLINE,2021-10-12 15:52:16.059000+00:00,2021-10-12 16:18:01.388000+00:00,78,300,103,7E701822D80EF10DEBEA008731637EA3,0.017885752314814814,16,Tuesday,15,Tuesday,2021-10-12 00:00:00+00:00,2021-10-19 00:00:00+00:00,True,5,1
84e316c1edfc39b624d3ae03d413f0d0,ONLINE,2021-10-12 15:47:43.825000+00:00,2021-10-12 16:19:14.228000+00:00,78,1EF,117,BB2033CE2FA4822C957B37DEB445B32C,0.021879664351851853,16,Tuesday,15,Tuesday,2021-10-12 00:00:00+00:00,2021-10-19 00:00:00+00:00,True,4,1
c8fb82ba24addd406507ec64ac7542d6,OFFLINE,2021-10-12 16:03:07.615000+00:00,2021-10-12 16:31:17.986000+00:00,78,1EF,102,740CB1CA2BD83B3276B092195A6EB883,0.01956447916666667,16,Tuesday,16,Tuesday,2021-10-12 00:00:00+00:00,2021-10-19 00:00:00+00:00,True,0,0
632e5978432f68112fa2bba2e6709d11,OFFLINE,2021-10-04 18:18:39.380000+00:00,2021-10-12 16:59:51.820000+00:00,78,07B,74,10D023CEE6CC12F06C576EB33402E56B,7.945282870370369,16,Tuesday,18,Monday,2021-10-12 00:00:00+00:00,2021-10-19 00:00:00+00:00,True,3,1
5cb5690235a399690e81018a959507ae,ONLINE,2021-10-11 11:01:20.284000+00:00,2021-10-12 17:00:18.266000+00:00,78,300,53,526A1D40F50BBB44821C0C0FDE8E16B7,1.2492821990740741,17,Tuesday,11,Monday,2021-10-12 00:00:00+00:00,2021-10-19 00:00:00+00:00,True,2,0
3864c724ce0eb58ca9ac0565f95f95d0,OFFLINE,2021-10-11 17:28:41.557000+00:00,2021-10-12 17:18:35.504000+00:00,78,07B,133,2D9F8B5DDB0A7BD6F060DBAA34EC0CFF,0.9929854976851852,17,Tuesday,17,Monday,2021-10-12 00:00:00+00:00,2021-10-19 00:00:00+00:00,True,4,1
8e7b4afbf7baa0d534725d1f6d9e4ab8,ONLINE,2021-10-12 16:53:17.876000+00:00,2021-10-12 17:32:10.916000+00:00,78,300,189,56C3843EA0BAA7B2438B58CFC2BBD0FF,0.02700277777777778,17,Tuesday,16,Tuesday,2021-10-12 00:00:00+00:00,2021-10-19 00:00:00+00:00,True,2,0
da0070b6b188f4131c45cdef9c2e66a5,OFFLINE,2021-10-11 17:43:02.617000+00:00,2021-10-12 17:41:40.099000+00:00,78,07B,151,2D9F8B5DDB0A7BD6F060DBAA34EC0CFF,0.9990449305555555,17,Tuesday,17,Monday,2021-10-12 00:00:00+00:00,2021-10-19 00:00:00+00:00,True,3,1
4767074135fd7c5de191905f23037f8b,OFFLINE,2021-10-12 17:33:21.271000+00:00,2021-10-12 17:48:22.723000+00:00,78,1EF,77,96C3C752FA22E3A6918ADE4F355D3F8D,0.010433472222222222,17,Tuesday,17,Tuesday,2021-10-12 00:00:00+00:00,2021-10-19 00:00:00+00:00,True,3,1
c8fb602b48c3461e452beeb8ae0ebdd8,ONLINE,2021-10-12 17:41:19.207000+00:00,2021-10-12 17:51:10.121000+00:00,78,07B,114,EEDD0125ADF9CD4325E56C39462533F5,0.006839282407407408,17,Tuesday,17,Tuesday,2021-10-12 00:00:00+00:00,2021-10-19 00:00:00+00:00,True,6,1
1d9d7a30f4515b6c1136e8e0f6572c46,ONLINE,2021-10-12 17:34:15.914000+00:00,2021-10-12 18:12:18.487000+00:00,78,300,149,C0DD698BE0C1EA71FA3045950BEEC64B,0.02641866898148148,18,Tuesday,17,Tuesday,2021-10-12 00:00:00+00:00,2021-10-19 00:00:00+00:00,True,1,0
9e1ec4a1ac03972dc88856ba9136c244,ONLINE,2021-10-12 17:35:15.636000+00:00,2021-10-12 18:14:21.312000+00:00,78,07B,210,2D9F8B5DDB0A7BD6F060DBAA34EC0CFF,0.027149027777777775,18,Tuesday,17,Tuesday,2021-10-12 00:00:00+00:00,2021-10-19 00:00:00+00:00,True,4,1
c9ff642db6de297bcd3be70b23e5a608,OFFLINE,2021-10-12 17:36:53.716000+00:00,2021-10-12 18:34:24.561000+00:00,78,300,50,09B36CB8AB7325477B80E99BE8FB2D02,0.03994033564814815,18,Tuesday,17,Tuesday,2021-10-12 00:00:00+00:00,2021-10-19 00:00:00+00:00,True,6,1
57da27ace35d644db335a8669450d3e5,OFFLINE,2021-10-12 18:10:10.229000+00:00,2021-10-12 18:36:26.595000+00:00,78,1EF,86,08A9B54E00545ECCD369B8E5D2692E9F,0.018244976851851853,18,Tuesday,18,Tuesday,2021-10-12 00:00:00+00:00,2021-10-19 00:00:00+00:00,True,6,1
dedcbddb5812de45a67f9df510d7c4f8,OFFLINE,2021-10-12 18:37:55.596000+00:00,2021-10-12 18:57:27.024000+00:00,78,07B,85,9F9E66046BADAE5ABE94708CED879416,0.013558194444444446,18,Tuesday,18,Tuesday,2021-10-12 00:00:00+00:00,2021-10-19 00:00:00+00:00,True,2,0
1dba0cfcb8e6f4b46206772d16148379,OFFLINE,2021-10-12 17:46:35.093000+00:00,2021-10-12 19:03:56.736000+00:00,78,300,307,A85A33858C7BB0DCE962E99B2E79BBC4,0.05372271990740741,19,Tuesday,17,Tuesday,2021-10-12 00:00:00+00:00,2021-10-19 00:00:00+00:00,True,0,0
09fc83d0a329d7d223d5bc0ab425e3d8,OFFLINE,2021-10-12 18:21:13.147000+00:00,2021-10-12 19:22:02.300000+00:00,78,300,50,08379264459A6EF0F8052CC20B9DD41F,0.04223556712962963,19,Tuesday,18,Tuesday,2021-10-12 00:00:00+00:00,2021-10-19 00:00:00+00:00,True,4,1
dbddcef953fcfb3be96209bff9471c78,OFFLINE,2021-10-12 18:23:48.036000+00:00,2021-10-12 19:24:21.285000+00:00,78,300,50,08379264459A6EF0F8052CC20B9DD41F,0.042051493055555556,19,Tuesday,18,Tuesday,2021-10-12 00:00:00+00:00,2021-10-19 00:00:00+00:00,True,4,1
e600ffce383e01a975b801fdb0272c89,OFFLINE,2021-10-12 19:03:35.851000+00:00,2021-10-12 19:31:16.292000+00:00,78,1EF,60,740CB1CA2BD83B3276B092195A6EB883,0.01921806712962963,19,Tuesday,19,Tuesday,2021-10-12 00:00:00+00:00,2021-10-19 00:00:00+00:00,True,4,1
e9f04cc3381ecc51053dab47397c8c32,OFFLINE,2021-10-12 19:17:01.322000+00:00,2021-10-12 19:32:10.995000+00:00,78,300,50,E56AE16934A0D29EBF24915402A7E5ED,0.010528622685185186,19,Tuesday,19,Tuesday,2021-10-12 00:00:00+00:00,2021-10-19 00:00:00+00:00,True,0,0
980b92a262ecea993c40ca811ed3690e,OFFLINE,2021-10-12 20:00:35.075000+00:00,2021-10-12 20:14:19.795000+00:00,78,07B,72,2D9F8B5DDB0A7BD6F060DBAA34EC0CFF,0.00954537037037037,20,Tuesday,20,Tuesday,2021-10-12 00:00:00+00:00,2021-10-19 00:00:00+00:00,True,1,0
8012a813f8c3421d331febcc8b086d36,OFFLINE,2021-10-12 19:42:47.847000+00:00,2021-10-12 20:20:21.721000+00:00,78,300,92,A85A33858C7BB0DCE962E99B2E79BBC4,0.026086504629629626,20,Tuesday,19,Tuesday,2021-10-12 00:00:00+00:00,2021-10-19 00:00:00+00:00,True,7,1
66f7292a6e7f7c991e3a2e9413c5e6dd,OFFLINE,2021-10-06 13:14:40.969000+00:00,2021-10-12 21:12:07.032000+00:00,78,300,95,4FB52D1F31461850C15CC1C15A02931B,6.331551655092592,21,Tuesday,13,Wednesday,2021-10-12 00:00:00+00:00,2021-10-19 00:00:00+00:00,True,0,0
74d28376302aa73ac6c53673c155922f,OFFLINE,2021-10-12 18:01:00.212000+00:00,2021-10-13 01:40:17.682000+00:00,78,300,128,09B36CB8AB7325477B80E99BE8FB2D02,0.31895219907407407,1,Wednesday,18,Tuesday,2021-10-13 00:00:00+00:00,2021-10-20 00:00:00+00:00,True,5,1
38b3e8fcbd4eaae8e31bfc5be24bf593,OFFLINE,2021-10-13 00:27:19.480000+00:00,2021-10-13 01:48:17.696000+00:00,78,1EF,109,2C10D809ABD31810F4E95F4E500EFA7E,0.05622935185185186,1,Wednesday,0,Wednesday,2021-10-13 00:00:00+00:00,2021-10-20 00:00:00+00:00,True,1,0
2d7b775bce3cc89d17e86775724c81b4,OFFLINE,2021-10-11 19:04:58.078000+00:00,2021-10-13 02:19:56.139000+00:00,78,07B,96,4E8E60427140A514537C374BAA698D32,1.3020608912037037,2,Wednesday,19,Monday,2021-10-13 00:00:00+00:00,2021-10-20 00:00:00+00:00,True,3,1
dba4ad47b04e178041845d342d7aed38,OFFLINE,2021-10-13 02:17:59.518000+00:00,2021-10-13 02:38:24.852000+00:00,78,300,116,4FB52D1F31461850C15CC1C15A02931B,0.014182106481481483,2,Wednesday,2,Wednesday,2021-10-13 00:00:00+00:00,2021-10-20 00:00:00+00:00,True,3,1
41dfdaaad3a12e6527d1d0d67d1bc4dc,OFFLINE,2021-10-12 17:04:14.549000+00:00,2021-10-13 02:39:55.234000+00:00,78,300,67,C0DD698BE0C1EA71FA3045950BEEC64B,0.3997764467592592,2,Wednesday,17,Tuesday,2021-10-13 00:00:00+00:00,2021-10-20 00:00:00+00:00,True,3,1
de068b4d453b92a8362561b82e67dfb6,OFFLINE,2021-10-08 19:38:21.372000+00:00,2021-10-13 02:54:48.241000+00:00,78,300,96,E56AE16934A0D29EBF24915402A7E5ED,4.303088761574074,2,Wednesday,19,Friday,2021-10-13 00:00:00+00:00,2021-10-20 00:00:00+00:00,True,0,0
c96b2ff36ddbe38d363d7ab52b601f46,OFFLINE,2021-10-11 17:16:17.305000+00:00,2021-10-13 03:00:21.349000+00:00,78,300,76,08379264459A6EF0F8052CC20B9DD41F,1.405602361111111,3,Wednesday,17,Monday,2021-10-13 00:00:00+00:00,2021-10-20 00:00:00+00:00,True,2,0
eaa63c8c76cfa7a41bc61255aae7b054,ONLINE,2021-10-03 11:39:53.620000+00:00,2021-10-13 03:06:24.326000+00:00,78,07B,120,EE735FFED3A6072D13A30636E658A03A,9.643410949074074,3,Wednesday,11,Sunday,2021-10-13 00:00:00+00:00,2021-10-20 00:00:00+00:00,True,2,0
f858125b5e712c5af2b8582054461c59,OFFLINE,2021-10-12 09:34:15.989000+00:00,2021-10-13 03:19:19.137000+00:00,78,1EF,97,5CD6463B9C20BA10DA25A431F2D844A6,0.7396197685185185,3,Wednesday,9,Tuesday,2021-10-13 00:00:00+00:00,2021-10-20 00:00:00+00:00,True,4,1
fb7fbcd1fba0fe529f3bd150cdb10cd1,OFFLINE,2021-10-13 02:41:37.600000+00:00,2021-10-13 03:25:13.034000+00:00,78,1EF,175,0668909560B9D2AF8FDA5489BCAA5FFF,0.030271226851851855,3,Wednesday,2,Wednesday,2021-10-13 00:00:00+00:00,2021-10-20 00:00:00+00:00,True,3,1
171fa92aca866b4d178686f756411935,ONLINE,2021-10-13 03:02:32.936000+00:00,2021-10-13 03:33:59.079000+00:00,78,300,50,1BA53B5BBB76E9903A2CF8FF02C37293,0.021830358796296297,3,Wednesday,3,Wednesday,2021-10-13 00:00:00+00:00,2021-10-20 00:00:00+00:00,True,3,1
65a65d4de32d06d0ade5c43325963655,OFFLINE,2021-10-12 17:46:10.742000+00:00,2021-10-13 03:34:47.512000+00:00,78,1EF,73,D5CECB3D35FF9FEF0E46207CFE4A5F29,0.408758912037037,3,Wednesday,17,Tuesday,2021-10-13 00:00:00+00:00,2021-10-20 00:00:00+00:00,True,5,1
e2256e628282da7a2972a669383c5845,OFFLINE,2021-10-13 03:17:11.718000+00:00,2021-10-13 03:35:46.268000+00:00,78,1EF,93,FF6F2DDF8AB23F3461E39CE6531C7EAB,0.012899884259259259,3,Wednesday,3,Wednesday,2021-10-13 00:00:00+00:00,2021-10-20 00:00:00+00:00,True,4,1
179417bc8babb13bcbd4cad19ad8dc04,ONLINE,2021-10-11 18:13:30.629000+00:00,2021-10-13 03:44:38.350000+00:00,78,07B,78,B79C3A36345A4588BD73EBFFC22B9D01,1.3966171412037038,3,Wednesday,18,Monday,2021-10-13 00:00:00+00:00,2021-10-20 00:00:00+00:00,True,0,0
390f2e544d62d87d59c3aee518635a90,OFFLINE,2021-10-13 03:13:32.919000+00:00,2021-10-13 03:46:50.813000+00:00,78,1EF,60,38BB76CCFDD8129EF62B3AF5480605C7,0.023123773148148147,3,Wednesday,3,Wednesday,2021-10-13 00:00:00+00:00,2021-10-20 00:00:00+00:00,True,2,0
fa3903cb59fa6207e4fab7c4e4dc390b,ONLINE,2021-10-13 03:33:36.195000+00:00,2021-10-13 04:07:20.073000+00:00,78,07B,115,EEDD0125ADF9CD4325E56C39462533F5,0.023424513888888887,4,Wednesday,3,Wednesday,2021-10-13 00:00:00+00:00,2021-10-20 00:00:00+00:00,True,3,1
9cdb42780cb0b43178921129ba96949c,OFFLINE,2021-10-13 03:40:40.732000+00:00,2021-10-13 04:22:56.760000+00:00,78,07B,173,EE735FFED3A6072D13A30636E658A03A,0.029352175925925924,4,Wednesday,3,Wednesday,2021-10-13 00:00:00+00:00,2021-10-20 00:00:00+00:00,True,5,1
3d46c86f9d9db9633dac4065acd15b17,ONLINE,2021-10-12 16:26:03.558000+00:00,2021-10-13 04:25:40.535000+00:00,78,07B,205,10D023CEE6CC12F06C576EB33402E56B,0.4997335300925926,4,Wednesday,16,Tuesday,2021-10-13 00:00:00+00:00,2021-10-20 00:00:00+00:00,True,3,1
ea8961e759d8d113b2ca458343d19fc8,OFFLINE,2021-10-12 15:34:46.320000+00:00,2021-10-13 04:27:08.895000+00:00,78,07B,178,10D023CEE6CC12F06C576EB33402E56B,0.5363723958333333,4,Wednesday,15,Tuesday,2021-10-13 00:00:00+00:00,2021-10-20 00:00:00+00:00,True,1,0
e2e9cf2d767e19c27388f63bb2df30a6,OFFLINE,2021-10-12 16:58:10.532000+00:00,2021-10-13 04:37:52.058000+00:00,78,1EF,60,4DBE83E28F1DFA3ED9C79A2C577BFBDE,0.4858972916666666,4,Wednesday,16,Tuesday,2021-10-13 00:00:00+00:00,2021-10-20 00:00:00+00:00,True,6,1
ed11d20adb3fea4abfc9cf8897764336,OFFLINE,2021-10-13 04:29:48.068000+00:00,2021-10-13 04:38:25.178000+00:00,78,1EF,72,A00AF20362FBDDE9E3869D787E4693AF,0.005985069444444445,4,Wednesday,4,Wednesday,2021-10-13 00:00:00+00:00,2021-10-20 00:00:00+00:00,True,2,0
564898272b2f21804d8719b257831464,OFFLINE,2021-10-13 04:23:58.047000+00:00,2021-10-13 04:54:47.482000+00:00,78,1EF,113,F23ABF889C244499ACA33B5CE1A7C848,0.021405497685185185,4,Wednesday,4,Wednesday,2021-10-13 00:00:00+00:00,2021-10-20 00:00:00+00:00,True,4,1
fb5128b3ee3df792d755be3a44337cd8,OFFLINE,2021-10-13 04:53:13.414000+00:00,2021-10-13 05:21:30.388000+00:00,78,300,145,08379264459A6EF0F8052CC20B9DD41F,0.019640902777777778,5,Wednesday,4,Wednesday,2021-10-13 00:00:00+00:00,2021-10-20 00:00:00+00:00,True,1,0
0789e065ebef5935a81c72920d7c880d,OFFLINE,2021-10-12 21:13:07.520000+00:00,2021-10-13 05:27:32.310000+00:00,78,300,106,E56AE16934A0D29EBF24915402A7E5ED,0.3433424768518519,5,Wednesday,21,Tuesday,2021-10-13 00:00:00+00:00,2021-10-20 00:00:00+00:00,True,6,1
d0b985fe8fccd3221255b498f3fa2160,ONLINE,2021-10-09 05:42:25.033000+00:00,2021-10-13 05:37:53.866000+00:00,78,300,70,C0DD698BE0C1EA71FA3045950BEEC64B,3.9968614930555555,5,Wednesday,5,Saturday,2021-10-13 00:00:00+00:00,2021-10-20 00:00:00+00:00,True,1,0
948b9e0b2696bd48e5e24de7e92f77e4,OFFLINE,2021-10-13 05:35:37.551000+00:00,2021-10-13 06:06:26.484000+00:00,90,07B,173,4E8E60427140A514537C374BAA698D32,0.0213996875,6,Wednesday,5,Wednesday,2021-10-13 00:00:00+00:00,2021-10-20 00:00:00+00:00,True,5,1
b3eeb74ade8acda810f8ddcd9d69aeaa,OFFLINE,2021-10-09 06:56:25.118000+00:00,2021-10-13 06:07:15.409000+00:00,78,300,158,2630D6FC6433A9A4C1C906C0D64BDDE1,3.965859849537037,6,Wednesday,6,Saturday,2021-10-13 00:00:00+00:00,2021-10-20 00:00:00+00:00,True,4,1
db88d19f3ecf98dbb7582c2cc20c5fec,OFFLINE,2021-10-10 17:12:43.227000+00:00,2021-10-13 06:09:00.743000+00:00,78,07B,85,9F9E66046BADAE5ABE94708CED879416,2.5390916203703706,6,Wednesday,17,Sunday,2021-10-13 00:00:00+00:00,2021-10-20 00:00:00+00:00,True,2,0
1eedfeba6969c8d7f3545ee83d405244,OFFLINE,2021-10-13 05:57:48.933000+00:00,2021-10-13 06:39:58.181000+00:00,78,07B,199,B0B076A3064F0AEA0A2AAC679ECE5F62,0.029273703703703705,6,Wednesday,5,Wednesday,2021-10-13 00:00:00+00:00,2021-10-20 00:00:00+00:00,True,4,1
d7fb5a5af373e45db83dfe794a05b6b2,ONLINE,2021-10-13 06:06:30.378000+00:00,2021-10-13 06:53:12.368000+00:00,78,300,201,56C3843EA0BAA7B2438B58CFC2BBD0FF,0.03243043981481481,6,Wednesday,6,Wednesday,2021-10-13 00:00:00+00:00,2021-10-20 00:00:00+00:00,True,1,0
037477452f920e70476bf92827396d46,ONLINE,2021-10-13 05:53:29.829000+00:00,2021-10-13 06:54:38.769000+00:00,78,300,96,4FB52D1F31461850C15CC1C15A02931B,0.04246458333333333,6,Wednesday,5,Wednesday,2021-10-13 00:00:00+00:00,2021-10-20 00:00:00+00:00,True,5,1
8a0709017780218247cfedde8a0c873d,OFFLINE,2021-10-13 05:45:49.460000+00:00,2021-10-13 07:04:05.092000+00:00,78,300,50,612D21728D2539ECADF40493AACAF39A,0.054347592592592586,7,Wednesday,5,Wednesday,2021-10-13 00:00:00+00:00,2021-10-20 00:00:00+00:00,True,3,1
d09c21d4c1c45bd5fd1bec4cb91cc4cf,OFFLINE,2021-10-13 05:50:33.429000+00:00,2021-10-13 07:04:49.880000+00:00,78,300,50,612D21728D2539ECADF40493AACAF39A,0.051579293981481485,7,Wednesday,5,Wednesday,2021-10-13 00:00:00+00:00,2021-10-20 00:00:00+00:00,True,3,1
4154a0abbbdebb839a5f16fa2195cef4,OFFLINE,2021-10-13 05:48:05.657000+00:00,2021-10-13 07:05:25.511000+00:00,78,300,50,612D21728D2539ECADF40493AACAF39A,0.05370201388888889,7,Wednesday,5,Wednesday,2021-10-13 00:00:00+00:00,2021-10-20 00:00:00+00:00,True,3,1
fd00b28da265d326d2357fc086c1005b,OFFLINE,2021-10-13 05:52:26.281000+00:00,2021-10-13 07:05:49.098000+00:00,78,300,50,612D21728D2539ECADF40493AACAF39A,0.050958530092592595,7,Wednesday,5,Wednesday,2021-10-13 00:00:00+00:00,2021-10-20 00:00:00+00:00,True,3,1
843da12b5e5f9483767e91cd64296581,OFFLINE,2021-10-13 05:55:51.722000+00:00,2021-10-13 07:06:09.553000+00:00,78,300,50,612D21728D2539ECADF40493AACAF39A,0.048817488425925926,7,Wednesday,5,Wednesday,2021-10-13 00:00:00+00:00,2021-10-20 00:00:00+00:00,True,3,1
316a1fb9f4319dd8f9dad9b704cbafa3,OFFLINE,2021-10-13 06:00:42.279000+00:00,2021-10-13 07:06:45.685000+00:00,78,300,50,612D21728D2539ECADF40493AACAF39A,0.04587275462962963,7,Wednesday,6,Wednesday,2021-10-13 00:00:00+00:00,2021-10-20 00:00:00+00:00,True,4,1
4890987a1ab6b7fc965bea0d726fa926,OFFLINE,2021-10-13 06:03:07.271000+00:00,2021-10-13 07:07:05.452000+00:00,78,300,50,612D21728D2539ECADF40493AACAF39A,0.044423391203703706,7,Wednesday,6,Wednesday,2021-10-13 00:00:00+00:00,2021-10-20 00:00:00+00:00,True,4,1
025ef727500744b51274625af91d9a2b,OFFLINE,2021-10-13 05:58:57.574000+00:00,2021-10-13 07:07:59.459000+00:00,78,300,50,612D21728D2539ECADF40493AACAF39A,0.0479384837962963,7,Wednesday,5,Wednesday,2021-10-13 00:00:00+00:00,2021-10-20 00:00:00+00:00,True,3,1
4dc4c649f348f1d779d2d69d7c6bad3a,OFFLINE,2021-10-13 06:48:20.694000+00:00,2021-10-13 07:09:25.345000+00:00,78,1EF,60,08A9B54E00545ECCD369B8E5D2692E9F,0.014637164351851853,7,Wednesday,6,Wednesday,2021-10-13 00:00:00+00:00,2021-10-20 00:00:00+00:00,True,6,1
c2ba82509757cde89fc3428ef686ab1d,OFFLINE,2021-10-13 01:48:45.128000+00:00,2021-10-13 07:10:28.958000+00:00,78,1EF,168,2C10D809ABD31810F4E95F4E500EFA7E,0.22342395833333337,7,Wednesday,1,Wednesday,2021-10-13 00:00:00+00:00,2021-10-20 00:00:00+00:00,True,4,1
f0933b4a1a6e7fd7513bf9b4c013e094,OFFLINE,2021-10-08 10:00:16.135000+00:00,2021-10-13 07:17:39.766000+00:00,78,07B,130,4E8E60427140A514537C374BAA698D32,4.8870790625,7,Wednesday,10,Friday,2021-10-13 00:00:00+00:00,2021-10-20 00:00:00+00:00,True,3,1
256280f68970aea0003dccce3d9a489b,OFFLINE,2021-10-13 06:46:29.273000+00:00,2021-10-13 07:18:39.480000+00:00,78,1EF,77,08A9B54E00545ECCD369B8E5D2692E9F,0.022340358796296297,7,Wednesday,6,Wednesday,2021-10-13 00:00:00+00:00,2021-10-20 00:00:00+00:00,True,3,1
3122b412c093f496b914e4869cf16867,ONLINE,2021-10-12 13:47:34.509000+00:00,2021-10-13 07:31:06.357000+00:00,78,300,68,C0DD698BE0C1EA71FA3045950BEEC64B,0.7385630555555556,7,Wednesday,13,Tuesday,2021-10-13 00:00:00+00:00,2021-10-20 00:00:00+00:00,True,1,0
deac2202bd9ffaa523837fba81038ec9,OFFLINE,2021-10-12 08:34:22.828000+00:00,2021-10-13 07:52:38.241000+00:00,78,300,50,6C95625CBBEF8E86248B347AF84368A0,0.971011724537037,7,Wednesday,8,Tuesday,2021-10-13 00:00:00+00:00,2021-10-20 00:00:00+00:00,True,2,0
64a65247b1841c6068e636de544e47e5,OFFLINE,2021-10-12 08:08:00.162000+00:00,2021-10-13 07:53:21.511000+00:00,78,300,50,6C95625CBBEF8E86248B347AF84368A0,0.9898304282407407,7,Wednesday,8,Tuesday,2021-10-13 00:00:00+00:00,2021-10-20 00:00:00+00:00,True,1,0
0ef805ff4d70256ae96f3351d04f7e11,OFFLINE,2021-10-12 08:17:02.550000+00:00,2021-10-13 07:54:19.450000+00:00,78,300,50,6C95625CBBEF8E86248B347AF84368A0,0.9842233796296296,7,Wednesday,8,Tuesday,2021-10-13 00:00:00+00:00,2021-10-20 00:00:00+00:00,True,0,0
8a1a3c87ef5aa4f66de43943270b5333,OFFLINE,2021-10-12 08:37:01.124000+00:00,2021-10-13 07:59:06.452000+00:00,78,300,50,C0DD698BE0C1EA71FA3045950BEEC64B,0.9736727777777777,7,Wednesday,8,Tuesday,2021-10-13 00:00:00+00:00,2021-10-20 00:00:00+00:00,True,1,0
81dc3052a3b346789ee2da881c28d930,ONLINE,2021-10-13 02:10:31.699000+00:00,2021-10-13 08:05:20.849000+00:00,78,1EF,87,F5D32DD994477BAC9E1ACC96D65A0972,0.2464021990740741,8,Wednesday,2,Wednesday,2021-10-13 00:00:00+00:00,2021-10-20 00:00:00+00:00,True,4,1
e93ec583a393a9ac09c47c91fa012d01,ONLINE,2021-10-13 07:19:25.031000+00:00,2021-10-13 08:06:41.381000+00:00,78,07B,221,B79C3A36345A4588BD73EBFFC22B9D01,0.032828125,8,Wednesday,7,Wednesday,2021-10-13 00:00:00+00:00,2021-10-20 00:00:00+00:00,True,2,0
34d38792a32d53250081f8199989cb8d,ONLINE,2021-10-13 07:27:23.166000+00:00,2021-10-13 08:11:35.089000+00:00,78,1EF,60,740CB1CA2BD83B3276B092195A6EB883,0.030693553240740738,8,Wednesday,7,Wednesday,2021-10-13 00:00:00+00:00,2021-10-20 00:00:00+00:00,True,5,1
08fc00e7532d7d4e6aa279d7e411782a,ONLINE,2021-10-13 07:40:33.061000+00:00,2021-10-13 08:29:38.606000+00:00,78,1EF,84,195FD095D9D7F47943113AF2CBCF9A75,0.03409195601851852,8,Wednesday,7,Wednesday,2021-10-13 00:00:00+00:00,2021-10-20 00:00:00+00:00,True,5,1
3a5d8feacec6741e17e54e2de84d7fe1,OFFLINE,2021-10-13 07:45:04.709000+00:00,2021-10-13 08:31:42.803000+00:00,78,300,50,6C95625CBBEF8E86248B347AF84368A0,0.03238534722222222,8,Wednesday,7,Wednesday,2021-10-13 00:00:00+00:00,2021-10-20 00:00:00+00:00,True,2,0
ef274fd38e6e83bc332b8488cfef1d48,OFFLINE,2021-10-12 15:09:31.961000+00:00,2021-10-13 08:44:59.408000+00:00,90,1EF,65,740CB1CA2BD83B3276B092195A6EB883,0.7329565625,8,Wednesday,15,Tuesday,2021-10-13 00:00:00+00:00,2021-10-20 00:00:00+00:00,True,6,1
3f05ef83a51ec0b251d92b1fac7443ec,OFFLINE,2021-10-10 14:06:42.610000+00:00,2021-10-13 08:49:47.166000+00:00,78,1EF,68,7B36B12A4C581DFCF8BF406AECA45564,2.7799138425925927,8,Wednesday,14,Sunday,2021-10-13 00:00:00+00:00,2021-10-20 00:00:00+00:00,True,2,0
dae2421f7a019b9808db2c316cc898e5,OFFLINE,2021-10-13 08:40:51.540000+00:00,2021-10-13 09:11:59.810000+00:00,90,07B,120,EEDD0125ADF9CD4325E56C39462533F5,0.02162349537037037,9,Wednesday,8,Wednesday,2021-10-13 00:00:00+00:00,2021-10-20 00:00:00+00:00,True,2,0
3ba756eede7ecd7a5ee3127c2a1b582a,OFFLINE,2021-10-13 06:26:38.943000+00:00,2021-10-13 09:12:39.851000+00:00,78,300,50,0172D49A6C50EA5A9E5C243FEBA0B377,0.11528828703703703,9,Wednesday,6,Wednesday,2021-10-13 00:00:00+00:00,2021-10-20 00:00:00+00:00,True,2,0
a429ed67f95c62c3d2433528d86572d9,OFFLINE,2021-10-13 06:06:09.132000+00:00,2021-10-13 09:12:50.260000+00:00,78,300,50,0172D49A6C50EA5A9E5C243FEBA0B377,0.12964268518518518,9,Wednesday,6,Wednesday,2021-10-13 00:00:00+00:00,2021-10-20 00:00:00+00:00,True,3,1
bf701856a271e232ea8bf5f64f231dc5,OFFLINE,2021-10-13 06:09:18.888000+00:00,2021-10-13 09:13:08.186000+00:00,78,300,50,0172D49A6C50EA5A9E5C243FEBA0B377,0.12765391203703705,9,Wednesday,6,Wednesday,2021-10-13 00:00:00+00:00,2021-10-20 00:00:00+00:00,True,4,1
d7cded9e41b5f4e0d2799bdaf1e2f33b,OFFLINE,2021-10-13 06:12:23.399000+00:00,2021-10-13 09:13:21.015000+00:00,78,300,50,0172D49A6C50EA5A9E5C243FEBA0B377,0.12566685185185186,9,Wednesday,6,Wednesday,2021-10-13 00:00:00+00:00,2021-10-20 00:00:00+00:00,True,3,1
e0ac895349e6953bd3ec7e35a034aef6,OFFLINE,2021-10-13 06:13:36.881000+00:00,2021-10-13 09:13:35.390000+00:00,78,300,50,0172D49A6C50EA5A9E5C243FEBA0B377,0.12498274305555555,9,Wednesday,6,Wednesday,2021-10-13 00:00:00+00:00,2021-10-20 00:00:00+00:00,True,1,0
f5f37d03f95425f3f9ecfbcc1bbfe51e,OFFLINE,2021-10-13 06:25:14.126000+00:00,2021-10-13 09:13:51.109000+00:00,78,300,50,0172D49A6C50EA5A9E5C243FEBA0B377,0.11709471064814815,9,Wednesday,6,Wednesday,2021-10-13 00:00:00+00:00,2021-10-20 00:00:00+00:00,True,2,0
7d8946623dba3067e7f1b812b9d280bf,OFFLINE,2021-10-13 06:20:36.519000+00:00,2021-10-13 09:14:04.879000+00:00,78,300,50,0172D49A6C50EA5A9E5C243FEBA0B377,0.12046712962962963,9,Wednesday,6,Wednesday,2021-10-13 00:00:00+00:00,2021-10-20 00:00:00+00:00,True,2,0
9d48965b2d2124306db090fadd2a82d3,OFFLINE,2021-10-13 08:46:35.130000+00:00,2021-10-13 09:15:14.703000+00:00,78,300,96,7E701822D80EF10DEBEA008731637EA3,0.019902465277777778,9,Wednesday,8,Wednesday,2021-10-13 00:00:00+00:00,2021-10-20 00:00:00+00:00,True,4,1
01f9b2cf44cab5bc300b039a63ea454c,OFFLINE,2021-10-08 18:12:29.762000+00:00,2021-10-13 09:21:56.448000+00:00,78,07B,132,4ECC8B694F4BB262BDD4B0A85952B71A,4.6315588657407405,9,Wednesday,18,Friday,2021-10-13 00:00:00+00:00,2021-10-20 00:00:00+00:00,True,1,0
ba352dfe229e984af5eef1608bb398c6,OFFLINE,2021-10-12 16:36:32.317000+00:00,2021-10-13 09:24:47.081000+00:00,78,07B,96,EEDD0125ADF9CD4325E56C39462533F5,0.7001708796296296,9,Wednesday,16,Tuesday,2021-10-13 00:00:00+00:00,2021-10-20 00:00:00+00:00,True,4,1
9014f0a750be3a06c7b95047e0ea7ac8,OFFLINE,2021-10-08 08:05:03.055000+00:00,2021-10-13 09:24:49.311000+00:00,78,07B,67,EE735FFED3A6072D13A30636E658A03A,5.055396481481481,9,Wednesday,8,Friday,2021-10-13 00:00:00+00:00,2021-10-20 00:00:00+00:00,True,3,1
fdbe7321b1f582a8569133428722a642,ONLINE,2021-10-12 07:00:30.952000+00:00,2021-10-13 09:27:52.633000+00:00,78,07B,66,294B021232C509826A57AC3136B8ABDD,1.1023342708333332,9,Wednesday,7,Tuesday,2021-10-13 00:00:00+00:00,2021-10-20 00:00:00+00:00,True,4,1
30142b6b804fecbb8828e7f4d25dc983,OFFLINE,2021-10-13 09:11:10.855000+00:00,2021-10-13 09:46:10.847000+00:00,78,07B,128,9F9E66046BADAE5ABE94708CED879416,0.024305462962962966,9,Wednesday,9,Wednesday,2021-10-13 00:00:00+00:00,2021-10-20 00:00:00+00:00,True,3,1
068633f8a20be260d80a0d3dbce1b271,ONLINE,2021-10-12 16:53:20.092000+00:00,2021-10-13 09:57:34.020000+00:00,78,1EF,95,1162FF15A2450469905B590D62F7746E,0.7112723148148148,9,Wednesday,16,Tuesday,2021-10-13 00:00:00+00:00,2021-10-20 00:00:00+00:00,True,1,0
6648e0d636c33aa3ebe5e2f33ad1dc39,OFFLINE,2021-10-11 09:52:29.565000+00:00,2021-10-13 10:06:19.953000+00:00,78,07B,71,4ECC8B694F4BB262BDD4B0A85952B71A,2.009610972222222,10,Wednesday,9,Monday,2021-10-13 00:00:00+00:00,2021-10-20 00:00:00+00:00,True,4,1
66e4ec371d0db123a595bc464c5cb642,ONLINE,2021-10-12 21:02:00.659000+00:00,2021-10-13 10:08:14.549000+00:00,78,07B,90,2D9F8B5DDB0A7BD6F060DBAA34EC0CFF,0.5459940972222223,10,Wednesday,21,Tuesday,2021-10-13 00:00:00+00:00,2021-10-20 00:00:00+00:00,True,3,1
00e27b2a00fcf8b9c5d2ac651fd3b1a3,OFFLINE,2021-10-12 08:51:10.149000+00:00,2021-10-13 10:15:03.303000+00:00,78,07B,130,10D023CEE6CC12F06C576EB33402E56B,1.058254097222222,10,Wednesday,8,Tuesday,2021-10-13 00:00:00+00:00,2021-10-20 00:00:00+00:00,True,2,0
49bc029aad2dc76752682f471320d9cb,OFFLINE,2021-10-13 05:34:54.171000+00:00,2021-10-13 10:16:21.416000+00:00,78,300,138,89D534629771B04F61D1971C3068D1BD,0.19545422453703704,10,Wednesday,5,Wednesday,2021-10-13 00:00:00+00:00,2021-10-20 00:00:00+00:00,True,0,0
7b2bc012621d3a8595f679497cd69933,OFFLINE,2021-10-13 10:01:56.105000+00:00,2021-10-13 10:20:00.716000+00:00,78,1EF,78,38BB76CCFDD8129EF62B3AF5480605C7,0.012553368055555557,10,Wednesday,10,Wednesday,2021-10-13 00:00:00+00:00,2021-10-20 00:00:00+00:00,True,5,1
217177a2a40af5bb38d3e0b56073a6da,OFFLINE,2021-10-11 17:17:52.317000+00:00,2021-10-13 10:37:31.249000+00:00,78,07B,106,10D023CEE6CC12F06C576EB33402E56B,1.7219783796296297,10,Wednesday,17,Monday,2021-10-13 00:00:00+00:00,2021-10-20 00:00:00+00:00,True,1,0
362c2047c56462679b1fbecdb7ec3f42,OFFLINE,2021-10-12 09:28:47.537000+00:00,2021-10-13 10:45:27.384000+00:00,78,300,92,D3CEA8B57F07B785543EDB2058A190CE,1.0532389699074074,10,Wednesday,9,Tuesday,2021-10-13 00:00:00+00:00,2021-10-20 00:00:00+00:00,True,3,1
93abc84b597b1055d572aee8b8ccb3b3,OFFLINE,2021-10-13 02:05:09.539000+00:00,2021-10-13 11:13:52.076000+00:00,78,1EF,299,F6AD024DDBE30DC433E2D9BE8AB5CBDC,0.3810478819444444,11,Wednesday,2,Wednesday,2021-10-13 00:00:00+00:00,2021-10-20 00:00:00+00:00,True,3,1
ebd56a61080482e02b01a4a81e3f2c44,OFFLINE,2021-10-11 10:03:41.830000+00:00,2021-10-13 11:27:43.800000+00:00,78,300,198,526A1D40F50BBB44821C0C0FDE8E16B7,2.058356134259259,11,Wednesday,10,Monday,2021-10-13 00:00:00+00:00,2021-10-20 00:00:00+00:00,True,6,1
49be31339ec243ed7a94696f5218e9ba,OFFLINE,2021-10-13 10:52:58.181000+00:00,2021-10-13 11:34:37.821000+00:00,78,07B,73,294B021232C509826A57AC3136B8ABDD,0.028931018518518516,11,Wednesday,10,Wednesday,2021-10-13 00:00:00+00:00,2021-10-20 00:00:00+00:00,True,3,1
e5ff8de9af43290d8f2c0834e2ed39a0,OFFLINE,2021-10-13 11:14:56.596000+00:00,2021-10-13 11:40:40.470000+00:00,78,07B,105,4ECC8B694F4BB262BDD4B0A85952B71A,0.017868912037037037,11,Wednesday,11,Wednesday,2021-10-13 00:00:00+00:00,2021-10-20 00:00:00+00:00,True,1,0
63697ae5fb1e1e44b953e41e3d322dd1,ONLINE,2021-10-13 10:39:40.099000+00:00,2021-10-13 11:44:13.356000+00:00,78,07B,86,10D023CEE6CC12F06C576EB33402E56B,0.044829363425925924,11,Wednesday,10,Wednesday,2021-10-13 00:00:00+00:00,2021-10-20 00:00:00+00:00,True,1,0
c2aa9aaa2d20946a5ddeb4efdc3364e0,OFFLINE,2021-10-13 11:35:23.389000+00:00,2021-10-13 11:49:50.878000+00:00,78,300,88,89D534629771B04F61D1971C3068D1BD,0.010040381944444446,11,Wednesday,11,Wednesday,2021-10-13 00:00:00+00:00,2021-10-20 00:00:00+00:00,True,5,1
0097b8e83d9c45d4af6f176687b699a2,ONLINE,2021-10-13 10:47:56.318000+00:00,2021-10-13 12:02:56.830000+00:00,88,300,490,4FB52D1F31461850C15CC1C15A02931B,0.05208925925925926,12,Wednesday,10,Wednesday,2021-10-13 00:00:00+00:00,2021-10-20 00:00:00+00:00,True,2,0
1af234f1c07262f1650311bbf94fb90b,OFFLINE,2021-10-13 11:55:33.648000+00:00,2021-10-13 12:26:17.306000+00:00,78,07B,117,EEDD0125ADF9CD4325E56C39462533F5,0.02133863425925926,12,Wednesday,11,Wednesday,2021-10-13 00:00:00+00:00,2021-10-20 00:00:00+00:00,True,5,1
0c3745484153180de62f7a046c1ab12d,OFFLINE,2021-10-13 11:11:36.579000+00:00,2021-10-13 12:36:34.555000+00:00,78,1EF,142,38BB76CCFDD8129EF62B3AF5480605C7,0.05900435185185185,12,Wednesday,11,Wednesday,2021-10-13 00:00:00+00:00,2021-10-20 00:00:00+00:00,True,3,1
e87addb5d05043ea5ffe2063fa63829c,ONLINE,2021-10-04 05:37:17.850000+00:00,2021-10-13 12:44:30.743000+00:00,78,300,81,09B36CB8AB7325477B80E99BE8FB2D02,9.296677002314816,12,Wednesday,5,Monday,2021-10-13 00:00:00+00:00,2021-10-20 00:00:00+00:00,True,4,1
80b1de4f5fb4263916213ba59f350fa2,OFFLINE,2021-10-13 03:55:00.016000+00:00,2021-10-13 13:06:59.659000+00:00,78,300,106,90C3452EF4D2B2390B45A9D5554A8F65,0.3833292013888889,13,Wednesday,3,Wednesday,2021-10-13 00:00:00+00:00,2021-10-20 00:00:00+00:00,True,4,1
599164f3e9a0211998dd3c89a1ff8ef1,OFFLINE,2021-10-13 12:53:39.316000+00:00,2021-10-13 13:26:51.867000+00:00,78,07B,113,10D023CEE6CC12F06C576EB33402E56B,0.02306193287037037,13,Wednesday,12,Wednesday,2021-10-13 00:00:00+00:00,2021-10-20 00:00:00+00:00,True,3,1
02d6efac3e46a41856525cf2c9ae26b5,ONLINE,2021-10-13 13:16:48.892000+00:00,2021-10-13 13:33:59.416000+00:00,78,1EF,87,4DF70D744AB4B2076706A37F1EBAC6B9,0.011927361111111109,13,Wednesday,13,Wednesday,2021-10-13 00:00:00+00:00,2021-10-20 00:00:00+00:00,True,2,0
9556ad545343e84283e37f56ee33d13a,OFFLINE,2021-10-13 09:41:58.506000+00:00,2021-10-13 13:40:03.625000+00:00,78,300,50,C0DD698BE0C1EA71FA3045950BEEC64B,0.16533702546296297,13,Wednesday,9,Wednesday,2021-10-13 00:00:00+00:00,2021-10-20 00:00:00+00:00,True,4,1
13277facf9d79fead422fc73148bc6c6,OFFLINE,2021-10-08 10:09:10.971000+00:00,2021-10-13 13:40:32.408000+00:00,78,1EF,94,D5CECB3D35FF9FEF0E46207CFE4A5F29,5.146775891203704,13,Wednesday,10,Friday,2021-10-13 00:00:00+00:00,2021-10-20 00:00:00+00:00,True,4,1
75dee57995a7918c1cc64ba20709e51d,OFFLINE,2021-10-13 09:44:43.382000+00:00,2021-10-13 13:42:48.010000+00:00,78,300,50,C0DD698BE0C1EA71FA3045950BEEC64B,0.1653313425925926,13,Wednesday,9,Wednesday,2021-10-13 00:00:00+00:00,2021-10-20 00:00:00+00:00,True,4,1
cb99861d5ffeae2de2f5387f3671febc,OFFLINE,2021-10-13 09:45:37.038000+00:00,2021-10-13 13:43:42.703000+00:00,78,300,50,C0DD698BE0C1EA71FA3045950BEEC64B,0.16534334490740743,13,Wednesday,9,Wednesday,2021-10-13 00:00:00+00:00,2021-10-20 00:00:00+00:00,True,4,1
ce6b56d093a213f011a22d0043f9ed04,OFFLINE,2021-10-13 10:36:19.218000+00:00,2021-10-13 13:51:33.460000+00:00,78,1EF,67,7B36B12A4C581DFCF8BF406AECA45564,0.13558150462962965,13,Wednesday,10,Wednesday,2021-10-13 00:00:00+00:00,2021-10-20 00:00:00+00:00,True,3,1
c0f033eab1c5d5e2c2db4f1d25e13bca,OFFLINE,2021-10-13 11:52:10.605000+00:00,2021-10-13 13:53:54.926000+00:00,78,07B,155,EE735FFED3A6072D13A30636E658A03A,0.08454075231481481,13,Wednesday,11,Wednesday,2021-10-13 00:00:00+00:00,2021-10-20 00:00:00+00:00,True,4,1
47ce278af84b014f1c5e163052b199c4,OFFLINE,2021-10-13 13:33:54.589000+00:00,2021-10-13 13:54:38.640000+00:00,78,1EF,84,740CB1CA2BD83B3276B092195A6EB883,0.014398738425925926,13,Wednesday,13,Wednesday,2021-10-13 00:00:00+00:00,2021-10-20 00:00:00+00:00,True,1,0
9fee16b378d384bb3f189491c7363f03,ONLINE,2021-10-13 12:24:10.706000+00:00,2021-10-13 13:59:02.999000+00:00,78,1EF,89,BB2033CE2FA4822C957B37DEB445B32C,0.06588302083333333,13,Wednesday,12,Wednesday,2021-10-13 00:00:00+00:00,2021-10-20 00:00:00+00:00,True,5,1
47362543d48ba1f94dfa8ef610e5e27a,OFFLINE,2021-10-13 13:43:50.767000+00:00,2021-10-13 14:01:25.044000+00:00,78,1EF,60,740CB1CA2BD83B3276B092195A6EB883,0.012202280092592593,14,Wednesday,13,Wednesday,2021-10-13 00:00:00+00:00,2021-10-20 00:00:00+00:00,True,7,1
269a6a2ba8f27d7d82c98a0c4cf3e77a,OFFLINE,2021-10-13 13:43:32.523000+00:00,2021-10-13 14:04:13.272000+00:00,78,1EF,75,A00AF20362FBDDE9E3869D787E4693AF,0.014360520833333333,14,Wednesday,13,Wednesday,2021-10-13 00:00:00+00:00,2021-10-20 00:00:00+00:00,True,2,0
96662b31ae298ef3e92a8d3e7cdc8de1,OFFLINE,2021-10-13 13:08:32.182000+00:00,2021-10-13 14:19:35.898000+00:00,78,1EF,60,195FD095D9D7F47943113AF2CBCF9A75,0.04934856481481482,14,Wednesday,13,Wednesday,2021-10-13 00:00:00+00:00,2021-10-20 00:00:00+00:00,True,3,1
b43e2d5ad4391e2913583ea62c838d0f,OFFLINE,2021-10-13 14:24:10.333000+00:00,2021-10-13 14:41:53.242000+00:00,78,300,66,269CB18F9DAC7649B08410B51621225E,0.0123021875,14,Wednesday,14,Wednesday,2021-10-13 00:00:00+00:00,2021-10-20 00:00:00+00:00,True,0,0
b006aed7dddb6bbb89312a96e49e58ce,OFFLINE,2021-10-13 14:05:34.697000+00:00,2021-10-13 14:47:00.717000+00:00,78,1EF,125,740CB1CA2BD83B3276B092195A6EB883,0.028773379629629628,14,Wednesday,14,Wednesday,2021-10-13 00:00:00+00:00,2021-10-20 00:00:00+00:00,True,3,1
5c1b76dfd7aad0acf09774f9f005fc31,OFFLINE,2021-10-13 14:19:46.327000+00:00,2021-10-13 14:50:57.099000+00:00,78,07B,116,EEDD0125ADF9CD4325E56C39462533F5,0.0216524537037037,14,Wednesday,14,Wednesday,2021-10-13 00:00:00+00:00,2021-10-20 00:00:00+00:00,True,2,0
31612289d8de222890105f9ae3edcde9,OFFLINE,2021-10-13 14:31:08.603000+00:00,2021-10-13 14:53:36.951000+00:00,78,1EF,73,F11BA079658F860875013A84EC1AEA2B,0.01560587962962963,14,Wednesday,14,Wednesday,2021-10-13 00:00:00+00:00,2021-10-20 00:00:00+00:00,True,1,0
9c40e030802b26674740a50deb3b5adc,ONLINE,2021-10-09 04:28:11.320000+00:00,2021-10-13 15:29:55.580000+00:00,78,07B,77,3DCC8B4086B582DDB2E5481A5D44CAB4,4.459540046296296,15,Wednesday,4,Saturday,2021-10-13 00:00:00+00:00,2021-10-20 00:00:00+00:00,True,3,1
19e387c52dd9ceca2690e28d692dba3d,OFFLINE,2021-10-13 14:40:34.249000+00:00,2021-10-13 15:30:15.511000+00:00,78,07B,191,2D9F8B5DDB0A7BD6F060DBAA34EC0CFF,0.034505347222222225,15,Wednesday,14,Wednesday,2021-10-13 00:00:00+00:00,2021-10-20 00:00:00+00:00,True,5,1
4ec6fdb23962afe6a4b17f4fbb11ded2,OFFLINE,2021-10-13 08:03:55.502000+00:00,2021-10-13 16:02:39.398000+00:00,78,300,50,6C95625CBBEF8E86248B347AF84368A0,0.3324525,16,Wednesday,8,Wednesday,2021-10-13 00:00:00+00:00,2021-10-20 00:00:00+00:00,True,3,1
11dd84ae603e5cabb3be2083695a0ef0,OFFLINE,2021-10-13 08:09:57.137000+00:00,2021-10-13 16:02:46.390000+00:00,78,300,50,6C95625CBBEF8E86248B347AF84368A0,0.3283478356481482,16,Wednesday,8,Wednesday,2021-10-13 00:00:00+00:00,2021-10-20 00:00:00+00:00,True,3,1
e7ab072c892008edfdc455645d43b2dd,OFFLINE,2021-10-13 08:12:28.616000+00:00,2021-10-13 16:02:52.566000+00:00,78,300,50,6C95625CBBEF8E86248B347AF84368A0,0.326666087962963,16,Wednesday,8,Wednesday,2021-10-13 00:00:00+00:00,2021-10-20 00:00:00+00:00,True,3,1
42e58d70a1a04cd3f117f151030b6ce6,OFFLINE,2021-10-13 08:31:13.165000+00:00,2021-10-13 16:02:59.574000+00:00,78,300,50,6C95625CBBEF8E86248B347AF84368A0,0.3137315856481481,16,Wednesday,8,Wednesday,2021-10-13 00:00:00+00:00,2021-10-20 00:00:00+00:00,True,3,1
dcb5a862c5c258e3fb836112cf1c79f9,OFFLINE,2021-10-13 08:18:08.470000+00:00,2021-10-13 16:03:09.109000+00:00,78,300,50,6C95625CBBEF8E86248B347AF84368A0,0.3229240625,16,Wednesday,8,Wednesday,2021-10-13 00:00:00+00:00,2021-10-20 00:00:00+00:00,True,3,1
5ded9b30ac22f59e0253eb386f349260,OFFLINE,2021-10-13 08:21:59.381000+00:00,2021-10-13 16:03:17.677000+00:00,78,300,50,6C95625CBBEF8E86248B347AF84368A0,0.3203506481481481,16,Wednesday,8,Wednesday,2021-10-13 00:00:00+00:00,2021-10-20 00:00:00+00:00,True,3,1
cf8edecb6f836bb1550ab3a666ffacc6,OFFLINE,2021-10-13 07:51:06.469000+00:00,2021-10-13 16:03:25.811000+00:00,78,300,50,6C95625CBBEF8E86248B347AF84368A0,0.3418905324074074,16,Wednesday,7,Wednesday,2021-10-13 00:00:00+00:00,2021-10-20 00:00:00+00:00,True,3,1
57f75b9216730b22bf1ab5dc0e75be67,OFFLINE,2021-10-12 11:19:37.794000+00:00,2021-10-13 16:15:59.982000+00:00,78,300,77,4FB52D1F31461850C15CC1C15A02931B,1.2058123611111111,16,Wednesday,11,Tuesday,2021-10-13 00:00:00+00:00,2021-10-20 00:00:00+00:00,True,3,1
36d0ea7ae8c0da6dafaf0378194960c4,OFFLINE,2021-10-12 11:56:59.985000+00:00,2021-10-13 16:18:40.153000+00:00,78,300,92,4FB52D1F31461850C15CC1C15A02931B,1.1817149074074074,16,Wednesday,11,Tuesday,2021-10-13 00:00:00+00:00,2021-10-20 00:00:00+00:00,True,3,1
699c8b9c92d9c088b8742875c0df1b10,OFFLINE,2021-10-13 07:37:52.342000+00:00,2021-10-13 16:42:24.262000+00:00,78,300,50,B6563BC197C1D5F0381754909937C28F,0.3781472222222222,16,Wednesday,7,Wednesday,2021-10-13 00:00:00+00:00,2021-10-20 00:00:00+00:00,True,3,1
ec5545ffba33492d64672513450e5bee,OFFLINE,2021-10-13 07:57:22.314000+00:00,2021-10-13 16:42:33.278000+00:00,78,300,50,B6563BC197C1D5F0381754909937C28F,0.36471023148148146,16,Wednesday,7,Wednesday,2021-10-13 00:00:00+00:00,2021-10-20 00:00:00+00:00,True,2,0
72d285a74bb171b640812832c02ccf14,OFFLINE,2021-10-12 12:09:57.659000+00:00,2021-10-13 16:53:54.771000+00:00,78,300,78,7E701822D80EF10DEBEA008731637EA3,1.1971887962962962,16,Wednesday,12,Tuesday,2021-10-13 00:00:00+00:00,2021-10-20 00:00:00+00:00,True,3,1
484253455675f35b427bb74259fb09b6,ONLINE,2021-10-13 14:54:08.278000+00:00,2021-10-13 17:08:20.695000+00:00,78,1EF,98,38BB76CCFDD8129EF62B3AF5480605C7,0.09319927083333333,17,Wednesday,14,Wednesday,2021-10-13 00:00:00+00:00,2021-10-20 00:00:00+00:00,True,1,0
f3bc696d7a2f3d6b746d44188638836c,OFFLINE,2021-10-13 07:19:25.867000+00:00,2021-10-13 17:20:04.961000+00:00,78,300,50,B6563BC197C1D5F0381754909937C28F,0.4171191435185185,17,Wednesday,7,Wednesday,2021-10-13 00:00:00+00:00,2021-10-20 00:00:00+00:00,True,3,1
2d10c3e6285cb7bfe72afb2dc2b63a5c,OFFLINE,2021-10-13 06:38:19.704000+00:00,2021-10-13 17:44:58.405000+00:00,78,300,50,4EAA928CDE96CC979939CD4797399B7B,0.46294792824074077,17,Wednesday,6,Wednesday,2021-10-13 00:00:00+00:00,2021-10-20 00:00:00+00:00,True,2,0
10b1e4311f74cfe856f2ce01822afdbf,OFFLINE,2021-10-13 06:45:18.675000+00:00,2021-10-13 17:45:07.263000+00:00,78,300,50,4EAA928CDE96CC979939CD4797399B7B,0.45820125000000006,17,Wednesday,6,Wednesday,2021-10-13 00:00:00+00:00,2021-10-20 00:00:00+00:00,True,2,0
97355b293db28d35284361a833e6978b,OFFLINE,2021-10-13 06:48:42.124000+00:00,2021-10-13 17:45:13.283000+00:00,78,300,50,4EAA928CDE96CC979939CD4797399B7B,0.45591619212962964,17,Wednesday,6,Wednesday,2021-10-13 00:00:00+00:00,2021-10-20 00:00:00+00:00,True,3,1
bd4e655dbbbafe872628c8a07940e8be,OFFLINE,2021-10-13 06:36:10.950000+00:00,2021-10-13 17:45:21.017000+00:00,78,300,50,4EAA928CDE96CC979939CD4797399B7B,0.4646998495370371,17,Wednesday,6,Wednesday,2021-10-13 00:00:00+00:00,2021-10-20 00:00:00+00:00,True,3,1
b4cf233c3d8b0adaa01bd01ff1530a88,OFFLINE,2021-10-13 07:04:28.843000+00:00,2021-10-13 17:45:35.579000+00:00,78,300,50,4EAA928CDE96CC979939CD4797399B7B,0.44521685185185184,17,Wednesday,7,Wednesday,2021-10-13 00:00:00+00:00,2021-10-20 00:00:00+00:00,True,3,1
93df0cf50d06de429baa70e3aeb6e9f3,OFFLINE,2021-10-13 07:10:05.027000+00:00,2021-10-13 17:45:44.078000+00:00,78,300,50,4EAA928CDE96CC979939CD4797399B7B,0.4414242013888889,17,Wednesday,7,Wednesday,2021-10-13 00:00:00+00:00,2021-10-20 00:00:00+00:00,True,3,1
802ef34c6ad87b7f509af433425c5f74,OFFLINE,2021-10-13 07:16:39.890000+00:00,2021-10-13 17:45:51.429000+00:00,78,300,50,4EAA928CDE96CC979939CD4797399B7B,0.43693910879629627,17,Wednesday,7,Wednesday,2021-10-13 00:00:00+00:00,2021-10-20 00:00:00+00:00,True,3,1
35bc11f148bbac47da0e535eb371819e,OFFLINE,2021-10-13 14:05:43.832000+00:00,2021-10-13 18:32:55.296000+00:00,78,1EF,110,08A9B54E00545ECCD369B8E5D2692E9F,0.18554935185185184,18,Wednesday,14,Wednesday,2021-10-13 00:00:00+00:00,2021-10-20 00:00:00+00:00,True,4,1
86e4564fcaf362aef1e39b5766669c1e,OFFLINE,2021-10-13 18:13:07.954000+00:00,2021-10-13 18:39:50.079000+00:00,78,07B,77,894BFDA44B5ACACDA7F59ED3F3D6AD86,0.018543113425925926,18,Wednesday,18,Wednesday,2021-10-13 00:00:00+00:00,2021-10-20 00:00:00+00:00,True,2,0
4dda1b38c1cd92ce27dcfd415f8ab7c0,ONLINE,2021-10-12 13:17:08.843000+00:00,2021-10-13 18:59:48.122000+00:00,78,07B,143,9FFABDFED33FB837D72433191B5668D5,1.2379546180555554,18,Wednesday,13,Tuesday,2021-10-13 00:00:00+00:00,2021-10-20 00:00:00+00:00,True,6,1
232afc1522d1d26ba330ef7e13a71e4e,ONLINE,2021-10-13 19:24:49.434000+00:00,2021-10-13 19:46:13.482000+00:00,78,07B,76,2D9F8B5DDB0A7BD6F060DBAA34EC0CFF,0.014861666666666667,19,Wednesday,19,Wednesday,2021-10-13 00:00:00+00:00,2021-10-20 00:00:00+00:00,True,4,1
69906fa0a004fb74100aa09f6a838228,OFFLINE,2021-10-13 20:50:31.803000+00:00,2021-10-13 21:30:26.980000+00:00,78,07B,50,B0B076A3064F0AEA0A2AAC679ECE5F62,0.02772195601851852,21,Wednesday,20,Wednesday,2021-10-13 00:00:00+00:00,2021-10-20 00:00:00+00:00,True,4,1
23b71dc0729206501083802cb9573767,ONLINE,2021-10-10 14:11:29.202000+00:00,2021-10-14 02:05:40.459000+00:00,78,300,220,D3CEA8B57F07B785543EDB2058A190CE,3.495963622685185,2,Thursday,14,Sunday,2021-10-14 00:00:00+00:00,2021-10-21 00:00:00+00:00,True,1,0
96d89a7a3d11a01b8619553b926aeec1,OFFLINE,2021-10-14 02:02:01.539000+00:00,2021-10-14 02:23:11.842000+00:00,78,1EF,97,2C10D809ABD31810F4E95F4E500EFA7E,0.01470258101851852,2,Thursday,2,Thursday,2021-10-14 00:00:00+00:00,2021-10-21 00:00:00+00:00,True,5,1
968dcd790132c5ed8091850d02ff19cf,OFFLINE,2021-10-13 02:55:38.705000+00:00,2021-10-14 02:30:02.407000+00:00,78,1EF,92,38BB76CCFDD8129EF62B3AF5480605C7,0.9822187731481482,2,Thursday,2,Wednesday,2021-10-14 00:00:00+00:00,2021-10-21 00:00:00+00:00,True,5,1
59497e63958ecd39bd0bde98dc254f1f,OFFLINE,2021-10-12 16:25:05.335000+00:00,2021-10-14 02:49:00.387000+00:00,78,07B,233,EE735FFED3A6072D13A30636E658A03A,1.4332760648148148,2,Thursday,16,Tuesday,2021-10-14 00:00:00+00:00,2021-10-21 00:00:00+00:00,True,3,1
9a5e1b63d7fbe5602423044ef34d1472,ONLINE,2021-10-04 05:05:36.665000+00:00,2021-10-14 03:07:18.908000+00:00,78,07B,247,9F9E66046BADAE5ABE94708CED879416,9.917850034722223,3,Thursday,5,Monday,2021-10-14 00:00:00+00:00,2021-10-21 00:00:00+00:00,True,3,1
f98b10cdbc888a01dd2a053ab1cc974c,OFFLINE,2021-10-13 13:19:42.322000+00:00,2021-10-14 03:17:00.341000+00:00,78,1EF,60,08A9B54E00545ECCD369B8E5D2692E9F,0.5814585532407407,3,Thursday,13,Wednesday,2021-10-14 00:00:00+00:00,2021-10-21 00:00:00+00:00,True,2,0
fe99340a25f1c297948305ec8e3bab3d,OFFLINE,2021-10-12 05:00:18.238000+00:00,2021-10-14 03:20:58.875000+00:00,78,1EF,130,7B36B12A4C581DFCF8BF406AECA45564,1.9310258912037035,3,Thursday,5,Tuesday,2021-10-14 00:00:00+00:00,2021-10-21 00:00:00+00:00,True,2,0
b1581abe58743965dd4ed8613dc4e075,OFFLINE,2021-10-14 03:36:30.317000+00:00,2021-10-14 03:46:18.186000+00:00,78,1EF,60,96C3C752FA22E3A6918ADE4F355D3F8D,0.006804039351851852,3,Thursday,3,Thursday,2021-10-14 00:00:00+00:00,2021-10-21 00:00:00+00:00,True,0,0
65f73b19b6c6e015ddb6ec03893cb9f5,OFFLINE,2021-10-08 13:20:15.151000+00:00,2021-10-14 03:57:37.885000+00:00,78,1EF,70,1162FF15A2450469905B590D62F7746E,5.6092909027777775,3,Thursday,13,Friday,2021-10-14 00:00:00+00:00,2021-10-21 00:00:00+00:00,True,4,1
9f7b742155d21b6ba5b4520f0a9b4449,ONLINE,2021-10-08 07:40:18.489000+00:00,2021-10-14 03:59:55.511000+00:00,78,300,50,08379264459A6EF0F8052CC20B9DD41F,5.846956273148148,3,Thursday,7,Friday,2021-10-14 00:00:00+00:00,2021-10-21 00:00:00+00:00,True,3,1
96a676ea5d0476892c5c0b8507249112,OFFLINE,2021-10-13 06:55:36.821000+00:00,2021-10-14 04:00:14.016000+00:00,78,300,50,F06B3934D41B27BFBFE7028E05CC35F2,0.8782082754629631,4,Thursday,6,Wednesday,2021-10-14 00:00:00+00:00,2021-10-21 00:00:00+00:00,True,2,0
f9026309f755112a797fc9779cbf2de9,ONLINE,2021-10-14 03:43:58.213000+00:00,2021-10-14 04:01:06.261000+00:00,78,07B,75,4E8E60427140A514537C374BAA698D32,0.011898703703703703,4,Thursday,3,Thursday,2021-10-14 00:00:00+00:00,2021-10-21 00:00:00+00:00,True,4,1
14250b0847af8ed572dac9375d5cd29f,OFFLINE,2021-10-13 03:02:46.761000+00:00,2021-10-14 04:11:34.922000+00:00,78,07B,85,EEDD0125ADF9CD4325E56C39462533F5,1.0477796412037037,4,Thursday,3,Wednesday,2021-10-14 00:00:00+00:00,2021-10-21 00:00:00+00:00,True,5,1
ad58aa231129a52bd332e4e3fe384c53,OFFLINE,2021-10-09 06:43:17.358000+00:00,2021-10-14 04:15:39.545000+00:00,78,07B,79,294B021232C509826A57AC3136B8ABDD,4.897479016203704,4,Thursday,6,Saturday,2021-10-14 00:00:00+00:00,2021-10-21 00:00:00+00:00,True,3,1
62309f6da6d3184d7247472d65b26b17,ONLINE,2021-10-13 03:54:51.482000+00:00,2021-10-14 04:16:45.957000+00:00,78,300,50,7E701822D80EF10DEBEA008731637EA3,1.0152138310185186,4,Thursday,3,Wednesday,2021-10-14 00:00:00+00:00,2021-10-21 00:00:00+00:00,True,6,1
a106e6b8b0e67f79675afd379dd9fec7,OFFLINE,2021-10-14 03:13:12.211000+00:00,2021-10-14 04:16:56.240000+00:00,78,07B,254,4E8E60427140A514537C374BAA698D32,0.044259594907407405,4,Thursday,3,Thursday,2021-10-14 00:00:00+00:00,2021-10-21 00:00:00+00:00,True,2,0
2157207b4fd14cde3a35784c0f6b8c97,ONLINE,2021-10-13 11:44:43.787000+00:00,2021-10-14 04:16:59.152000+00:00,78,300,78,D3CEA8B57F07B785543EDB2058A190CE,0.689066724537037,4,Thursday,11,Wednesday,2021-10-14 00:00:00+00:00,2021-10-21 00:00:00+00:00,True,5,1
99972eeec0034f514295b1b9eef422f3,OFFLINE,2021-10-14 04:03:46.116000+00:00,2021-10-14 04:31:37.694000+00:00,78,300,104,89D534629771B04F61D1971C3068D1BD,0.019346967592592593,4,Thursday,4,Thursday,2021-10-14 00:00:00+00:00,2021-10-21 00:00:00+00:00,True,2,0
11e8a9b9bc1fb6618ebeab69ba64f7fd,ONLINE,2021-10-12 15:38:12.946000+00:00,2021-10-14 04:37:12.004000+00:00,78,07B,130,4E8E60427140A514537C374BAA698D32,1.5409613194444443,4,Thursday,15,Tuesday,2021-10-14 00:00:00+00:00,2021-10-21 00:00:00+00:00,True,4,1
dc4ae991da8118c8a7bab52e80969f3a,ONLINE,2021-10-13 08:13:10.977000+00:00,2021-10-14 04:44:05.185000+00:00,78,300,94,1BA53B5BBB76E9903A2CF8FF02C37293,0.854794074074074,4,Thursday,8,Wednesday,2021-10-14 00:00:00+00:00,2021-10-21 00:00:00+00:00,True,2,0
f4f93f9080befb5c9dc78e2827e1d79a,ONLINE,2021-10-14 04:01:51.667000+00:00,2021-10-14 04:45:04.422000+00:00,78,07B,170,C142F51706DA139EC3DCAA250682C61A,0.030008738425925927,4,Thursday,4,Thursday,2021-10-14 00:00:00+00:00,2021-10-21 00:00:00+00:00,True,4,1
7bf215ff0be629ac2772cf6e3135d539,OFFLINE,2021-10-13 14:28:37.617000+00:00,2021-10-14 04:54:30.141000+00:00,78,1EF,131,0668909560B9D2AF8FDA5489BCAA5FFF,0.6013023611111111,4,Thursday,14,Wednesday,2021-10-14 00:00:00+00:00,2021-10-21 00:00:00+00:00,True,3,1
db56e041d2f78677da194c76ca484947,ONLINE,2021-10-14 04:25:06.600000+00:00,2021-10-14 04:55:51.399000+00:00,78,07B,165,56129BC950F9E18A9F5DF651D9D267D1,0.021351840277777777,4,Thursday,4,Thursday,2021-10-14 00:00:00+00:00,2021-10-21 00:00:00+00:00,True,2,0
6d8d6adca40eb2dc3829540026664031,OFFLINE,2021-10-11 18:42:30.183000+00:00,2021-10-14 04:56:40.658000+00:00,78,07B,170,729470E813F48EEAB42A800818FDC08E,2.426510127314815,4,Thursday,18,Monday,2021-10-14 00:00:00+00:00,2021-10-21 00:00:00+00:00,True,5,1
5e9d65cc5544a6a68eab00fe93a52b72,OFFLINE,2021-10-14 04:27:39.337000+00:00,2021-10-14 05:09:17.718000+00:00,78,1EF,232,F4C330A3091E324FECCFB7CBE86F44E1,0.028916446759259258,5,Thursday,4,Thursday,2021-10-14 00:00:00+00:00,2021-10-21 00:00:00+00:00,True,1,0
bcf506b4e54ae1f40b4b363b61276647,OFFLINE,2021-10-13 18:56:37.265000+00:00,2021-10-14 05:41:06.727000+00:00,78,300,50,1BA53B5BBB76E9903A2CF8FF02C37293,0.4475632175925926,5,Thursday,18,Wednesday,2021-10-14 00:00:00+00:00,2021-10-21 00:00:00+00:00,True,3,1
b1b0e64c6246e9671ea571af98d1f5fb,OFFLINE,2021-10-13 19:06:50.880000+00:00,2021-10-14 05:41:33.376000+00:00,78,300,50,1BA53B5BBB76E9903A2CF8FF02C37293,0.4407696296296296,5,Thursday,19,Wednesday,2021-10-14 00:00:00+00:00,2021-10-21 00:00:00+00:00,True,2,0
2f57939d6bffa65ebd5e3f60ae2fc056,OFFLINE,2021-10-13 17:55:22.366000+00:00,2021-10-14 05:46:57.690000+00:00,78,300,72,09B36CB8AB7325477B80E99BE8FB2D02,0.4941588425925926,5,Thursday,17,Wednesday,2021-10-14 00:00:00+00:00,2021-10-21 00:00:00+00:00,True,3,1
c61d48181b51c7094cf86879e50b4259,OFFLINE,2021-10-14 05:29:24.206000+00:00,2021-10-14 05:48:53.048000+00:00,78,07B,123,10D023CEE6CC12F06C576EB33402E56B,0.01352826388888889,5,Thursday,5,Thursday,2021-10-14 00:00:00+00:00,2021-10-21 00:00:00+00:00,True,5,1
58e1d5c3f19261c1b0cc61cc24391305,OFFLINE,2021-10-11 15:34:56.818000+00:00,2021-10-14 05:54:25.196000+00:00,78,07B,127,10D023CEE6CC12F06C576EB33402E56B,2.596856226851852,5,Thursday,15,Monday,2021-10-14 00:00:00+00:00,2021-10-21 00:00:00+00:00,True,2,0
ee87d63fd2c380b957c2d43c9a77d2d0,ONLINE,2021-10-12 14:57:39.640000+00:00,2021-10-14 05:54:47.042000+00:00,78,07B,107,4E8E60427140A514537C374BAA698D32,1.623002337962963,5,Thursday,14,Tuesday,2021-10-14 00:00:00+00:00,2021-10-21 00:00:00+00:00,True,5,1
ee3aabf1ab66937c66c7ec7872c2bdfa,OFFLINE,2021-10-14 05:31:36.524000+00:00,2021-10-14 05:58:52.101000+00:00,78,300,151,1BA53B5BBB76E9903A2CF8FF02C37293,0.018930289351851853,5,Thursday,5,Thursday,2021-10-14 00:00:00+00:00,2021-10-21 00:00:00+00:00,True,2,0
3d2be4241cf0239d0fd284d467458c4f,ONLINE,2021-10-03 22:12:05.994000+00:00,2021-10-14 06:19:53.851000+00:00,78,1EF,60,F5D32DD994477BAC9E1ACC96D65A0972,10.338748344907406,6,Thursday,22,Sunday,2021-10-14 00:00:00+00:00,2021-10-21 00:00:00+00:00,True,2,0
3cacc7c7a8ed6ffb30f4967cb549643d,OFFLINE,2021-10-14 04:36:36.891000+00:00,2021-10-14 06:31:09.511000+00:00,78,300,88,15DEDC3B645D743B528945FFB129B0EC,0.07954421296296296,6,Thursday,4,Thursday,2021-10-14 00:00:00+00:00,2021-10-21 00:00:00+00:00,True,6,1
021d9880630c763c448ba18ea78f136f,ONLINE,2021-10-14 06:05:51.290000+00:00,2021-10-14 06:33:22.885000+00:00,78,07B,87,EEDD0125ADF9CD4325E56C39462533F5,0.01911568287037037,6,Thursday,6,Thursday,2021-10-14 00:00:00+00:00,2021-10-21 00:00:00+00:00,True,0,0
dc77b51c69658af29df428ca03d3ef61,OFFLINE,2021-10-14 06:48:50.953000+00:00,2021-10-14 07:18:09.674000+00:00,78,1EF,169,1162FF15A2450469905B590D62F7746E,0.020355567129629628,7,Thursday,6,Thursday,2021-10-14 00:00:00+00:00,2021-10-21 00:00:00+00:00,True,1,0
b27e6fbd519c31874f0eeb773d5bdd02,OFFLINE,2021-10-02 09:25:30.490000+00:00,2021-10-14 07:22:34.715000+00:00,78,1EF,73,F066DEFF7409FE06BB3F4539FBDF12A4,11.914632233796295,7,Thursday,9,Saturday,2021-10-14 00:00:00+00:00,2021-10-21 00:00:00+00:00,True,5,1
9af843f499ef59642ea91ba6a35741d5,ONLINE,2021-10-12 17:22:48.964000+00:00,2021-10-14 07:24:46.529000+00:00,78,1EF,98,5CD6463B9C20BA10DA25A431F2D844A6,1.5846940393518518,7,Thursday,17,Tuesday,2021-10-14 00:00:00+00:00,2021-10-21 00:00:00+00:00,True,4,1
e5c8dc993882bb0e5b775ec40444abcf,OFFLINE,2021-10-14 07:05:42.024000+00:00,2021-10-14 07:49:28.507000+00:00,78,300,70,7E701822D80EF10DEBEA008731637EA3,0.030399108796296297,7,Thursday,7,Thursday,2021-10-14 00:00:00+00:00,2021-10-21 00:00:00+00:00,True,0,0
df21d7f967e1c03d37035dec885de082,OFFLINE,2021-10-14 07:35:31.408000+00:00,2021-10-14 07:54:23.511000+00:00,78,300,79,2630D6FC6433A9A4C1C906C0D64BDDE1,0.013103043981481483,7,Thursday,7,Thursday,2021-10-14 00:00:00+00:00,2021-10-21 00:00:00+00:00,True,2,0
2477804ce5218ed1fa10bc51bd14372b,OFFLINE,2021-10-12 07:47:44.405000+00:00,2021-10-14 07:54:51.570000+00:00,78,1EF,80,5CD6463B9C20BA10DA25A431F2D844A6,2.004944039351852,7,Thursday,7,Tuesday,2021-10-14 00:00:00+00:00,2021-10-21 00:00:00+00:00,True,4,1
be44ebc15aaf1ca3862bba85c513b0f5,OFFLINE,2021-10-13 07:45:53.430000+00:00,2021-10-14 07:59:48.938000+00:00,78,300,50,4FB52D1F31461850C15CC1C15A02931B,1.0096702314814816,7,Thursday,7,Wednesday,2021-10-14 00:00:00+00:00,2021-10-21 00:00:00+00:00,True,1,0
bc46b0d31d5f93a65cfeb19a4a42b4bb,OFFLINE,2021-10-08 02:22:37.278000+00:00,2021-10-14 08:32:23.099000+00:00,78,1EF,106,38BB76CCFDD8129EF62B3AF5480605C7,6.256780335648148,8,Thursday,2,Friday,2021-10-14 00:00:00+00:00,2021-10-21 00:00:00+00:00,True,3,1
4d2d5ab70b90bc86b7456a84594ceb0a,OFFLINE,2021-10-14 08:30:59.580000+00:00,2021-10-14 08:58:38.821000+00:00,78,1EF,134,D5CECB3D35FF9FEF0E46207CFE4A5F29,0.019204178240740742,8,Thursday,8,Thursday,2021-10-14 00:00:00+00:00,2021-10-21 00:00:00+00:00,True,0,0
b35c9b18407fe9caa95276440b6c5e2f,OFFLINE,2021-10-13 16:58:41.336000+00:00,2021-10-14 08:59:56.937000+00:00,78,1EF,121,5CD6463B9C20BA10DA25A431F2D844A6,0.6675416782407407,8,Thursday,16,Wednesday,2021-10-14 00:00:00+00:00,2021-10-21 00:00:00+00:00,True,1,0
a0c1706d657230a6a799bdba8bdd8e6b,OFFLINE,2021-10-11 09:20:26.149000+00:00,2021-10-14 09:11:17.788000+00:00,78,07B,135,4ECC8B694F4BB262BDD4B0A85952B71A,2.9936532291666667,9,Thursday,9,Monday,2021-10-14 00:00:00+00:00,2021-10-21 00:00:00+00:00,True,3,1
e51e5f76eccb28b65cfbf1b9a405a374,ONLINE,2021-10-14 08:33:52.195000+00:00,2021-10-14 09:16:50.314000+00:00,78,300,166,08379264459A6EF0F8052CC20B9DD41F,0.02983934027777778,9,Thursday,8,Thursday,2021-10-14 00:00:00+00:00,2021-10-21 00:00:00+00:00,True,1,0
944180e8cb96d6c650e8d6e5a31dd9d8,ONLINE,2021-10-14 09:04:26.532000+00:00,2021-10-14 09:34:51.054000+00:00,78,07B,105,EE735FFED3A6072D13A30636E658A03A,0.021117152777777776,9,Thursday,9,Thursday,2021-10-14 00:00:00+00:00,2021-10-21 00:00:00+00:00,True,2,0
565b65d4b9d85962d68c2eb5b2b7530d,OFFLINE,2021-10-13 19:13:18.380000+00:00,2021-10-14 09:35:14.903000+00:00,78,300,50,1BA53B5BBB76E9903A2CF8FF02C37293,0.5985708680555556,9,Thursday,19,Wednesday,2021-10-14 00:00:00+00:00,2021-10-21 00:00:00+00:00,True,2,0
2bfdc86ccb60ef898395a36d56d21ee9,OFFLINE,2021-10-13 19:28:43.021000+00:00,2021-10-14 09:35:36.666000+00:00,78,300,50,1BA53B5BBB76E9903A2CF8FF02C37293,0.5881208912037037,9,Thursday,19,Wednesday,2021-10-14 00:00:00+00:00,2021-10-21 00:00:00+00:00,True,2,0
d7ee9e37fe105fab8151ff8770779751,OFFLINE,2021-10-13 19:57:37.884000+00:00,2021-10-14 09:45:01.171000+00:00,78,300,50,1BA53B5BBB76E9903A2CF8FF02C37293,0.5745750810185185,9,Thursday,19,Wednesday,2021-10-14 00:00:00+00:00,2021-10-21 00:00:00+00:00,True,2,0
2b47e5837f877ae870813883fa715448,OFFLINE,2021-10-13 19:52:33.557000+00:00,2021-10-14 09:45:18.630000+00:00,78,300,50,1BA53B5BBB76E9903A2CF8FF02C37293,0.5782994560185185,9,Thursday,19,Wednesday,2021-10-14 00:00:00+00:00,2021-10-21 00:00:00+00:00,True,2,0
d2b1844cc640b41c5e175b180b60e4e3,OFFLINE,2021-10-13 16:25:46.171000+00:00,2021-10-14 09:48:09.885000+00:00,78,07B,106,3B56EC028568E71AF10B3360787CD0BC,0.7238855787037037,9,Thursday,16,Wednesday,2021-10-14 00:00:00+00:00,2021-10-21 00:00:00+00:00,True,3,1
c11d4298556322da216eed9611512c75,OFFLINE,2021-10-12 16:38:40.258000+00:00,2021-10-14 10:05:56.650000+00:00,78,1EF,82,08A9B54E00545ECCD369B8E5D2692E9F,1.7272730555555555,10,Thursday,16,Tuesday,2021-10-14 00:00:00+00:00,2021-10-21 00:00:00+00:00,True,4,1
6d7e2547b7b4136ab995675031bbb40a,OFFLINE,2021-10-13 20:07:09.814000+00:00,2021-10-14 10:07:23.907000+00:00,78,300,50,1BA53B5BBB76E9903A2CF8FF02C37293,0.5834964467592593,10,Thursday,20,Wednesday,2021-10-14 00:00:00+00:00,2021-10-21 00:00:00+00:00,True,4,1
b53446f23d5f08fdb83231acde77d8a8,ONLINE,2021-10-14 09:57:24.767000+00:00,2021-10-14 10:13:27.809000+00:00,78,1EF,82,38BB76CCFDD8129EF62B3AF5480605C7,0.011146319444444445,10,Thursday,9,Thursday,2021-10-14 00:00:00+00:00,2021-10-21 00:00:00+00:00,True,5,1
94c266df29ba56da19953182b66b5536,OFFLINE,2021-10-13 15:21:08.373000+00:00,2021-10-14 10:13:49.712000+00:00,78,07B,193,B79C3A36345A4588BD73EBFFC22B9D01,0.7865895717592594,10,Thursday,15,Wednesday,2021-10-14 00:00:00+00:00,2021-10-21 00:00:00+00:00,True,1,0
e63bbced3d1e2c485dec629be172e824,OFFLINE,2021-10-14 09:43:53.565000+00:00,2021-10-14 10:14:18.300000+00:00,88,1EF,124,96C3C752FA22E3A6918ADE4F355D3F8D,0.021119618055555553,10,Thursday,9,Thursday,2021-10-14 00:00:00+00:00,2021-10-21 00:00:00+00:00,True,2,0
e9e442b178dd9921b8d8179688356772,OFFLINE,2021-10-13 08:25:04.934000+00:00,2021-10-14 10:16:45.681000+00:00,78,300,50,6C95625CBBEF8E86248B347AF84368A0,1.0775549421296298,10,Thursday,8,Wednesday,2021-10-14 00:00:00+00:00,2021-10-21 00:00:00+00:00,True,1,0
cbbc73d31edfbe9565976c4e2280c238,ONLINE,2021-10-14 10:06:29.400000+00:00,2021-10-14 10:26:03.987000+00:00,78,07B,105,294B021232C509826A57AC3136B8ABDD,0.013594756944444444,10,Thursday,10,Thursday,2021-10-14 00:00:00+00:00,2021-10-21 00:00:00+00:00,True,4,1
3d5299750b8a33337cd5f933d23db01c,ONLINE,2021-10-14 09:53:24.637000+00:00,2021-10-14 10:28:07.579000+00:00,78,1EF,106,4DF70D744AB4B2076706A37F1EBAC6B9,0.024108125,10,Thursday,9,Thursday,2021-10-14 00:00:00+00:00,2021-10-21 00:00:00+00:00,True,1,0
607e08c3277830db40bffacb0c20b9f1,ONLINE,2021-10-14 05:49:45.110000+00:00,2021-10-14 10:38:15.112000+00:00,78,07B,77,C142F51706DA139EC3DCAA250682C61A,0.20034724537037038,10,Thursday,5,Thursday,2021-10-14 00:00:00+00:00,2021-10-21 00:00:00+00:00,True,2,0
bfacf7014c7afdf7deace27001bd94d8,OFFLINE,2021-10-04 17:04:08.557000+00:00,2021-10-14 10:39:16.120000+00:00,78,300,116,15DEDC3B645D743B528945FFB129B0EC,9.73272642361111,10,Thursday,17,Monday,2021-10-14 00:00:00+00:00,2021-10-21 00:00:00+00:00,True,2,0
a4b21da79db694518527689794df8bc8,OFFLINE,2021-10-14 10:15:10.711000+00:00,2021-10-14 10:47:16.716000+00:00,78,07B,84,729470E813F48EEAB42A800818FDC08E,0.02229172453703704,10,Thursday,10,Thursday,2021-10-14 00:00:00+00:00,2021-10-21 00:00:00+00:00,True,1,0
b83fc61d0217633fa2bbd05d7e2cee69,OFFLINE,2021-10-07 05:51:19.212000+00:00,2021-10-14 11:05:48.262000+00:00,78,07B,186,3B56EC028568E71AF10B3360787CD0BC,7.218391782407408,11,Thursday,5,Thursday,2021-10-14 00:00:00+00:00,2021-10-21 00:00:00+00:00,True,3,1
00c6fc8244b720f55b3670b99957adcd,OFFLINE,2021-10-14 05:08:53.521000+00:00,2021-10-14 11:45:33.451000+00:00,90,07B,110,294B021232C509826A57AC3136B8ABDD,0.2754621527777778,11,Thursday,5,Thursday,2021-10-14 00:00:00+00:00,2021-10-21 00:00:00+00:00,True,0,0
6a43145cd910fa38784291b58734a155,OFFLINE,2021-10-12 09:48:51.465000+00:00,2021-10-14 11:49:16.578000+00:00,78,300,61,D3CEA8B57F07B785543EDB2058A190CE,2.083623993055556,11,Thursday,9,Tuesday,2021-10-14 00:00:00+00:00,2021-10-21 00:00:00+00:00,True,4,1
77c30087859df990bd95f0016339db20,ONLINE,2021-10-12 16:41:20.218000+00:00,2021-10-14 11:49:39.965000+00:00,88,07B,30,294B021232C509826A57AC3136B8ABDD,1.797450775462963,11,Thursday,16,Tuesday,2021-10-14 00:00:00+00:00,2021-10-21 00:00:00+00:00,True,3,1
31bd678b098f34a98dd86eec7c3752f2,ONLINE,2021-10-14 11:36:49.855000+00:00,2021-10-14 12:06:01.695000+00:00,78,1EF,128,38BB76CCFDD8129EF62B3AF5480605C7,0.020275925925925926,12,Thursday,11,Thursday,2021-10-14 00:00:00+00:00,2021-10-21 00:00:00+00:00,True,2,0
aebf34ca9a0805e5ee22019f966713e6,OFFLINE,2021-10-14 11:46:58.291000+00:00,2021-10-14 12:10:51.962000+00:00,78,07B,98,294B021232C509826A57AC3136B8ABDD,0.016593414351851854,12,Thursday,11,Thursday,2021-10-14 00:00:00+00:00,2021-10-21 00:00:00+00:00,True,3,1
fc28612cfb11bb5889cdc80de5dd027b,OFFLINE,2021-10-13 20:11:41.201000+00:00,2021-10-14 12:11:33.393000+00:00,78,300,50,1BA53B5BBB76E9903A2CF8FF02C37293,0.6665762962962963,12,Thursday,20,Wednesday,2021-10-14 00:00:00+00:00,2021-10-21 00:00:00+00:00,True,4,1
80a59475335c5a74ffe93eecc3ecdf6d,ONLINE,2021-10-14 11:09:20.201000+00:00,2021-10-14 12:17:01.815000+00:00,78,07B,90,4E8E60427140A514537C374BAA698D32,0.047009421296296296,12,Thursday,11,Thursday,2021-10-14 00:00:00+00:00,2021-10-21 00:00:00+00:00,True,1,0
79b8f3b50b2d50c928848eeb3cf63665,OFFLINE,2021-10-12 12:44:36.563000+00:00,2021-10-14 12:29:15.439000+00:00,78,300,78,8C9CD2798C922216EC02BD7D1BCD9786,1.9893388425925924,12,Thursday,12,Tuesday,2021-10-14 00:00:00+00:00,2021-10-21 00:00:00+00:00,True,3,1
7cee6401ea2f4e66516072b01ad22fad,OFFLINE,2021-10-14 12:19:22.173000+00:00,2021-10-14 12:44:48.776000+00:00,78,300,50,6C95625CBBEF8E86248B347AF84368A0,0.017669016203703706,12,Thursday,12,Thursday,2021-10-14 00:00:00+00:00,2021-10-21 00:00:00+00:00,True,1,0
ff0b6dea6ec472fae0819fbb0273f57c,ONLINE,2021-10-14 10:36:52.004000+00:00,2021-10-14 12:45:49.189000+00:00,78,07B,231,10D023CEE6CC12F06C576EB33402E56B,0.08955075231481482,12,Thursday,10,Thursday,2021-10-14 00:00:00+00:00,2021-10-21 00:00:00+00:00,True,6,1
0de82b09a6c3822d8a715490ba069511,OFFLINE,2021-10-14 11:14:11.047000+00:00,2021-10-14 12:50:39.920000+00:00,78,300,60,B6563BC197C1D5F0381754909937C28F,0.0670008449074074,12,Thursday,11,Thursday,2021-10-14 00:00:00+00:00,2021-10-21 00:00:00+00:00,True,1,0
92e92bf581d8cfd2c19e9698aee0f87f,OFFLINE,2021-10-14 09:05:12.108000+00:00,2021-10-14 13:03:56.504000+00:00,78,07B,131,6A804DC7A1AB77B75CC9D844BFAB338E,0.16579162037037037,13,Thursday,9,Thursday,2021-10-14 00:00:00+00:00,2021-10-21 00:00:00+00:00,True,2,0
aab1230a3f0b5a7078a480605daa2477,ONLINE,2021-10-13 16:16:04.496000+00:00,2021-10-14 13:12:38.959000+00:00,78,1EF,132,0668909560B9D2AF8FDA5489BCAA5FFF,0.872621099537037,13,Thursday,16,Wednesday,2021-10-14 00:00:00+00:00,2021-10-21 00:00:00+00:00,True,3,1
79c720a2e2b97730af57c14e4360c3d1,ONLINE,2021-10-14 12:10:57.655000+00:00,2021-10-14 13:39:41.363000+00:00,78,07B,262,4ECC8B694F4BB262BDD4B0A85952B71A,0.061616990740740736,13,Thursday,12,Thursday,2021-10-14 00:00:00+00:00,2021-10-21 00:00:00+00:00,True,4,1
bbb25d30b77a1a20f89db0f3162114bf,OFFLINE,2021-10-14 13:36:07.851000+00:00,2021-10-14 13:43:07.821000+00:00,78,07B,125,B0B076A3064F0AEA0A2AAC679ECE5F62,0.004860763888888889,13,Thursday,13,Thursday,2021-10-14 00:00:00+00:00,2021-10-21 00:00:00+00:00,True,1,0
a74b8545a77c7346a171df995c275e72,OFFLINE,2021-10-14 13:07:48.396000+00:00,2021-10-14 13:53:25.942000+00:00,78,300,146,E56AE16934A0D29EBF24915402A7E5ED,0.03168456018518518,13,Thursday,13,Thursday,2021-10-14 00:00:00+00:00,2021-10-21 00:00:00+00:00,True,4,1
bac292e4f8887917a82aa5a1e637d250,OFFLINE,2021-10-12 12:27:21.516000+00:00,2021-10-14 13:53:26.914000+00:00,78,07B,118,EE735FFED3A6072D13A30636E658A03A,2.059784699074074,13,Thursday,12,Tuesday,2021-10-14 00:00:00+00:00,2021-10-21 00:00:00+00:00,True,5,1
d117e0b3be2df6afdc5a16bcb71685a9,OFFLINE,2021-10-14 13:40:50.267000+00:00,2021-10-14 14:05:00.698000+00:00,78,07B,57,9FFABDFED33FB837D72433191B5668D5,0.016787395833333333,14,Thursday,13,Thursday,2021-10-14 00:00:00+00:00,2021-10-21 00:00:00+00:00,True,5,1
3e2dea2498a216708b2d9a25307f79ab,OFFLINE,2021-10-13 12:50:14.039000+00:00,2021-10-14 14:06:33.708000+00:00,78,07B,82,4E8E60427140A514537C374BAA698D32,1.0530054282407406,14,Thursday,12,Wednesday,2021-10-14 00:00:00+00:00,2021-10-21 00:00:00+00:00,True,4,1
ab2b1e1fe8fd42b84d8f70b89695f41f,OFFLINE,2021-10-14 14:07:12.295000+00:00,2021-10-14 14:15:02.108000+00:00,78,300,91,7E701822D80EF10DEBEA008731637EA3,0.005437650462962963,14,Thursday,14,Thursday,2021-10-14 00:00:00+00:00,2021-10-21 00:00:00+00:00,True,1,0
4b92dc0ecda2163c82fa8fe4a6cebb69,ONLINE,2021-10-14 14:06:22.240000+00:00,2021-10-14 14:49:51.909000+00:00,78,1EF,168,740CB1CA2BD83B3276B092195A6EB883,0.030204502314814814,14,Thursday,14,Thursday,2021-10-14 00:00:00+00:00,2021-10-21 00:00:00+00:00,True,2,0
ae5fdaca4b64d6ced2904800a533b3a7,OFFLINE,2021-10-14 14:38:04.268000+00:00,2021-10-14 15:10:06.260000+00:00,78,300,88,15DEDC3B645D743B528945FFB129B0EC,0.022245277777777777,15,Thursday,14,Thursday,2021-10-14 00:00:00+00:00,2021-10-21 00:00:00+00:00,True,1,0
1117432ea9eb77ba4069e27b45e4c256,OFFLINE,2021-10-11 09:44:12.194000+00:00,2021-10-14 15:13:11.048000+00:00,78,300,88,E56AE16934A0D29EBF24915402A7E5ED,3.2284589583333334,15,Thursday,9,Monday,2021-10-14 00:00:00+00:00,2021-10-21 00:00:00+00:00,True,3,1
7e95f882aab4a284b6e5b3ccea90f85b,OFFLINE,2021-10-14 11:05:01.285000+00:00,2021-10-14 15:44:40.914000+00:00,78,1EF,73,96C3C752FA22E3A6918ADE4F355D3F8D,0.19420866898148148,15,Thursday,11,Thursday,2021-10-14 00:00:00+00:00,2021-10-21 00:00:00+00:00,True,6,1
2a0c36275e0bd2fc707c2c00b65cc650,ONLINE,2021-10-14 15:45:48.484000+00:00,2021-10-14 16:00:16.875000+00:00,88,1EF,150,08A9B54E00545ECCD369B8E5D2692E9F,0.01005082175925926,16,Thursday,15,Thursday,2021-10-14 00:00:00+00:00,2021-10-21 00:00:00+00:00,True,0,0
19fe7b8c062447d9ace3aba938e3ef6e,ONLINE,2021-10-14 15:39:42.226000+00:00,2021-10-14 16:03:47.088000+00:00,78,07B,110,2D9F8B5DDB0A7BD6F060DBAA34EC0CFF,0.016722939814814815,16,Thursday,15,Thursday,2021-10-14 00:00:00+00:00,2021-10-21 00:00:00+00:00,True,5,1
47e35cae374de36ceb60eab5fdcd3e30,OFFLINE,2021-10-13 09:39:39.543000+00:00,2021-10-14 16:36:11.146000+00:00,78,07B,75,9F9E66046BADAE5ABE94708CED879416,1.2892546643518519,16,Thursday,9,Wednesday,2021-10-14 00:00:00+00:00,2021-10-21 00:00:00+00:00,True,5,1
8eddd9ca32e6695e587a376c08a92ade,ONLINE,2021-10-14 04:31:43.681000+00:00,2021-10-14 16:50:41.594000+00:00,78,300,168,C0DD698BE0C1EA71FA3045950BEEC64B,0.5131702893518518,16,Thursday,4,Thursday,2021-10-14 00:00:00+00:00,2021-10-21 00:00:00+00:00,True,4,1
efc71ec5080c0587b15c69a13ac217bd,ONLINE,2021-10-14 16:39:32.210000+00:00,2021-10-14 17:06:03.018000+00:00,78,1EF,94,195FD095D9D7F47943113AF2CBCF9A75,0.01841212962962963,17,Thursday,16,Thursday,2021-10-14 00:00:00+00:00,2021-10-21 00:00:00+00:00,True,0,0
8811d86744efa913c8663dcc1847a3fb,OFFLINE,2021-10-09 03:09:30.759000+00:00,2021-10-14 17:17:52.868000+00:00,78,1EF,84,38BB76CCFDD8129EF62B3AF5480605C7,5.589144780092592,17,Thursday,3,Saturday,2021-10-14 00:00:00+00:00,2021-10-21 00:00:00+00:00,True,3,1
b43d9e2ab8432d81a0c786d0351288be,OFFLINE,2021-10-14 16:57:57.345000+00:00,2021-10-14 17:24:33.252000+00:00,78,1EF,126,08A9B54E00545ECCD369B8E5D2692E9F,0.01847114583333333,17,Thursday,16,Thursday,2021-10-14 00:00:00+00:00,2021-10-21 00:00:00+00:00,True,5,1
347e0a5a100aae589e39370480396cb2,OFFLINE,2021-10-14 17:32:43.732000+00:00,2021-10-14 17:35:27.168000+00:00,78,1EF,60,65BDDE34D53F6A348B44541DD0852538,0.0018916203703703705,17,Thursday,17,Thursday,2021-10-14 00:00:00+00:00,2021-10-21 00:00:00+00:00,True,0,0
1c7e76a974fa2c1bc36836d0e6e5aba0,OFFLINE,2021-10-14 11:39:06.797000+00:00,2021-10-14 17:38:18.014000+00:00,78,300,50,7E701822D80EF10DEBEA008731637EA3,0.24943538194444445,17,Thursday,11,Thursday,2021-10-14 00:00:00+00:00,2021-10-21 00:00:00+00:00,True,1,0
a1cad9a37563cb480f8058e19412f0ae,OFFLINE,2021-10-14 17:27:31.969000+00:00,2021-10-14 17:41:43.147000+00:00,78,07B,93,4ECC8B694F4BB262BDD4B0A85952B71A,0.009851597222222222,17,Thursday,17,Thursday,2021-10-14 00:00:00+00:00,2021-10-21 00:00:00+00:00,True,6,1
508e9fa04e5afb4e32ede111aa8a9fea,ONLINE,2021-10-14 17:24:35.773000+00:00,2021-10-14 17:42:11.382000+00:00,78,07B,96,4ECC8B694F4BB262BDD4B0A85952B71A,0.012217696759259258,17,Thursday,17,Thursday,2021-10-14 00:00:00+00:00,2021-10-21 00:00:00+00:00,True,2,0
b293d80d5aed6b359e7cc855e04af864,OFFLINE,2021-10-10 21:46:37.976000+00:00,2021-10-14 18:04:20.115000+00:00,78,07B,212,4E8E60427140A514537C374BAA698D32,3.8456266087962967,18,Thursday,21,Sunday,2021-10-14 00:00:00+00:00,2021-10-21 00:00:00+00:00,True,6,1
c2a582b3c90e413998bac2069cd5058b,OFFLINE,2021-10-14 18:56:23.819000+00:00,2021-10-14 19:21:57.412000+00:00,78,1EF,94,38BB76CCFDD8129EF62B3AF5480605C7,0.017749918981481483,19,Thursday,18,Thursday,2021-10-14 00:00:00+00:00,2021-10-21 00:00:00+00:00,True,4,1
1f272f20e214855148459c6afc0db831,OFFLINE,2021-10-14 18:34:03.776000+00:00,2021-10-14 19:26:04.728000+00:00,78,07B,208,10D023CEE6CC12F06C576EB33402E56B,0.03612212962962963,19,Thursday,18,Thursday,2021-10-14 00:00:00+00:00,2021-10-21 00:00:00+00:00,True,4,1
b239c0a4f7d81cb2e217e79dd94ea1c0,ONLINE,2021-10-13 19:12:04.030000+00:00,2021-10-14 20:15:03.425000+00:00,78,300,151,526A1D40F50BBB44821C0C0FDE8E16B7,1.0437429976851853,20,Thursday,19,Wednesday,2021-10-14 00:00:00+00:00,2021-10-21 00:00:00+00:00,True,5,1
48f8c6a2fb43a481dea98f295ba31408,ONLINE,2021-10-09 15:36:19.409000+00:00,2021-10-14 20:51:30.159000+00:00,78,300,100,C0DD698BE0C1EA71FA3045950BEEC64B,5.218874421296296,20,Thursday,15,Saturday,2021-10-14 00:00:00+00:00,2021-10-21 00:00:00+00:00,True,0,0
c3377cbb9e497b95c22bd8a9d458ef6b,ONLINE,2021-10-14 23:00:26.682000+00:00,2021-10-15 01:34:15.673000+00:00,78,1EF,134,195FD095D9D7F47943113AF2CBCF9A75,0.10681702546296297,1,Friday,23,Thursday,2021-10-15 00:00:00+00:00,2021-10-22 00:00:00+00:00,True,0,0
e7263317970211722691c26da063d203,OFFLINE,2021-10-15 01:45:15.155000+00:00,2021-10-15 02:10:28.655000+00:00,78,1EF,101,740CB1CA2BD83B3276B092195A6EB883,0.017517361111111112,2,Friday,1,Friday,2021-10-15 00:00:00+00:00,2021-10-22 00:00:00+00:00,True,1,0
dcdd2e8321836f4df4975ac672c68373,ONLINE,2021-10-13 18:13:41.360000+00:00,2021-10-15 02:13:05.973000+00:00,78,07B,74,9F9E66046BADAE5ABE94708CED879416,1.332923761574074,2,Friday,18,Wednesday,2021-10-15 00:00:00+00:00,2021-10-22 00:00:00+00:00,True,2,0
cdb3b69ce12fd95474acd65277e8e892,OFFLINE,2021-10-15 01:32:22.370000+00:00,2021-10-15 02:33:27.854000+00:00,78,1EF,113,4DF70D744AB4B2076706A37F1EBAC6B9,0.042424583333333335,2,Friday,1,Friday,2021-10-15 00:00:00+00:00,2021-10-22 00:00:00+00:00,True,3,1
f78b9c28dd9e4fe9abba9e8fedf1b5e3,OFFLINE,2021-10-15 02:01:48.527000+00:00,2021-10-15 02:43:45.106000+00:00,78,300,119,7E701822D80EF10DEBEA008731637EA3,0.02912707175925926,2,Friday,2,Friday,2021-10-15 00:00:00+00:00,2021-10-22 00:00:00+00:00,True,3,1
a568b49b98674fd2d2d83f7e1b383f1f,OFFLINE,2021-10-14 16:53:31.223000+00:00,2021-10-15 02:59:38.506000+00:00,78,07B,38,4ECC8B694F4BB262BDD4B0A85952B71A,0.42091762731481486,2,Friday,16,Thursday,2021-10-15 00:00:00+00:00,2021-10-22 00:00:00+00:00,True,2,0
cc15cf4decebf60e3ba9e8a93bc9482a,ONLINE,2021-10-06 09:41:19.243000+00:00,2021-10-15 03:15:09.773000+00:00,78,1EF,184,D5CECB3D35FF9FEF0E46207CFE4A5F29,8.731834837962964,3,Friday,9,Wednesday,2021-10-15 00:00:00+00:00,2021-10-22 00:00:00+00:00,True,0,0
92a0923144c47713dfe13461dc270fb2,ONLINE,2021-10-07 03:45:10.426000+00:00,2021-10-15 03:28:02.302000+00:00,78,300,50,7E701822D80EF10DEBEA008731637EA3,7.988100416666668,3,Friday,3,Thursday,2021-10-15 00:00:00+00:00,2021-10-22 00:00:00+00:00,True,2,0
02676c97b61c85b0150d14a6bceef4f4,OFFLINE,2021-10-15 03:10:51.194000+00:00,2021-10-15 03:41:09.689000+00:00,78,07B,115,B79C3A36345A4588BD73EBFFC22B9D01,0.021047395833333333,3,Friday,3,Friday,2021-10-15 00:00:00+00:00,2021-10-22 00:00:00+00:00,True,4,1
0759841e662d33bb5316576623ccbc9d,OFFLINE,2021-10-15 03:45:54.483000+00:00,2021-10-15 04:06:15.192000+00:00,78,300,85,E56AE16934A0D29EBF24915402A7E5ED,0.01412857638888889,4,Friday,3,Friday,2021-10-15 00:00:00+00:00,2021-10-22 00:00:00+00:00,True,2,0
763bd9c32c1503be595743e5e4254b24,ONLINE,2021-10-14 20:24:39.306000+00:00,2021-10-15 04:18:50.276000+00:00,78,07B,130,EE735FFED3A6072D13A30636E658A03A,0.3292936342592593,4,Friday,20,Thursday,2021-10-15 00:00:00+00:00,2021-10-22 00:00:00+00:00,True,6,1
d4033d88d56f316dcae8cc10f0180862,OFFLINE,2021-10-15 03:21:31.478000+00:00,2021-10-15 04:29:32.809000+00:00,78,07B,105,EEDD0125ADF9CD4325E56C39462533F5,0.04723762731481482,4,Friday,3,Friday,2021-10-15 00:00:00+00:00,2021-10-22 00:00:00+00:00,True,5,1
84cbdd5c72a05f5380ab25a67561f78e,OFFLINE,2021-10-13 14:23:11.169000+00:00,2021-10-15 04:39:55.655000+00:00,78,300,156,D3CEA8B57F07B785543EDB2058A190CE,1.5949593287037038,4,Friday,14,Wednesday,2021-10-15 00:00:00+00:00,2021-10-22 00:00:00+00:00,True,4,1
813cc85c520fad136c840d78c1507b5d,OFFLINE,2021-10-13 18:40:49.664000+00:00,2021-10-15 04:44:56.771000+00:00,78,07B,286,BEB712D51701D0787EC236821442EA5C,1.419526701388889,4,Friday,18,Wednesday,2021-10-15 00:00:00+00:00,2021-10-22 00:00:00+00:00,True,1,0
92b917320bc4c4b7bcf1b2e795fdc458,OFFLINE,2021-10-15 04:42:31.152000+00:00,2021-10-15 05:24:40.345000+00:00,78,07B,153,EE735FFED3A6072D13A30636E658A03A,0.029273067129629633,5,Friday,4,Friday,2021-10-15 00:00:00+00:00,2021-10-22 00:00:00+00:00,True,1,0
5ff1b27716b1ed67df021e5c64f801e0,ONLINE,2021-10-15 05:11:17.393000+00:00,2021-10-15 05:39:59.153000+00:00,78,07B,100,9F9E66046BADAE5ABE94708CED879416,0.019927777777777777,5,Friday,5,Friday,2021-10-15 00:00:00+00:00,2021-10-22 00:00:00+00:00,True,3,1
d8f70beff30d7695013b31b7491d2090,ONLINE,2021-10-15 05:24:53.441000+00:00,2021-10-15 05:53:57.250000+00:00,78,300,131,E56AE16934A0D29EBF24915402A7E5ED,0.020182974537037036,5,Friday,5,Friday,2021-10-15 00:00:00+00:00,2021-10-22 00:00:00+00:00,True,1,0
253a6e35fbaaa139d56033bdc5f39891,OFFLINE,2021-10-13 08:37:47.463000+00:00,2021-10-15 06:01:39.400000+00:00,78,07B,175,294B021232C509826A57AC3136B8ABDD,1.8915733449074075,6,Friday,8,Wednesday,2021-10-15 00:00:00+00:00,2021-10-22 00:00:00+00:00,True,4,1
e75b02e1a09952700d2cb8086fe212a9,OFFLINE,2021-10-15 04:55:09.267000+00:00,2021-10-15 06:04:38.181000+00:00,76,07B,187,B5BC37462B0785F740436790AE41D171,0.04825131944444444,6,Friday,4,Friday,2021-10-15 00:00:00+00:00,2021-10-22 00:00:00+00:00,True,0,0
00a84c84c70fb97628238f8c89039e6d,ONLINE,2021-10-14 14:49:32.419000+00:00,2021-10-15 06:14:31.265000+00:00,78,07B,96,9F9E66046BADAE5ABE94708CED879416,0.6423477546296296,6,Friday,14,Thursday,2021-10-15 00:00:00+00:00,2021-10-22 00:00:00+00:00,True,0,0
752dae548a01b8b4d317db369c83c310,ONLINE,2021-10-15 05:39:40.774000+00:00,2021-10-15 06:16:43.886000+00:00,78,07B,152,D03E45AE45CAFB97B315F3E4A7C2D615,0.025730462962962965,6,Friday,5,Friday,2021-10-15 00:00:00+00:00,2021-10-22 00:00:00+00:00,True,2,0
9ce1367620c6a2e20c61b70be8a58453,OFFLINE,2021-10-15 05:28:09.215000+00:00,2021-10-15 06:18:25.601000+00:00,78,07B,139,BEB712D51701D0787EC236821442EA5C,0.034911875,6,Friday,5,Friday,2021-10-15 00:00:00+00:00,2021-10-22 00:00:00+00:00,True,4,1
a99181fb97c16e2419b84e467efce336,OFFLINE,2021-10-14 16:19:35.513000+00:00,2021-10-15 06:20:31.743000+00:00,78,300,95,2630D6FC6433A9A4C1C906C0D64BDDE1,0.5839841435185186,6,Friday,16,Thursday,2021-10-15 00:00:00+00:00,2021-10-22 00:00:00+00:00,True,4,1
fb5df023ac38c8eb5dc3b30c0d02b6fa,OFFLINE,2021-10-14 09:01:48.833000+00:00,2021-10-15 06:20:46.832000+00:00,78,07B,65,4E8E60427140A514537C374BAA698D32,0.8881712847222222,6,Friday,9,Thursday,2021-10-15 00:00:00+00:00,2021-10-22 00:00:00+00:00,True,5,1
f5cc662965cb1f9d64c1c8fbc77a1032,OFFLINE,2021-10-11 08:32:07.444000+00:00,2021-10-15 06:21:24.006000+00:00,78,300,112,C0DD698BE0C1EA71FA3045950BEEC64B,3.9092194675925924,6,Friday,8,Monday,2021-10-15 00:00:00+00:00,2021-10-22 00:00:00+00:00,True,2,0
0277dcc3ebce72e5b636095905dee14e,OFFLINE,2021-10-15 06:07:22.562000+00:00,2021-10-15 06:27:17.747000+00:00,78,300,84,08379264459A6EF0F8052CC20B9DD41F,0.013833159722222222,6,Friday,6,Friday,2021-10-15 00:00:00+00:00,2021-10-22 00:00:00+00:00,True,2,0
8a4bebc40cf17e9ac16d02511ea4d617,OFFLINE,2021-10-14 17:15:24.167000+00:00,2021-10-15 06:52:10.704000+00:00,78,07B,67,EE735FFED3A6072D13A30636E658A03A,0.5672052893518518,6,Friday,17,Thursday,2021-10-15 00:00:00+00:00,2021-10-22 00:00:00+00:00,True,6,1
39df5e5d13493f0a091ce83f7f9eecde,ONLINE,2021-10-13 17:38:55.314000+00:00,2021-10-15 07:01:36.038000+00:00,78,07B,75,294B021232C509826A57AC3136B8ABDD,1.5574157870370369,7,Friday,17,Wednesday,2021-10-15 00:00:00+00:00,2021-10-22 00:00:00+00:00,True,4,1
fd01bfb5eca947f0aa149a405692c18e,OFFLINE,2021-10-15 07:32:42.983000+00:00,2021-10-15 07:38:03.615000+00:00,79,300,58,364A975FE43F5678164266B2B0E8A237,0.0037110185185185184,7,Friday,7,Friday,2021-10-15 00:00:00+00:00,2021-10-22 00:00:00+00:00,True,0,0
c738ed6dc47a12dac75cf2ab643341f8,ONLINE,2021-10-14 09:49:40.608000+00:00,2021-10-15 07:42:22.516000+00:00,78,07B,66,B0B076A3064F0AEA0A2AAC679ECE5F62,0.9115961574074074,7,Friday,9,Thursday,2021-10-15 00:00:00+00:00,2021-10-22 00:00:00+00:00,True,2,0
06f26975d5a72a9e7c2730b7e337214d,OFFLINE,2021-10-15 06:37:27.794000+00:00,2021-10-15 07:43:11.611000+00:00,78,07B,82,EE735FFED3A6072D13A30636E658A03A,0.04564603009259259,7,Friday,6,Friday,2021-10-15 00:00:00+00:00,2021-10-22 00:00:00+00:00,True,2,0
560daa5342bbade8ff2e4d628451e689,OFFLINE,2021-10-15 07:02:38.951000+00:00,2021-10-15 07:43:29.661000+00:00,78,300,88,08379264459A6EF0F8052CC20B9DD41F,0.028364699074074073,7,Friday,7,Friday,2021-10-15 00:00:00+00:00,2021-10-22 00:00:00+00:00,True,1,0
e4728a099b47fd979c92650bd1725a9a,ONLINE,2021-10-15 07:26:34.531000+00:00,2021-10-15 07:54:37.941000+00:00,78,07B,137,4E8E60427140A514537C374BAA698D32,0.01948391203703704,7,Friday,7,Friday,2021-10-15 00:00:00+00:00,2021-10-22 00:00:00+00:00,True,1,0
ed6f336cd84815cef62426f0881d4569,ONLINE,2021-10-15 07:24:58.583000+00:00,2021-10-15 08:00:15.449000+00:00,78,1EF,134,5CD6463B9C20BA10DA25A431F2D844A6,0.024500763888888888,8,Friday,7,Friday,2021-10-15 00:00:00+00:00,2021-10-22 00:00:00+00:00,True,1,0
41d5e725bf4e04cf4f7f7cc916b37e3b,OFFLINE,2021-10-13 13:56:46.225000+00:00,2021-10-15 08:06:26.299000+00:00,78,300,85,56C3843EA0BAA7B2438B58CFC2BBD0FF,1.7567138194444443,8,Friday,13,Wednesday,2021-10-15 00:00:00+00:00,2021-10-22 00:00:00+00:00,True,3,1
1115048ee832cc998cb6b3fc67af6fcc,OFFLINE,2021-10-15 01:45:54.986000+00:00,2021-10-15 08:07:03.089000+00:00,78,07B,160,EE735FFED3A6072D13A30636E658A03A,0.26467711805555555,8,Friday,1,Friday,2021-10-15 00:00:00+00:00,2021-10-22 00:00:00+00:00,True,1,0
035cd385c4ff871dee5728931c0a9505,OFFLINE,2021-10-15 06:41:32.681000+00:00,2021-10-15 08:23:27.236000+00:00,78,07B,91,EEDD0125ADF9CD4325E56C39462533F5,0.0707703125,8,Friday,6,Friday,2021-10-15 00:00:00+00:00,2021-10-22 00:00:00+00:00,True,3,1
456476154b0f7a7a0b231ecae4eb15aa,ONLINE,2021-10-15 03:03:27.035000+00:00,2021-10-15 08:33:05.209000+00:00,78,1EF,104,F11BA079658F860875013A84EC1AEA2B,0.22891405092592593,8,Friday,3,Friday,2021-10-15 00:00:00+00:00,2021-10-22 00:00:00+00:00,True,2,0
3dd8d90538c0bafc4525e1eaa38f690d,OFFLINE,2021-10-04 13:44:55.867000+00:00,2021-10-15 08:38:32.015000+00:00,78,07B,161,4E8E60427140A514537C374BAA698D32,10.787223935185185,8,Friday,13,Monday,2021-10-15 00:00:00+00:00,2021-10-22 00:00:00+00:00,True,3,1
3a8995ced46e2d300ab6782e14976110,OFFLINE,2021-10-15 08:54:47.552000+00:00,2021-10-15 09:02:33.877000+00:00,78,07B,50,4ECC8B694F4BB262BDD4B0A85952B71A,0.005397280092592592,9,Friday,8,Friday,2021-10-15 00:00:00+00:00,2021-10-22 00:00:00+00:00,True,4,1
764bf07938d8e42425dd8e7e56d35e96,OFFLINE,2021-10-15 08:23:33.557000+00:00,2021-10-15 09:09:50.351000+00:00,78,07B,113,EEDD0125ADF9CD4325E56C39462533F5,0.032138819444444446,9,Friday,8,Friday,2021-10-15 00:00:00+00:00,2021-10-22 00:00:00+00:00,True,1,0
b603fc3f843c66ea9a7792e53d02acc6,ONLINE,2021-10-15 08:38:57.107000+00:00,2021-10-15 09:14:10.798000+00:00,78,300,76,09B36CB8AB7325477B80E99BE8FB2D02,0.0244640162037037,9,Friday,8,Friday,2021-10-15 00:00:00+00:00,2021-10-22 00:00:00+00:00,True,2,0
62266f13e5145c22e21b593784d32c03,OFFLINE,2021-10-14 11:46:04.854000+00:00,2021-10-15 09:33:25.996000+00:00,78,07B,154,10D023CEE6CC12F06C576EB33402E56B,0.9078835879629631,9,Friday,11,Thursday,2021-10-15 00:00:00+00:00,2021-10-22 00:00:00+00:00,True,5,1
a626d2b68f86469a9a476a239bba1daa,OFFLINE,2021-10-15 09:17:54.527000+00:00,2021-10-15 09:34:18.636000+00:00,78,07B,78,4E8E60427140A514537C374BAA698D32,0.011390150462962963,9,Friday,9,Friday,2021-10-15 00:00:00+00:00,2021-10-22 00:00:00+00:00,True,7,1
4f658d17afc1e55ee8e5bf214511ccc1,OFFLINE,2021-10-15 08:34:26.461000+00:00,2021-10-15 09:40:37.871000+00:00,78,1EF,106,2C10D809ABD31810F4E95F4E500EFA7E,0.04596539351851852,9,Friday,8,Friday,2021-10-15 00:00:00+00:00,2021-10-22 00:00:00+00:00,True,4,1
5dc6fee8d4da56421801b5f60dfa0bae,ONLINE,2021-10-15 05:31:40.280000+00:00,2021-10-15 09:45:12.243000+00:00,78,07B,207,4ECC8B694F4BB262BDD4B0A85952B71A,0.17606438657407408,9,Friday,5,Friday,2021-10-15 00:00:00+00:00,2021-10-22 00:00:00+00:00,True,3,1
5e20b27c43c2f30992d76db73c6bce1e,OFFLINE,2021-10-15 09:25:02.267000+00:00,2021-10-15 09:56:03.960000+00:00,78,300,143,4FB52D1F31461850C15CC1C15A02931B,0.021547372685185185,9,Friday,9,Friday,2021-10-15 00:00:00+00:00,2021-10-22 00:00:00+00:00,True,2,0
c38760234ab0e52741e7f0948ff15247,OFFLINE,2021-10-11 11:10:32.595000+00:00,2021-10-15 10:06:54.535000+00:00,78,07B,94,294B021232C509826A57AC3136B8ABDD,3.955809490740741,10,Friday,11,Monday,2021-10-15 00:00:00+00:00,2021-10-22 00:00:00+00:00,True,1,0
b8baafa678407ce960e3ab5511597c9e,OFFLINE,2021-10-05 16:52:48.391000+00:00,2021-10-15 10:12:14.469000+00:00,78,1EF,74,5CD6463B9C20BA10DA25A431F2D844A6,9.721829606481482,10,Friday,16,Tuesday,2021-10-15 00:00:00+00:00,2021-10-22 00:00:00+00:00,True,2,0
7daa9fbea41b8eb79172a72967416e47,OFFLINE,2021-10-14 09:17:20.897000+00:00,2021-10-15 10:13:18.036000+00:00,78,07B,83,EEDD0125ADF9CD4325E56C39462533F5,1.0388557754629628,10,Friday,9,Thursday,2021-10-15 00:00:00+00:00,2021-10-22 00:00:00+00:00,True,5,1
92f6dc9de8d743f860dff56e1af5b9a1,OFFLINE,2021-10-15 10:21:45.123000+00:00,2021-10-15 11:00:43.881000+00:00,78,07B,115,B79C3A36345A4588BD73EBFFC22B9D01,0.02706895833333333,11,Friday,10,Friday,2021-10-15 00:00:00+00:00,2021-10-22 00:00:00+00:00,True,3,1
51a6122688da87399addf3eb851a5bf3,ONLINE,2021-10-15 10:44:43.015000+00:00,2021-10-15 11:00:58.793000+00:00,78,07B,80,B79C3A36345A4588BD73EBFFC22B9D01,0.011293726851851852,11,Friday,10,Friday,2021-10-15 00:00:00+00:00,2021-10-22 00:00:00+00:00,True,5,1
ed813ef56c4f2b14c8d521be7797422c,OFFLINE,2021-10-13 15:12:08.550000+00:00,2021-10-15 11:01:32.905000+00:00,78,07B,89,EEDD0125ADF9CD4325E56C39462533F5,1.8259763310185186,11,Friday,15,Wednesday,2021-10-15 00:00:00+00:00,2021-10-22 00:00:00+00:00,True,5,1
d473de031a3b79b1473f0b9519edbb2d,OFFLINE,2021-10-02 22:28:44.774000+00:00,2021-10-15 11:01:43.981000+00:00,78,1EF,96,2C10D809ABD31810F4E95F4E500EFA7E,12.522907488425925,11,Friday,22,Saturday,2021-10-15 00:00:00+00:00,2021-10-22 00:00:00+00:00,True,4,1
ca662617a79f20f13ec70dcf0e7773d3,ONLINE,2021-10-13 05:32:27.821000+00:00,2021-10-15 11:02:11.563000+00:00,78,1EF,125,BB2033CE2FA4822C957B37DEB445B32C,2.22897849537037,11,Friday,5,Wednesday,2021-10-15 00:00:00+00:00,2021-10-22 00:00:00+00:00,True,2,0
d665a90bc2588a0f750ac45e244f78bc,OFFLINE,2021-10-15 10:40:38.021000+00:00,2021-10-15 11:34:03.772000+00:00,78,1EF,94,BB2033CE2FA4822C957B37DEB445B32C,0.03710359953703704,11,Friday,10,Friday,2021-10-15 00:00:00+00:00,2021-10-22 00:00:00+00:00,True,1,0
1baa7f32ca5da56808aa94d92602a64f,OFFLINE,2021-10-13 12:20:33.149000+00:00,2021-10-15 11:50:14.039000+00:00,78,1EF,132,BB2033CE2FA4822C957B37DEB445B32C,1.9789454861111113,11,Friday,12,Wednesday,2021-10-15 00:00:00+00:00,2021-10-22 00:00:00+00:00,True,2,0
89139a1bcbeef9a0c906d7b8c065e0f3,ONLINE,2021-10-15 11:14:19.724000+00:00,2021-10-15 12:28:05.498000+00:00,78,07B,146,4E8E60427140A514537C374BAA698D32,0.05122423611111111,12,Friday,11,Friday,2021-10-15 00:00:00+00:00,2021-10-22 00:00:00+00:00,True,4,1
3fde68881657e8d5d85fcc888dd353ed,ONLINE,2021-10-15 05:09:46.550000+00:00,2021-10-15 12:37:11.130000+00:00,78,07B,99,4ECC8B694F4BB262BDD4B0A85952B71A,0.31070115740740745,12,Friday,5,Friday,2021-10-15 00:00:00+00:00,2021-10-22 00:00:00+00:00,True,3,1
42120880d35d28e7ffde7dd0ba8fb2d7,OFFLINE,2021-10-12 12:16:46.725000+00:00,2021-10-15 12:56:16.033000+00:00,78,1EF,161,08A9B54E00545ECCD369B8E5D2692E9F,3.0274225462962963,12,Friday,12,Tuesday,2021-10-15 00:00:00+00:00,2021-10-22 00:00:00+00:00,True,3,1
5d8615b030d91806eff1ed8d2b96e82b,ONLINE,2021-10-15 12:39:17.112000+00:00,2021-10-15 13:07:51.508000+00:00,78,07B,73,294B021232C509826A57AC3136B8ABDD,0.019842546296296296,13,Friday,12,Friday,2021-10-15 00:00:00+00:00,2021-10-22 00:00:00+00:00,True,4,1
f68fa357627c385570b52a287e6cf560,OFFLINE,2021-10-15 13:41:38.439000+00:00,2021-10-15 14:01:40.161000+00:00,78,1EF,105,08A9B54E00545ECCD369B8E5D2692E9F,0.013908819444444444,14,Friday,13,Friday,2021-10-15 00:00:00+00:00,2021-10-22 00:00:00+00:00,True,2,0
e4e684d3ae08c1aa1d799e833302cbc6,OFFLINE,2021-10-15 05:34:57.770000+00:00,2021-10-15 14:07:57.207000+00:00,78,07B,66,4E8E60427140A514537C374BAA698D32,0.35624348379629633,14,Friday,5,Friday,2021-10-15 00:00:00+00:00,2021-10-22 00:00:00+00:00,True,4,1
526381cfa05273d3bee9e984971644eb,OFFLINE,2021-10-15 06:50:34.058000+00:00,2021-10-15 14:17:04.415000+00:00,78,1EF,240,0668909560B9D2AF8FDA5489BCAA5FFF,0.3100735763888889,14,Friday,6,Friday,2021-10-15 00:00:00+00:00,2021-10-22 00:00:00+00:00,True,2,0
2fc150d209f5a6e7ed9ff44361945855,OFFLINE,2021-10-15 13:02:53.573000+00:00,2021-10-15 14:32:13.560000+00:00,78,300,147,FE36AB62B577062A120ECAC46197F080,0.06203688657407407,14,Friday,13,Friday,2021-10-15 00:00:00+00:00,2021-10-22 00:00:00+00:00,True,1,0
f6a86ba877c56dff0c0524b893db7f2f,ONLINE,2021-10-15 13:43:00.411000+00:00,2021-10-15 14:36:10.946000+00:00,78,07B,124,3DCC8B4086B582DDB2E5481A5D44CAB4,0.03692748842592592,14,Friday,13,Friday,2021-10-15 00:00:00+00:00,2021-10-22 00:00:00+00:00,True,4,1
87be2b3005a56e0e41a8f8d603405ec9,OFFLINE,2021-10-15 10:47:06.857000+00:00,2021-10-15 14:39:14.607000+00:00,78,1EF,120,38BB76CCFDD8129EF62B3AF5480605C7,0.16120081018518517,14,Friday,10,Friday,2021-10-15 00:00:00+00:00,2021-10-22 00:00:00+00:00,True,0,0
a8f74d3b3db104993daff43f04098f1b,ONLINE,2021-10-15 13:46:16.731000+00:00,2021-10-15 14:50:14.056000+00:00,78,300,163,F01C49A6AA0D833D3333DEA9AC883637,0.044413483796296296,14,Friday,13,Friday,2021-10-15 00:00:00+00:00,2021-10-22 00:00:00+00:00,True,4,1
03276bb3ccdbac90c3a7360a1d84966c,OFFLINE,2021-10-11 10:50:06.245000+00:00,2021-10-15 14:58:23.577000+00:00,78,07B,114,4E8E60427140A514537C374BAA698D32,4.172422824074074,14,Friday,10,Monday,2021-10-15 00:00:00+00:00,2021-10-22 00:00:00+00:00,True,6,1
acd3aa1ecec7ca07cbcea6c64a298561,OFFLINE,2021-10-15 14:40:21.881000+00:00,2021-10-15 15:22:24.061000+00:00,78,1EF,66,38BB76CCFDD8129EF62B3AF5480605C7,0.029191898148148147,15,Friday,14,Friday,2021-10-15 00:00:00+00:00,2021-10-22 00:00:00+00:00,True,3,1
448c72abf9e619cdf34991f2277ff953,OFFLINE,2021-10-15 05:41:38.506000+00:00,2021-10-15 16:05:56.934000+00:00,78,07B,73,4ECC8B694F4BB262BDD4B0A85952B71A,0.4335466203703704,16,Friday,5,Friday,2021-10-15 00:00:00+00:00,2021-10-22 00:00:00+00:00,True,7,1
c564f0c3255f81b9b0784961345f7e2b,OFFLINE,2021-10-15 15:52:08.340000+00:00,2021-10-15 16:13:47.847000+00:00,78,300,50,09B36CB8AB7325477B80E99BE8FB2D02,0.015040590277777778,16,Friday,15,Friday,2021-10-15 00:00:00+00:00,2021-10-22 00:00:00+00:00,True,1,0
ce962b3e62476f4306c7adb26b74c4a4,OFFLINE,2021-10-15 16:37:01.309000+00:00,2021-10-15 16:51:26.776000+00:00,88,07B,24,4ECC8B694F4BB262BDD4B0A85952B71A,0.010016979166666667,16,Friday,16,Friday,2021-10-15 00:00:00+00:00,2021-10-22 00:00:00+00:00,True,7,1
4f9069fcbb217da2b4a3aacd2d065266,OFFLINE,2021-10-15 15:51:37.953000+00:00,2021-10-15 16:59:23.447000+00:00,78,07B,176,C142F51706DA139EC3DCAA250682C61A,0.047054328703703706,16,Friday,15,Friday,2021-10-15 00:00:00+00:00,2021-10-22 00:00:00+00:00,True,1,0
07ab9e3de827fd7289ca0bf8f3dcc426,OFFLINE,2021-10-15 16:22:18.054000+00:00,2021-10-15 17:01:00.541000+00:00,78,300,188,94C983E37A80A8F9558244120E5293B3,0.026880636574074076,17,Friday,16,Friday,2021-10-15 00:00:00+00:00,2021-10-22 00:00:00+00:00,True,0,0
651804db958a22b3b0f468a8159e34f6,OFFLINE,2021-10-15 16:34:05.813000+00:00,2021-10-15 17:20:45.397000+00:00,78,07B,136,EEDD0125ADF9CD4325E56C39462533F5,0.032402592592592594,17,Friday,16,Friday,2021-10-15 00:00:00+00:00,2021-10-22 00:00:00+00:00,True,5,1
f0c63cec8abc68979f14c8fc4ef3e9db,OFFLINE,2021-10-15 16:55:40.712000+00:00,2021-10-15 17:24:15.139000+00:00,78,300,138,08379264459A6EF0F8052CC20B9DD41F,0.01984290509259259,17,Friday,16,Friday,2021-10-15 00:00:00+00:00,2021-10-22 00:00:00+00:00,True,5,1
dd0e33e2f0b192d119c9350ae44c4270,OFFLINE,2021-10-15 17:11:56.675000+00:00,2021-10-15 17:28:46.862000+00:00,78,1EF,60,195FD095D9D7F47943113AF2CBCF9A75,0.011691979166666666,17,Friday,17,Friday,2021-10-15 00:00:00+00:00,2021-10-22 00:00:00+00:00,True,7,1
e50f01d2859610d8eece2777ba01de5f,OFFLINE,2021-10-15 17:00:46.208000+00:00,2021-10-15 17:38:17.949000+00:00,78,07B,153,3B56EC028568E71AF10B3360787CD0BC,0.02606181712962963,17,Friday,17,Friday,2021-10-15 00:00:00+00:00,2021-10-22 00:00:00+00:00,True,3,1
90497c8e8fb8f69ea5a23e6fd42a959d,ONLINE,2021-10-15 17:25:48.752000+00:00,2021-10-15 17:50:36.698000+00:00,78,300,102,E56AE16934A0D29EBF24915402A7E5ED,0.01722159722222222,17,Friday,17,Friday,2021-10-15 00:00:00+00:00,2021-10-22 00:00:00+00:00,True,5,1
6282889801c1aab53b62ef97cd9c9ea6,OFFLINE,2021-10-15 17:27:17.081000+00:00,2021-10-15 18:14:42.494000+00:00,78,1EF,171,D5CECB3D35FF9FEF0E46207CFE4A5F29,0.03293302083333333,18,Friday,17,Friday,2021-10-15 00:00:00+00:00,2021-10-22 00:00:00+00:00,True,2,0
55b7354f65b7c8b654c1b542d184b37a,OFFLINE,2021-10-15 17:59:23.782000+00:00,2021-10-15 18:26:39.530000+00:00,78,07B,139,EEDD0125ADF9CD4325E56C39462533F5,0.01893226851851852,18,Friday,17,Friday,2021-10-15 00:00:00+00:00,2021-10-22 00:00:00+00:00,True,2,0
25e762ae15bd6cbcdc9cd355a1600d58,OFFLINE,2021-10-15 18:10:44.260000+00:00,2021-10-15 18:33:25.041000+00:00,78,07B,92,294B021232C509826A57AC3136B8ABDD,0.01574978009259259,18,Friday,18,Friday,2021-10-15 00:00:00+00:00,2021-10-22 00:00:00+00:00,True,0,0
7a163163b81d4b9a6700a08fbfe2b137,OFFLINE,2021-10-01 17:33:27.925000+00:00,2021-10-15 18:52:38.692000+00:00,78,300,135,D3CEA8B57F07B785543EDB2058A190CE,14.054985729166667,18,Friday,17,Friday,2021-10-15 00:00:00+00:00,2021-10-22 00:00:00+00:00,True,4,1
afc999365dcf8969d7653cd9f2390347,OFFLINE,2021-10-15 11:44:04.373000+00:00,2021-10-15 20:40:59.897000+00:00,90,07B,125,EE735FFED3A6072D13A30636E658A03A,0.3728648611111111,20,Friday,11,Friday,2021-10-15 00:00:00+00:00,2021-10-22 00:00:00+00:00,True,3,1
ddf60add86012e4f2888acf1b2489886,ONLINE,2021-10-15 20:34:30.402000+00:00,2021-10-15 21:12:08.838000+00:00,78,300,128,08379264459A6EF0F8052CC20B9DD41F,0.026139305555555558,21,Friday,20,Friday,2021-10-15 00:00:00+00:00,2021-10-22 00:00:00+00:00,True,6,1
beb9935cbd0eeba1334b0c0f76fcea6f,OFFLINE,2021-10-14 21:07:30.739000+00:00,2021-10-15 21:34:51.366000+00:00,78,300,77,D3CEA8B57F07B785543EDB2058A190CE,1.0189887384259257,21,Friday,21,Thursday,2021-10-15 00:00:00+00:00,2021-10-22 00:00:00+00:00,True,0,0
aac820173b38e78872f412ed44ab4afb,OFFLINE,2021-10-13 21:37:12.227000+00:00,2021-10-15 22:13:55.059000+00:00,78,300,158,C0DD698BE0C1EA71FA3045950BEEC64B,2.0254957407407406,22,Friday,21,Wednesday,2021-10-15 00:00:00+00:00,2021-10-22 00:00:00+00:00,True,1,0
3456a16ee21828376a3cf2f8637cfc70,OFFLINE,2021-10-15 19:40:51.526000+00:00,2021-10-16 02:38:59.881000+00:00,78,1EF,103,0668909560B9D2AF8FDA5489BCAA5FFF,0.29037447916666664,2,Saturday,19,Friday,2021-10-16 00:00:00+00:00,2021-10-23 00:00:00+00:00,True,0,0
6e5680653400b2a0fc54aed337f5b096,ONLINE,2021-10-10 17:49:52.499000+00:00,2021-10-16 02:45:19.865000+00:00,78,1EF,65,740CB1CA2BD83B3276B092195A6EB883,5.371844513888889,2,Saturday,17,Sunday,2021-10-16 00:00:00+00:00,2021-10-23 00:00:00+00:00,True,4,1
445a528eb37473760b4a7a57a2f4c9d6,OFFLINE,2021-10-15 03:36:37.807000+00:00,2021-10-16 02:53:04.321000+00:00,78,300,246,D3CEA8B57F07B785543EDB2058A190CE,0.9697513194444444,2,Saturday,3,Friday,2021-10-16 00:00:00+00:00,2021-10-23 00:00:00+00:00,True,0,0
e5848dfccd2d3cdc56500d31686421d5,OFFLINE,2021-10-16 02:32:39.732000+00:00,2021-10-16 03:00:28.586000+00:00,78,1EF,124,195FD095D9D7F47943113AF2CBCF9A75,0.019315439814814817,3,Saturday,2,Saturday,2021-10-16 00:00:00+00:00,2021-10-23 00:00:00+00:00,True,2,0
9067383448aa09b8a08b2deaa837f254,ONLINE,2021-10-16 02:45:13.007000+00:00,2021-10-16 03:09:45.944000+00:00,78,300,78,E56AE16934A0D29EBF24915402A7E5ED,0.017047881944444444,3,Saturday,2,Saturday,2021-10-16 00:00:00+00:00,2021-10-23 00:00:00+00:00,True,3,1
24f5d642b71a7f8b4aa050562b7bd523,OFFLINE,2021-10-15 17:36:23.518000+00:00,2021-10-16 03:22:46.017000+00:00,78,07B,106,10D023CEE6CC12F06C576EB33402E56B,0.40720484953703706,3,Saturday,17,Friday,2021-10-16 00:00:00+00:00,2021-10-23 00:00:00+00:00,True,5,1
c45a45c2735cca6b5207d139b54b5c86,OFFLINE,2021-10-16 02:56:09.271000+00:00,2021-10-16 03:27:25.645000+00:00,78,07B,94,4E8E60427140A514537C374BAA698D32,0.021717291666666666,3,Saturday,2,Saturday,2021-10-16 00:00:00+00:00,2021-10-23 00:00:00+00:00,True,3,1
7da5d9b690511e650912229829f2fca8,OFFLINE,2021-10-16 03:50:01.721000+00:00,2021-10-16 04:09:59.344000+00:00,78,1EF,158,38BB76CCFDD8129EF62B3AF5480605C7,0.013861377314814816,4,Saturday,3,Saturday,2021-10-16 00:00:00+00:00,2021-10-23 00:00:00+00:00,True,1,0
aa6ef6f0ac4675c72e215d42f66604da,OFFLINE,2021-10-15 15:26:30.438000+00:00,2021-10-16 04:20:05.321000+00:00,78,300,58,7E701822D80EF10DEBEA008731637EA3,0.5372092939814815,4,Saturday,15,Friday,2021-10-16 00:00:00+00:00,2021-10-23 00:00:00+00:00,True,2,0
fb29d133d3d0fe46d441d62505a38247,OFFLINE,2021-10-16 04:30:35.918000+00:00,2021-10-16 04:37:04.129000+00:00,78,300,50,526A1D40F50BBB44821C0C0FDE8E16B7,0.0044931828703703705,4,Saturday,4,Saturday,2021-10-16 00:00:00+00:00,2021-10-23 00:00:00+00:00,True,3,1
a5b3053ab5a4534ab1cd68f0e97ef373,ONLINE,2021-10-12 15:49:19.722000+00:00,2021-10-16 05:02:24.688000+00:00,78,07B,50,2CF9D19CE125793D17A0B4C371AB7AFD,3.5507519212962966,5,Saturday,15,Tuesday,2021-10-16 00:00:00+00:00,2021-10-23 00:00:00+00:00,True,2,0
198960f66cbe01d3a9d0b493e233f5c7,ONLINE,2021-10-16 03:55:59.772000+00:00,2021-10-16 05:13:39.758000+00:00,78,1EF,94,4DF70D744AB4B2076706A37F1EBAC6B9,0.053935023148148145,5,Saturday,3,Saturday,2021-10-16 00:00:00+00:00,2021-10-23 00:00:00+00:00,True,4,1
7a6e2fd6766e6e2537b37290f542e7eb,OFFLINE,2021-10-16 03:36:04.983000+00:00,2021-10-16 05:14:41.579000+00:00,78,300,50,09B36CB8AB7325477B80E99BE8FB2D02,0.06847912037037036,5,Saturday,3,Saturday,2021-10-16 00:00:00+00:00,2021-10-23 00:00:00+00:00,True,2,0
70d1590d16f877ec54e987b41da0b2b4,ONLINE,2021-10-16 04:47:28.102000+00:00,2021-10-16 05:24:02.471000+00:00,78,07B,50,3B56EC028568E71AF10B3360787CD0BC,0.025397789351851854,5,Saturday,4,Saturday,2021-10-16 00:00:00+00:00,2021-10-23 00:00:00+00:00,True,5,1
5ff50a6980ff7ae0f1c5c156b33fc476,OFFLINE,2021-10-16 04:24:25.993000+00:00,2021-10-16 05:37:20.566000+00:00,76,07B,262,2CF9D19CE125793D17A0B4C371AB7AFD,0.05063163194444445,5,Saturday,4,Saturday,2021-10-16 00:00:00+00:00,2021-10-23 00:00:00+00:00,True,0,0
1dc67e7a1f7c2f1adc10aaedc3de1093,ONLINE,2021-10-06 12:37:52.248000+00:00,2021-10-16 05:54:06.904000+00:00,78,1EF,165,7B36B12A4C581DFCF8BF406AECA45564,9.719614074074073,5,Saturday,12,Wednesday,2021-10-16 00:00:00+00:00,2021-10-23 00:00:00+00:00,True,3,1
a663dc19187c2a41892b747b7a41b320,OFFLINE,2021-10-14 16:56:30.989000+00:00,2021-10-16 05:57:50.206000+00:00,78,1EF,60,740CB1CA2BD83B3276B092195A6EB883,1.5425835300925927,5,Saturday,16,Thursday,2021-10-16 00:00:00+00:00,2021-10-23 00:00:00+00:00,True,3,1
9860d1b9f05075de93bc715e60dc4858,OFFLINE,2021-10-16 05:14:58.044000+00:00,2021-10-16 06:02:48.935000+00:00,78,07B,205,294B021232C509826A57AC3136B8ABDD,0.033227905092592595,6,Saturday,5,Saturday,2021-10-16 00:00:00+00:00,2021-10-23 00:00:00+00:00,True,0,0
d7ecdedc40b40e0f78a6154f8134228d,OFFLINE,2021-10-09 10:13:22.802000+00:00,2021-10-16 06:27:47.360000+00:00,78,07B,113,EEDD0125ADF9CD4325E56C39462533F5,6.843339791666666,6,Saturday,10,Saturday,2021-10-16 00:00:00+00:00,2021-10-23 00:00:00+00:00,True,1,0
90d919fef286a5f114af111ad40c6b39,OFFLINE,2021-10-16 06:22:48.436000+00:00,2021-10-16 06:45:44.180000+00:00,78,07B,59,EEDD0125ADF9CD4325E56C39462533F5,0.01592296296296296,6,Saturday,6,Saturday,2021-10-16 00:00:00+00:00,2021-10-23 00:00:00+00:00,True,2,0
cea7a59b976fbbadd23c2d135d30fcb1,ONLINE,2021-10-16 06:01:33.344000+00:00,2021-10-16 06:49:15.045000+00:00,78,07B,111,2D9F8B5DDB0A7BD6F060DBAA34EC0CFF,0.03312153935185185,6,Saturday,6,Saturday,2021-10-16 00:00:00+00:00,2021-10-23 00:00:00+00:00,True,0,0
3353ba9eb977c0315fae2417b3814918,ONLINE,2021-10-08 13:17:23.561000+00:00,2021-10-16 07:06:43.646000+00:00,78,07B,130,EE735FFED3A6072D13A30636E658A03A,7.742593576388889,7,Saturday,13,Friday,2021-10-16 00:00:00+00:00,2021-10-23 00:00:00+00:00,True,1,0
ed0b8d7da0d8b52926cd0b2fcf151713,ONLINE,2021-10-16 04:57:25.684000+00:00,2021-10-16 07:09:13.561000+00:00,78,1EF,107,D5CECB3D35FF9FEF0E46207CFE4A5F29,0.09152635416666667,7,Saturday,4,Saturday,2021-10-16 00:00:00+00:00,2021-10-23 00:00:00+00:00,True,0,0
81d36e24bb53a06a2dfdc2a7c5d80da3,OFFLINE,2021-10-16 05:15:57.861000+00:00,2021-10-16 07:43:04.557000+00:00,78,07B,183,56129BC950F9E18A9F5DF651D9D267D1,0.10216083333333333,7,Saturday,5,Saturday,2021-10-16 00:00:00+00:00,2021-10-23 00:00:00+00:00,True,5,1
7266b76b7739e90ff6f20736975962b0,ONLINE,2021-10-16 07:29:13.787000+00:00,2021-10-16 07:54:50.757000+00:00,78,300,61,C0DD698BE0C1EA71FA3045950BEEC64B,0.01778900462962963,7,Saturday,7,Saturday,2021-10-16 00:00:00+00:00,2021-10-23 00:00:00+00:00,True,4,1
1ba2d4bcdb1a8425f803f2e373e94873,OFFLINE,2021-10-16 06:30:47.539000+00:00,2021-10-16 08:01:13.303000+00:00,76,1EF,161,4DF70D744AB4B2076706A37F1EBAC6B9,0.06279819444444444,8,Saturday,6,Saturday,2021-10-16 00:00:00+00:00,2021-10-23 00:00:00+00:00,True,7,1
ff3706cdc62ad3aec99c0ef0695abfd0,OFFLINE,2021-10-10 05:45:03.405000+00:00,2021-10-16 08:12:09.369000+00:00,78,07B,94,10D023CEE6CC12F06C576EB33402E56B,6.102152361111112,8,Saturday,5,Sunday,2021-10-16 00:00:00+00:00,2021-10-23 00:00:00+00:00,True,2,0
00afdae7c540d7ff0b4ed1d588cfcab4,OFFLINE,2021-10-15 20:36:20.113000+00:00,2021-10-16 08:18:13.920000+00:00,78,300,50,2630D6FC6433A9A4C1C906C0D64BDDE1,0.48742832175925926,8,Saturday,20,Friday,2021-10-16 00:00:00+00:00,2021-10-23 00:00:00+00:00,True,6,1
5812bafea65f5fa86ca8a8ea5cea998f,OFFLINE,2021-10-16 08:13:48.113000+00:00,2021-10-16 08:54:09.130000+00:00,78,300,145,7E701822D80EF10DEBEA008731637EA3,0.028021030092592592,8,Saturday,8,Saturday,2021-10-16 00:00:00+00:00,2021-10-23 00:00:00+00:00,True,3,1
b654a3d225afd8be18d2e7cfd005c00e,OFFLINE,2021-10-16 08:44:53.191000+00:00,2021-10-16 09:01:30.340000+00:00,78,07B,59,56129BC950F9E18A9F5DF651D9D267D1,0.011541076388888889,9,Saturday,8,Saturday,2021-10-16 00:00:00+00:00,2021-10-23 00:00:00+00:00,True,0,0
4981214adf65f5421b9a075585a0a0bb,OFFLINE,2021-10-14 16:10:55.480000+00:00,2021-10-16 09:06:26.540000+00:00,78,07B,184,10D023CEE6CC12F06C576EB33402E56B,1.7052206018518519,9,Saturday,16,Thursday,2021-10-16 00:00:00+00:00,2021-10-23 00:00:00+00:00,True,2,0
234003835f52472fa0a27ca72b7bb42e,ONLINE,2021-10-15 13:03:58.449000+00:00,2021-10-16 09:07:15.046000+00:00,78,07B,124,3B56EC028568E71AF10B3360787CD0BC,0.835608761574074,9,Saturday,13,Friday,2021-10-16 00:00:00+00:00,2021-10-23 00:00:00+00:00,True,4,1
820b646156800b5c868de0eed41ea2fc,ONLINE,2021-10-12 17:03:47.418000+00:00,2021-10-16 09:10:35.113000+00:00,78,07B,115,4575953E5DD96D9E301B05E12FB12540,3.6713853587962966,9,Saturday,17,Tuesday,2021-10-16 00:00:00+00:00,2021-10-23 00:00:00+00:00,True,3,1
9c5a91b08358eccba3fee6eb1578e1a2,OFFLINE,2021-10-10 16:19:08.961000+00:00,2021-10-16 09:52:53.103000+00:00,78,07B,189,56129BC950F9E18A9F5DF651D9D267D1,5.731760902777777,9,Saturday,16,Sunday,2021-10-16 00:00:00+00:00,2021-10-23 00:00:00+00:00,True,3,1
48ac57fc6911d8d924b1d97565b65267,OFFLINE,2021-10-14 16:49:44.100000+00:00,2021-10-16 09:56:07.841000+00:00,78,1EF,82,BB2033CE2FA4822C957B37DEB445B32C,1.7127747800925928,9,Saturday,16,Thursday,2021-10-16 00:00:00+00:00,2021-10-23 00:00:00+00:00,True,0,0
067af1f9044005f6eb1f1aeb476ea3ae,OFFLINE,2021-10-15 13:06:20.419000+00:00,2021-10-16 10:03:46.044000+00:00,78,300,50,1BA53B5BBB76E9903A2CF8FF02C37293,0.8732132523148148,10,Saturday,13,Friday,2021-10-16 00:00:00+00:00,2021-10-23 00:00:00+00:00,True,2,0
b322e208d0aa053ff66958761f43065d,ONLINE,2021-10-16 09:21:27.025000+00:00,2021-10-16 10:05:13.902000+00:00,78,07B,131,3B56EC028568E71AF10B3360787CD0BC,0.03040366898148148,10,Saturday,9,Saturday,2021-10-16 00:00:00+00:00,2021-10-23 00:00:00+00:00,True,2,0
e224653733663119ca4eec798e5d6571,OFFLINE,2021-10-16 08:55:21.224000+00:00,2021-10-16 10:12:20.525000+00:00,78,300,50,364A975FE43F5678164266B2B0E8A237,0.05346413194444445,10,Saturday,8,Saturday,2021-10-16 00:00:00+00:00,2021-10-23 00:00:00+00:00,True,3,1
42e98c8dbfc6b2fb6081ce5dddd2fb70,OFFLINE,2021-10-15 07:52:12.352000+00:00,2021-10-16 10:17:18.951000+00:00,78,07B,66,3DCC8B4086B582DDB2E5481A5D44CAB4,1.1007708217592593,10,Saturday,7,Friday,2021-10-16 00:00:00+00:00,2021-10-23 00:00:00+00:00,True,6,1
bd9c46bc7a8662cb53178e13f31af445,ONLINE,2021-10-16 09:57:38.720000+00:00,2021-10-16 10:28:26.479000+00:00,78,300,85,4FB52D1F31461850C15CC1C15A02931B,0.02138609953703704,10,Saturday,9,Saturday,2021-10-16 00:00:00+00:00,2021-10-23 00:00:00+00:00,True,0,0
513e88d8a9e8020d7c42c576de2e7e38,OFFLINE,2021-10-16 09:14:13.084000+00:00,2021-10-16 10:34:38.931000+00:00,78,07B,142,294B021232C509826A57AC3136B8ABDD,0.05585471064814815,10,Saturday,9,Saturday,2021-10-16 00:00:00+00:00,2021-10-23 00:00:00+00:00,True,6,1
84f87bc3496c18b76c48ff343cadbedc,OFFLINE,2021-10-16 10:27:54.118000+00:00,2021-10-16 10:48:43.428000+00:00,78,07B,85,10D023CEE6CC12F06C576EB33402E56B,0.014459606481481481,10,Saturday,10,Saturday,2021-10-16 00:00:00+00:00,2021-10-23 00:00:00+00:00,True,1,0
711b06a1449cf8623e78da40f54c484c,ONLINE,2021-10-11 14:32:05.452000+00:00,2021-10-16 10:52:44.077000+00:00,78,07B,190,4575953E5DD96D9E301B05E12FB12540,4.847669270833333,10,Saturday,14,Monday,2021-10-16 00:00:00+00:00,2021-10-23 00:00:00+00:00,True,4,1
69a5d74325bba66dd2a005463e7f3f25,OFFLINE,2021-10-16 10:42:56.029000+00:00,2021-10-16 11:08:10.713000+00:00,78,07B,87,294B021232C509826A57AC3136B8ABDD,0.017531064814814815,11,Saturday,10,Saturday,2021-10-16 00:00:00+00:00,2021-10-23 00:00:00+00:00,True,4,1
6b4dfe05397ffeeb38b83efa19a86464,OFFLINE,2021-10-04 05:51:00.361000+00:00,2021-10-16 11:11:09.005000+00:00,78,07B,147,294B021232C509826A57AC3136B8ABDD,12.22232226851852,11,Saturday,5,Monday,2021-10-16 00:00:00+00:00,2021-10-23 00:00:00+00:00,True,2,0
51e25654cd1f8b05a6903b32227b49e0,OFFLINE,2021-10-16 10:35:56.898000+00:00,2021-10-16 11:19:01.176000+00:00,78,1EF,70,96C3C752FA22E3A6918ADE4F355D3F8D,0.029910624999999996,11,Saturday,10,Saturday,2021-10-16 00:00:00+00:00,2021-10-23 00:00:00+00:00,True,4,1
d40e2f2e92540f6dbb239aa8c19175bf,OFFLINE,2021-10-04 11:57:30.994000+00:00,2021-10-16 11:23:50.342000+00:00,78,1EF,169,195FD095D9D7F47943113AF2CBCF9A75,11.976612824074074,11,Saturday,11,Monday,2021-10-16 00:00:00+00:00,2021-10-23 00:00:00+00:00,True,3,1
92babdbc671f03085722088a1907ecd5,OFFLINE,2021-10-16 10:35:06.683000+00:00,2021-10-16 11:26:31.070000+00:00,90,07B,134,EEDD0125ADF9CD4325E56C39462533F5,0.035698923611111114,11,Saturday,10,Saturday,2021-10-16 00:00:00+00:00,2021-10-23 00:00:00+00:00,True,2,0
cae148cb52ff777151b622db6af2c7d0,OFFLINE,2021-10-16 10:48:40.066000+00:00,2021-10-16 11:28:04.751000+00:00,78,300,63,E56AE16934A0D29EBF24915402A7E5ED,0.02736903935185185,11,Saturday,10,Saturday,2021-10-16 00:00:00+00:00,2021-10-23 00:00:00+00:00,True,0,0
1815f6014ffe7c522c4af768dae248c0,ONLINE,2021-10-16 09:32:22.891000+00:00,2021-10-16 11:29:57.137000+00:00,78,07B,128,EE735FFED3A6072D13A30636E658A03A,0.08164636574074075,11,Saturday,9,Saturday,2021-10-16 00:00:00+00:00,2021-10-23 00:00:00+00:00,True,0,0
6a721305e148caf350cb4d17acc4e911,OFFLINE,2021-10-15 11:03:51.086000+00:00,2021-10-16 11:32:55.384000+00:00,78,07B,147,B273179DA6B16E679BB8D2C7DE063CC9,1.0201886342592592,11,Saturday,11,Friday,2021-10-16 00:00:00+00:00,2021-10-23 00:00:00+00:00,True,1,0
c5ccc098955d3732a6cc669e44a07b21,OFFLINE,2021-10-16 11:08:29.610000+00:00,2021-10-16 11:37:03.389000+00:00,78,1EF,97,F5D32DD994477BAC9E1ACC96D65A0972,0.019835405092592594,11,Saturday,11,Saturday,2021-10-16 00:00:00+00:00,2021-10-23 00:00:00+00:00,True,2,0
6d418fbfe2421bb72e2730dcbc49202f,ONLINE,2021-10-16 09:38:23.366000+00:00,2021-10-16 11:47:07.383000+00:00,78,07B,84,EEDD0125ADF9CD4325E56C39462533F5,0.0893983449074074,11,Saturday,9,Saturday,2021-10-16 00:00:00+00:00,2021-10-23 00:00:00+00:00,True,5,1
0be32b2ebcc58cc79b1ba050259aa31a,OFFLINE,2021-10-14 11:29:00.217000+00:00,2021-10-16 11:59:01.272000+00:00,78,300,52,D3CEA8B57F07B785543EDB2058A190CE,2.020845543981481,11,Saturday,11,Thursday,2021-10-16 00:00:00+00:00,2021-10-23 00:00:00+00:00,True,4,1
e2da81221e184b29e97bf71b0f8cef54,OFFLINE,2021-10-15 13:05:41.304000+00:00,2021-10-16 12:02:05.684000+00:00,78,1EF,97,BB2033CE2FA4822C957B37DEB445B32C,0.9558377314814815,12,Saturday,13,Friday,2021-10-16 00:00:00+00:00,2021-10-23 00:00:00+00:00,True,2,0
a8f349321fac936bd4b36d2f212371f2,OFFLINE,2021-10-16 11:25:33.463000+00:00,2021-10-16 12:02:06.012000+00:00,78,1EF,119,1162FF15A2450469905B590D62F7746E,0.025376724537037036,12,Saturday,11,Saturday,2021-10-16 00:00:00+00:00,2021-10-23 00:00:00+00:00,True,1,0
a037e21d0cb49aa7f6228091f9e0f420,OFFLINE,2021-10-16 11:01:32.204000+00:00,2021-10-16 12:15:00.106000+00:00,78,07B,111,894BFDA44B5ACACDA7F59ED3F3D6AD86,0.05101738425925926,12,Saturday,11,Saturday,2021-10-16 00:00:00+00:00,2021-10-23 00:00:00+00:00,True,1,0
e326b064178731ec4422fc046dd45db7,ONLINE,2021-10-11 07:53:42.940000+00:00,2021-10-16 12:26:24.491000+00:00,78,07B,56,EE735FFED3A6072D13A30636E658A03A,5.189369803240741,12,Saturday,7,Monday,2021-10-16 00:00:00+00:00,2021-10-23 00:00:00+00:00,True,4,1
f3d39ef955a59624572b115e478b360f,OFFLINE,2021-10-16 10:20:18.372000+00:00,2021-10-16 12:35:57.929000+00:00,78,07B,160,EE735FFED3A6072D13A30636E658A03A,0.09420783564814815,12,Saturday,10,Saturday,2021-10-16 00:00:00+00:00,2021-10-23 00:00:00+00:00,True,4,1
928afca72a1bf908ec647e92499fdc4c,OFFLINE,2021-10-16 12:50:57.667000+00:00,2021-10-16 13:10:18.417000+00:00,78,300,68,526A1D40F50BBB44821C0C0FDE8E16B7,0.013434606481481481,13,Saturday,12,Saturday,2021-10-16 00:00:00+00:00,2021-10-23 00:00:00+00:00,True,0,0
abe38f50435ebf60034ad264610e55a0,ONLINE,2021-10-14 18:02:32.245000+00:00,2021-10-16 13:29:50.209000+00:00,78,07B,80,3B56EC028568E71AF10B3360787CD0BC,1.8106245833333334,13,Saturday,18,Thursday,2021-10-16 00:00:00+00:00,2021-10-23 00:00:00+00:00,True,2,0
c7f4233215285c75c650b0bcd75f8691,OFFLINE,2021-10-16 13:01:34.048000+00:00,2021-10-16 14:21:31.982000+00:00,78,1EF,255,1162FF15A2450469905B590D62F7746E,0.05553164351851852,14,Saturday,13,Saturday,2021-10-16 00:00:00+00:00,2021-10-23 00:00:00+00:00,True,0,0
e051332c89d903526ed8f8c0c1ebfa1f,ONLINE,2021-10-16 12:43:32.870000+00:00,2021-10-16 14:28:48.816000+00:00,78,07B,52,294B021232C509826A57AC3136B8ABDD,0.07310122685185184,14,Saturday,12,Saturday,2021-10-16 00:00:00+00:00,2021-10-23 00:00:00+00:00,True,2,0
98d1828201c41c07492f4a72b56e1344,OFFLINE,2021-10-16 10:02:11.699000+00:00,2021-10-16 14:37:11.838000+00:00,78,300,67,7E701822D80EF10DEBEA008731637EA3,0.1909738310185185,14,Saturday,10,Saturday,2021-10-16 00:00:00+00:00,2021-10-23 00:00:00+00:00,True,1,0
b064a5cb10f81e8765ce4c568775cc01,OFFLINE,2021-10-16 10:02:58.678000+00:00,2021-10-16 14:37:48.366000+00:00,78,300,50,7E701822D80EF10DEBEA008731637EA3,0.19085287037037035,14,Saturday,10,Saturday,2021-10-16 00:00:00+00:00,2021-10-23 00:00:00+00:00,True,1,0
e47e6cd2af4a1310b20548043199975a,OFFLINE,2021-10-16 10:05:24.888000+00:00,2021-10-16 14:38:03.414000+00:00,78,300,60,7E701822D80EF10DEBEA008731637EA3,0.18933479166666667,14,Saturday,10,Saturday,2021-10-16 00:00:00+00:00,2021-10-23 00:00:00+00:00,True,1,0
3a4753a77c0aa2cf7174c414dea6f865,OFFLINE,2021-10-16 10:04:15.894000+00:00,2021-10-16 14:38:41.959000+00:00,78,300,50,7E701822D80EF10DEBEA008731637EA3,0.1905794560185185,14,Saturday,10,Saturday,2021-10-16 00:00:00+00:00,2021-10-23 00:00:00+00:00,True,1,0
7a6103c4937b0ad806bd1a2d41b8d170,OFFLINE,2021-10-13 13:47:23.306000+00:00,2021-10-16 14:42:23.034000+00:00,78,07B,118,4E8E60427140A514537C374BAA698D32,3.0381912962962963,14,Saturday,13,Wednesday,2021-10-16 00:00:00+00:00,2021-10-23 00:00:00+00:00,True,3,1
e31566bfdb3911b36c52ef79c080cbfb,ONLINE,2021-10-03 11:10:42.855000+00:00,2021-10-16 15:12:19.896000+00:00,78,07B,128,4E8E60427140A514537C374BAA698D32,13.167789826388889,15,Saturday,11,Sunday,2021-10-16 00:00:00+00:00,2021-10-23 00:00:00+00:00,True,4,1
4276bcb43087fbe62bdaf0850565a5dd,ONLINE,2021-10-16 06:30:32.058000+00:00,2021-10-16 15:30:41.061000+00:00,78,07B,119,4E8E60427140A514537C374BAA698D32,0.3751042013888889,15,Saturday,6,Saturday,2021-10-16 00:00:00+00:00,2021-10-23 00:00:00+00:00,True,2,0
dcb6753ba5a1d9081dd50e2d9d93844d,OFFLINE,2021-10-14 10:01:16.776000+00:00,2021-10-16 15:39:31.167000+00:00,78,300,50,E2F9517E4B924224FB308023E6149775,2.234888784722222,15,Saturday,10,Thursday,2021-10-16 00:00:00+00:00,2021-10-23 00:00:00+00:00,True,3,1
eab0664b2eb85dc122e4056e16c4a526,OFFLINE,2021-10-16 04:00:07.249000+00:00,2021-10-16 15:48:42.799000+00:00,78,300,50,B6563BC197C1D5F0381754909937C28F,0.49207812500000003,15,Saturday,4,Saturday,2021-10-16 00:00:00+00:00,2021-10-23 00:00:00+00:00,True,1,0
4852b60eba7b113b6d997b985f338d90,ONLINE,2021-10-16 14:33:56.468000+00:00,2021-10-16 15:56:56.055000+00:00,78,07B,84,EE735FFED3A6072D13A30636E658A03A,0.0576341087962963,15,Saturday,14,Saturday,2021-10-16 00:00:00+00:00,2021-10-23 00:00:00+00:00,True,2,0
d8d573be321e24bd4f2f5ed8f37e6ee9,OFFLINE,2021-10-16 15:30:51.539000+00:00,2021-10-16 16:00:20.143000+00:00,78,07B,95,10D023CEE6CC12F06C576EB33402E56B,0.020469953703703705,16,Saturday,15,Saturday,2021-10-16 00:00:00+00:00,2021-10-23 00:00:00+00:00,True,0,0
95fb5eeb274c39ccaa468e5f51f577f9,OFFLINE,2021-10-13 11:16:26.363000+00:00,2021-10-16 16:08:49.702000+00:00,78,07B,50,6A804DC7A1AB77B75CC9D844BFAB338E,3.203047905092592,16,Saturday,11,Wednesday,2021-10-16 00:00:00+00:00,2021-10-23 00:00:00+00:00,True,5,1
9f9a0ae0d4c5660598c11cd6949f67c5,OFFLINE,2021-10-13 16:08:03.756000+00:00,2021-10-16 16:50:30.138000+00:00,78,07B,78,3B56EC028568E71AF10B3360787CD0BC,3.029472013888889,16,Saturday,16,Wednesday,2021-10-16 00:00:00+00:00,2021-10-23 00:00:00+00:00,True,2,0
fdec15bd1c83236182bda0205eba01fa,OFFLINE,2021-10-16 16:30:36.766000+00:00,2021-10-16 16:57:55.218000+00:00,78,300,119,08379264459A6EF0F8052CC20B9DD41F,0.018963564814814815,16,Saturday,16,Saturday,2021-10-16 00:00:00+00:00,2021-10-23 00:00:00+00:00,True,1,0
1def3f92f9193887c6180ec82cd59205,OFFLINE,2021-10-16 16:25:26.635000+00:00,2021-10-16 16:58:53.013000+00:00,90,07B,110,EEDD0125ADF9CD4325E56C39462533F5,0.023221967592592593,16,Saturday,16,Saturday,2021-10-16 00:00:00+00:00,2021-10-23 00:00:00+00:00,True,2,0
8f2841d0c9b018f15f7f1816ff5c8661,ONLINE,2021-10-16 17:08:57.026000+00:00,2021-10-16 17:45:59.621000+00:00,78,07B,106,4ECC8B694F4BB262BDD4B0A85952B71A,0.025724479166666665,17,Saturday,17,Saturday,2021-10-16 00:00:00+00:00,2021-10-23 00:00:00+00:00,True,0,0
e730a8db35cee2645c5d69fdafac5f96,OFFLINE,2021-10-15 13:09:47.206000+00:00,2021-10-16 17:46:47.418000+00:00,78,300,50,1BA53B5BBB76E9903A2CF8FF02C37293,1.1923635648148148,17,Saturday,13,Friday,2021-10-16 00:00:00+00:00,2021-10-23 00:00:00+00:00,True,3,1
facfcf40ffb1ec1492e37e4003269f6d,OFFLINE,2021-10-16 18:00:06.507000+00:00,2021-10-16 18:20:17.680000+00:00,78,1EF,141,38BB76CCFDD8129EF62B3AF5480605C7,0.014018206018518518,18,Saturday,18,Saturday,2021-10-16 00:00:00+00:00,2021-10-23 00:00:00+00:00,True,0,0
cea2490d1f214c89f47f5e9acc529ed2,ONLINE,2021-10-16 18:18:20.603000+00:00,2021-10-16 18:36:51.803000+00:00,78,1EF,107,740CB1CA2BD83B3276B092195A6EB883,0.012861111111111111,18,Saturday,18,Saturday,2021-10-16 00:00:00+00:00,2021-10-23 00:00:00+00:00,True,2,0
745dc1806b23669c0f4696a471bbb681,OFFLINE,2021-10-14 09:36:18.072000+00:00,2021-10-16 19:12:17.831000+00:00,78,1EF,82,FF6F2DDF8AB23F3461E39CE6531C7EAB,2.399997210648148,19,Saturday,9,Thursday,2021-10-16 00:00:00+00:00,2021-10-23 00:00:00+00:00,True,3,1
25d750d2a2b8a75da21f765134979495,OFFLINE,2021-10-14 21:05:46.254000+00:00,2021-10-16 21:49:30.563000+00:00,78,07B,50,9FFABDFED33FB837D72433191B5668D5,2.0303739467592594,21,Saturday,21,Thursday,2021-10-16 00:00:00+00:00,2021-10-23 00:00:00+00:00,True,0,0
061ba42a2f5cc4e86a7316fa58c8a221,OFFLINE,2021-10-17 01:44:05.017000+00:00,2021-10-17 02:21:02.736000+00:00,78,07B,82,4E8E60427140A514537C374BAA698D32,0.02566804398148148,2,Sunday,1,Sunday,2021-10-17 00:00:00+00:00,2021-10-24 00:00:00+00:00,True,0,0
991d4f489b490d0d6f2864d1bff6bff5,OFFLINE,2021-10-14 12:22:40.354000+00:00,2021-10-17 02:29:55.877000+00:00,78,07B,220,B0B076A3064F0AEA0A2AAC679ECE5F62,2.588374108796296,2,Sunday,12,Thursday,2021-10-17 00:00:00+00:00,2021-10-24 00:00:00+00:00,True,3,1
033ae561debdcb1ec19806fb27195d74,OFFLINE,2021-10-15 20:19:28.888000+00:00,2021-10-17 03:20:26.135000+00:00,78,07B,142,10D023CEE6CC12F06C576EB33402E56B,1.2923292476851853,3,Sunday,20,Friday,2021-10-17 00:00:00+00:00,2021-10-24 00:00:00+00:00,True,4,1
d5678bd7f55f56ebb75b511402ce8f51,OFFLINE,2021-10-13 06:18:33.144000+00:00,2021-10-17 03:43:26.872000+00:00,78,07B,134,10D023CEE6CC12F06C576EB33402E56B,3.8922885185185185,3,Sunday,6,Wednesday,2021-10-17 00:00:00+00:00,2021-10-24 00:00:00+00:00,True,3,1
247a098aa9699f12062eba884fab07a2,OFFLINE,2021-10-16 16:29:15.263000+00:00,2021-10-17 04:05:23.966000+00:00,78,07B,90,4575953E5DD96D9E301B05E12FB12540,0.48343406250000004,4,Sunday,16,Saturday,2021-10-17 00:00:00+00:00,2021-10-24 00:00:00+00:00,True,5,1
baab85b7c5c6fab85ab0858bd8d0084c,OFFLINE,2021-10-15 14:33:27.956000+00:00,2021-10-17 04:16:30.668000+00:00,78,07B,129,EE735FFED3A6072D13A30636E658A03A,1.5715591666666666,4,Sunday,14,Friday,2021-10-17 00:00:00+00:00,2021-10-24 00:00:00+00:00,True,2,0
cc470e8d7d39ea09be1f108f41ee489d,OFFLINE,2021-10-10 20:31:43.954000+00:00,2021-10-17 05:15:21.966000+00:00,78,300,95,89D534629771B04F61D1971C3068D1BD,6.363634398148148,5,Sunday,20,Sunday,2021-10-17 00:00:00+00:00,2021-10-24 00:00:00+00:00,True,7,1
ec1653998c4240998534b1a757111fee,ONLINE,2021-10-17 05:31:48.883000+00:00,2021-10-17 05:46:53.208000+00:00,78,07B,58,294B021232C509826A57AC3136B8ABDD,0.010466724537037038,5,Sunday,5,Sunday,2021-10-17 00:00:00+00:00,2021-10-24 00:00:00+00:00,True,5,1
3f3e43dfb96caeb30ee486ec390e9567,ONLINE,2021-10-13 04:23:29.178000+00:00,2021-10-17 06:04:04.338000+00:00,78,07B,220,EE735FFED3A6072D13A30636E658A03A,4.069851388888889,6,Sunday,4,Wednesday,2021-10-17 00:00:00+00:00,2021-10-24 00:00:00+00:00,True,2,0
6f046f1763520b47fa99cc3f6869f676,OFFLINE,2021-10-14 13:40:27.230000+00:00,2021-10-17 06:56:38.727000+00:00,78,1EF,139,740CB1CA2BD83B3276B092195A6EB883,2.719577511574074,6,Sunday,13,Thursday,2021-10-17 00:00:00+00:00,2021-10-24 00:00:00+00:00,True,5,1
95d6f70e0b386d5676b163e28771731a,ONLINE,2021-10-16 19:11:15.559000+00:00,2021-10-17 07:02:52.860000+00:00,78,07B,132,B5BC37462B0785F740436790AE41D171,0.494181724537037,7,Sunday,19,Saturday,2021-10-17 00:00:00+00:00,2021-10-24 00:00:00+00:00,True,7,1
fec0f0680ade8c71483ed514ebf66efc,OFFLINE,2021-10-01 04:26:23.301000+00:00,2021-10-17 07:50:16.854000+00:00,78,300,178,2630D6FC6433A9A4C1C906C0D64BDDE1,16.141592048611113,7,Sunday,4,Friday,2021-10-17 00:00:00+00:00,2021-10-24 00:00:00+00:00,True,5,1
2063daba9cfe5436fc24e51b5a74e880,OFFLINE,2021-10-14 12:56:30.737000+00:00,2021-10-17 07:58:23.209000+00:00,78,300,50,08379264459A6EF0F8052CC20B9DD41F,2.792968425925926,7,Sunday,12,Thursday,2021-10-17 00:00:00+00:00,2021-10-24 00:00:00+00:00,True,2,0
2a9b419df9da5c74b250baa7e4ae0da5,OFFLINE,2021-10-15 13:22:52.252000+00:00,2021-10-17 08:27:19.492000+00:00,78,300,50,1BA53B5BBB76E9903A2CF8FF02C37293,1.794759722222222,8,Sunday,13,Friday,2021-10-17 00:00:00+00:00,2021-10-24 00:00:00+00:00,True,3,1
bc0b85a9955db680f1bb519c6e7c4a87,OFFLINE,2021-10-17 08:01:13.716000+00:00,2021-10-17 08:34:00.180000+00:00,78,07B,58,294B021232C509826A57AC3136B8ABDD,0.02276,8,Sunday,8,Sunday,2021-10-17 00:00:00+00:00,2021-10-24 00:00:00+00:00,True,1,0
72a80f18f7a9315beba303ad172e360e,ONLINE,2021-10-17 08:30:18.323000+00:00,2021-10-17 08:46:47.792000+00:00,78,07B,101,294B021232C509826A57AC3136B8ABDD,0.0114521875,8,Sunday,8,Sunday,2021-10-17 00:00:00+00:00,2021-10-24 00:00:00+00:00,True,5,1
5b0bbb92f624d076a7b5bd9ef71cbd47,OFFLINE,2021-10-17 08:54:15.263000+00:00,2021-10-17 09:18:00.212000+00:00,78,300,77,08379264459A6EF0F8052CC20B9DD41F,0.016492465277777778,9,Sunday,8,Sunday,2021-10-17 00:00:00+00:00,2021-10-24 00:00:00+00:00,True,1,0
61008520276a6603002fc9300dabbf92,OFFLINE,2021-10-16 12:33:32.761000+00:00,2021-10-17 10:55:05.778000+00:00,78,07B,50,4575953E5DD96D9E301B05E12FB12540,0.9316321412037037,10,Sunday,12,Saturday,2021-10-17 00:00:00+00:00,2021-10-24 00:00:00+00:00,True,2,0
1b008d769d8a757a7e3999dcbca355f6,OFFLINE,2021-10-17 10:51:07.155000+00:00,2021-10-17 11:38:16.369000+00:00,78,07B,170,EE735FFED3A6072D13A30636E658A03A,0.03274553240740741,11,Sunday,10,Sunday,2021-10-17 00:00:00+00:00,2021-10-24 00:00:00+00:00,True,0,0
528541d6686d443fb7f1ebbb593768ab,OFFLINE,2021-10-13 09:17:44.346000+00:00,2021-10-17 11:45:51.978000+00:00,78,07B,86,294B021232C509826A57AC3136B8ABDD,4.102866111111111,11,Sunday,9,Wednesday,2021-10-17 00:00:00+00:00,2021-10-24 00:00:00+00:00,True,3,1
f35e30eddb8f97e48da69614940b17a8,OFFLINE,2021-10-17 11:51:35.375000+00:00,2021-10-17 12:17:51.653000+00:00,78,1EF,108,38BB76CCFDD8129EF62B3AF5480605C7,0.018243958333333334,12,Sunday,11,Sunday,2021-10-17 00:00:00+00:00,2021-10-24 00:00:00+00:00,True,3,1
d26e9ace930f890f7746449d5a6110f8,ONLINE,2021-10-17 12:51:10.406000+00:00,2021-10-17 13:49:36.646000+00:00,78,07B,223,6A804DC7A1AB77B75CC9D844BFAB338E,0.04058148148148148,13,Sunday,12,Sunday,2021-10-17 00:00:00+00:00,2021-10-24 00:00:00+00:00,True,2,0
a4c7f78088a37c1233477c44684e314e,ONLINE,2021-10-09 07:27:11.781000+00:00,2021-10-17 14:42:43.890000+00:00,78,07B,94,B0B076A3064F0AEA0A2AAC679ECE5F62,8.302454965277779,14,Sunday,7,Saturday,2021-10-17 00:00:00+00:00,2021-10-24 00:00:00+00:00,True,2,0
050a98038f8ce4894610f5e07413d334,OFFLINE,2021-10-13 06:56:38.027000+00:00,2021-10-17 15:25:59.361000+00:00,78,300,147,FE36AB62B577062A120ECAC46197F080,4.353719143518518,15,Sunday,6,Wednesday,2021-10-17 00:00:00+00:00,2021-10-24 00:00:00+00:00,True,2,0
7ea341b15a2ae0e899117195057b5e2f,OFFLINE,2021-10-17 14:20:23.004000+00:00,2021-10-17 15:29:11.399000+00:00,78,1EF,141,38BB76CCFDD8129EF62B3AF5480605C7,0.04778234953703704,15,Sunday,14,Sunday,2021-10-17 00:00:00+00:00,2021-10-24 00:00:00+00:00,True,3,1
a067e404a8a1674c366384c88ee63a13,OFFLINE,2021-10-11 02:24:06.054000+00:00,2021-10-17 15:54:46.373000+00:00,78,1EF,60,F11BA079658F860875013A84EC1AEA2B,6.562966655092593,15,Sunday,2,Monday,2021-10-17 00:00:00+00:00,2021-10-24 00:00:00+00:00,True,4,1
0c02dc1cdd57ca8e9184c9a9f1a23839,OFFLINE,2021-10-03 07:51:22.797000+00:00,2021-10-17 16:04:22.625000+00:00,78,1EF,66,F11BA079658F860875013A84EC1AEA2B,14.34235912037037,16,Sunday,7,Sunday,2021-10-17 00:00:00+00:00,2021-10-24 00:00:00+00:00,True,2,0
9b51795e5547e41d6475e6fa30766acc,OFFLINE,2021-10-07 00:03:02.891000+00:00,2021-10-17 16:34:24.959000+00:00,78,1EF,159,BB2033CE2FA4822C957B37DEB445B32C,10.688449861111112,16,Sunday,0,Thursday,2021-10-17 00:00:00+00:00,2021-10-24 00:00:00+00:00,True,2,0
deeec10f12591feb6265fc4f22a7f59e,ONLINE,2021-10-17 15:56:56.228000+00:00,2021-10-17 16:42:34.808000+00:00,78,300,148,1BA53B5BBB76E9903A2CF8FF02C37293,0.031696527777777775,16,Sunday,15,Sunday,2021-10-17 00:00:00+00:00,2021-10-24 00:00:00+00:00,True,0,0
1fde811f93dcaed6cfd4972173f5f4f6,ONLINE,2021-10-17 16:34:59.213000+00:00,2021-10-17 17:34:02.731000+00:00,78,07B,135,C142F51706DA139EC3DCAA250682C61A,0.04101293981481482,17,Sunday,16,Sunday,2021-10-17 00:00:00+00:00,2021-10-24 00:00:00+00:00,True,4,1
ee6f5c1f072c84cd98a45b58026f482a,OFFLINE,2021-10-17 17:08:08.524000+00:00,2021-10-17 17:41:14.240000+00:00,78,1EF,60,FF6F2DDF8AB23F3461E39CE6531C7EAB,0.022982824074074072,17,Sunday,17,Sunday,2021-10-17 00:00:00+00:00,2021-10-24 00:00:00+00:00,True,2,0
c318c4511f0e9326066c754216218001,OFFLINE,2021-10-17 14:29:24.326000+00:00,2021-10-17 19:21:34.832000+00:00,78,300,155,1BA53B5BBB76E9903A2CF8FF02C37293,0.20289937500000002,19,Sunday,14,Sunday,2021-10-17 00:00:00+00:00,2021-10-24 00:00:00+00:00,True,4,1
dc8b3edbec7f982776abd7daaab2a4c9,OFFLINE,2021-10-17 19:21:38.556000+00:00,2021-10-17 19:51:47.168000+00:00,78,300,120,E67D85DEDAECAF70B37BA89A0B67C699,0.02093300925925926,19,Sunday,19,Sunday,2021-10-17 00:00:00+00:00,2021-10-24 00:00:00+00:00,True,5,1
11ea03c0324c04c9386f5eb98985f412,OFFLINE,2021-10-17 21:09:29.827000+00:00,2021-10-17 21:45:45.509000+00:00,78,300,95,D3CEA8B57F07B785543EDB2058A190CE,0.025181504629629627,21,Sunday,21,Sunday,2021-10-17 00:00:00+00:00,2021-10-24 00:00:00+00:00,True,4,1
fbf9f8a46f2cbc6dab9e594010f069cd,OFFLINE,2021-10-17 22:53:09.836000+00:00,2021-10-17 23:23:45.182000+00:00,78,300,132,D3CEA8B57F07B785543EDB2058A190CE,0.021242430555555556,23,Sunday,22,Sunday,2021-10-17 00:00:00+00:00,2021-10-24 00:00:00+00:00,True,3,1
2eef28cffd34335993e6cea5b0d3c37d,ONLINE,2021-10-16 08:13:42.898000+00:00,2021-10-18 02:14:28.792000+00:00,78,07B,138,EEDD0125ADF9CD4325E56C39462533F5,1.7505311805555555,2,Monday,8,Saturday,2021-10-18 00:00:00+00:00,2021-10-25 00:00:00+00:00,True,4,1
a3b7d177e95f60df062effeeed00b0db,OFFLINE,2021-10-17 22:28:57.821000+00:00,2021-10-18 02:15:04.805000+00:00,78,300,57,89D534629771B04F61D1971C3068D1BD,0.15702527777777778,2,Monday,22,Sunday,2021-10-18 00:00:00+00:00,2021-10-25 00:00:00+00:00,True,2,0
97b082ac0a0bd657969714dfaf773b46,OFFLINE,2021-10-18 01:56:24.693000+00:00,2021-10-18 02:15:22.112000+00:00,78,07B,109,EE735FFED3A6072D13A30636E658A03A,0.01316457175925926,2,Monday,1,Monday,2021-10-18 00:00:00+00:00,2021-10-25 00:00:00+00:00,True,3,1
0c931476c678457fdfbb3613e18e4309,OFFLINE,2021-10-18 01:29:18.480000+00:00,2021-10-18 02:33:17.276000+00:00,78,300,159,C0DD698BE0C1EA71FA3045950BEEC64B,0.04443050925925926,2,Monday,1,Monday,2021-10-18 00:00:00+00:00,2021-10-25 00:00:00+00:00,True,3,1
ead19baabedfd3614d85ce9f854a7a23,OFFLINE,2021-10-13 18:04:13.315000+00:00,2021-10-18 02:46:03.715000+00:00,78,07B,85,EE735FFED3A6072D13A30636E658A03A,4.362388888888889,2,Monday,18,Wednesday,2021-10-18 00:00:00+00:00,2021-10-25 00:00:00+00:00,True,3,1
7794c56bf23a258f65ff800997c3979d,ONLINE,2021-10-17 17:33:54.424000+00:00,2021-10-18 03:01:12.156000+00:00,78,07B,113,B79C3A36345A4588BD73EBFFC22B9D01,0.39395523148148154,3,Monday,17,Sunday,2021-10-18 00:00:00+00:00,2021-10-25 00:00:00+00:00,True,3,1
93649540df84b5e3ccf1ce938d528b50,OFFLINE,2021-10-14 10:50:15.961000+00:00,2021-10-18 03:02:37.270000+00:00,78,07B,117,3B56EC028568E71AF10B3360787CD0BC,3.6752466319444443,3,Monday,10,Thursday,2021-10-18 00:00:00+00:00,2021-10-25 00:00:00+00:00,True,3,1
5d726ac892915044ef6f7306b4d78022,OFFLINE,2021-10-17 16:36:20.211000+00:00,2021-10-18 03:14:04.927000+00:00,78,300,86,89D534629771B04F61D1971C3068D1BD,0.4428786574074074,3,Monday,16,Sunday,2021-10-18 00:00:00+00:00,2021-10-25 00:00:00+00:00,True,3,1
a0957fd477c567441c00368d37fba620,ONLINE,2021-10-17 11:18:58.952000+00:00,2021-10-18 03:19:05.032000+00:00,78,07B,158,4575953E5DD96D9E301B05E12FB12540,0.666737037037037,3,Monday,11,Sunday,2021-10-18 00:00:00+00:00,2021-10-25 00:00:00+00:00,True,2,0
a115a1734ca1074a1b629395f38d9518,OFFLINE,2021-10-14 18:29:29.653000+00:00,2021-10-18 03:20:31.052000+00:00,78,1EF,94,7B36B12A4C581DFCF8BF406AECA45564,3.3687661921296295,3,Monday,18,Thursday,2021-10-18 00:00:00+00:00,2021-10-25 00:00:00+00:00,True,2,0
3728691ca8ca3cdaa253b2bb51d2316f,OFFLINE,2021-10-18 02:28:30.352000+00:00,2021-10-18 03:21:31.073000+00:00,78,300,88,D3CEA8B57F07B785543EDB2058A190CE,0.03681390046296296,3,Monday,2,Monday,2021-10-18 00:00:00+00:00,2021-10-25 00:00:00+00:00,True,3,1
7fb6d6ef47740e1ab3578efb8d0f545a,OFFLINE,2021-10-17 14:40:02.089000+00:00,2021-10-18 03:22:50.911000+00:00,78,1EF,85,4DF70D744AB4B2076706A37F1EBAC6B9,0.5297317361111111,3,Monday,14,Sunday,2021-10-18 00:00:00+00:00,2021-10-25 00:00:00+00:00,True,4,1
d24705d194ef1847a4e5341ac77e173b,OFFLINE,2021-10-06 05:08:06.764000+00:00,2021-10-18 03:29:05.053000+00:00,78,1EF,198,FF6F2DDF8AB23F3461E39CE6531C7EAB,11.931230196759259,3,Monday,5,Wednesday,2021-10-18 00:00:00+00:00,2021-10-25 00:00:00+00:00,True,2,0
261826fd0adcc288e2ae07ea556fc37b,OFFLINE,2021-10-16 10:53:32.736000+00:00,2021-10-18 03:30:39.658000+00:00,78,1EF,94,195FD095D9D7F47943113AF2CBCF9A75,1.6924412268518518,3,Monday,10,Saturday,2021-10-18 00:00:00+00:00,2021-10-25 00:00:00+00:00,True,2,0
3536b1cbd7b17fd25126eefb32b1f350,ONLINE,2021-10-18 03:09:56.825000+00:00,2021-10-18 03:32:02.053000+00:00,78,1EF,209,740CB1CA2BD83B3276B092195A6EB883,0.015338287037037037,3,Monday,3,Monday,2021-10-18 00:00:00+00:00,2021-10-25 00:00:00+00:00,True,2,0
57e755887f4a6ffc80e1d36ad803025b,OFFLINE,2021-10-18 03:08:55.560000+00:00,2021-10-18 03:33:44.741000+00:00,78,300,103,89D534629771B04F61D1971C3068D1BD,0.017235891203703703,3,Monday,3,Monday,2021-10-18 00:00:00+00:00,2021-10-25 00:00:00+00:00,True,6,1
64e33ad000d870635da4a7eba157ffe5,OFFLINE,2021-10-16 19:06:04.967000+00:00,2021-10-18 03:36:45.415000+00:00,78,07B,129,EEDD0125ADF9CD4325E56C39462533F5,1.3546348148148148,3,Monday,19,Saturday,2021-10-18 00:00:00+00:00,2021-10-25 00:00:00+00:00,True,1,0
e47624bd984b761024c9556148f872f3,OFFLINE,2021-10-18 02:54:32.018000+00:00,2021-10-18 03:38:20.872000+00:00,78,07B,113,EE735FFED3A6072D13A30636E658A03A,0.030426550925925923,3,Monday,2,Monday,2021-10-18 00:00:00+00:00,2021-10-25 00:00:00+00:00,True,4,1
156bf4436cf48a23b20625fda3f3fa7e,OFFLINE,2021-10-18 02:55:32.307000+00:00,2021-10-18 03:40:31.867000+00:00,78,07B,190,4E8E60427140A514537C374BAA698D32,0.031244907407407405,3,Monday,2,Monday,2021-10-18 00:00:00+00:00,2021-10-25 00:00:00+00:00,True,0,0
89a79d284a7c1a1af8870e793281d22a,OFFLINE,2021-10-18 02:17:47.343000+00:00,2021-10-18 03:42:16.668000+00:00,78,07B,155,10D023CEE6CC12F06C576EB33402E56B,0.05867274305555555,3,Monday,2,Monday,2021-10-18 00:00:00+00:00,2021-10-25 00:00:00+00:00,True,2,0
c02ce4b98eeabd116233ecdecda83180,OFFLINE,2021-10-18 02:20:32.525000+00:00,2021-10-18 03:44:49.531000+00:00,78,300,78,89D534629771B04F61D1971C3068D1BD,0.058530162037037044,3,Monday,2,Monday,2021-10-18 00:00:00+00:00,2021-10-25 00:00:00+00:00,True,6,1
c58780274ead42b552f86b6dd9134196,OFFLINE,2021-10-14 09:10:40.609000+00:00,2021-10-18 03:45:42.472000+00:00,78,07B,123,9F9E66046BADAE5ABE94708CED879416,3.7743271180555555,3,Monday,9,Thursday,2021-10-18 00:00:00+00:00,2021-10-25 00:00:00+00:00,True,2,0
100b27805ac0b527be1f7c472ec3d38c,ONLINE,2021-10-18 03:20:26.264000+00:00,2021-10-18 03:57:42.695000+00:00,78,07B,153,EE735FFED3A6072D13A30636E658A03A,0.025884618055555555,3,Monday,3,Monday,2021-10-18 00:00:00+00:00,2021-10-25 00:00:00+00:00,True,5,1
df138d116cfa84df920602402ebfe344,OFFLINE,2021-10-18 03:01:53.607000+00:00,2021-10-18 04:01:09.472000+00:00,78,1EF,170,FF6F2DDF8AB23F3461E39CE6531C7EAB,0.0411558449074074,4,Monday,3,Monday,2021-10-18 00:00:00+00:00,2021-10-25 00:00:00+00:00,True,0,0
718f67c11b9602297e47da0df4ffa3db,OFFLINE,2021-10-18 03:35:37.548000+00:00,2021-10-18 04:05:08.406000+00:00,78,1EF,68,4DF70D744AB4B2076706A37F1EBAC6B9,0.020496041666666666,4,Monday,3,Monday,2021-10-18 00:00:00+00:00,2021-10-25 00:00:00+00:00,True,4,1
e399e7d0f3735c246ba71f3651461dc0,OFFLINE,2021-10-07 16:36:42.474000+00:00,2021-10-18 04:12:52.896000+00:00,78,300,142,D3CEA8B57F07B785543EDB2058A190CE,10.483453958333333,4,Monday,16,Thursday,2021-10-18 00:00:00+00:00,2021-10-25 00:00:00+00:00,True,4,1
6e105b271fbf03291938349041963e1b,ONLINE,2021-10-18 03:49:53.632000+00:00,2021-10-18 04:13:48.865000+00:00,78,300,67,56C3843EA0BAA7B2438B58CFC2BBD0FF,0.016611493055555555,4,Monday,3,Monday,2021-10-18 00:00:00+00:00,2021-10-25 00:00:00+00:00,True,3,1
faf7be008eee729f12664d2fd3f7f1f7,OFFLINE,2021-10-18 03:47:02.133000+00:00,2021-10-18 04:35:24.258000+00:00,78,07B,232,B0B076A3064F0AEA0A2AAC679ECE5F62,0.03358940972222222,4,Monday,3,Monday,2021-10-18 00:00:00+00:00,2021-10-25 00:00:00+00:00,True,1,0
edbaa215b85f701e3704deede4324575,OFFLINE,2021-10-17 16:17:45.038000+00:00,2021-10-18 04:37:54.848000+00:00,78,300,134,09B36CB8AB7325477B80E99BE8FB2D02,0.5140024305555555,4,Monday,16,Sunday,2021-10-18 00:00:00+00:00,2021-10-25 00:00:00+00:00,True,1,0
76970a26aeda4176de046893b4ee6c28,OFFLINE,2021-10-18 04:33:19.635000+00:00,2021-10-18 04:48:37.056000+00:00,78,1EF,85,7B36B12A4C581DFCF8BF406AECA45564,0.010618298611111111,4,Monday,4,Monday,2021-10-18 00:00:00+00:00,2021-10-25 00:00:00+00:00,True,3,1
364279c44ab45fabaea6f520cf3fa4dc,OFFLINE,2021-10-18 04:07:01.624000+00:00,2021-10-18 04:48:43.116000+00:00,78,07B,103,4E8E60427140A514537C374BAA698D32,0.028952453703703706,4,Monday,4,Monday,2021-10-18 00:00:00+00:00,2021-10-25 00:00:00+00:00,True,2,0
b7b3aa3e78fce185472747645e09943d,ONLINE,2021-10-15 18:13:50.911000+00:00,2021-10-18 04:53:26.976000+00:00,78,07B,77,0788D330C960376CA8EF0D842E5443A4,2.4441674189814817,4,Monday,18,Friday,2021-10-18 00:00:00+00:00,2021-10-25 00:00:00+00:00,True,3,1
e8feb0eca17283229f20f8f4952a2f8b,ONLINE,2021-10-12 18:47:40.413000+00:00,2021-10-18 04:59:11.034000+00:00,78,1EF,112,0668909560B9D2AF8FDA5489BCAA5FFF,5.424659965277778,4,Monday,18,Tuesday,2021-10-18 00:00:00+00:00,2021-10-25 00:00:00+00:00,True,4,1
2c2e3becff6dff46316db3a6d471fb30,OFFLINE,2021-10-10 08:58:04.766000+00:00,2021-10-18 05:04:14.207000+00:00,78,1EF,145,08A9B54E00545ECCD369B8E5D2692E9F,7.837609270833333,5,Monday,8,Sunday,2021-10-18 00:00:00+00:00,2021-10-25 00:00:00+00:00,True,2,0
67ddfaa3310dec4781563cb32cc89169,OFFLINE,2021-10-17 19:02:29.302000+00:00,2021-10-18 05:17:54.180000+00:00,78,07B,167,4E8E60427140A514537C374BAA698D32,0.4273712731481481,5,Monday,19,Sunday,2021-10-18 00:00:00+00:00,2021-10-25 00:00:00+00:00,True,5,1
bffe7e839f6f9a9c71b2de1d005bc00e,OFFLINE,2021-10-18 04:53:57.075000+00:00,2021-10-18 05:22:17.413000+00:00,78,1EF,141,740CB1CA2BD83B3276B092195A6EB883,0.01967983796296296,5,Monday,4,Monday,2021-10-18 00:00:00+00:00,2021-10-25 00:00:00+00:00,True,4,1
dc7226390a8b528dece4a0270c7f6ce0,OFFLINE,2021-10-18 04:49:51.882000+00:00,2021-10-18 05:40:06.035000+00:00,78,07B,112,10D023CEE6CC12F06C576EB33402E56B,0.03488603009259259,5,Monday,4,Monday,2021-10-18 00:00:00+00:00,2021-10-25 00:00:00+00:00,True,5,1
f6e863eb2087cca4f71902776d5454bf,OFFLINE,2021-10-13 05:18:12.625000+00:00,2021-10-18 05:43:38.993000+00:00,78,300,104,E56AE16934A0D29EBF24915402A7E5ED,5.017666296296296,5,Monday,5,Wednesday,2021-10-18 00:00:00+00:00,2021-10-25 00:00:00+00:00,True,5,1
e035a65423fadc9d34b6cff2baac40e8,OFFLINE,2021-10-18 05:01:18.423000+00:00,2021-10-18 05:48:09.408000+00:00,78,1EF,84,5CD6463B9C20BA10DA25A431F2D844A6,0.03253454861111111,5,Monday,5,Monday,2021-10-18 00:00:00+00:00,2021-10-25 00:00:00+00:00,True,3,1
fbeeace186fee8a2ea0a4638919c34e3,OFFLINE,2021-10-16 10:32:48.131000+00:00,2021-10-18 05:55:07.741000+00:00,78,300,50,C0DD698BE0C1EA71FA3045950BEEC64B,1.8071714120370368,5,Monday,10,Saturday,2021-10-18 00:00:00+00:00,2021-10-25 00:00:00+00:00,True,3,1
96a54a90d62fe6fa9ea3dd26da5c3406,OFFLINE,2021-10-15 12:49:22.168000+00:00,2021-10-18 06:34:22.766000+00:00,78,07B,50,EEDD0125ADF9CD4325E56C39462533F5,2.7395902546296296,6,Monday,12,Friday,2021-10-18 00:00:00+00:00,2021-10-25 00:00:00+00:00,True,4,1
fb4150d63d4d9a16bb3191f6a6ecdd37,OFFLINE,2021-10-18 06:11:49.138000+00:00,2021-10-18 06:43:34.147000+00:00,78,07B,130,B0B076A3064F0AEA0A2AAC679ECE5F62,0.022048715277777776,6,Monday,6,Monday,2021-10-18 00:00:00+00:00,2021-10-25 00:00:00+00:00,True,3,1
43ec0faf1f742896c3fec77053d130be,ONLINE,2021-10-02 09:37:18.189000+00:00,2021-10-18 06:45:25.061000+00:00,78,300,272,E56AE16934A0D29EBF24915402A7E5ED,15.880635092592593,6,Monday,9,Saturday,2021-10-18 00:00:00+00:00,2021-10-25 00:00:00+00:00,True,5,1
c34e250ffd69cd36cf0009cdd5ff7aba,OFFLINE,2021-10-18 03:15:24.137000+00:00,2021-10-18 06:49:25.357000+00:00,78,07B,131,4E8E60427140A514537C374BAA698D32,0.14862523148148146,6,Monday,3,Monday,2021-10-18 00:00:00+00:00,2021-10-25 00:00:00+00:00,True,1,0
7b6e27f7bdf1d12714e9c27f15d4de8e,OFFLINE,2021-10-18 05:24:32.046000+00:00,2021-10-18 06:50:12.408000+00:00,78,300,84,7E701822D80EF10DEBEA008731637EA3,0.059494930555555554,6,Monday,5,Monday,2021-10-18 00:00:00+00:00,2021-10-25 00:00:00+00:00,True,2,0
4343aeebf3c964b4134863f59caad8a4,OFFLINE,2021-10-18 05:55:19.044000+00:00,2021-10-18 06:52:07.907000+00:00,78,07B,229,EE735FFED3A6072D13A30636E658A03A,0.03945443287037037,6,Monday,5,Monday,2021-10-18 00:00:00+00:00,2021-10-25 00:00:00+00:00,True,3,1
f6ceb2277b08e366e503970c810e4b14,ONLINE,2021-10-18 06:15:42.374000+00:00,2021-10-18 06:58:11.890000+00:00,78,300,71,09B36CB8AB7325477B80E99BE8FB2D02,0.029508287037037038,6,Monday,6,Monday,2021-10-18 00:00:00+00:00,2021-10-25 00:00:00+00:00,True,3,1
4d2678f4512cb8ebc39afcce2610e6ba,OFFLINE,2021-10-16 11:05:53.484000+00:00,2021-10-18 06:58:50.915000+00:00,78,07B,136,2D9F8B5DDB0A7BD6F060DBAA34EC0CFF,1.828442488425926,6,Monday,11,Saturday,2021-10-18 00:00:00+00:00,2021-10-25 00:00:00+00:00,True,5,1
2d94d09a67c1074ad169ee57b6d9d638,ONLINE,2021-10-17 16:19:15.911000+00:00,2021-10-18 07:00:47.647000+00:00,78,300,143,1BA53B5BBB76E9903A2CF8FF02C37293,0.6121728703703704,7,Monday,16,Sunday,2021-10-18 00:00:00+00:00,2021-10-25 00:00:00+00:00,True,2,0
1ac163d7231cf60aca1904d3e193451e,ONLINE,2021-10-18 06:48:42.231000+00:00,2021-10-18 07:05:18.010000+00:00,78,1EF,68,38BB76CCFDD8129EF62B3AF5480605C7,0.011525219907407408,7,Monday,6,Monday,2021-10-18 00:00:00+00:00,2021-10-25 00:00:00+00:00,True,3,1
897b46ea5aabf36cac401c5910dde626,OFFLINE,2021-10-03 15:21:36.268000+00:00,2021-10-18 07:14:54.367000+00:00,78,300,103,6C95625CBBEF8E86248B347AF84368A0,14.662015034722222,7,Monday,15,Sunday,2021-10-18 00:00:00+00:00,2021-10-25 00:00:00+00:00,True,3,1
2d46391ddff70172d613554e9d257e4b,OFFLINE,2021-10-05 05:33:52.763000+00:00,2021-10-18 07:30:26.345000+00:00,78,07B,85,EEDD0125ADF9CD4325E56C39462533F5,13.08094423611111,7,Monday,5,Tuesday,2021-10-18 00:00:00+00:00,2021-10-25 00:00:00+00:00,True,0,0
9169c90aa563c88fb75e32d32a80d783,OFFLINE,2021-10-18 07:18:23.862000+00:00,2021-10-18 07:40:25.759000+00:00,78,07B,78,EEDD0125ADF9CD4325E56C39462533F5,0.015299733796296296,7,Monday,7,Monday,2021-10-18 00:00:00+00:00,2021-10-25 00:00:00+00:00,True,1,0
71431ed80f04afb5ff33c5578740850a,ONLINE,2021-10-18 08:03:22.046000+00:00,2021-10-18 08:28:51.630000+00:00,78,07B,50,EEDD0125ADF9CD4325E56C39462533F5,0.017703518518518518,8,Monday,8,Monday,2021-10-18 00:00:00+00:00,2021-10-25 00:00:00+00:00,True,2,0
8a028395793b6a56d1d48f29cb568404,OFFLINE,2021-10-18 07:58:30.292000+00:00,2021-10-18 08:42:38.253000+00:00,78,1EF,247,F11BA079658F860875013A84EC1AEA2B,0.030647696759259258,8,Monday,7,Monday,2021-10-18 00:00:00+00:00,2021-10-25 00:00:00+00:00,True,1,0
15dab9e602cebc27a1970be7ca869ef3,OFFLINE,2021-10-14 18:29:55.209000+00:00,2021-10-18 08:48:40.287000+00:00,78,1EF,73,740CB1CA2BD83B3276B092195A6EB883,3.5963550694444444,8,Monday,18,Thursday,2021-10-18 00:00:00+00:00,2021-10-25 00:00:00+00:00,True,1,0
894c8edc2fe746fce917b763b70dcce6,OFFLINE,2021-10-10 16:25:22.890000+00:00,2021-10-18 08:49:43.982000+00:00,78,07B,135,5D80F97CDC9BD4BCBB7BFA0B329E6A7B,7.683577453703703,8,Monday,16,Sunday,2021-10-18 00:00:00+00:00,2021-10-25 00:00:00+00:00,True,0,0
a18d63ed46b563e2d8e7e2176463aefe,OFFLINE,2021-10-18 08:27:39.611000+00:00,2021-10-18 08:56:35.506000+00:00,78,1EF,89,08A9B54E00545ECCD369B8E5D2692E9F,0.020091377314814814,8,Monday,8,Monday,2021-10-18 00:00:00+00:00,2021-10-25 00:00:00+00:00,True,2,0
8645812fa2c46468596187d02fe6428b,OFFLINE,2021-10-17 21:09:34.783000+00:00,2021-10-18 08:59:00.550000+00:00,78,07B,66,56129BC950F9E18A9F5DF651D9D267D1,0.4926593402777778,8,Monday,21,Sunday,2021-10-18 00:00:00+00:00,2021-10-25 00:00:00+00:00,True,1,0
f665e66b0917c4555e665e6d94bf7c8d,OFFLINE,2021-10-15 14:15:23.320000+00:00,2021-10-18 09:06:50.574000+00:00,78,07B,87,EEDD0125ADF9CD4325E56C39462533F5,2.7857321064814813,9,Monday,14,Friday,2021-10-18 00:00:00+00:00,2021-10-25 00:00:00+00:00,True,2,0
8d8811b7caa994c26c31643cbd7598b8,OFFLINE,2021-10-17 10:50:50.869000+00:00,2021-10-18 09:07:34.458000+00:00,78,300,95,08379264459A6EF0F8052CC20B9DD41F,0.9282822800925927,9,Monday,10,Sunday,2021-10-18 00:00:00+00:00,2021-10-25 00:00:00+00:00,True,5,1
b4da8019ad5d0564f9472b95c652b8fe,ONLINE,2021-10-18 08:20:43.305000+00:00,2021-10-18 09:17:55.420000+00:00,78,300,112,C0DD698BE0C1EA71FA3045950BEEC64B,0.03972355324074074,9,Monday,8,Monday,2021-10-18 00:00:00+00:00,2021-10-25 00:00:00+00:00,True,0,0
73a1d8dfe57f097d25d7a20e1f90e808,ONLINE,2021-10-17 17:28:43.368000+00:00,2021-10-18 09:48:23.151000+00:00,78,07B,77,EE735FFED3A6072D13A30636E658A03A,0.6803215625000001,9,Monday,17,Sunday,2021-10-18 00:00:00+00:00,2021-10-25 00:00:00+00:00,True,1,0
383af4bc22d4751f79ae16684a34cbc6,OFFLINE,2021-10-08 13:12:18.199000+00:00,2021-10-18 10:02:52.266000+00:00,78,1EF,134,7B36B12A4C581DFCF8BF406AECA45564,9.868449849537038,10,Monday,13,Friday,2021-10-18 00:00:00+00:00,2021-10-25 00:00:00+00:00,True,6,1
62cb4b18caabb51734f5b6b283018a41,ONLINE,2021-10-17 00:53:49.269000+00:00,2021-10-18 10:03:48.784000+00:00,78,1EF,103,38BB76CCFDD8129EF62B3AF5480605C7,1.3819388310185186,10,Monday,0,Sunday,2021-10-18 00:00:00+00:00,2021-10-25 00:00:00+00:00,True,3,1
fe9fe3fc1f5e3df5b19d78d293389de6,ONLINE,2021-10-16 20:05:01.706000+00:00,2021-10-18 10:19:33.565000+00:00,78,07B,123,C142F51706DA139EC3DCAA250682C61A,1.5934242939814816,10,Monday,20,Saturday,2021-10-18 00:00:00+00:00,2021-10-25 00:00:00+00:00,True,0,0
f930fcca6245f15ea8ccd813437e45a2,OFFLINE,2021-10-18 10:01:56.080000+00:00,2021-10-18 10:33:58.443000+00:00,78,07B,139,294B021232C509826A57AC3136B8ABDD,0.02224957175925926,10,Monday,10,Monday,2021-10-18 00:00:00+00:00,2021-10-25 00:00:00+00:00,True,0,0
53f458c304ce96bc4ffad540ad9d361a,ONLINE,2021-10-18 02:52:04.121000+00:00,2021-10-18 10:36:57.453000+00:00,78,07B,188,4E8E60427140A514537C374BAA698D32,0.3228394907407407,10,Monday,2,Monday,2021-10-18 00:00:00+00:00,2021-10-25 00:00:00+00:00,True,1,0
ac876f97ec91cab865e895b5444a8748,OFFLINE,2021-10-18 10:06:23.967000+00:00,2021-10-18 10:59:03.018000+00:00,78,07B,110,4E8E60427140A514537C374BAA698D32,0.03656309027777778,10,Monday,10,Monday,2021-10-18 00:00:00+00:00,2021-10-25 00:00:00+00:00,True,0,0
4eee9a1c8ccefd01823e77d3a2ea99cd,OFFLINE,2021-10-13 14:56:47.645000+00:00,2021-10-18 11:09:58.033000+00:00,78,07B,78,10D023CEE6CC12F06C576EB33402E56B,4.842481342592592,11,Monday,14,Wednesday,2021-10-18 00:00:00+00:00,2021-10-25 00:00:00+00:00,True,2,0
acdc27598862aad20bdfff42035c2947,OFFLINE,2021-10-16 15:17:35.887000+00:00,2021-10-18 11:10:33.752000+00:00,78,07B,154,4E8E60427140A514537C374BAA698D32,1.828447511574074,11,Monday,15,Saturday,2021-10-18 00:00:00+00:00,2021-10-25 00:00:00+00:00,True,2,0
fc076c0447795f705862fb6c4c38e2a0,OFFLINE,2021-10-18 10:48:00.419000+00:00,2021-10-18 11:18:11.164000+00:00,78,1EF,121,96C3C752FA22E3A6918ADE4F355D3F8D,0.020957696759259258,11,Monday,10,Monday,2021-10-18 00:00:00+00:00,2021-10-25 00:00:00+00:00,True,4,1
80080ef52e86ebd3aea72f9d1b113107,OFFLINE,2021-10-06 15:00:25.196000+00:00,2021-10-18 11:25:09.442000+00:00,78,07B,106,EEDD0125ADF9CD4325E56C39462533F5,11.850512106481482,11,Monday,15,Wednesday,2021-10-18 00:00:00+00:00,2021-10-25 00:00:00+00:00,True,2,0
f5e5160912d5e40467daf003e37a170e,OFFLINE,2021-10-18 11:00:16.605000+00:00,2021-10-18 11:49:09.074000+00:00,78,1EF,75,740CB1CA2BD83B3276B092195A6EB883,0.03394061342592593,11,Monday,11,Monday,2021-10-18 00:00:00+00:00,2021-10-25 00:00:00+00:00,True,5,1
6d7f966442dcbaefa0ced13ec5db9629,OFFLINE,2021-10-18 11:52:14.605000+00:00,2021-10-18 12:17:14.685000+00:00,78,07B,105,4ECC8B694F4BB262BDD4B0A85952B71A,0.017362037037037037,12,Monday,11,Monday,2021-10-18 00:00:00+00:00,2021-10-25 00:00:00+00:00,True,4,1
46ed754d3446af3e92e2298aaf280a0a,OFFLINE,2021-10-07 06:21:23.972000+00:00,2021-10-18 12:33:05.577000+00:00,78,300,104,08379264459A6EF0F8052CC20B9DD41F,11.25812042824074,12,Monday,6,Thursday,2021-10-18 00:00:00+00:00,2021-10-25 00:00:00+00:00,True,2,0
12e68cff1e794992a1f36949d603ae85,OFFLINE,2021-10-18 11:57:46.081000+00:00,2021-10-18 12:35:02.663000+00:00,78,1EF,137,1162FF15A2450469905B590D62F7746E,0.02588636574074074,12,Monday,11,Monday,2021-10-18 00:00:00+00:00,2021-10-25 00:00:00+00:00,True,4,1
812eab3fe6a889f98013733b91af033a,ONLINE,2021-10-13 14:58:16.938000+00:00,2021-10-18 12:49:41.200000+00:00,78,07B,162,B4FC534828E371E11BC989991238B1D4,4.910697476851852,12,Monday,14,Wednesday,2021-10-18 00:00:00+00:00,2021-10-25 00:00:00+00:00,True,2,0
84433c015f739094fefe64ffe53ae7bb,OFFLINE,2021-10-18 12:16:24.304000+00:00,2021-10-18 12:51:39.693000+00:00,78,300,157,08379264459A6EF0F8052CC20B9DD41F,0.024483668981481483,12,Monday,12,Monday,2021-10-18 00:00:00+00:00,2021-10-25 00:00:00+00:00,True,4,1
84e9fc883948daf7f39cdc304ed31f75,ONLINE,2021-10-15 15:25:30.437000+00:00,2021-10-18 12:51:42.553000+00:00,78,07B,87,EEDD0125ADF9CD4325E56C39462533F5,2.8931957870370373,12,Monday,15,Friday,2021-10-18 00:00:00+00:00,2021-10-25 00:00:00+00:00,True,2,0
e33e82326945560703bf2b71145a8ef4,ONLINE,2021-10-18 12:57:48.371000+00:00,2021-10-18 13:31:52.965000+00:00,78,07B,72,10D023CEE6CC12F06C576EB33402E56B,0.023664282407407408,13,Monday,12,Monday,2021-10-18 00:00:00+00:00,2021-10-25 00:00:00+00:00,True,4,1
26ce290d734a0de153e653cf050c31e6,OFFLINE,2021-10-16 12:16:45.524000+00:00,2021-10-18 13:32:11.049000+00:00,78,07B,115,4E8E60427140A514537C374BAA698D32,2.052378761574074,13,Monday,12,Saturday,2021-10-18 00:00:00+00:00,2021-10-25 00:00:00+00:00,True,4,1
ff5dd2ed9e48384248711e7d60312309,OFFLINE,2021-10-18 10:12:46.602000+00:00,2021-10-18 13:32:21.120000+00:00,78,07B,61,2CF9D19CE125793D17A0B4C371AB7AFD,0.13859395833333332,13,Monday,10,Monday,2021-10-18 00:00:00+00:00,2021-10-25 00:00:00+00:00,True,1,0
be820b40aba1f23ef2ac42c227822133,OFFLINE,2021-10-18 13:07:58.414000+00:00,2021-10-18 13:36:14.146000+00:00,78,1EF,87,FF6F2DDF8AB23F3461E39CE6531C7EAB,0.019626527777777777,13,Monday,13,Monday,2021-10-18 00:00:00+00:00,2021-10-25 00:00:00+00:00,True,2,0
ca1414209621c12eb35048a697f3fd42,OFFLINE,2021-10-17 03:28:59.020000+00:00,2021-10-18 13:46:39.571000+00:00,78,1EF,103,96C3C752FA22E3A6918ADE4F355D3F8D,1.4289415625000002,13,Monday,3,Sunday,2021-10-18 00:00:00+00:00,2021-10-25 00:00:00+00:00,True,3,1
270f98157451509102a743c0e12b90c8,OFFLINE,2021-10-18 13:00:33.762000+00:00,2021-10-18 13:49:00.633000+00:00,78,300,50,B6563BC197C1D5F0381754909937C28F,0.03364434027777778,13,Monday,13,Monday,2021-10-18 00:00:00+00:00,2021-10-25 00:00:00+00:00,True,4,1
ce2c7815b4e356bfd6885970c10ea315,OFFLINE,2021-10-18 13:16:07.426000+00:00,2021-10-18 13:50:40.744000+00:00,78,1EF,81,F4C330A3091E324FECCFB7CBE86F44E1,0.023996736111111115,13,Monday,13,Monday,2021-10-18 00:00:00+00:00,2021-10-25 00:00:00+00:00,True,1,0
6255c3533423a4ab99c1742b63468c79,ONLINE,2021-10-15 10:19:04.332000+00:00,2021-10-18 13:58:05.367000+00:00,78,1EF,115,96C3C752FA22E3A6918ADE4F355D3F8D,3.1520953124999997,13,Monday,10,Friday,2021-10-18 00:00:00+00:00,2021-10-25 00:00:00+00:00,True,0,0
e7f3352535d11e1657cb573bf9e5f4c4,ONLINE,2021-10-14 18:03:26.143000+00:00,2021-10-18 14:01:35.991000+00:00,78,1EF,119,0668909560B9D2AF8FDA5489BCAA5FFF,3.832058425925926,14,Monday,18,Thursday,2021-10-18 00:00:00+00:00,2021-10-25 00:00:00+00:00,True,3,1
914b8d7f9c039a250e91e8339374cebe,ONLINE,2021-10-18 13:46:23.712000+00:00,2021-10-18 14:16:03.948000+00:00,78,07B,50,EEDD0125ADF9CD4325E56C39462533F5,0.020604583333333336,14,Monday,13,Monday,2021-10-18 00:00:00+00:00,2021-10-25 00:00:00+00:00,True,0,0
1f0f48132f15485045c4a33ff21ff41a,OFFLINE,2021-10-18 04:31:23.866000+00:00,2021-10-18 14:31:18.499000+00:00,78,07B,104,4ECC8B694F4BB262BDD4B0A85952B71A,0.4166045486111111,14,Monday,4,Monday,2021-10-18 00:00:00+00:00,2021-10-25 00:00:00+00:00,True,5,1
5e44ffdfd7a9019a3b0ba40e6a5a5ad7,OFFLINE,2021-10-18 10:23:03.853000+00:00,2021-10-18 14:32:00.664000+00:00,88,300,925,1BA53B5BBB76E9903A2CF8FF02C37293,0.17287975694444443,14,Monday,10,Monday,2021-10-18 00:00:00+00:00,2021-10-25 00:00:00+00:00,True,4,1
106673e411cca14672174509e4497247,OFFLINE,2021-10-18 13:58:30.045000+00:00,2021-10-18 14:43:55.467000+00:00,78,300,77,E2F9517E4B924224FB308023E6149775,0.03154423611111111,14,Monday,13,Monday,2021-10-18 00:00:00+00:00,2021-10-25 00:00:00+00:00,True,1,0
80ac751c53bc0b2aeac85ba2e4147aa7,OFFLINE,2021-10-18 13:45:54.157000+00:00,2021-10-18 14:44:12.445000+00:00,78,07B,154,9FFABDFED33FB837D72433191B5668D5,0.040489444444444446,14,Monday,13,Monday,2021-10-18 00:00:00+00:00,2021-10-25 00:00:00+00:00,True,4,1
f032b7bc702df7f65043ee0b51c69e6b,OFFLINE,2021-10-18 13:50:43.689000+00:00,2021-10-18 14:44:27.299000+00:00,90,1EF,127,1162FF15A2450469905B590D62F7746E,0.03731030092592593,14,Monday,13,Monday,2021-10-18 00:00:00+00:00,2021-10-25 00:00:00+00:00,True,0,0
01619f5a45c716076dbdc3e3aaaed53f,OFFLINE,2021-10-17 17:51:31.161000+00:00,2021-10-18 15:41:17.783000+00:00,78,07B,161,294B021232C509826A57AC3136B8ABDD,0.9095673842592593,15,Monday,17,Sunday,2021-10-18 00:00:00+00:00,2021-10-25 00:00:00+00:00,True,6,1
4adebc8830003f525c0b90f574d3b0fc,OFFLINE,2021-10-18 13:39:22.691000+00:00,2021-10-18 15:41:18.205000+00:00,78,07B,125,EEDD0125ADF9CD4325E56C39462533F5,0.08467030092592592,15,Monday,13,Monday,2021-10-18 00:00:00+00:00,2021-10-25 00:00:00+00:00,True,4,1
3c55bb2180dc6365f392370a3c318087,OFFLINE,2021-10-18 05:31:01.732000+00:00,2021-10-18 15:42:23.583000+00:00,78,07B,50,EE735FFED3A6072D13A30636E658A03A,0.4245584606481482,15,Monday,5,Monday,2021-10-18 00:00:00+00:00,2021-10-25 00:00:00+00:00,True,5,1
120dcd0d7e7b1c746eff662b864f3476,ONLINE,2021-10-18 15:13:54.585000+00:00,2021-10-18 16:02:14.884000+00:00,78,300,70,08379264459A6EF0F8052CC20B9DD41F,0.03356827546296296,16,Monday,15,Monday,2021-10-18 00:00:00+00:00,2021-10-25 00:00:00+00:00,True,1,0
59d6d41b92ee04b486ded53392a6dfdb,OFFLINE,2021-10-18 15:39:55.463000+00:00,2021-10-18 16:21:52.919000+00:00,78,300,169,09B36CB8AB7325477B80E99BE8FB2D02,0.029137222222222224,16,Monday,15,Monday,2021-10-18 00:00:00+00:00,2021-10-25 00:00:00+00:00,True,4,1
da0ae9537bcdbdc9fd7e1f0634e6506e,ONLINE,2021-10-18 08:26:39.844000+00:00,2021-10-18 16:36:50.356000+00:00,78,1EF,60,4DF70D744AB4B2076706A37F1EBAC6B9,0.3403994444444444,16,Monday,8,Monday,2021-10-18 00:00:00+00:00,2021-10-25 00:00:00+00:00,True,2,0
4c24042a8a03472ff8dae384cd4d24eb,OFFLINE,2021-10-18 16:30:45.496000+00:00,2021-10-18 17:13:28.442000+00:00,78,300,132,526A1D40F50BBB44821C0C0FDE8E16B7,0.02966372685185185,17,Monday,16,Monday,2021-10-18 00:00:00+00:00,2021-10-25 00:00:00+00:00,True,5,1
9333f384407a868b56a17d7f8c9294ab,OFFLINE,2021-10-18 16:44:49.174000+00:00,2021-10-18 17:15:06.520000+00:00,78,300,50,89D534629771B04F61D1971C3068D1BD,0.02103409722222222,17,Monday,16,Monday,2021-10-18 00:00:00+00:00,2021-10-25 00:00:00+00:00,True,5,1
47b40b284a497183f1318604c6ac69df,OFFLINE,2021-10-18 17:26:03.765000+00:00,2021-10-18 17:37:02.425000+00:00,78,300,59,E56AE16934A0D29EBF24915402A7E5ED,0.007623379629629629,17,Monday,17,Monday,2021-10-18 00:00:00+00:00,2021-10-25 00:00:00+00:00,True,0,0
f55834ea9a93c5efffc07b1bbd87983b,OFFLINE,2021-10-15 11:32:17.058000+00:00,2021-10-18 17:58:24.745000+00:00,78,300,50,89D534629771B04F61D1971C3068D1BD,3.268144525462963,17,Monday,11,Friday,2021-10-18 00:00:00+00:00,2021-10-25 00:00:00+00:00,True,1,0
599732e81f7b685fe11bc321a597354c,OFFLINE,2021-10-18 22:33:37.602000+00:00,2021-10-18 23:24:31.512000+00:00,78,300,124,08379264459A6EF0F8052CC20B9DD41F,0.03534618055555555,23,Monday,22,Monday,2021-10-18 00:00:00+00:00,2021-10-25 00:00:00+00:00,True,1,0
c23bdfd5966dac27c6e2f57f4bb96047,OFFLINE,2021-10-19 00:55:12.153000+00:00,2021-10-19 01:33:16.768000+00:00,78,07B,98,4E8E60427140A514537C374BAA698D32,0.026442303240740737,1,Tuesday,0,Tuesday,2021-10-19 00:00:00+00:00,2021-10-26 00:00:00+00:00,True,5,1
f148be981473921bb6542ed6fbe740fb,OFFLINE,2021-10-19 03:15:43.654000+00:00,2021-10-19 04:54:45.268000+00:00,78,07B,184,294B021232C509826A57AC3136B8ABDD,0.06876868055555554,4,Tuesday,3,Tuesday,2021-10-19 00:00:00+00:00,2021-10-26 00:00:00+00:00,True,4,1
96ac9a1a546929d004af5841d4a9c07d,OFFLINE,2021-10-19 05:10:38.734000+00:00,2021-10-19 05:20:29.960000+00:00,78,1EF,60,740CB1CA2BD83B3276B092195A6EB883,0.006842893518518518,5,Tuesday,5,Tuesday,2021-10-19 00:00:00+00:00,2021-10-26 00:00:00+00:00,True,5,1
e16e387ab760f12d7765c498e61b45c5,ONLINE,2021-10-19 05:48:30.668000+00:00,2021-10-19 06:32:57.680000+00:00,78,300,101,89D534629771B04F61D1971C3068D1BD,0.030868194444444448,6,Tuesday,5,Tuesday,2021-10-19 00:00:00+00:00,2021-10-26 00:00:00+00:00,True,4,1
4f47bebf38d09ba57ff826d1f07b1b6f,OFFLINE,2021-10-18 14:44:17.609000+00:00,2021-10-19 07:03:34.151000+00:00,78,300,140,C0DD698BE0C1EA71FA3045950BEEC64B,0.6800525694444445,7,Tuesday,14,Monday,2021-10-19 00:00:00+00:00,2021-10-26 00:00:00+00:00,True,2,0
6e2e55a927aae5f486b4828dc151eceb,OFFLINE,2021-10-18 14:37:57.288000+00:00,2021-10-19 07:04:39.398000+00:00,78,300,115,08379264459A6EF0F8052CC20B9DD41F,0.6852096064814814,7,Tuesday,14,Monday,2021-10-19 00:00:00+00:00,2021-10-26 00:00:00+00:00,True,3,1
6b088b87a7a6cd6541080a79dc40bfa1,OFFLINE,2021-10-19 05:54:44.936000+00:00,2021-10-19 07:31:58.236000+00:00,78,1EF,81,FF6F2DDF8AB23F3461E39CE6531C7EAB,0.0675150462962963,7,Tuesday,5,Tuesday,2021-10-19 00:00:00+00:00,2021-10-26 00:00:00+00:00,True,6,1
d7e16632ae45df89af259ae143d1323f,ONLINE,2021-10-19 00:56:50.383000+00:00,2021-10-19 07:33:50.247000+00:00,78,1EF,160,F23ABF889C244499ACA33B5CE1A7C848,0.2756928703703704,7,Tuesday,0,Tuesday,2021-10-19 00:00:00+00:00,2021-10-26 00:00:00+00:00,True,4,1
261433991e0e4c4ccb8425a397b03eaa,OFFLINE,2021-10-19 07:43:50.407000+00:00,2021-10-19 08:35:15.883000+00:00,78,300,119,15DEDC3B645D743B528945FFB129B0EC,0.03571152777777778,8,Tuesday,7,Tuesday,2021-10-19 00:00:00+00:00,2021-10-26 00:00:00+00:00,True,4,1
d2812c11e71e0809090c968ef002e756,OFFLINE,2021-10-17 11:11:08.409000+00:00,2021-10-19 08:45:23.742000+00:00,78,300,68,A85A33858C7BB0DCE962E99B2E79BBC4,1.898788576388889,8,Tuesday,11,Sunday,2021-10-19 00:00:00+00:00,2021-10-26 00:00:00+00:00,True,1,0
248a0b2c81c3e41be8086eb4fe6d4902,OFFLINE,2021-10-19 07:06:04.189000+00:00,2021-10-19 08:51:48.643000+00:00,78,300,192,8C9CD2798C922216EC02BD7D1BCD9786,0.07343118055555556,8,Tuesday,7,Tuesday,2021-10-19 00:00:00+00:00,2021-10-26 00:00:00+00:00,True,2,0
7ef1ce7bc416e59afa612d22e0461eb9,OFFLINE,2021-10-19 02:19:25.381000+00:00,2021-10-19 08:52:01.133000+00:00,78,300,50,E72C918BA3470A8671982E069981B9C8,0.27263601851851854,8,Tuesday,2,Tuesday,2021-10-19 00:00:00+00:00,2021-10-26 00:00:00+00:00,True,3,1
9a4aa19bd76efcd7ce83d62deb001e1a,OFFLINE,2021-10-19 02:18:30.378000+00:00,2021-10-19 08:52:51.880000+00:00,78,300,50,E72C918BA3470A8671982E069981B9C8,0.27385997685185187,8,Tuesday,2,Tuesday,2021-10-19 00:00:00+00:00,2021-10-26 00:00:00+00:00,True,3,1
b92b9fad52f7078c8e108834551e93da,OFFLINE,2021-10-19 02:08:45.953000+00:00,2021-10-19 08:53:26.742000+00:00,78,300,50,E72C918BA3470A8671982E069981B9C8,0.28102765046296296,8,Tuesday,2,Tuesday,2021-10-19 00:00:00+00:00,2021-10-26 00:00:00+00:00,True,3,1
07c02be7ea0d82ddda2c3eec45dd1249,OFFLINE,2021-10-19 02:22:51.069000+00:00,2021-10-19 08:54:53.843000+00:00,78,300,50,B6563BC197C1D5F0381754909937C28F,0.2722543287037037,8,Tuesday,2,Tuesday,2021-10-19 00:00:00+00:00,2021-10-26 00:00:00+00:00,True,2,0
7a88ae75a7a32bb41b499ff017f3b5d4,ONLINE,2021-10-17 12:33:24.308000+00:00,2021-10-19 10:12:24.233000+00:00,78,300,140,09B36CB8AB7325477B80E99BE8FB2D02,1.9020824652777777,10,Tuesday,12,Sunday,2021-10-19 00:00:00+00:00,2021-10-26 00:00:00+00:00,True,4,1
7b5598638bfa2e9dbf6920bc14f57c24,ONLINE,2021-10-19 08:42:48.220000+00:00,2021-10-19 10:27:27.290000+00:00,78,07B,67,3B56EC028568E71AF10B3360787CD0BC,0.0726744212962963,10,Tuesday,8,Tuesday,2021-10-19 00:00:00+00:00,2021-10-26 00:00:00+00:00,True,4,1
6afa6fd2be8b00879b2c214e7e8b0a15,OFFLINE,2021-10-19 05:50:29.115000+00:00,2021-10-19 11:03:29.790000+00:00,78,1EF,75,0668909560B9D2AF8FDA5489BCAA5FFF,0.2173689236111111,11,Tuesday,5,Tuesday,2021-10-19 00:00:00+00:00,2021-10-26 00:00:00+00:00,True,4,1
e79d4df553231055428cec6d07767958,OFFLINE,2021-10-19 07:45:55.874000+00:00,2021-10-19 11:32:07.162000+00:00,78,1EF,120,0668909560B9D2AF8FDA5489BCAA5FFF,0.15707509259259259,11,Tuesday,7,Tuesday,2021-10-19 00:00:00+00:00,2021-10-26 00:00:00+00:00,True,2,0
8f3adc2cb8f225e7a006be6eef759991,OFFLINE,2021-10-19 11:37:07.962000+00:00,2021-10-19 12:20:41.769000+00:00,78,1EF,208,A00AF20362FBDDE9E3869D787E4693AF,0.03025239583333333,12,Tuesday,11,Tuesday,2021-10-19 00:00:00+00:00,2021-10-26 00:00:00+00:00,True,2,0
12126ad16b222ec7c2908ff6bc976127,OFFLINE,2021-10-19 11:45:46.810000+00:00,2021-10-19 12:29:14.312000+00:00,78,07B,137,294B021232C509826A57AC3136B8ABDD,0.030179421296296294,12,Tuesday,11,Tuesday,2021-10-19 00:00:00+00:00,2021-10-26 00:00:00+00:00,True,2,0
634e615cf48e8d78d565d9b837ed3e55,OFFLINE,2021-10-19 12:22:44.268000+00:00,2021-10-19 12:58:38.644000+00:00,78,1EF,105,740CB1CA2BD83B3276B092195A6EB883,0.02493490740740741,12,Tuesday,12,Tuesday,2021-10-19 00:00:00+00:00,2021-10-26 00:00:00+00:00,True,2,0
a7e881dae63b653c8cb2c67bcd103f0a,OFFLINE,2021-10-19 12:33:53.843000+00:00,2021-10-19 13:56:03.204000+00:00,78,1EF,75,7B36B12A4C581DFCF8BF406AECA45564,0.05705278935185185,13,Tuesday,12,Tuesday,2021-10-19 00:00:00+00:00,2021-10-26 00:00:00+00:00,True,2,0
1a170d6489413da8b35e0d2bd3efa1e3,OFFLINE,2021-10-19 14:00:29.433000+00:00,2021-10-19 14:10:25.325000+00:00,78,1EF,73,14CCC0943D263F0E285A20693E9FD4B1,0.0068968981481481485,14,Tuesday,14,Tuesday,2021-10-19 00:00:00+00:00,2021-10-26 00:00:00+00:00,True,0,0
d6a7ff5ab944c3ba4fb3e5e0fe0ca145,OFFLINE,2021-10-19 13:51:40.628000+00:00,2021-10-19 14:16:32.741000+00:00,78,1EF,60,5CD6463B9C20BA10DA25A431F2D844A6,0.01726982638888889,14,Tuesday,13,Tuesday,2021-10-19 00:00:00+00:00,2021-10-26 00:00:00+00:00,True,0,0
25caff7fc14fa83388834f51cc448a64,OFFLINE,2021-10-18 22:21:15.481000+00:00,2021-10-19 15:11:42.820000+00:00,78,1EF,65,BB2033CE2FA4822C957B37DEB445B32C,0.7017053125,15,Tuesday,22,Monday,2021-10-19 00:00:00+00:00,2021-10-26 00:00:00+00:00,True,2,0
a3af9354f393d01811d889185564a6e9,OFFLINE,2021-10-19 14:34:57.091000+00:00,2021-10-19 15:36:04.789000+00:00,78,1EF,101,740CB1CA2BD83B3276B092195A6EB883,0.04245020833333333,15,Tuesday,14,Tuesday,2021-10-19 00:00:00+00:00,2021-10-26 00:00:00+00:00,True,3,1
8830ac083c0cb70343fd1048e0cfdd58,OFFLINE,2021-10-19 15:42:49.382000+00:00,2021-10-19 16:52:40.129000+00:00,78,300,238,1BA53B5BBB76E9903A2CF8FF02C37293,0.048504016203703704,16,Tuesday,15,Tuesday,2021-10-19 00:00:00+00:00,2021-10-26 00:00:00+00:00,True,0,0
89dfd4e92479422fa42491f204542171,OFFLINE,2021-10-19 17:29:51.592000+00:00,2021-10-19 18:05:06.899000+00:00,78,300,97,D3CEA8B57F07B785543EDB2058A190CE,0.024482719907407406,18,Tuesday,17,Tuesday,2021-10-19 00:00:00+00:00,2021-10-26 00:00:00+00:00,True,2,0
c834084466990dd47a1dc75efe60f9ec,OFFLINE,2021-10-18 07:46:25.421000+00:00,2021-10-19 18:14:40.771000+00:00,78,1EF,77,D5CECB3D35FF9FEF0E46207CFE4A5F29,1.4362887731481482,18,Tuesday,7,Monday,2021-10-19 00:00:00+00:00,2021-10-26 00:00:00+00:00,True,1,0
f4c4e3948406e5e52c22812dc24c6cc5,ONLINE,2021-10-19 18:02:58.374000+00:00,2021-10-19 18:29:08.477000+00:00,78,300,78,D3CEA8B57F07B785543EDB2058A190CE,0.018172488425925927,18,Tuesday,18,Tuesday,2021-10-19 00:00:00+00:00,2021-10-26 00:00:00+00:00,True,5,1
2b51ecffe484149c9bcd618fc1bf732f,OFFLINE,2021-10-19 18:00:13.021000+00:00,2021-10-19 18:31:29.075000+00:00,78,1EF,142,A00AF20362FBDDE9E3869D787E4693AF,0.021713587962962962,18,Tuesday,18,Tuesday,2021-10-19 00:00:00+00:00,2021-10-26 00:00:00+00:00,True,2,0
9d261c8c083c27e38435a99b31f23954,ONLINE,2021-10-19 12:43:15.348000+00:00,2021-10-19 19:12:41.221000+00:00,78,1EF,167,5CD6463B9C20BA10DA25A431F2D844A6,0.2704383449074074,19,Tuesday,12,Tuesday,2021-10-19 00:00:00+00:00,2021-10-26 00:00:00+00:00,True,2,0
974f18617260263215b9d6d23dec44c3,ONLINE,2021-10-19 13:49:46.875000+00:00,2021-10-19 20:17:36.722000+00:00,78,300,175,C0DD698BE0C1EA71FA3045950BEEC64B,0.2693269328703704,20,Tuesday,13,Tuesday,2021-10-19 00:00:00+00:00,2021-10-26 00:00:00+00:00,True,5,1
bcc138c9e4425a7fc6f7897291a09847,OFFLINE,2021-10-18 21:33:39.312000+00:00,2021-10-19 20:48:35.366000+00:00,78,07B,170,294B021232C509826A57AC3136B8ABDD,0.9687043287037037,20,Tuesday,21,Monday,2021-10-19 00:00:00+00:00,2021-10-26 00:00:00+00:00,True,6,1
703233f36e21a5530b7cd6c203a8d129,ONLINE,2021-10-19 09:15:48.481000+00:00,2021-10-19 21:34:40.709000+00:00,78,300,50,89D534629771B04F61D1971C3068D1BD,0.5131044907407408,21,Tuesday,9,Tuesday,2021-10-19 00:00:00+00:00,2021-10-26 00:00:00+00:00,True,4,1
55778ea6c3e157258cd78a06b89487a1,OFFLINE,2021-10-18 13:44:49.443000+00:00,2021-10-20 02:12:20.746000+00:00,78,300,71,D3CEA8B57F07B785543EDB2058A190CE,1.519112303240741,2,Wednesday,13,Monday,2021-10-20 00:00:00+00:00,2021-10-27 00:00:00+00:00,True,3,1
44d09208f6d58df728f8648d0f897041,OFFLINE,2021-10-18 19:22:02.508000+00:00,2021-10-20 02:25:23.091000+00:00,78,1EF,81,FF6F2DDF8AB23F3461E39CE6531C7EAB,1.2939882291666667,2,Wednesday,19,Monday,2021-10-20 00:00:00+00:00,2021-10-27 00:00:00+00:00,True,3,1
357ed1c157c9f9ab93640e3cb9424e6e,ONLINE,2021-10-18 02:31:15.216000+00:00,2021-10-20 02:29:56.992000+00:00,78,300,202,2CFC40A84BB49F39102A60211ED177E8,1.9990946296296297,2,Wednesday,2,Monday,2021-10-20 00:00:00+00:00,2021-10-27 00:00:00+00:00,True,1,0
7010fcdec57f3696094a69ca64a28203,ONLINE,2021-10-20 02:11:42.405000+00:00,2021-10-20 02:36:24.407000+00:00,78,300,72,56C3843EA0BAA7B2438B58CFC2BBD0FF,0.017152800925925926,2,Wednesday,2,Wednesday,2021-10-20 00:00:00+00:00,2021-10-27 00:00:00+00:00,True,4,1
cb019816502977b30f089b4615ca326a,OFFLINE,2021-10-15 10:53:03.027000+00:00,2021-10-20 02:43:47.082000+00:00,78,07B,165,5D80F97CDC9BD4BCBB7BFA0B329E6A7B,4.660232118055555,2,Wednesday,10,Friday,2021-10-20 00:00:00+00:00,2021-10-27 00:00:00+00:00,True,3,1
8a1729ececb04013f318f71e3d8fb43d,OFFLINE,2021-10-19 18:42:43.733000+00:00,2021-10-20 02:48:17.730000+00:00,78,300,103,E56AE16934A0D29EBF24915402A7E5ED,0.33719903935185186,2,Wednesday,18,Tuesday,2021-10-20 00:00:00+00:00,2021-10-27 00:00:00+00:00,True,4,1
cd729751a7e939c36e3b20b9b6cf3958,OFFLINE,2021-10-20 02:11:16.620000+00:00,2021-10-20 02:52:15.771000+00:00,78,07B,131,10D023CEE6CC12F06C576EB33402E56B,0.02846239583333333,2,Wednesday,2,Wednesday,2021-10-20 00:00:00+00:00,2021-10-27 00:00:00+00:00,True,4,1
d551dc9243463136c9e9c34c890003ad,ONLINE,2021-10-18 10:22:51.142000+00:00,2021-10-20 02:53:14.008000+00:00,78,07B,85,EEDD0125ADF9CD4325E56C39462533F5,1.6877646527777779,2,Wednesday,10,Monday,2021-10-20 00:00:00+00:00,2021-10-27 00:00:00+00:00,True,4,1
a9fa8c5e8427ff9a5102494922e4bfb6,ONLINE,2021-10-18 14:10:11.790000+00:00,2021-10-20 02:58:05.146000+00:00,78,300,137,D3CEA8B57F07B785543EDB2058A190CE,1.5332564351851852,2,Wednesday,14,Monday,2021-10-20 00:00:00+00:00,2021-10-27 00:00:00+00:00,True,3,1
fe3b75858f37a56c785115e93d1a7108,OFFLINE,2021-10-20 02:46:42.362000+00:00,2021-10-20 03:02:33.484000+00:00,78,1EF,66,08A9B54E00545ECCD369B8E5D2692E9F,0.011008356481481482,3,Wednesday,2,Wednesday,2021-10-20 00:00:00+00:00,2021-10-27 00:00:00+00:00,True,3,1
50625c02ccf4d806a31bf8ca96925cea,ONLINE,2021-10-20 02:30:01.162000+00:00,2021-10-20 03:06:08.022000+00:00,78,07B,125,9F9E66046BADAE5ABE94708CED879416,0.02507939814814815,3,Wednesday,2,Wednesday,2021-10-20 00:00:00+00:00,2021-10-27 00:00:00+00:00,True,1,0
cdea3cf44137984b87c5cec7f2f6964b,OFFLINE,2021-10-13 02:30:56.797000+00:00,2021-10-20 03:14:29.660000+00:00,78,07B,106,294B021232C509826A57AC3136B8ABDD,7.030241469907407,3,Wednesday,2,Wednesday,2021-10-20 00:00:00+00:00,2021-10-27 00:00:00+00:00,True,2,0
66e41fe865870a1f17a9ff388a14795f,OFFLINE,2021-10-15 15:04:53.524000+00:00,2021-10-20 03:29:19.915000+00:00,78,1EF,105,2C10D809ABD31810F4E95F4E500EFA7E,4.5169721180555555,3,Wednesday,15,Friday,2021-10-20 00:00:00+00:00,2021-10-27 00:00:00+00:00,True,2,0
3ae4d8284a21827b7c26ff7eb0737b16,OFFLINE,2021-10-15 02:40:10.363000+00:00,2021-10-20 03:30:37.773000+00:00,78,1EF,71,FF6F2DDF8AB23F3461E39CE6531C7EAB,5.0350394675925925,3,Wednesday,2,Friday,2021-10-20 00:00:00+00:00,2021-10-27 00:00:00+00:00,True,3,1
e507831b9ef33e5cb3e200ae20da2854,OFFLINE,2021-10-09 17:03:17.283000+00:00,2021-10-20 03:32:39.748000+00:00,78,07B,168,294B021232C509826A57AC3136B8ABDD,10.437065567129629,3,Wednesday,17,Saturday,2021-10-20 00:00:00+00:00,2021-10-27 00:00:00+00:00,True,4,1
8f9070582997e0e3b671f2467a956bf8,OFFLINE,2021-10-20 03:11:48.054000+00:00,2021-10-20 03:37:11.719000+00:00,78,300,122,56C3843EA0BAA7B2438B58CFC2BBD0FF,0.017635011574074072,3,Wednesday,3,Wednesday,2021-10-20 00:00:00+00:00,2021-10-27 00:00:00+00:00,True,3,1
1215b78f0f55b10a8ea4e4a650e154fa,OFFLINE,2021-10-18 09:16:18.207000+00:00,2021-10-20 03:54:24.594000+00:00,78,07B,117,294B021232C509826A57AC3136B8ABDD,1.7764628125,3,Wednesday,9,Monday,2021-10-20 00:00:00+00:00,2021-10-27 00:00:00+00:00,True,3,1
d5713f4b815b2e423f1126665ec2abf5,OFFLINE,2021-10-16 20:11:24.816000+00:00,2021-10-20 04:04:35.602000+00:00,78,300,297,E2F9517E4B924224FB308023E6149775,3.3285970601851855,4,Wednesday,20,Saturday,2021-10-20 00:00:00+00:00,2021-10-27 00:00:00+00:00,True,6,1
efc8b375f8dc08fe30fac0bba4594776,OFFLINE,2021-10-19 17:55:50.928000+00:00,2021-10-20 04:10:11.175000+00:00,78,300,96,E56AE16934A0D29EBF24915402A7E5ED,0.42662322916666673,4,Wednesday,17,Tuesday,2021-10-20 00:00:00+00:00,2021-10-27 00:00:00+00:00,True,5,1
4bc35c5782941c70f547a7759d19f991,OFFLINE,2021-10-16 00:08:53.525000+00:00,2021-10-20 04:10:26.866000+00:00,78,1EF,75,740CB1CA2BD83B3276B092195A6EB883,4.167747002314815,4,Wednesday,0,Saturday,2021-10-20 00:00:00+00:00,2021-10-27 00:00:00+00:00,True,3,1
3d10d3054f7cd167dfd789089c38ef0e,OFFLINE,2021-10-20 03:29:16.551000+00:00,2021-10-20 04:12:48.414000+00:00,78,300,177,E56AE16934A0D29EBF24915402A7E5ED,0.030229895833333333,4,Wednesday,3,Wednesday,2021-10-20 00:00:00+00:00,2021-10-27 00:00:00+00:00,True,3,1
4290b06aa0eb75c4074980a1d4861572,OFFLINE,2021-10-20 04:16:08.281000+00:00,2021-10-20 04:35:27.312000+00:00,78,07B,77,10D023CEE6CC12F06C576EB33402E56B,0.013414710648148148,4,Wednesday,4,Wednesday,2021-10-20 00:00:00+00:00,2021-10-27 00:00:00+00:00,True,5,1
01665e52c9a43d6c701ca19a22c06bed,OFFLINE,2021-10-17 18:47:13.058000+00:00,2021-10-20 04:35:50.801000+00:00,78,07B,120,4E8E60427140A514537C374BAA698D32,2.408770173611111,4,Wednesday,18,Sunday,2021-10-20 00:00:00+00:00,2021-10-27 00:00:00+00:00,True,3,1
9c69f0320ec77f0bd65f64b1cf950676,OFFLINE,2021-10-19 02:27:55.987000+00:00,2021-10-20 04:47:36.746000+00:00,78,300,50,B6563BC197C1D5F0381754909937C28F,1.096999525462963,4,Wednesday,2,Tuesday,2021-10-20 00:00:00+00:00,2021-10-27 00:00:00+00:00,True,1,0
f83ce4a282d8efe47ad7483e3125a667,OFFLINE,2021-10-19 02:28:48.383000+00:00,2021-10-20 04:47:46.872000+00:00,78,300,50,B6563BC197C1D5F0381754909937C28F,1.096510289351852,4,Wednesday,2,Tuesday,2021-10-20 00:00:00+00:00,2021-10-27 00:00:00+00:00,True,1,0
1458eac179d3dbeedc2d0ccf78525475,OFFLINE,2021-10-19 02:34:00.515000+00:00,2021-10-20 04:47:57.510000+00:00,78,300,50,B6563BC197C1D5F0381754909937C28F,1.0930207754629628,4,Wednesday,2,Tuesday,2021-10-20 00:00:00+00:00,2021-10-27 00:00:00+00:00,True,1,0
f40d6aca8a4b5a61438a9f58771c3bed,OFFLINE,2021-10-19 02:35:02.642000+00:00,2021-10-20 04:48:09.736000+00:00,78,300,50,B6563BC197C1D5F0381754909937C28F,1.0924432175925927,4,Wednesday,2,Tuesday,2021-10-20 00:00:00+00:00,2021-10-27 00:00:00+00:00,True,2,0
34ce10585d71699a9c82a07e1429e7e3,OFFLINE,2021-10-18 12:08:18.501000+00:00,2021-10-20 04:56:40.669000+00:00,78,300,148,269CB18F9DAC7649B08410B51621225E,1.700256574074074,4,Wednesday,12,Monday,2021-10-20 00:00:00+00:00,2021-10-27 00:00:00+00:00,True,4,1
1b0024bc33b0539a1dfa040e1ca7333b,ONLINE,2021-10-20 03:08:21.974000+00:00,2021-10-20 05:00:16.897000+00:00,78,300,50,7E701822D80EF10DEBEA008731637EA3,0.0777190162037037,5,Wednesday,3,Wednesday,2021-10-20 00:00:00+00:00,2021-10-27 00:00:00+00:00,True,3,1
57c0e84ba77be2e16a974708b1f661e3,OFFLINE,2021-10-19 13:59:25.386000+00:00,2021-10-20 05:17:16.076000+00:00,78,07B,120,10D023CEE6CC12F06C576EB33402E56B,0.6373922453703704,5,Wednesday,13,Tuesday,2021-10-20 00:00:00+00:00,2021-10-27 00:00:00+00:00,True,6,1
eb9e5c7bd25759b702f06e673b9f1f27,OFFLINE,2021-10-08 14:32:01.469000+00:00,2021-10-20 05:20:49.450000+00:00,78,1EF,264,33C4EF36C213B6D1E4BBBCDE06C7A745,11.617222002314815,5,Wednesday,14,Friday,2021-10-20 00:00:00+00:00,2021-10-27 00:00:00+00:00,True,0,0
77fc73dc7fdf9afde574fe068d6944e4,ONLINE,2021-10-19 12:15:48.885000+00:00,2021-10-20 05:24:19.619000+00:00,78,07B,50,2D9F8B5DDB0A7BD6F060DBAA34EC0CFF,0.7142446064814815,5,Wednesday,12,Tuesday,2021-10-20 00:00:00+00:00,2021-10-27 00:00:00+00:00,True,5,1
87cdd56431b57746e1f94c482152d5d5,OFFLINE,2021-10-12 01:55:15.725000+00:00,2021-10-20 05:29:39.579000+00:00,78,1EF,96,1162FF15A2450469905B590D62F7746E,8.148887199074075,5,Wednesday,1,Tuesday,2021-10-20 00:00:00+00:00,2021-10-27 00:00:00+00:00,True,5,1
92e8ab8d060f3f2105f02cc68e26368f,ONLINE,2021-10-18 16:47:14.166000+00:00,2021-10-20 05:31:28.292000+00:00,78,1EF,111,08A9B54E00545ECCD369B8E5D2692E9F,1.5307190509259259,5,Wednesday,16,Monday,2021-10-20 00:00:00+00:00,2021-10-27 00:00:00+00:00,True,2,0
18df0539fc04640809097fc8046e4829,OFFLINE,2021-10-20 05:02:33.239000+00:00,2021-10-20 05:33:21.211000+00:00,78,1EF,91,D5CECB3D35FF9FEF0E46207CFE4A5F29,0.021388564814814815,5,Wednesday,5,Wednesday,2021-10-20 00:00:00+00:00,2021-10-27 00:00:00+00:00,True,3,1
7323ac8f3cba6db9e81f5eed112494c3,OFFLINE,2021-10-19 10:11:37.300000+00:00,2021-10-20 05:36:00.505000+00:00,78,07B,96,4ECC8B694F4BB262BDD4B0A85952B71A,0.8086019097222222,5,Wednesday,10,Tuesday,2021-10-20 00:00:00+00:00,2021-10-27 00:00:00+00:00,True,6,1
673e6e6f4971440639f697d809f288da,ONLINE,2021-10-20 05:13:24.770000+00:00,2021-10-20 06:11:33.538000+00:00,78,07B,122,EEDD0125ADF9CD4325E56C39462533F5,0.04037925925925926,6,Wednesday,5,Wednesday,2021-10-20 00:00:00+00:00,2021-10-27 00:00:00+00:00,True,3,1
b2764ee106a028529c1ca279c8bc2ae6,ONLINE,2021-10-19 17:55:42.018000+00:00,2021-10-20 06:16:02.246000+00:00,78,07B,86,C142F51706DA139EC3DCAA250682C61A,0.5141230092592592,6,Wednesday,17,Tuesday,2021-10-20 00:00:00+00:00,2021-10-27 00:00:00+00:00,True,1,0
0b04d593284323360c9b1cd41410047e,OFFLINE,2021-10-18 15:02:16.995000+00:00,2021-10-20 06:28:13.319000+00:00,78,300,78,56C3843EA0BAA7B2438B58CFC2BBD0FF,1.6430130092592592,6,Wednesday,15,Monday,2021-10-20 00:00:00+00:00,2021-10-27 00:00:00+00:00,True,0,0
c90ff3b946ea6afa883a653b9b2c75d6,OFFLINE,2021-10-20 06:00:57.390000+00:00,2021-10-20 06:31:43.021000+00:00,78,1EF,131,F53472DBCC26A0D6A6D02DDAAB396785,0.021361469907407407,6,Wednesday,6,Wednesday,2021-10-20 00:00:00+00:00,2021-10-27 00:00:00+00:00,True,5,1
ac698f0b16bab50114e2610bab88476c,OFFLINE,2021-10-20 05:49:45.292000+00:00,2021-10-20 06:47:26.581000+00:00,78,07B,233,4E8E60427140A514537C374BAA698D32,0.04006121527777778,6,Wednesday,5,Wednesday,2021-10-20 00:00:00+00:00,2021-10-27 00:00:00+00:00,True,3,1
c83ec2f0123304e6d3bfb69906054227,OFFLINE,2021-10-18 10:26:55.708000+00:00,2021-10-20 07:01:54.503000+00:00,78,1EF,60,96C3C752FA22E3A6918ADE4F355D3F8D,1.8576249421296298,7,Wednesday,10,Monday,2021-10-20 00:00:00+00:00,2021-10-27 00:00:00+00:00,True,3,1
280eedcabb08d4f22a6b00a91f637785,ONLINE,2021-10-19 21:12:14.740000+00:00,2021-10-20 07:03:30.881000+00:00,78,07B,148,10D023CEE6CC12F06C576EB33402E56B,0.41060348379629635,7,Wednesday,21,Tuesday,2021-10-20 00:00:00+00:00,2021-10-27 00:00:00+00:00,True,5,1
3b383c4b047535c485a0037df4bdb57b,OFFLINE,2021-10-12 04:54:08.072000+00:00,2021-10-20 07:13:24.138000+00:00,78,1EF,200,5CD6463B9C20BA10DA25A431F2D844A6,8.096713726851851,7,Wednesday,4,Tuesday,2021-10-20 00:00:00+00:00,2021-10-27 00:00:00+00:00,True,4,1
17f81ec452dcca5db15d6f85a8145640,OFFLINE,2021-10-09 06:56:18.012000+00:00,2021-10-20 07:14:14.986000+00:00,78,1EF,108,38BB76CCFDD8129EF62B3AF5480605C7,11.012464976851852,7,Wednesday,6,Saturday,2021-10-20 00:00:00+00:00,2021-10-27 00:00:00+00:00,True,4,1
c1ca1416f848b5a1e087c8dbf5170140,ONLINE,2021-10-20 03:53:56.968000+00:00,2021-10-20 07:14:44.550000+00:00,78,1EF,254,1162FF15A2450469905B590D62F7746E,0.1394396064814815,7,Wednesday,3,Wednesday,2021-10-20 00:00:00+00:00,2021-10-27 00:00:00+00:00,True,6,1
b986dad5300408bc9c0054c2886dae2b,OFFLINE,2021-10-19 03:13:00.947000+00:00,2021-10-20 07:26:42.401000+00:00,78,300,50,E72C918BA3470A8671982E069981B9C8,1.1761742361111112,7,Wednesday,3,Tuesday,2021-10-20 00:00:00+00:00,2021-10-27 00:00:00+00:00,True,1,0
59ec57d087968b576b5a368fa448fec5,OFFLINE,2021-10-19 02:43:34.442000+00:00,2021-10-20 07:26:51.801000+00:00,78,300,50,E72C918BA3470A8671982E069981B9C8,1.1967286921296296,7,Wednesday,2,Tuesday,2021-10-20 00:00:00+00:00,2021-10-27 00:00:00+00:00,True,1,0
92d12d3589ab0cb2973859bfbc386b83,OFFLINE,2021-10-19 02:38:29.650000+00:00,2021-10-20 07:27:02.327000+00:00,78,300,50,E72C918BA3470A8671982E069981B9C8,1.2003782060185184,7,Wednesday,2,Tuesday,2021-10-20 00:00:00+00:00,2021-10-27 00:00:00+00:00,True,1,0
6317c403d08422ef2c3df7a682ce2013,OFFLINE,2021-10-19 02:49:15.784000+00:00,2021-10-20 07:27:13.308000+00:00,78,300,50,E72C918BA3470A8671982E069981B9C8,1.1930268981481482,7,Wednesday,2,Tuesday,2021-10-20 00:00:00+00:00,2021-10-27 00:00:00+00:00,True,1,0
58daade33b0297059fd1cda032adfb81,OFFLINE,2021-10-19 02:39:56.174000+00:00,2021-10-20 07:27:54.839000+00:00,78,300,50,E72C918BA3470A8671982E069981B9C8,1.1999845486111111,7,Wednesday,2,Tuesday,2021-10-20 00:00:00+00:00,2021-10-27 00:00:00+00:00,True,1,0
e4b9fa1f25a0dd1c48e1c2a3e6ea90e4,OFFLINE,2021-10-19 03:01:33.850000+00:00,2021-10-20 07:28:19.129000+00:00,78,300,50,E72C918BA3470A8671982E069981B9C8,1.1852462847222223,7,Wednesday,3,Tuesday,2021-10-20 00:00:00+00:00,2021-10-27 00:00:00+00:00,True,0,0
dce2656fef78cdcf62f5f178eb94832f,OFFLINE,2021-10-13 02:36:22.603000+00:00,2021-10-20 07:29:16.800000+00:00,78,300,124,A85A33858C7BB0DCE962E99B2E79BBC4,7.203405057870371,7,Wednesday,2,Wednesday,2021-10-20 00:00:00+00:00,2021-10-27 00:00:00+00:00,True,2,0
5a55efdc876d48d80f1635658ae7f336,OFFLINE,2021-10-20 05:00:49.965000+00:00,2021-10-20 07:36:49.621000+00:00,78,1EF,77,F5D32DD994477BAC9E1ACC96D65A0972,0.10832935185185186,7,Wednesday,5,Wednesday,2021-10-20 00:00:00+00:00,2021-10-27 00:00:00+00:00,True,2,0
27c4c8ec0525f942bc8513b678101dea,OFFLINE,2021-10-18 15:14:53.428000+00:00,2021-10-20 07:50:37.567000+00:00,78,300,77,E56AE16934A0D29EBF24915402A7E5ED,1.6914830902777778,7,Wednesday,15,Monday,2021-10-20 00:00:00+00:00,2021-10-27 00:00:00+00:00,True,2,0
243e2a8f483df8cf852a58232772e4d7,OFFLINE,2021-10-20 03:28:31.931000+00:00,2021-10-20 07:57:28.152000+00:00,78,1EF,160,38BB76CCFDD8129EF62B3AF5480605C7,0.18676181712962964,7,Wednesday,3,Wednesday,2021-10-20 00:00:00+00:00,2021-10-27 00:00:00+00:00,True,1,0
fd20725672226ecf3a9ef4e3f719df70,OFFLINE,2021-10-18 11:40:14.495000+00:00,2021-10-20 08:08:08.922000+00:00,78,300,160,D3CEA8B57F07B785543EDB2058A190CE,1.852713275462963,8,Wednesday,11,Monday,2021-10-20 00:00:00+00:00,2021-10-27 00:00:00+00:00,True,4,1
0a9180a239b1e87aa4302f2d7cdd9391,ONLINE,2021-10-18 17:26:11.391000+00:00,2021-10-20 08:13:08.776000+00:00,78,07B,64,2D9F8B5DDB0A7BD6F060DBAA34EC0CFF,1.6159419560185186,8,Wednesday,17,Monday,2021-10-20 00:00:00+00:00,2021-10-27 00:00:00+00:00,True,2,0
b876abbffd653b46ed6aaddc72077205,OFFLINE,2021-10-20 08:10:32.665000+00:00,2021-10-20 08:22:09.090000+00:00,78,1EF,68,FF6F2DDF8AB23F3461E39CE6531C7EAB,0.008060474537037036,8,Wednesday,8,Wednesday,2021-10-20 00:00:00+00:00,2021-10-27 00:00:00+00:00,True,1,0
490c40b9a86a30d78e054de7decbc063,ONLINE,2021-10-18 09:20:48.670000+00:00,2021-10-20 08:28:03.553000+00:00,78,07B,56,4ECC8B694F4BB262BDD4B0A85952B71A,1.963366701388889,8,Wednesday,9,Monday,2021-10-20 00:00:00+00:00,2021-10-27 00:00:00+00:00,True,0,0
95797a97c4c025ac7baea938844b814b,ONLINE,2021-10-20 07:32:45.657000+00:00,2021-10-20 08:30:48.878000+00:00,78,300,202,C0DD698BE0C1EA71FA3045950BEEC64B,0.04031505787037037,8,Wednesday,7,Wednesday,2021-10-20 00:00:00+00:00,2021-10-27 00:00:00+00:00,True,2,0
1a6ff67217baf46707e9eb9aaebeb3ee,ONLINE,2021-10-19 19:48:20.735000+00:00,2021-10-20 08:36:20.097000+00:00,78,300,151,DA77C4DC4449E002A8C91DFF52E36977,0.533325949074074,8,Wednesday,19,Tuesday,2021-10-20 00:00:00+00:00,2021-10-27 00:00:00+00:00,True,4,1
68c684164ba198bb84b1580da5c545e6,OFFLINE,2021-10-19 13:18:33.364000+00:00,2021-10-20 08:44:15.420000+00:00,76,300,295,364A975FE43F5678164266B2B0E8A237,0.809514537037037,8,Wednesday,13,Tuesday,2021-10-20 00:00:00+00:00,2021-10-27 00:00:00+00:00,True,1,0
fbbbe0191ca4304ddba7279b7dad67cf,OFFLINE,2021-10-20 07:53:42.736000+00:00,2021-10-20 08:46:40.702000+00:00,78,300,50,F01C49A6AA0D833D3333DEA9AC883637,0.03678201388888889,8,Wednesday,7,Wednesday,2021-10-20 00:00:00+00:00,2021-10-27 00:00:00+00:00,True,6,1
fbeca61373296e720b6b3fca0f7cf8b9,OFFLINE,2021-10-20 08:30:44.511000+00:00,2021-10-20 08:48:00.627000+00:00,78,07B,139,10D023CEE6CC12F06C576EB33402E56B,0.011992083333333334,8,Wednesday,8,Wednesday,2021-10-20 00:00:00+00:00,2021-10-27 00:00:00+00:00,True,0,0
5f37764708c4116edefa73e572472da0,OFFLINE,2021-10-19 20:27:04.393000+00:00,2021-10-20 09:05:52.288000+00:00,78,1EF,142,2C10D809ABD31810F4E95F4E500EFA7E,0.5269432291666666,9,Wednesday,20,Tuesday,2021-10-20 00:00:00+00:00,2021-10-27 00:00:00+00:00,True,7,1
c55c557275906f1041062452fe1f4495,OFFLINE,2021-10-06 08:15:04.967000+00:00,2021-10-20 09:08:30.803000+00:00,78,07B,86,3B56EC028568E71AF10B3360787CD0BC,14.037104583333331,9,Wednesday,8,Wednesday,2021-10-20 00:00:00+00:00,2021-10-27 00:00:00+00:00,True,2,0
5aebcc90bfac633cd21d5cb3bd12a78a,OFFLINE,2021-10-20 08:09:19.379000+00:00,2021-10-20 09:09:10.461000+00:00,78,07B,232,9F9E66046BADAE5ABE94708CED879416,0.041563449074074076,9,Wednesday,8,Wednesday,2021-10-20 00:00:00+00:00,2021-10-27 00:00:00+00:00,True,1,0
023b944c91d0d5ff5976b849e0b38f33,ONLINE,2021-10-20 08:24:06.755000+00:00,2021-10-20 09:13:29.005000+00:00,78,07B,154,9FFABDFED33FB837D72433191B5668D5,0.034285300925925924,9,Wednesday,8,Wednesday,2021-10-20 00:00:00+00:00,2021-10-27 00:00:00+00:00,True,5,1
4fb4c946d7542fd26f9b6254f46759a0,OFFLINE,2021-10-20 09:10:14.238000+00:00,2021-10-20 09:41:24.253000+00:00,78,07B,50,B0B076A3064F0AEA0A2AAC679ECE5F62,0.021643692129629633,9,Wednesday,9,Wednesday,2021-10-20 00:00:00+00:00,2021-10-27 00:00:00+00:00,True,4,1
6206b1c1b6aa888b430b7d08be8d1f35,OFFLINE,2021-10-20 09:19:19.182000+00:00,2021-10-20 09:42:37.118000+00:00,78,07B,85,56129BC950F9E18A9F5DF651D9D267D1,0.016179814814814814,9,Wednesday,9,Wednesday,2021-10-20 00:00:00+00:00,2021-10-27 00:00:00+00:00,True,1,0
8907a34dcd4858a50394cb5824a4d72a,OFFLINE,2021-10-20 09:00:12.640000+00:00,2021-10-20 09:48:25.405000+00:00,78,07B,170,9F9E66046BADAE5ABE94708CED879416,0.033481076388888885,9,Wednesday,9,Wednesday,2021-10-20 00:00:00+00:00,2021-10-27 00:00:00+00:00,True,1,0
59175923e209eadcdc5351d0d3e0bbbc,OFFLINE,2021-10-20 09:26:23.007000+00:00,2021-10-20 09:51:53.261000+00:00,78,07B,72,4E8E60427140A514537C374BAA698D32,0.017711273148148146,9,Wednesday,9,Wednesday,2021-10-20 00:00:00+00:00,2021-10-27 00:00:00+00:00,True,6,1
ce68ffdac36f9b242e84b637bc4bc09c,OFFLINE,2021-10-20 09:06:11.782000+00:00,2021-10-20 09:56:04.055000+00:00,78,300,50,269CB18F9DAC7649B08410B51621225E,0.03463278935185185,9,Wednesday,9,Wednesday,2021-10-20 00:00:00+00:00,2021-10-27 00:00:00+00:00,True,3,1
3709a77770d8fa18e708c47c1a0aec0f,OFFLINE,2021-10-20 09:38:30.645000+00:00,2021-10-20 09:59:53.042000+00:00,78,1EF,67,49CA01E7044CB3B65F99673C9C074D16,0.014842557870370369,9,Wednesday,9,Wednesday,2021-10-20 00:00:00+00:00,2021-10-27 00:00:00+00:00,True,2,0
57aa24d42e756d9db939e264e5509cd2,OFFLINE,2021-10-12 07:26:56.094000+00:00,2021-10-20 10:11:29.383000+00:00,78,300,50,D3CEA8B57F07B785543EDB2058A190CE,8.114274178240741,10,Wednesday,7,Tuesday,2021-10-20 00:00:00+00:00,2021-10-27 00:00:00+00:00,True,1,0
2bd625c84df44d3f3ea9e6f536059aee,OFFLINE,2021-10-13 20:02:41.195000+00:00,2021-10-20 10:14:51.768000+00:00,78,300,50,1BA53B5BBB76E9903A2CF8FF02C37293,6.591789039351852,10,Wednesday,20,Wednesday,2021-10-20 00:00:00+00:00,2021-10-27 00:00:00+00:00,True,2,0
bb97ba81f0e49d5e2a4522af7bda8bba,OFFLINE,2021-10-11 13:53:10.725000+00:00,2021-10-20 10:25:13.165000+00:00,78,07B,113,294B021232C509826A57AC3136B8ABDD,8.855583796296296,10,Wednesday,13,Monday,2021-10-20 00:00:00+00:00,2021-10-27 00:00:00+00:00,True,3,1
751f3e7b435660a2f3b9d9fabcc28bea,OFFLINE,2021-10-18 19:16:19.164000+00:00,2021-10-20 10:28:44.517000+00:00,78,07B,123,D03E45AE45CAFB97B315F3E4A7C2D615,1.6336267708333334,10,Wednesday,19,Monday,2021-10-20 00:00:00+00:00,2021-10-27 00:00:00+00:00,True,5,1
594cdba2c872ebff332b4cdcc6537d45,OFFLINE,2021-10-20 08:59:32.698000+00:00,2021-10-20 10:36:57.610000+00:00,78,07B,241,C142F51706DA139EC3DCAA250682C61A,0.06764944444444444,10,Wednesday,8,Wednesday,2021-10-20 00:00:00+00:00,2021-10-27 00:00:00+00:00,True,5,1
c53e71a24eb6e4e866ff5379cde4023f,OFFLINE,2021-10-14 17:04:26.861000+00:00,2021-10-20 10:40:24.044000+00:00,78,07B,60,EEDD0125ADF9CD4325E56C39462533F5,5.733300729166667,10,Wednesday,17,Thursday,2021-10-20 00:00:00+00:00,2021-10-27 00:00:00+00:00,True,2,0
3967cdf624847bebf4c8430002e51b73,OFFLINE,2021-10-20 08:17:18.961000+00:00,2021-10-20 10:45:54.596000+00:00,78,300,76,269CB18F9DAC7649B08410B51621225E,0.10319021990740741,10,Wednesday,8,Wednesday,2021-10-20 00:00:00+00:00,2021-10-27 00:00:00+00:00,True,1,0
2021eb2025ac922232137942bbc04822,ONLINE,2021-10-20 10:42:47.908000+00:00,2021-10-20 10:57:31.904000+00:00,78,07B,64,EEDD0125ADF9CD4325E56C39462533F5,0.010231435185185185,10,Wednesday,10,Wednesday,2021-10-20 00:00:00+00:00,2021-10-27 00:00:00+00:00,True,5,1
59607a7b74cb2f9baa5d3204c22ceb7d,OFFLINE,2021-10-19 03:38:52.229000+00:00,2021-10-20 10:59:58.220000+00:00,78,300,50,E72C918BA3470A8671982E069981B9C8,1.3063193402777777,10,Wednesday,3,Tuesday,2021-10-20 00:00:00+00:00,2021-10-27 00:00:00+00:00,True,1,0
7ebefb25e35514894297628eea10a1d5,OFFLINE,2021-10-19 07:51:37.044000+00:00,2021-10-20 11:13:42.452000+00:00,78,07B,129,2D9F8B5DDB0A7BD6F060DBAA34EC0CFF,1.1403403703703703,11,Wednesday,7,Tuesday,2021-10-20 00:00:00+00:00,2021-10-27 00:00:00+00:00,True,2,0
a1340b7604f4f6b3c0d0f6b9a89afb46,OFFLINE,2021-10-20 05:18:45.133000+00:00,2021-10-20 11:17:47.535000+00:00,78,300,50,4FB52D1F31461850C15CC1C15A02931B,0.24933335648148147,11,Wednesday,5,Wednesday,2021-10-20 00:00:00+00:00,2021-10-27 00:00:00+00:00,True,1,0
1cdc9ea61dd9a77038c431c1d25dd2c3,ONLINE,2021-10-20 02:53:02.242000+00:00,2021-10-20 11:33:11.865000+00:00,78,300,125,09B36CB8AB7325477B80E99BE8FB2D02,0.3612224884259259,11,Wednesday,2,Wednesday,2021-10-20 00:00:00+00:00,2021-10-27 00:00:00+00:00,True,4,1
6b3ecd99976fd386ca30cae754bcd16d,ONLINE,2021-10-20 08:14:43.840000+00:00,2021-10-20 11:33:40.154000+00:00,78,07B,66,2D9F8B5DDB0A7BD6F060DBAA34EC0CFF,0.13815178240740741,11,Wednesday,8,Wednesday,2021-10-20 00:00:00+00:00,2021-10-27 00:00:00+00:00,True,3,1
23a8f75a12baa23916bbcb9f3351e6f2,OFFLINE,2021-10-17 14:40:11.763000+00:00,2021-10-20 11:35:57.427000+00:00,78,1EF,84,38BB76CCFDD8129EF62B3AF5480605C7,2.872056296296296,11,Wednesday,14,Sunday,2021-10-20 00:00:00+00:00,2021-10-27 00:00:00+00:00,True,3,1
ad22a96e9dafd4ff004acd43f2e73992,OFFLINE,2021-10-20 11:17:36.230000+00:00,2021-10-20 11:37:42.273000+00:00,78,1EF,77,BB2033CE2FA4822C957B37DEB445B32C,0.013958831018518518,11,Wednesday,11,Wednesday,2021-10-20 00:00:00+00:00,2021-10-27 00:00:00+00:00,True,2,0
8614d609a00fa24799edbb92fe830021,OFFLINE,2021-10-11 11:24:24.086000+00:00,2021-10-20 11:37:46.139000+00:00,78,07B,79,294B021232C509826A57AC3136B8ABDD,9.009283020833333,11,Wednesday,11,Monday,2021-10-20 00:00:00+00:00,2021-10-27 00:00:00+00:00,True,3,1
64b88d097cdef0dff917e592ff76bb7f,OFFLINE,2021-10-20 02:09:31.712000+00:00,2021-10-20 11:43:18.951000+00:00,78,300,50,B6563BC197C1D5F0381754909937C28F,0.39846341435185184,11,Wednesday,2,Wednesday,2021-10-20 00:00:00+00:00,2021-10-27 00:00:00+00:00,True,1,0
ac4dd101b3724bd084843645c7cabf07,OFFLINE,2021-10-19 04:19:05.168000+00:00,2021-10-20 11:43:23.857000+00:00,78,300,50,B6563BC197C1D5F0381754909937C28F,1.3085496412037037,11,Wednesday,4,Tuesday,2021-10-20 00:00:00+00:00,2021-10-27 00:00:00+00:00,True,1,0
8d66ef0b3a0406fc1e48735bc6d604f0,OFFLINE,2021-10-20 02:00:59.653000+00:00,2021-10-20 11:43:46.762000+00:00,78,300,50,B6563BC197C1D5F0381754909937C28F,0.4047119097222222,11,Wednesday,2,Wednesday,2021-10-20 00:00:00+00:00,2021-10-27 00:00:00+00:00,True,1,0
e49cae36b902518cd26ee0eafce25a0a,OFFLINE,2021-10-20 02:03:29.204000+00:00,2021-10-20 11:43:51.513000+00:00,78,300,50,B6563BC197C1D5F0381754909937C28F,0.4030359837962963,11,Wednesday,2,Wednesday,2021-10-20 00:00:00+00:00,2021-10-27 00:00:00+00:00,True,1,0
147ac3490d5755fc0a32b84353fffe2f,OFFLINE,2021-10-19 04:22:32.849000+00:00,2021-10-20 11:44:03.886000+00:00,78,300,50,B6563BC197C1D5F0381754909937C28F,1.306609224537037,11,Wednesday,4,Tuesday,2021-10-20 00:00:00+00:00,2021-10-27 00:00:00+00:00,True,1,0
c86adc820b3e34f1c7d4a5b51d7a39a2,OFFLINE,2021-10-20 02:06:38.478000+00:00,2021-10-20 11:44:12.072000+00:00,78,300,50,B6563BC197C1D5F0381754909937C28F,0.4010832638888889,11,Wednesday,2,Wednesday,2021-10-20 00:00:00+00:00,2021-10-27 00:00:00+00:00,True,1,0
fb65ca219aee9a7de5bb8a26bdf0fdd1,OFFLINE,2021-10-20 02:11:58.258000+00:00,2021-10-20 11:44:36.189000+00:00,78,300,50,B6563BC197C1D5F0381754909937C28F,0.3976612384259259,11,Wednesday,2,Wednesday,2021-10-20 00:00:00+00:00,2021-10-27 00:00:00+00:00,True,1,0
c2f09f5a0621c86c0ea466eb937b1e0d,ONLINE,2021-10-18 10:49:20.204000+00:00,2021-10-20 12:08:18.394000+00:00,78,300,73,09B36CB8AB7325477B80E99BE8FB2D02,2.054840162037037,12,Wednesday,10,Monday,2021-10-20 00:00:00+00:00,2021-10-27 00:00:00+00:00,True,3,1
4bce75876657c3ba8d23567d9d177705,OFFLINE,2021-10-20 08:17:36.149000+00:00,2021-10-20 12:08:23.331000+00:00,78,300,50,C0DD698BE0C1EA71FA3045950BEEC64B,0.1602683101851852,12,Wednesday,8,Wednesday,2021-10-20 00:00:00+00:00,2021-10-27 00:00:00+00:00,True,5,1
097608047f53adf22f0100189c69bed6,OFFLINE,2021-10-20 11:57:41.451000+00:00,2021-10-20 12:28:12.232000+00:00,78,1EF,142,F6AD024DDBE30DC433E2D9BE8AB5CBDC,0.021189594907407405,12,Wednesday,11,Wednesday,2021-10-20 00:00:00+00:00,2021-10-27 00:00:00+00:00,True,0,0
df33328b0e785e8b1d841bf0cad67434,OFFLINE,2021-10-20 11:28:58.796000+00:00,2021-10-20 12:31:47.024000+00:00,78,07B,86,3B56EC028568E71AF10B3360787CD0BC,0.04361375,12,Wednesday,11,Wednesday,2021-10-20 00:00:00+00:00,2021-10-27 00:00:00+00:00,True,5,1
c3479edf42e844f263adf6fdf5d0df09,OFFLINE,2021-10-20 12:35:08.844000+00:00,2021-10-20 12:47:02.630000+00:00,78,1EF,60,FF6F2DDF8AB23F3461E39CE6531C7EAB,0.008261412037037036,12,Wednesday,12,Wednesday,2021-10-20 00:00:00+00:00,2021-10-27 00:00:00+00:00,True,0,0
74241ea43d12f53efb178f7a6510c8a6,OFFLINE,2021-10-15 14:18:47.223000+00:00,2021-10-20 12:59:58.196000+00:00,78,07B,116,4ECC8B694F4BB262BDD4B0A85952B71A,4.945265891203704,12,Wednesday,14,Friday,2021-10-20 00:00:00+00:00,2021-10-27 00:00:00+00:00,True,4,1
d5167ebe0239abe1a3bd9f810f2fa7be,OFFLINE,2021-10-20 06:18:06.461000+00:00,2021-10-20 13:03:22.505000+00:00,78,07B,213,56129BC950F9E18A9F5DF651D9D267D1,0.28143569444444444,13,Wednesday,6,Wednesday,2021-10-20 00:00:00+00:00,2021-10-27 00:00:00+00:00,True,3,1
35d9306a86634774267482b713ebef07,OFFLINE,2021-10-20 12:49:22.727000+00:00,2021-10-20 13:09:15.307000+00:00,78,07B,67,294B021232C509826A57AC3136B8ABDD,0.013803009259259258,13,Wednesday,12,Wednesday,2021-10-20 00:00:00+00:00,2021-10-27 00:00:00+00:00,True,4,1
39a992da9f11f0c3aed25af344d14084,OFFLINE,2021-10-20 11:27:27.422000+00:00,2021-10-20 13:11:23.550000+00:00,78,07B,66,2D9F8B5DDB0A7BD6F060DBAA34EC0CFF,0.0721774074074074,13,Wednesday,11,Wednesday,2021-10-20 00:00:00+00:00,2021-10-27 00:00:00+00:00,True,4,1
019cc97906081cfc21a713142f59170d,OFFLINE,2021-10-16 14:48:43.026000+00:00,2021-10-20 13:13:56.159000+00:00,78,1EF,61,1162FF15A2450469905B590D62F7746E,3.934179780092592,13,Wednesday,14,Saturday,2021-10-20 00:00:00+00:00,2021-10-27 00:00:00+00:00,True,4,1
201207856cbd369ed029fc8cfd7d0e44,OFFLINE,2021-10-20 10:29:47.320000+00:00,2021-10-20 13:18:45.647000+00:00,78,1EF,107,195FD095D9D7F47943113AF2CBCF9A75,0.11734174768518518,13,Wednesday,10,Wednesday,2021-10-20 00:00:00+00:00,2021-10-27 00:00:00+00:00,True,1,0
7afb0ea93317d561ce8cc981c326fcb9,OFFLINE,2021-10-12 16:24:21.869000+00:00,2021-10-20 13:24:08.316000+00:00,78,07B,189,5D80F97CDC9BD4BCBB7BFA0B329E6A7B,7.874843136574075,13,Wednesday,16,Tuesday,2021-10-20 00:00:00+00:00,2021-10-27 00:00:00+00:00,True,3,1
98484942b649bc7e88b6275b5d88780e,OFFLINE,2021-10-20 11:08:30.689000+00:00,2021-10-20 13:36:32.030000+00:00,78,1EF,97,BB2033CE2FA4822C957B37DEB445B32C,0.10279329861111111,13,Wednesday,11,Wednesday,2021-10-20 00:00:00+00:00,2021-10-27 00:00:00+00:00,True,1,0
67eba0369d193dd18e32b237ada875b2,OFFLINE,2021-10-18 14:11:09.425000+00:00,2021-10-20 13:38:24.916000+00:00,78,07B,58,3B56EC028568E71AF10B3360787CD0BC,1.9772626273148148,13,Wednesday,14,Monday,2021-10-20 00:00:00+00:00,2021-10-27 00:00:00+00:00,True,6,1
3c8d106b73fbd79a01dc6bca3de1e632,OFFLINE,2021-10-20 13:25:43.017000+00:00,2021-10-20 13:55:40.919000+00:00,78,07B,65,EEDD0125ADF9CD4325E56C39462533F5,0.020809050925925925,13,Wednesday,13,Wednesday,2021-10-20 00:00:00+00:00,2021-10-27 00:00:00+00:00,True,6,1
92fb38f21e14f8bcb98bd6f3a645487d,OFFLINE,2021-10-20 12:01:38.298000+00:00,2021-10-20 14:01:29.809000+00:00,78,1EF,60,D5CECB3D35FF9FEF0E46207CFE4A5F29,0.08323508101851852,14,Wednesday,12,Wednesday,2021-10-20 00:00:00+00:00,2021-10-27 00:00:00+00:00,True,7,1
b1178bfb8b729503616c748558b1a897,OFFLINE,2021-10-20 12:38:19.630000+00:00,2021-10-20 14:06:25.022000+00:00,78,07B,201,4575953E5DD96D9E301B05E12FB12540,0.061173518518518516,14,Wednesday,12,Wednesday,2021-10-20 00:00:00+00:00,2021-10-27 00:00:00+00:00,True,3,1
5559660007c5646e8f1d3b623766cb20,ONLINE,2021-10-20 12:20:51.451000+00:00,2021-10-20 14:12:46.818000+00:00,78,07B,262,4E8E60427140A514537C374BAA698D32,0.07772415509259259,14,Wednesday,12,Wednesday,2021-10-20 00:00:00+00:00,2021-10-27 00:00:00+00:00,True,5,1
75bf39f76ccea1eb67c4095f4fec055f,OFFLINE,2021-10-20 13:44:28.251000+00:00,2021-10-20 14:33:38.831000+00:00,90,1EF,117,740CB1CA2BD83B3276B092195A6EB883,0.03415023148148148,14,Wednesday,13,Wednesday,2021-10-20 00:00:00+00:00,2021-10-27 00:00:00+00:00,True,3,1
90daf9bb33379329f5360152f0e571d3,ONLINE,2021-10-20 14:12:38.788000+00:00,2021-10-20 14:37:12.014000+00:00,78,07B,135,EEDD0125ADF9CD4325E56C39462533F5,0.017051226851851852,14,Wednesday,14,Wednesday,2021-10-20 00:00:00+00:00,2021-10-27 00:00:00+00:00,True,6,1
b359f87d0ec25ca414f4ffea0904241d,OFFLINE,2021-10-20 04:36:03.929000+00:00,2021-10-20 14:43:02.827000+00:00,78,300,114,D3CEA8B57F07B785543EDB2058A190CE,0.42151502314814815,14,Wednesday,4,Wednesday,2021-10-20 00:00:00+00:00,2021-10-27 00:00:00+00:00,True,2,0
f317f6190bd44e5fd7d37a77632b1558,OFFLINE,2021-10-20 13:49:20.465000+00:00,2021-10-20 14:48:18.846000+00:00,78,07B,84,EEDD0125ADF9CD4325E56C39462533F5,0.04095348379629629,14,Wednesday,13,Wednesday,2021-10-20 00:00:00+00:00,2021-10-27 00:00:00+00:00,True,0,0
11d9e837a1f828e2f5858322f08cede5,ONLINE,2021-10-20 14:03:24.452000+00:00,2021-10-20 15:05:08.885000+00:00,78,07B,212,2D9F8B5DDB0A7BD6F060DBAA34EC0CFF,0.04287538194444444,15,Wednesday,14,Wednesday,2021-10-20 00:00:00+00:00,2021-10-27 00:00:00+00:00,True,2,0
46639931105e745ca2e94032352937aa,ONLINE,2021-10-20 14:09:25.103000+00:00,2021-10-20 15:07:42.939000+00:00,78,07B,50,2D9F8B5DDB0A7BD6F060DBAA34EC0CFF,0.04048421296296296,15,Wednesday,14,Wednesday,2021-10-20 00:00:00+00:00,2021-10-27 00:00:00+00:00,True,3,1
73c0e73486a58f450f00b1e5e79dbce7,OFFLINE,2021-10-01 20:53:41.110000+00:00,2021-10-20 15:11:25.502000+00:00,78,07B,78,10D023CEE6CC12F06C576EB33402E56B,18.76231935185185,15,Wednesday,20,Friday,2021-10-20 00:00:00+00:00,2021-10-27 00:00:00+00:00,True,4,1
2069876445cf016de8b52ea65c338edd,OFFLINE,2021-10-20 15:41:08.460000+00:00,2021-10-20 16:04:24.227000+00:00,78,07B,85,EEDD0125ADF9CD4325E56C39462533F5,0.01615471064814815,16,Wednesday,15,Wednesday,2021-10-20 00:00:00+00:00,2021-10-27 00:00:00+00:00,True,4,1
b11b0a5e299fd64ab06b9add0efe2dc7,OFFLINE,2021-10-20 16:15:24.198000+00:00,2021-10-20 16:31:15.657000+00:00,78,07B,68,EEDD0125ADF9CD4325E56C39462533F5,0.011012256944444444,16,Wednesday,16,Wednesday,2021-10-20 00:00:00+00:00,2021-10-27 00:00:00+00:00,True,5,1
566f88de49736ad98a08c2021c677cc3,OFFLINE,2021-10-20 02:16:36.720000+00:00,2021-10-20 16:31:32.990000+00:00,78,300,50,B6563BC197C1D5F0381754909937C28F,0.5937068287037036,16,Wednesday,2,Wednesday,2021-10-20 00:00:00+00:00,2021-10-27 00:00:00+00:00,True,1,0
8255183c30be22100a88b5a13c64bde3,OFFLINE,2021-10-20 02:57:40.754000+00:00,2021-10-20 16:36:53.496000+00:00,78,300,50,B6563BC197C1D5F0381754909937C28F,0.5688974768518519,16,Wednesday,2,Wednesday,2021-10-20 00:00:00+00:00,2021-10-27 00:00:00+00:00,True,2,0
5a7fd97f3e9688d1b4200515ee7f0c47,OFFLINE,2021-10-20 02:19:22.111000+00:00,2021-10-20 16:37:16.179000+00:00,78,300,50,B6563BC197C1D5F0381754909937C28F,0.595764675925926,16,Wednesday,2,Wednesday,2021-10-20 00:00:00+00:00,2021-10-27 00:00:00+00:00,True,1,0
ba4bcb75e25c9d62d86a6b0bb9e85b99,ONLINE,2021-10-20 16:16:33.417000+00:00,2021-10-20 16:38:04.753000+00:00,78,1EF,115,4DF70D744AB4B2076706A37F1EBAC6B9,0.014946018518518518,16,Wednesday,16,Wednesday,2021-10-20 00:00:00+00:00,2021-10-27 00:00:00+00:00,True,4,1
5d4870becbc75426b1edd9ad9e294efa,OFFLINE,2021-10-20 02:39:13.331000+00:00,2021-10-20 16:41:04.869000+00:00,78,300,50,B6563BC197C1D5F0381754909937C28F,0.5846242824074074,16,Wednesday,2,Wednesday,2021-10-20 00:00:00+00:00,2021-10-27 00:00:00+00:00,True,2,0
ba0e9816a782f38f2e42e2d801ccded0,OFFLINE,2021-10-20 15:40:58.371000+00:00,2021-10-20 16:43:34.262000+00:00,78,300,50,C0DD698BE0C1EA71FA3045950BEEC64B,0.04347096064814815,16,Wednesday,15,Wednesday,2021-10-20 00:00:00+00:00,2021-10-27 00:00:00+00:00,True,5,1
6a61192ec3cf9d5c5b9561da818a9530,OFFLINE,2021-10-20 15:33:35.575000+00:00,2021-10-20 16:45:27.517000+00:00,78,1EF,208,D5CECB3D35FF9FEF0E46207CFE4A5F29,0.049906736111111114,16,Wednesday,15,Wednesday,2021-10-20 00:00:00+00:00,2021-10-27 00:00:00+00:00,True,3,1
81449487152da8d31ce43bb48e2657b1,OFFLINE,2021-10-17 17:10:34.145000+00:00,2021-10-20 16:59:10.714000+00:00,78,07B,160,4E8E60427140A514537C374BAA698D32,2.992089918981481,16,Wednesday,17,Sunday,2021-10-20 00:00:00+00:00,2021-10-27 00:00:00+00:00,True,3,1
ae4d2ff665340bd0d6258add89c4cde2,OFFLINE,2021-10-20 04:22:04.129000+00:00,2021-10-20 17:20:59.696000+00:00,78,300,50,4EAA928CDE96CC979939CD4797399B7B,0.5409209143518519,17,Wednesday,4,Wednesday,2021-10-20 00:00:00+00:00,2021-10-27 00:00:00+00:00,True,3,1
96200866ebfdd6ea145b2081078be49a,OFFLINE,2021-10-20 04:20:38.981000+00:00,2021-10-20 17:21:15.788000+00:00,78,300,50,4EAA928CDE96CC979939CD4797399B7B,0.5420926736111111,17,Wednesday,4,Wednesday,2021-10-20 00:00:00+00:00,2021-10-27 00:00:00+00:00,True,2,0
7e1ec263b9b6cce8285adfee7dc9d558,OFFLINE,2021-10-20 05:04:14.578000+00:00,2021-10-20 17:21:38.010000+00:00,78,300,50,4EAA928CDE96CC979939CD4797399B7B,0.5120767592592592,17,Wednesday,5,Wednesday,2021-10-20 00:00:00+00:00,2021-10-27 00:00:00+00:00,True,3,1
a59ff0e86adab142205c43277dff0052,OFFLINE,2021-10-20 04:02:56.244000+00:00,2021-10-20 17:21:49.768000+00:00,78,300,50,4EAA928CDE96CC979939CD4797399B7B,0.5547861574074073,17,Wednesday,4,Wednesday,2021-10-20 00:00:00+00:00,2021-10-27 00:00:00+00:00,True,2,0
90d8e9e67bbb7ba5eaf6c5de8c1b709e,OFFLINE,2021-10-20 04:57:13.430000+00:00,2021-10-20 17:22:27.679000+00:00,78,300,50,4EAA928CDE96CC979939CD4797399B7B,0.5175260300925927,17,Wednesday,4,Wednesday,2021-10-20 00:00:00+00:00,2021-10-27 00:00:00+00:00,True,3,1
0104d715f096403131d9c911ca2a0b50,OFFLINE,2021-10-12 16:39:59.859000+00:00,2021-10-20 17:30:32.135000+00:00,78,300,169,D3CEA8B57F07B785543EDB2058A190CE,8.035095787037037,17,Wednesday,16,Tuesday,2021-10-20 00:00:00+00:00,2021-10-27 00:00:00+00:00,True,1,0
e12c03067066e40349925551f3e40058,OFFLINE,2021-10-20 17:26:40.287000+00:00,2021-10-20 17:34:15.159000+00:00,78,1EF,67,195FD095D9D7F47943113AF2CBCF9A75,0.005264722222222223,17,Wednesday,17,Wednesday,2021-10-20 00:00:00+00:00,2021-10-27 00:00:00+00:00,True,1,0
09e7e7cebd96fd57721844799bae43b0,OFFLINE,2021-10-20 05:59:10.810000+00:00,2021-10-20 17:47:49.358000+00:00,78,300,50,6C95625CBBEF8E86248B347AF84368A0,0.4921128240740741,17,Wednesday,5,Wednesday,2021-10-20 00:00:00+00:00,2021-10-27 00:00:00+00:00,True,4,1
71bd2a4bfaf2d49932001e63079be6bf,OFFLINE,2021-10-20 05:45:17.746000+00:00,2021-10-20 17:49:16.408000+00:00,78,300,50,6C95625CBBEF8E86248B347AF84368A0,0.5027622916666666,17,Wednesday,5,Wednesday,2021-10-20 00:00:00+00:00,2021-10-27 00:00:00+00:00,True,4,1
28ba82931fd6a81d77669553753c63c2,OFFLINE,2021-10-20 05:13:16.480000+00:00,2021-10-20 17:49:31.912000+00:00,78,300,50,6C95625CBBEF8E86248B347AF84368A0,0.5251786111111111,17,Wednesday,5,Wednesday,2021-10-20 00:00:00+00:00,2021-10-27 00:00:00+00:00,True,4,1
d0936b8e24eefb244f680400c217f83a,OFFLINE,2021-10-20 06:03:57.705000+00:00,2021-10-20 17:50:59.222000+00:00,78,300,50,6C95625CBBEF8E86248B347AF84368A0,0.4909897800925926,17,Wednesday,6,Wednesday,2021-10-20 00:00:00+00:00,2021-10-27 00:00:00+00:00,True,4,1
7634b4ac07c6a191aaae256c8def8108,OFFLINE,2021-10-20 06:14:27.834000+00:00,2021-10-20 17:51:21.190000+00:00,78,300,50,6C95625CBBEF8E86248B347AF84368A0,0.4839508796296296,17,Wednesday,6,Wednesday,2021-10-20 00:00:00+00:00,2021-10-27 00:00:00+00:00,True,3,1
59c9a0db32d06932c0c52b8f71401548,OFFLINE,2021-10-20 17:38:25.829000+00:00,2021-10-20 17:58:09.689000+00:00,78,07B,71,EEDD0125ADF9CD4325E56C39462533F5,0.013702083333333332,17,Wednesday,17,Wednesday,2021-10-20 00:00:00+00:00,2021-10-27 00:00:00+00:00,True,4,1
09363349d2369163e449723406562e99,OFFLINE,2021-10-20 15:45:36.361000+00:00,2021-10-20 19:07:35.771000+00:00,78,07B,175,B0B076A3064F0AEA0A2AAC679ECE5F62,0.14027094907407409,19,Wednesday,15,Wednesday,2021-10-20 00:00:00+00:00,2021-10-27 00:00:00+00:00,True,3,1
54b5a0b1dfc733a0e3236a9246b1ed8b,OFFLINE,2021-10-18 13:53:44.039000+00:00,2021-10-20 19:34:03.005000+00:00,78,300,50,E2F9517E4B924224FB308023E6149775,2.236330625,19,Wednesday,13,Monday,2021-10-20 00:00:00+00:00,2021-10-27 00:00:00+00:00,True,2,0
ec987c87c882230b0665e55b3b5544ac,OFFLINE,2021-10-17 14:33:27.405000+00:00,2021-10-20 19:40:21.851000+00:00,78,300,59,09B36CB8AB7325477B80E99BE8FB2D02,3.213130162037037,19,Wednesday,14,Sunday,2021-10-20 00:00:00+00:00,2021-10-27 00:00:00+00:00,True,5,1
049bb904c74c1c66b8821c74e89bd658,ONLINE,2021-10-19 20:15:36.888000+00:00,2021-10-20 20:53:43.314000+00:00,78,07B,58,3B56EC028568E71AF10B3360787CD0BC,1.0264632638888889,20,Wednesday,20,Tuesday,2021-10-20 00:00:00+00:00,2021-10-27 00:00:00+00:00,True,3,1
02ed8fda8b3f80db147c13299882bc67,OFFLINE,2021-10-20 20:46:09.321000+00:00,2021-10-20 21:09:31.645000+00:00,78,07B,123,EEDD0125ADF9CD4325E56C39462533F5,0.016230601851851854,21,Wednesday,20,Wednesday,2021-10-20 00:00:00+00:00,2021-10-27 00:00:00+00:00,True,4,1
2acc80ef4d0e48e271aec02a58c3026e,OFFLINE,2021-10-20 22:59:29.729000+00:00,2021-10-20 23:30:20.258000+00:00,78,300,159,1BA53B5BBB76E9903A2CF8FF02C37293,0.021418159722222222,23,Wednesday,22,Wednesday,2021-10-20 00:00:00+00:00,2021-10-27 00:00:00+00:00,True,1,0
99d213e950fe724e975622e8c5e22ad0,OFFLINE,2021-10-20 19:58:14.125000+00:00,2021-10-21 02:11:13.298000+00:00,78,07B,56,2D9F8B5DDB0A7BD6F060DBAA34EC0CFF,0.2590182060185185,2,Thursday,19,Wednesday,2021-10-21 00:00:00+00:00,2021-10-28 00:00:00+00:00,True,1,0
95a183bcc96046512e8e0c01143e5534,ONLINE,2021-10-20 02:38:07.955000+00:00,2021-10-21 02:29:34.072000+00:00,78,300,104,1BA53B5BBB76E9903A2CF8FF02C37293,0.9940522800925926,2,Thursday,2,Wednesday,2021-10-21 00:00:00+00:00,2021-10-28 00:00:00+00:00,True,5,1
c68e3259fdf5535aa072b113f6761ed7,ONLINE,2021-10-20 02:49:06.391000+00:00,2021-10-21 02:47:32.488000+00:00,78,300,94,56C3843EA0BAA7B2438B58CFC2BBD0FF,0.9989131597222222,2,Thursday,2,Wednesday,2021-10-21 00:00:00+00:00,2021-10-28 00:00:00+00:00,True,1,0
88262cfeda277e475962e4b6a3ad65e9,ONLINE,2021-10-17 14:53:35.629000+00:00,2021-10-21 02:50:25.406000+00:00,78,07B,56,3B56EC028568E71AF10B3360787CD0BC,3.4977983449074075,2,Thursday,14,Sunday,2021-10-21 00:00:00+00:00,2021-10-28 00:00:00+00:00,True,2,0
bf3ab03b5e23ea9dd5eac45982844561,OFFLINE,2021-10-20 05:48:19.201000+00:00,2021-10-21 02:57:59.660000+00:00,78,1EF,101,740CB1CA2BD83B3276B092195A6EB883,0.881718275462963,2,Thursday,5,Wednesday,2021-10-21 00:00:00+00:00,2021-10-28 00:00:00+00:00,True,1,0
a813b1ffa6514ce11b197eae8554cc23,OFFLINE,2021-10-19 02:59:13.576000+00:00,2021-10-21 02:58:05.772000+00:00,78,300,50,4FB52D1F31461850C15CC1C15A02931B,1.9992152314814815,2,Thursday,2,Tuesday,2021-10-21 00:00:00+00:00,2021-10-28 00:00:00+00:00,True,2,0
24b3d1e5f7e9f1a07e5c493ccb6c4af3,OFFLINE,2021-10-21 02:46:23.837000+00:00,2021-10-21 03:03:40.165000+00:00,78,1EF,68,740CB1CA2BD83B3276B092195A6EB883,0.011994537037037036,3,Thursday,2,Thursday,2021-10-21 00:00:00+00:00,2021-10-28 00:00:00+00:00,True,2,0
c226399d4480a36d6bcc4bbbaa7e3a9f,OFFLINE,2021-10-21 02:56:51.789000+00:00,2021-10-21 03:10:07.485000+00:00,90,300,213,C0DD698BE0C1EA71FA3045950BEEC64B,0.009209444444444445,3,Thursday,2,Thursday,2021-10-21 00:00:00+00:00,2021-10-28 00:00:00+00:00,True,4,1
c5ce5334731ab188e03a388eb82addf1,OFFLINE,2021-10-21 03:00:31.174000+00:00,2021-10-21 03:18:54.875000+00:00,78,07B,89,4E8E60427140A514537C374BAA698D32,0.01277431712962963,3,Thursday,3,Thursday,2021-10-21 00:00:00+00:00,2021-10-28 00:00:00+00:00,True,4,1
c0179895af3fe2c20a7c56e24f3c9d43,OFFLINE,2021-10-20 04:09:12.598000+00:00,2021-10-21 03:25:07.049000+00:00,78,300,72,08379264459A6EF0F8052CC20B9DD41F,0.9693802199074074,3,Thursday,4,Wednesday,2021-10-21 00:00:00+00:00,2021-10-28 00:00:00+00:00,True,4,1
94edac84eb85b876a053709d86bac268,ONLINE,2021-10-12 10:08:02.761000+00:00,2021-10-21 03:30:43.541000+00:00,78,1EF,82,5CD6463B9C20BA10DA25A431F2D844A6,8.724083101851852,3,Thursday,10,Tuesday,2021-10-21 00:00:00+00:00,2021-10-28 00:00:00+00:00,True,3,1
53806c4182dc766ea6b9917692775ab4,ONLINE,2021-10-20 18:55:31.063000+00:00,2021-10-21 03:49:59.826000+00:00,78,07B,273,B5BC37462B0785F740436790AE41D171,0.3711662384259259,3,Thursday,18,Wednesday,2021-10-21 00:00:00+00:00,2021-10-28 00:00:00+00:00,True,6,1
a5d633ac4c99a4d1eb30a26dfc65eb0a,OFFLINE,2021-10-09 08:51:32.408000+00:00,2021-10-21 03:52:45.154000+00:00,78,1EF,117,195FD095D9D7F47943113AF2CBCF9A75,11.79250863425926,3,Thursday,8,Saturday,2021-10-21 00:00:00+00:00,2021-10-28 00:00:00+00:00,True,3,1
8b4f52effa5b73956677ac9003f83420,OFFLINE,2021-10-21 03:56:13.917000+00:00,2021-10-21 04:23:29.311000+00:00,78,1EF,85,195FD095D9D7F47943113AF2CBCF9A75,0.018928171296296297,4,Thursday,3,Thursday,2021-10-21 00:00:00+00:00,2021-10-28 00:00:00+00:00,True,5,1
94f96d084b7f6bb342b12b577491fa19,ONLINE,2021-10-19 09:28:18.176000+00:00,2021-10-21 04:31:43.487000+00:00,78,300,74,E56AE16934A0D29EBF24915402A7E5ED,1.7940429513888887,4,Thursday,9,Tuesday,2021-10-21 00:00:00+00:00,2021-10-28 00:00:00+00:00,True,6,1
cd2172756121bc5a07d56e260366bbf2,OFFLINE,2021-10-19 09:48:32.942000+00:00,2021-10-21 04:32:12.470000+00:00,78,07B,112,56129BC950F9E18A9F5DF651D9D267D1,1.7803186111111111,4,Thursday,9,Tuesday,2021-10-21 00:00:00+00:00,2021-10-28 00:00:00+00:00,True,5,1
062593332bad06e10c2b6491b046ca23,ONLINE,2021-10-21 03:55:29.570000+00:00,2021-10-21 04:35:46.445000+00:00,78,300,124,C0DD698BE0C1EA71FA3045950BEEC64B,0.02797309027777778,4,Thursday,3,Thursday,2021-10-21 00:00:00+00:00,2021-10-28 00:00:00+00:00,True,1,0
5179dd6ac9fba495f2878450d890ff0d,OFFLINE,2021-10-19 02:53:11.067000+00:00,2021-10-21 04:37:26.840000+00:00,78,300,50,4FB52D1F31461850C15CC1C15A02931B,2.0724047800925924,4,Thursday,2,Tuesday,2021-10-21 00:00:00+00:00,2021-10-28 00:00:00+00:00,True,3,1
5dcdf202565d2e23cedb3d9361844ff7,OFFLINE,2021-10-21 03:54:07.644000+00:00,2021-10-21 04:47:37.511000+00:00,78,07B,208,EE735FFED3A6072D13A30636E658A03A,0.03715123842592593,4,Thursday,3,Thursday,2021-10-21 00:00:00+00:00,2021-10-28 00:00:00+00:00,True,4,1
42f06a5a39af0513bb8935ed4f5c709a,OFFLINE,2021-10-19 14:48:00.039000+00:00,2021-10-21 04:48:16.569000+00:00,78,07B,141,4E8E60427140A514537C374BAA698D32,1.5835246527777778,4,Thursday,14,Tuesday,2021-10-21 00:00:00+00:00,2021-10-28 00:00:00+00:00,True,4,1
9903e1de96bafcc5bc739fef081b5c37,OFFLINE,2021-10-20 16:44:29.887000+00:00,2021-10-21 04:49:55.274000+00:00,78,300,229,D3CEA8B57F07B785543EDB2058A190CE,0.5037660532407408,4,Thursday,16,Wednesday,2021-10-21 00:00:00+00:00,2021-10-28 00:00:00+00:00,True,4,1
e5dcbc4b32c3be2191226d758766ae90,ONLINE,2021-10-21 04:26:11.401000+00:00,2021-10-21 04:52:12.979000+00:00,78,300,113,7E701822D80EF10DEBEA008731637EA3,0.018073819444444444,4,Thursday,4,Thursday,2021-10-21 00:00:00+00:00,2021-10-28 00:00:00+00:00,True,1,0
34db4c937205ac2bda75347391bca354,OFFLINE,2021-10-21 04:40:21.194000+00:00,2021-10-21 04:57:30.289000+00:00,78,07B,86,2D9F8B5DDB0A7BD6F060DBAA34EC0CFF,0.01191082175925926,4,Thursday,4,Thursday,2021-10-21 00:00:00+00:00,2021-10-28 00:00:00+00:00,True,5,1
3cdb99c263d84ba6a2f89ad304756ebc,OFFLINE,2021-10-20 13:06:23.176000+00:00,2021-10-21 05:02:20.190000+00:00,78,07B,149,4E8E60427140A514537C374BAA698D32,0.6638543287037038,5,Thursday,13,Wednesday,2021-10-21 00:00:00+00:00,2021-10-28 00:00:00+00:00,True,5,1
c5fb5d73126b14c0435bf086044ad020,OFFLINE,2021-10-20 23:15:14.675000+00:00,2021-10-21 05:08:19.374000+00:00,78,07B,87,EEDD0125ADF9CD4325E56C39462533F5,0.24519327546296296,5,Thursday,23,Wednesday,2021-10-21 00:00:00+00:00,2021-10-28 00:00:00+00:00,True,3,1
0f553223260ac40c5e557274f8515d18,OFFLINE,2021-10-21 04:43:40.363000+00:00,2021-10-21 05:08:22.752000+00:00,78,07B,118,C142F51706DA139EC3DCAA250682C61A,0.01715728009259259,5,Thursday,4,Thursday,2021-10-21 00:00:00+00:00,2021-10-28 00:00:00+00:00,True,5,1
8728e501c54be935be6235f4ea9158f8,OFFLINE,2021-10-21 04:52:53.858000+00:00,2021-10-21 05:13:48.554000+00:00,78,07B,58,B5BC37462B0785F740436790AE41D171,0.014521944444444443,5,Thursday,4,Thursday,2021-10-21 00:00:00+00:00,2021-10-28 00:00:00+00:00,True,1,0
060a9dfc41111fb2199e01ece2a9828d,OFFLINE,2021-10-20 07:51:02.201000+00:00,2021-10-21 05:22:25.136000+00:00,78,07B,82,4E8E60427140A514537C374BAA698D32,0.8967932291666666,5,Thursday,7,Wednesday,2021-10-21 00:00:00+00:00,2021-10-28 00:00:00+00:00,True,6,1
6d407c900506a0490c6909d72060fd30,OFFLINE,2021-10-16 19:43:04.520000+00:00,2021-10-21 05:30:40.855000+00:00,78,07B,75,4ECC8B694F4BB262BDD4B0A85952B71A,4.40805943287037,5,Thursday,19,Saturday,2021-10-21 00:00:00+00:00,2021-10-28 00:00:00+00:00,True,5,1
7fac317c1836e375b5266064708ebf94,ONLINE,2021-10-21 05:13:20.047000+00:00,2021-10-21 05:31:34.734000+00:00,78,07B,260,10D023CEE6CC12F06C576EB33402E56B,0.012669988425925925,5,Thursday,5,Thursday,2021-10-21 00:00:00+00:00,2021-10-28 00:00:00+00:00,True,4,1
b38ecb1f43179171256e1bc38378d084,OFFLINE,2021-10-21 04:48:08.800000+00:00,2021-10-21 05:35:36.981000+00:00,78,300,175,D3CEA8B57F07B785543EDB2058A190CE,0.03296505787037037,5,Thursday,4,Thursday,2021-10-21 00:00:00+00:00,2021-10-28 00:00:00+00:00,True,2,0
c0fb6bc783c8446d4fef03bbb3a5f1ef,ONLINE,2021-10-14 13:50:20.304000+00:00,2021-10-21 05:36:20.448000+00:00,78,300,50,2CFC40A84BB49F39102A60211ED177E8,6.656946111111111,5,Thursday,13,Thursday,2021-10-21 00:00:00+00:00,2021-10-28 00:00:00+00:00,True,0,0
e54e342c589f96e5ee6d8ad137c34156,ONLINE,2021-10-17 18:16:26.386000+00:00,2021-10-21 05:43:44.476000+00:00,78,07B,94,4E8E60427140A514537C374BAA698D32,3.4772927083333336,5,Thursday,18,Sunday,2021-10-21 00:00:00+00:00,2021-10-28 00:00:00+00:00,True,1,0
b215da7a61ba90bb4ffb68119b48be4b,ONLINE,2021-10-20 19:04:45.945000+00:00,2021-10-21 05:48:35.252000+00:00,78,07B,51,294B021232C509826A57AC3136B8ABDD,0.4470984606481482,5,Thursday,19,Wednesday,2021-10-21 00:00:00+00:00,2021-10-28 00:00:00+00:00,True,2,0
ea4ba870461be17b3a6e99335e24e2fb,OFFLINE,2021-10-21 04:53:10.760000+00:00,2021-10-21 05:55:42.034000+00:00,78,07B,321,7A4560119B1440F826F97B91B425DABC,0.043417523148148146,5,Thursday,4,Thursday,2021-10-21 00:00:00+00:00,2021-10-28 00:00:00+00:00,True,3,1
cc23d8a1064fe3b21951e649995d6a34,OFFLINE,2021-10-21 05:51:24.068000+00:00,2021-10-21 06:22:28.996000+00:00,78,300,72,AF4F62D7ACE753F48C02D30A922CA5C2,0.021584814814814817,6,Thursday,5,Thursday,2021-10-21 00:00:00+00:00,2021-10-28 00:00:00+00:00,True,2,0
6371482040d466292f9e63faf79acd5f,OFFLINE,2021-10-21 06:14:29.786000+00:00,2021-10-21 06:40:03.761000+00:00,78,07B,123,EE735FFED3A6072D13A30636E658A03A,0.017754340277777777,6,Thursday,6,Thursday,2021-10-21 00:00:00+00:00,2021-10-28 00:00:00+00:00,True,3,1
ebd8e04fd85331cab35768b9d9e5b54e,ONLINE,2021-10-13 08:15:29.265000+00:00,2021-10-21 06:51:42.929000+00:00,78,07B,85,C142F51706DA139EC3DCAA250682C61A,7.941824814814814,6,Thursday,8,Wednesday,2021-10-21 00:00:00+00:00,2021-10-28 00:00:00+00:00,True,4,1
672798c2dfa7d76950892abd11998b4b,OFFLINE,2021-10-21 04:51:17.194000+00:00,2021-10-21 06:54:21.037000+00:00,78,07B,174,C142F51706DA139EC3DCAA250682C61A,0.08546114583333334,6,Thursday,4,Thursday,2021-10-21 00:00:00+00:00,2021-10-28 00:00:00+00:00,True,0,0
7a41892af3aeaddbab21c5c5d673c36c,ONLINE,2021-10-21 06:14:16.903000+00:00,2021-10-21 06:57:31.644000+00:00,78,300,60,4FB52D1F31461850C15CC1C15A02931B,0.030031724537037036,6,Thursday,6,Thursday,2021-10-21 00:00:00+00:00,2021-10-28 00:00:00+00:00,True,5,1
1ccfb43ce442b7bf53bbb8a4534edac5,OFFLINE,2021-10-20 11:16:22.466000+00:00,2021-10-21 07:00:44.262000+00:00,78,1EF,86,F11BA079658F860875013A84EC1AEA2B,0.8224744907407407,7,Thursday,11,Wednesday,2021-10-21 00:00:00+00:00,2021-10-28 00:00:00+00:00,True,3,1
107f50c13a37b53f5e1c150b1570b855,OFFLINE,2021-10-20 13:47:10.310000+00:00,2021-10-21 07:07:56.383000+00:00,78,07B,94,729470E813F48EEAB42A800818FDC08E,0.722755474537037,7,Thursday,13,Wednesday,2021-10-21 00:00:00+00:00,2021-10-28 00:00:00+00:00,True,1,0
0c527338d6491b90431463a6162bcef3,OFFLINE,2021-10-20 11:10:22.917000+00:00,2021-10-21 07:54:28.770000+00:00,78,07B,139,10D023CEE6CC12F06C576EB33402E56B,0.8639566319444445,7,Thursday,11,Wednesday,2021-10-21 00:00:00+00:00,2021-10-28 00:00:00+00:00,True,5,1
b0c96e1c30b92c6ee7b7bb880d313eab,OFFLINE,2021-10-20 18:36:25.438000+00:00,2021-10-21 07:58:47.845000+00:00,78,07B,91,EE735FFED3A6072D13A30636E658A03A,0.5572037847222222,7,Thursday,18,Wednesday,2021-10-21 00:00:00+00:00,2021-10-28 00:00:00+00:00,True,2,0
1cfe480b7f6ffa173065082bc0ccc171,ONLINE,2021-10-16 06:05:20.354000+00:00,2021-10-21 08:09:07.785000+00:00,78,07B,56,EE735FFED3A6072D13A30636E658A03A,5.085965636574074,8,Thursday,6,Saturday,2021-10-21 00:00:00+00:00,2021-10-28 00:00:00+00:00,True,3,1
4dfde6fa7c44eed6420bb93b023f8f7b,ONLINE,2021-10-20 14:26:31.304000+00:00,2021-10-21 08:10:51.327000+00:00,78,07B,86,EE735FFED3A6072D13A30636E658A03A,0.7391206365740741,8,Thursday,14,Wednesday,2021-10-21 00:00:00+00:00,2021-10-28 00:00:00+00:00,True,4,1
42cc5d2e3c9294feb6c91b72d4ce5abb,ONLINE,2021-10-21 06:43:28.591000+00:00,2021-10-21 08:19:24.527000+00:00,78,1EF,98,740CB1CA2BD83B3276B092195A6EB883,0.06661962962962963,8,Thursday,6,Thursday,2021-10-21 00:00:00+00:00,2021-10-28 00:00:00+00:00,True,7,1
68d51925ff608159d4f948fa455e1f4e,OFFLINE,2021-10-19 10:51:50.244000+00:00,2021-10-21 08:22:31.418000+00:00,78,300,104,56C3843EA0BAA7B2438B58CFC2BBD0FF,1.8963098842592592,8,Thursday,10,Tuesday,2021-10-21 00:00:00+00:00,2021-10-28 00:00:00+00:00,True,4,1
dc1207837150e3c0d73394df2ab9bc55,OFFLINE,2021-10-21 07:47:36.283000+00:00,2021-10-21 08:28:45.961000+00:00,78,1EF,60,7B36B12A4C581DFCF8BF406AECA45564,0.02858423611111111,8,Thursday,7,Thursday,2021-10-21 00:00:00+00:00,2021-10-28 00:00:00+00:00,True,5,1
c9ce6639381d39b49158defbdcd7e653,OFFLINE,2021-10-21 06:24:12.832000+00:00,2021-10-21 08:35:48.527000+00:00,78,07B,132,294B021232C509826A57AC3136B8ABDD,0.09138535879629629,8,Thursday,6,Thursday,2021-10-21 00:00:00+00:00,2021-10-28 00:00:00+00:00,True,6,1
41dcdb4c4f1e8b28f61d0199845ca755,ONLINE,2021-10-10 02:54:27.137000+00:00,2021-10-21 08:42:40.189000+00:00,78,1EF,74,2C10D809ABD31810F4E95F4E500EFA7E,11.241817731481481,8,Thursday,2,Sunday,2021-10-21 00:00:00+00:00,2021-10-28 00:00:00+00:00,True,3,1
c0c4640cd2a25ad7f2842d75512f7bac,OFFLINE,2021-10-16 10:53:42.452000+00:00,2021-10-21 08:48:55.580000+00:00,78,07B,66,4ECC8B694F4BB262BDD4B0A85952B71A,4.913346388888889,8,Thursday,10,Saturday,2021-10-21 00:00:00+00:00,2021-10-28 00:00:00+00:00,True,6,1
309879e85fc945f41f1925afbab26c91,OFFLINE,2021-10-20 19:46:26.215000+00:00,2021-10-21 09:13:21.108000+00:00,78,07B,105,10D023CEE6CC12F06C576EB33402E56B,0.5603575578703703,9,Thursday,19,Wednesday,2021-10-21 00:00:00+00:00,2021-10-28 00:00:00+00:00,True,0,0
d0b649b7d0b0e0483ad23ec4b41a8efa,OFFLINE,2021-10-20 13:33:56.133000+00:00,2021-10-21 09:17:03.714000+00:00,78,07B,65,EEDD0125ADF9CD4325E56C39462533F5,0.8216155208333334,9,Thursday,13,Wednesday,2021-10-21 00:00:00+00:00,2021-10-28 00:00:00+00:00,True,5,1
8fccccb5c6b5720d8db77febcc248cd1,ONLINE,2021-10-08 10:33:47.294000+00:00,2021-10-21 09:17:18.504000+00:00,78,1EF,104,F066DEFF7409FE06BB3F4539FBDF12A4,12.946889004629629,9,Thursday,10,Friday,2021-10-21 00:00:00+00:00,2021-10-28 00:00:00+00:00,True,0,0
b52aa9035ad49f1baa8df0abdf78833c,OFFLINE,2021-10-16 10:19:11.301000+00:00,2021-10-21 09:25:54.489000+00:00,78,300,50,09B36CB8AB7325477B80E99BE8FB2D02,4.962999861111111,9,Thursday,10,Saturday,2021-10-21 00:00:00+00:00,2021-10-28 00:00:00+00:00,True,3,1
e1c65ba40b393ba9d84ba42172892e19,ONLINE,2021-10-19 20:25:44.888000+00:00,2021-10-21 09:34:40.605000+00:00,78,07B,115,EE735FFED3A6072D13A30636E658A03A,1.5478670949074074,9,Thursday,20,Tuesday,2021-10-21 00:00:00+00:00,2021-10-28 00:00:00+00:00,True,4,1
2689bb37a4ec67472f96d8fcaea502fe,ONLINE,2021-10-21 08:41:57.011000+00:00,2021-10-21 09:37:24.497000+00:00,78,300,96,94C983E37A80A8F9558244120E5293B3,0.03851256944444444,9,Thursday,8,Thursday,2021-10-21 00:00:00+00:00,2021-10-28 00:00:00+00:00,True,4,1
c33d570d2e1f55c6b5660071f45879f4,OFFLINE,2021-10-16 06:55:04.499000+00:00,2021-10-21 09:39:06.636000+00:00,78,1EF,92,BB2033CE2FA4822C957B37DEB445B32C,5.113913622685185,9,Thursday,6,Saturday,2021-10-21 00:00:00+00:00,2021-10-28 00:00:00+00:00,True,0,0
a7f90cc5f06f74f87438078c9c2d11f6,ONLINE,2021-10-20 20:23:16.775000+00:00,2021-10-21 09:59:14.571000+00:00,78,1EF,161,38BB76CCFDD8129EF62B3AF5480605C7,0.5666411574074074,9,Thursday,20,Wednesday,2021-10-21 00:00:00+00:00,2021-10-28 00:00:00+00:00,True,5,1
987c58426e1771b1fd2fde58bb64a953,ONLINE,2021-10-10 11:36:53.873000+00:00,2021-10-21 10:11:04.998000+00:00,78,07B,103,3B56EC028568E71AF10B3360787CD0BC,10.940406539351851,10,Thursday,11,Sunday,2021-10-21 00:00:00+00:00,2021-10-28 00:00:00+00:00,True,4,1
0e7090a6d2b59678671dea8543e0d9e8,OFFLINE,2021-10-21 07:37:00.384000+00:00,2021-10-21 10:27:37.286000+00:00,78,300,52,08379264459A6EF0F8052CC20B9DD41F,0.11848266203703704,10,Thursday,7,Thursday,2021-10-21 00:00:00+00:00,2021-10-28 00:00:00+00:00,True,1,0
72db95a553a610cabcf51953c9ce20e6,OFFLINE,2021-10-21 10:32:58.662000+00:00,2021-10-21 10:38:45.665000+00:00,78,300,48,3C9A38041319FDC1296E25999C70C4DA,0.004016238425925926,10,Thursday,10,Thursday,2021-10-21 00:00:00+00:00,2021-10-28 00:00:00+00:00,True,4,1
c8c0ca6fe0ca51f40b2135656387a3f4,ONLINE,2021-10-03 05:02:04.216000+00:00,2021-10-21 10:44:09.643000+00:00,78,07B,200,2CF9D19CE125793D17A0B4C371AB7AFD,18.2375628125,10,Thursday,5,Sunday,2021-10-21 00:00:00+00:00,2021-10-28 00:00:00+00:00,True,5,1
eadd67d23a27dacd39ed6fa5f2e78caf,OFFLINE,2021-10-21 09:43:35.569000+00:00,2021-10-21 10:49:07.091000+00:00,78,300,61,09B36CB8AB7325477B80E99BE8FB2D02,0.045503726851851854,10,Thursday,9,Thursday,2021-10-21 00:00:00+00:00,2021-10-28 00:00:00+00:00,True,1,0
92a81dfff4bddc0872fce7fb010f59e2,OFFLINE,2021-10-21 10:43:33.455000+00:00,2021-10-21 11:03:02.079000+00:00,78,300,110,364A975FE43F5678164266B2B0E8A237,0.013525740740740741,11,Thursday,10,Thursday,2021-10-21 00:00:00+00:00,2021-10-28 00:00:00+00:00,True,1,0
5a57d03d6d045d3d7677df6295d07d09,OFFLINE,2021-10-21 10:43:01.113000+00:00,2021-10-21 11:05:24.300000+00:00,78,1EF,105,7B36B12A4C581DFCF8BF406AECA45564,0.015546145833333332,11,Thursday,10,Thursday,2021-10-21 00:00:00+00:00,2021-10-28 00:00:00+00:00,True,2,0
29ace9d30e834cd448c5fa7b4a997d7e,OFFLINE,2021-10-21 10:06:11.713000+00:00,2021-10-21 11:05:36.720000+00:00,78,1EF,60,740CB1CA2BD83B3276B092195A6EB883,0.041261655092592595,11,Thursday,10,Thursday,2021-10-21 00:00:00+00:00,2021-10-28 00:00:00+00:00,True,0,0
c8d7007e5e0021271b2a0fff3bf311b5,OFFLINE,2021-10-20 18:42:21.064000+00:00,2021-10-21 11:10:00.400000+00:00,78,07B,170,B79C3A36345A4588BD73EBFFC22B9D01,0.6858719444444444,11,Thursday,18,Wednesday,2021-10-21 00:00:00+00:00,2021-10-28 00:00:00+00:00,True,5,1
bff2cab712ecb77b4b73aa246c6a3cda,ONLINE,2021-10-21 11:04:16.579000+00:00,2021-10-21 11:30:42.565000+00:00,78,300,60,364A975FE43F5678164266B2B0E8A237,0.018356319444444446,11,Thursday,11,Thursday,2021-10-21 00:00:00+00:00,2021-10-28 00:00:00+00:00,True,3,1
e82d500d6460e5fca044e6769721d624,OFFLINE,2021-10-15 08:38:00.470000+00:00,2021-10-21 11:33:51.039000+00:00,78,07B,50,EEDD0125ADF9CD4325E56C39462533F5,6.1221130671296295,11,Thursday,8,Friday,2021-10-21 00:00:00+00:00,2021-10-28 00:00:00+00:00,True,2,0
69e73ebbd322e9c5c381a90742bb157b,OFFLINE,2021-10-20 23:30:45.266000+00:00,2021-10-21 11:36:26.368000+00:00,78,07B,162,B79C3A36345A4588BD73EBFFC22B9D01,0.5039479398148148,11,Thursday,23,Wednesday,2021-10-21 00:00:00+00:00,2021-10-28 00:00:00+00:00,True,1,0
11ea60686e8fb4363a0e860a2901d9c8,OFFLINE,2021-10-21 10:53:47.991000+00:00,2021-10-21 11:39:38.733000+00:00,78,07B,192,294B021232C509826A57AC3136B8ABDD,0.03183729166666667,11,Thursday,10,Thursday,2021-10-21 00:00:00+00:00,2021-10-28 00:00:00+00:00,True,3,1
d23a7d397e4f22974a0f933aeaad745d,OFFLINE,2021-10-12 14:10:25.313000+00:00,2021-10-21 12:05:28.734000+00:00,78,1EF,115,740CB1CA2BD83B3276B092195A6EB883,8.91323403935185,12,Thursday,14,Tuesday,2021-10-21 00:00:00+00:00,2021-10-28 00:00:00+00:00,True,0,0
7e5de07ddfc0ef5153adfdb28ed96a6f,OFFLINE,2021-10-21 08:01:37.702000+00:00,2021-10-21 12:10:25.996000+00:00,78,1EF,66,F11BA079658F860875013A84EC1AEA2B,0.17278118055555555,12,Thursday,8,Thursday,2021-10-21 00:00:00+00:00,2021-10-28 00:00:00+00:00,True,1,0
3279c3791a6c7f651019e9c88c922fa2,ONLINE,2021-10-21 12:32:08.038000+00:00,2021-10-21 13:04:37.787000+00:00,78,07B,50,4E8E60427140A514537C374BAA698D32,0.022566539351851853,13,Thursday,12,Thursday,2021-10-21 00:00:00+00:00,2021-10-28 00:00:00+00:00,True,3,1
4296356cb66f6d180f6898b2fa63d2e3,OFFLINE,2021-10-21 11:32:04.819000+00:00,2021-10-21 13:08:49.490000+00:00,78,1EF,60,7B36B12A4C581DFCF8BF406AECA45564,0.06718369212962963,13,Thursday,11,Thursday,2021-10-21 00:00:00+00:00,2021-10-28 00:00:00+00:00,True,0,0
52242ed7695190cd6832ac442a5df46a,ONLINE,2021-10-20 13:06:49.801000+00:00,2021-10-21 13:11:01.649000+00:00,78,07B,108,2D9F8B5DDB0A7BD6F060DBAA34EC0CFF,1.0029149074074073,13,Thursday,13,Wednesday,2021-10-21 00:00:00+00:00,2021-10-28 00:00:00+00:00,True,6,1
7f7138edd96c841c0f28e3604da19143,OFFLINE,2021-10-18 16:08:47.388000+00:00,2021-10-21 13:17:42.607000+00:00,78,07B,59,4ECC8B694F4BB262BDD4B0A85952B71A,2.881194664351852,13,Thursday,16,Monday,2021-10-21 00:00:00+00:00,2021-10-28 00:00:00+00:00,True,4,1
9fe687feac0192d5c521199746e82c80,OFFLINE,2021-10-20 17:00:08.945000+00:00,2021-10-21 13:20:11.076000+00:00,78,07B,87,294B021232C509826A57AC3136B8ABDD,0.847246886574074,13,Thursday,17,Wednesday,2021-10-21 00:00:00+00:00,2021-10-28 00:00:00+00:00,True,4,1
16b5f8d1d229ff284207deb044f6544f,OFFLINE,2021-10-21 12:58:57.162000+00:00,2021-10-21 13:27:40.233000+00:00,78,07B,105,294B021232C509826A57AC3136B8ABDD,0.019942951388888887,13,Thursday,12,Thursday,2021-10-21 00:00:00+00:00,2021-10-28 00:00:00+00:00,True,4,1
e1d0e3daafa8bc8b58548bfd588b95d9,OFFLINE,2021-10-21 09:15:50.672000+00:00,2021-10-21 13:38:38.545000+00:00,78,300,86,E2F9517E4B924224FB308023E6149775,0.1824985300925926,13,Thursday,9,Thursday,2021-10-21 00:00:00+00:00,2021-10-28 00:00:00+00:00,True,3,1
047160d11505fc7fdaadf192028b6a35,OFFLINE,2021-10-21 13:14:44.425000+00:00,2021-10-21 13:51:48.095000+00:00,78,07B,128,2CF9D19CE125793D17A0B4C371AB7AFD,0.025736921296296296,13,Thursday,13,Thursday,2021-10-21 00:00:00+00:00,2021-10-28 00:00:00+00:00,True,2,0
0e64a18eb2ca228b98e682401729ffa7,ONLINE,2021-10-21 11:50:27.124000+00:00,2021-10-21 14:01:52.173000+00:00,78,300,118,F01C49A6AA0D833D3333DEA9AC883637,0.0912621412037037,14,Thursday,11,Thursday,2021-10-21 00:00:00+00:00,2021-10-28 00:00:00+00:00,True,4,1
b7fcf57bc8ef279449b6868bce66eb53,OFFLINE,2021-10-21 13:43:43.740000+00:00,2021-10-21 14:05:25.011000+00:00,78,07B,89,EEDD0125ADF9CD4325E56C39462533F5,0.015061006944444445,14,Thursday,13,Thursday,2021-10-21 00:00:00+00:00,2021-10-28 00:00:00+00:00,True,6,1
ed5b4ab5de31d72cac43fdf88a98683e,ONLINE,2021-10-18 14:48:22.716000+00:00,2021-10-21 14:10:23.680000+00:00,78,07B,64,EEDD0125ADF9CD4325E56C39462533F5,2.9736222685185187,14,Thursday,14,Monday,2021-10-21 00:00:00+00:00,2021-10-28 00:00:00+00:00,True,5,1
bede1d3cf9d394561bd03a2484c6772a,OFFLINE,2021-10-21 14:15:40.802000+00:00,2021-10-21 14:29:55.403000+00:00,88,1EF,329,7B36B12A4C581DFCF8BF406AECA45564,0.009891215277777778,14,Thursday,14,Thursday,2021-10-21 00:00:00+00:00,2021-10-28 00:00:00+00:00,True,1,0
12491e7a0f26d90920a66ed207f5ca6b,OFFLINE,2021-10-18 08:48:17.142000+00:00,2021-10-21 14:41:15.315000+00:00,78,07B,160,C142F51706DA139EC3DCAA250682C61A,3.245117743055556,14,Thursday,8,Monday,2021-10-21 00:00:00+00:00,2021-10-28 00:00:00+00:00,True,2,0
21bee062763c53aa4fd0482fb37239e4,OFFLINE,2021-10-21 08:40:56.215000+00:00,2021-10-21 14:42:07.095000+00:00,78,07B,96,4ECC8B694F4BB262BDD4B0A85952B71A,0.25082037037037036,14,Thursday,8,Thursday,2021-10-21 00:00:00+00:00,2021-10-28 00:00:00+00:00,True,6,1
0496e548ef0a1b09ff82b945c12f00f2,OFFLINE,2021-10-21 14:34:23.327000+00:00,2021-10-21 14:54:09.227000+00:00,78,07B,78,EE735FFED3A6072D13A30636E658A03A,0.013725694444444445,14,Thursday,14,Thursday,2021-10-21 00:00:00+00:00,2021-10-28 00:00:00+00:00,True,6,1
8c63ab0c45a72c3f11da7d4920cf1089,OFFLINE,2021-10-21 14:51:54.683000+00:00,2021-10-21 15:12:06.684000+00:00,78,300,92,2630D6FC6433A9A4C1C906C0D64BDDE1,0.014027789351851852,15,Thursday,14,Thursday,2021-10-21 00:00:00+00:00,2021-10-28 00:00:00+00:00,True,1,0
3f34693a90bec8045f7421fa83654970,ONLINE,2021-10-21 14:42:47.946000+00:00,2021-10-21 15:12:22.739000+00:00,78,300,90,7E701822D80EF10DEBEA008731637EA3,0.020541585648148147,15,Thursday,14,Thursday,2021-10-21 00:00:00+00:00,2021-10-28 00:00:00+00:00,True,1,0
e66dc28bf0a4f5186daff10eaa1056c8,OFFLINE,2021-10-21 05:02:53.371000+00:00,2021-10-21 15:26:33.386000+00:00,78,07B,173,3B56EC028568E71AF10B3360787CD0BC,0.43310202546296295,15,Thursday,5,Thursday,2021-10-21 00:00:00+00:00,2021-10-28 00:00:00+00:00,True,4,1
05544a1e6ec2782bb5d3ee6af4757568,OFFLINE,2021-10-21 15:21:10.195000+00:00,2021-10-21 15:31:13.825000+00:00,78,07B,68,4ECC8B694F4BB262BDD4B0A85952B71A,0.006986458333333333,15,Thursday,15,Thursday,2021-10-21 00:00:00+00:00,2021-10-28 00:00:00+00:00,True,2,0
a15bb5ada6f0908eb5567616631cfdb6,OFFLINE,2021-10-18 14:23:59.237000+00:00,2021-10-21 15:33:33.351000+00:00,78,1EF,125,4DF70D744AB4B2076706A37F1EBAC6B9,3.0483115046296296,15,Thursday,14,Monday,2021-10-21 00:00:00+00:00,2021-10-28 00:00:00+00:00,True,6,1
1c90ec4a042207154d7b56084d711e2f,ONLINE,2021-10-21 12:41:51.679000+00:00,2021-10-21 15:34:13.949000+00:00,78,07B,153,EEDD0125ADF9CD4325E56C39462533F5,0.11970219907407408,15,Thursday,12,Thursday,2021-10-21 00:00:00+00:00,2021-10-28 00:00:00+00:00,True,2,0
471b000185b49ef3f520c15b9944aca7,ONLINE,2021-10-14 06:56:35.114000+00:00,2021-10-21 15:34:32.740000+00:00,78,1EF,127,38BB76CCFDD8129EF62B3AF5480605C7,7.359694745370371,15,Thursday,6,Thursday,2021-10-21 00:00:00+00:00,2021-10-28 00:00:00+00:00,True,1,0
207759f90f804ab568ec2adb3cfb3060,OFFLINE,2021-10-20 15:09:16.329000+00:00,2021-10-21 15:37:47.916000+00:00,78,300,115,08379264459A6EF0F8052CC20B9DD41F,1.0198100347222223,15,Thursday,15,Wednesday,2021-10-21 00:00:00+00:00,2021-10-28 00:00:00+00:00,True,4,1
791c2b6e5e5057dfcfd1e39eb7537c00,ONLINE,2021-10-16 22:06:58.969000+00:00,2021-10-21 16:01:40.133000+00:00,78,07B,78,EE735FFED3A6072D13A30636E658A03A,4.746309768518518,16,Thursday,22,Saturday,2021-10-21 00:00:00+00:00,2021-10-28 00:00:00+00:00,True,2,0
ee9c1f05ebe3b2c4d3787985a0bd17b2,ONLINE,2021-10-21 16:07:11.342000+00:00,2021-10-21 16:22:20.852000+00:00,78,1EF,84,740CB1CA2BD83B3276B092195A6EB883,0.010526736111111112,16,Thursday,16,Thursday,2021-10-21 00:00:00+00:00,2021-10-28 00:00:00+00:00,True,6,1
a2846d35c9ec412f5f4626ba524401ec,OFFLINE,2021-10-21 16:04:36.913000+00:00,2021-10-21 16:52:07.743000+00:00,78,300,180,09B36CB8AB7325477B80E99BE8FB2D02,0.032995717592592594,16,Thursday,16,Thursday,2021-10-21 00:00:00+00:00,2021-10-28 00:00:00+00:00,True,6,1
d15dd5b3b1ccfa9269b6aad199c818dd,ONLINE,2021-10-21 16:03:06.470000+00:00,2021-10-21 16:59:54.348000+00:00,78,300,149,08379264459A6EF0F8052CC20B9DD41F,0.03944303240740741,16,Thursday,16,Thursday,2021-10-21 00:00:00+00:00,2021-10-28 00:00:00+00:00,True,0,0
7e025d1ae436933947b4c48e5210c93c,OFFLINE,2021-10-20 02:54:02.298000+00:00,2021-10-21 17:20:31.616000+00:00,78,300,50,E72C918BA3470A8671982E069981B9C8,1.6017282175925927,17,Thursday,2,Wednesday,2021-10-21 00:00:00+00:00,2021-10-28 00:00:00+00:00,True,1,0
741cc665815812a93c2ca1584dd4c2d9,OFFLINE,2021-10-21 16:13:25.546000+00:00,2021-10-21 17:27:01.944000+00:00,88,300,100,E56AE16934A0D29EBF24915402A7E5ED,0.05111571759259259,17,Thursday,16,Thursday,2021-10-21 00:00:00+00:00,2021-10-28 00:00:00+00:00,True,3,1
37c54ba2d2d7d4fb27b3d961efd1e877,OFFLINE,2021-10-21 17:17:22.833000+00:00,2021-10-21 17:31:27.744000+00:00,78,1EF,76,4DF70D744AB4B2076706A37F1EBAC6B9,0.0097790625,17,Thursday,17,Thursday,2021-10-21 00:00:00+00:00,2021-10-28 00:00:00+00:00,True,1,0
8b6cdf0db88aeb396da40cf0ee5b08f9,ONLINE,2021-10-21 17:20:39.393000+00:00,2021-10-21 17:36:29.414000+00:00,78,1EF,60,740CB1CA2BD83B3276B092195A6EB883,0.010995613425925926,17,Thursday,17,Thursday,2021-10-21 00:00:00+00:00,2021-10-28 00:00:00+00:00,True,3,1
6d5276bd5ae6d96f7badadbbbbe5a000,ONLINE,2021-10-21 17:32:26.059000+00:00,2021-10-21 17:51:04.002000+00:00,78,07B,150,EE735FFED3A6072D13A30636E658A03A,0.012939155092592592,17,Thursday,17,Thursday,2021-10-21 00:00:00+00:00,2021-10-28 00:00:00+00:00,True,3,1
c33e9f8e28e3c107fa1eebd4789c6153,OFFLINE,2021-10-17 11:10:12.752000+00:00,2021-10-21 18:03:06.533000+00:00,78,1EF,60,F53472DBCC26A0D6A6D02DDAAB396785,4.286733576388889,18,Thursday,11,Sunday,2021-10-21 00:00:00+00:00,2021-10-28 00:00:00+00:00,True,1,0
888535b65afbfbe5dd94fc9ca471058e,OFFLINE,2021-10-21 17:54:03.488000+00:00,2021-10-21 18:14:00.905000+00:00,79,300,135,E56AE16934A0D29EBF24915402A7E5ED,0.013858993055555555,18,Thursday,17,Thursday,2021-10-21 00:00:00+00:00,2021-10-28 00:00:00+00:00,True,3,1
065b2370cc0e15f364bf39dbc9b12362,OFFLINE,2021-10-20 01:55:47.188000+00:00,2021-10-21 18:16:17.394000+00:00,78,300,50,B6563BC197C1D5F0381754909937C28F,1.680905162037037,18,Thursday,1,Wednesday,2021-10-21 00:00:00+00:00,2021-10-28 00:00:00+00:00,True,1,0
fab07cc2094ece0a78e0293c706ee0cf,ONLINE,2021-10-21 18:05:43.221000+00:00,2021-10-21 18:36:16.041000+00:00,78,300,50,A85A33858C7BB0DCE962E99B2E79BBC4,0.021213194444444444,18,Thursday,18,Thursday,2021-10-21 00:00:00+00:00,2021-10-28 00:00:00+00:00,True,0,0
1c2b1b8285014ff6571c5d518e43dee9,ONLINE,2021-10-21 09:00:54.929000+00:00,2021-10-21 18:56:36.452000+00:00,78,1EF,60,4DF70D744AB4B2076706A37F1EBAC6B9,0.4136750347222222,18,Thursday,9,Thursday,2021-10-21 00:00:00+00:00,2021-10-28 00:00:00+00:00,True,3,1
b76f99ceb9047b406d62e1e50000a368,OFFLINE,2021-10-21 19:42:42.655000+00:00,2021-10-21 20:22:54.117000+00:00,78,07B,105,4E8E60427140A514537C374BAA698D32,0.027910439814814815,20,Thursday,19,Thursday,2021-10-21 00:00:00+00:00,2021-10-28 00:00:00+00:00,True,0,0
e1b76714568ae9665d1a2314a12f17d6,ONLINE,2021-10-21 20:44:55.413000+00:00,2021-10-21 21:13:14.646000+00:00,78,07B,57,2D9F8B5DDB0A7BD6F060DBAA34EC0CFF,0.01966704861111111,21,Thursday,20,Thursday,2021-10-21 00:00:00+00:00,2021-10-28 00:00:00+00:00,True,5,1
573210f2dfc1e72d4f5efe6cbec4607c,ONLINE,2021-10-22 00:26:18.765000+00:00,2021-10-22 00:50:19.015000+00:00,78,1EF,66,38BB76CCFDD8129EF62B3AF5480605C7,0.016669560185185187,0,Friday,0,Friday,2021-10-22 00:00:00+00:00,2021-10-29 00:00:00+00:00,True,5,1
1a6e2f0ca24d7b070ff732000cfaf783,OFFLINE,2021-10-19 06:12:23.884000+00:00,2021-10-22 02:45:09.225000+00:00,78,1EF,78,0668909560B9D2AF8FDA5489BCAA5FFF,2.856080335648148,2,Friday,6,Tuesday,2021-10-22 00:00:00+00:00,2021-10-29 00:00:00+00:00,True,0,0
59962454a47dc8843f73b6e76e23209e,OFFLINE,2021-10-20 16:02:22.983000+00:00,2021-10-22 02:52:49.398000+00:00,78,07B,75,56129BC950F9E18A9F5DF651D9D267D1,1.4516946180555554,2,Friday,16,Wednesday,2021-10-22 00:00:00+00:00,2021-10-29 00:00:00+00:00,True,2,0
7be42657d48f0448931a544e727c3a95,OFFLINE,2021-10-17 11:44:32.141000+00:00,2021-10-22 02:52:57.473000+00:00,78,1EF,106,195FD095D9D7F47943113AF2CBCF9A75,4.63084875,2,Friday,11,Sunday,2021-10-22 00:00:00+00:00,2021-10-29 00:00:00+00:00,True,4,1
1fda7c18a9cf9361aecaa152c42d2720,OFFLINE,2021-10-22 02:52:53.650000+00:00,2021-10-22 03:15:13.458000+00:00,78,300,58,D3CEA8B57F07B785543EDB2058A190CE,0.015507037037037036,3,Friday,2,Friday,2021-10-22 00:00:00+00:00,2021-10-29 00:00:00+00:00,True,2,0
c02d8fccb568750933cc1166e9f9e03d,OFFLINE,2021-10-22 02:42:33.442000+00:00,2021-10-22 03:19:34.633000+00:00,90,300,117,D3CEA8B57F07B785543EDB2058A190CE,0.025708229166666666,3,Friday,2,Friday,2021-10-22 00:00:00+00:00,2021-10-29 00:00:00+00:00,True,5,1
25baa8ac14cc8bee9cd623611c115600,ONLINE,2021-10-22 03:16:10.739000+00:00,2021-10-22 03:29:45.510000+00:00,78,1EF,75,08A9B54E00545ECCD369B8E5D2692E9F,0.009430219907407406,3,Friday,3,Friday,2021-10-22 00:00:00+00:00,2021-10-29 00:00:00+00:00,True,4,1
908b00db87a99f60d2a65485a16bbe38,OFFLINE,2021-10-22 03:21:58.590000+00:00,2021-10-22 03:50:36.674000+00:00,78,1EF,60,1162FF15A2450469905B590D62F7746E,0.019885231481481483,3,Friday,3,Friday,2021-10-22 00:00:00+00:00,2021-10-29 00:00:00+00:00,True,2,0
4aa3735f8b31aadc0ee507d0c1699322,OFFLINE,2021-10-22 03:49:20.066000+00:00,2021-10-22 04:10:57.955000+00:00,78,07B,113,294B021232C509826A57AC3136B8ABDD,0.015021863425925925,4,Friday,3,Friday,2021-10-22 00:00:00+00:00,2021-10-29 00:00:00+00:00,True,4,1
d4cb20f3896958be6332d6fcc10b9164,ONLINE,2021-10-09 10:24:24.745000+00:00,2021-10-22 04:17:16.994000+00:00,78,1EF,131,4DF70D744AB4B2076706A37F1EBAC6B9,12.745049178240741,4,Friday,10,Saturday,2021-10-22 00:00:00+00:00,2021-10-29 00:00:00+00:00,True,3,1
1963e2b9647667bfe983074243d8a891,OFFLINE,2021-10-21 14:08:01.641000+00:00,2021-10-22 04:20:54.400000+00:00,78,07B,98,EEDD0125ADF9CD4325E56C39462533F5,0.5922773032407407,4,Friday,14,Thursday,2021-10-22 00:00:00+00:00,2021-10-29 00:00:00+00:00,True,7,1
65566099f1d4ad94fd1c3d91dc4ac17d,OFFLINE,2021-10-22 04:23:44.641000+00:00,2021-10-22 04:29:09.127000+00:00,78,1EF,98,7B36B12A4C581DFCF8BF406AECA45564,0.003755625,4,Friday,4,Friday,2021-10-22 00:00:00+00:00,2021-10-29 00:00:00+00:00,True,3,1
0a3b75f7bdd95eca0f515e25dc678138,OFFLINE,2021-10-21 12:48:29.817000+00:00,2021-10-22 04:31:43.466000+00:00,78,07B,94,10D023CEE6CC12F06C576EB33402E56B,0.6550190856481481,4,Friday,12,Thursday,2021-10-22 00:00:00+00:00,2021-10-29 00:00:00+00:00,True,4,1
73e7047bb8a292777308b5bf5fa48435,OFFLINE,2021-10-21 03:41:08.721000+00:00,2021-10-22 04:35:20.340000+00:00,78,300,156,7E701822D80EF10DEBEA008731637EA3,1.0376344791666667,4,Friday,3,Thursday,2021-10-22 00:00:00+00:00,2021-10-29 00:00:00+00:00,True,1,0
e1c1008263d40538e9affd569a9a1f08,OFFLINE,2021-10-22 05:07:44.611000+00:00,2021-10-22 05:38:58.433000+00:00,78,300,85,E56AE16934A0D29EBF24915402A7E5ED,0.02168775462962963,5,Friday,5,Friday,2021-10-22 00:00:00+00:00,2021-10-29 00:00:00+00:00,True,0,0
9b862b42047ce95286edf6dbc3f3f879,OFFLINE,2021-10-22 05:38:41.168000+00:00,2021-10-22 06:06:08.039000+00:00,78,1EF,111,4DF70D744AB4B2076706A37F1EBAC6B9,0.019061006944444445,6,Friday,5,Friday,2021-10-22 00:00:00+00:00,2021-10-29 00:00:00+00:00,True,5,1
bf422eb448375643a32cca80427314f2,ONLINE,2021-10-21 15:40:03.157000+00:00,2021-10-22 06:09:49.703000+00:00,78,1EF,93,4DF70D744AB4B2076706A37F1EBAC6B9,0.604010949074074,6,Friday,15,Thursday,2021-10-22 00:00:00+00:00,2021-10-29 00:00:00+00:00,True,3,1
8879eaebaac47c06585f10f32a0f55e6,OFFLINE,2021-10-21 05:50:37.189000+00:00,2021-10-22 06:16:08.012000+00:00,78,300,94,3C9A38041319FDC1296E25999C70C4DA,1.0177178587962963,6,Friday,5,Thursday,2021-10-22 00:00:00+00:00,2021-10-29 00:00:00+00:00,True,0,0
2e93a169f03806f55973ffb3b6c9e036,ONLINE,2021-10-20 16:53:43.462000+00:00,2021-10-22 06:21:34.454000+00:00,78,07B,206,EE735FFED3A6072D13A30636E658A03A,1.5610068518518518,6,Friday,16,Wednesday,2021-10-22 00:00:00+00:00,2021-10-29 00:00:00+00:00,True,5,1
79907773b289b604a1ccf3f2cc04a6ab,OFFLINE,2021-10-21 18:44:22.634000+00:00,2021-10-22 06:30:25.908000+00:00,78,07B,103,4E8E60427140A514537C374BAA698D32,0.4903156712962963,6,Friday,18,Thursday,2021-10-22 00:00:00+00:00,2021-10-29 00:00:00+00:00,True,3,1
0c6b8afca6ec722940c6548ca8b24771,OFFLINE,2021-10-22 06:32:55.237000+00:00,2021-10-22 06:55:44.682000+00:00,78,1EF,120,96C3C752FA22E3A6918ADE4F355D3F8D,0.01585005787037037,6,Friday,6,Friday,2021-10-22 00:00:00+00:00,2021-10-29 00:00:00+00:00,True,2,0
b7545b32c1731e8b703b187ec9aa1219,OFFLINE,2021-10-22 06:40:55.141000+00:00,2021-10-22 07:02:39.356000+00:00,78,300,67,56C3843EA0BAA7B2438B58CFC2BBD0FF,0.015095081018518518,7,Friday,6,Friday,2021-10-22 00:00:00+00:00,2021-10-29 00:00:00+00:00,True,5,1
18c6d7d413676eb1076f4f72014da5d6,OFFLINE,2021-10-22 06:09:45.346000+00:00,2021-10-22 07:29:58.480000+00:00,78,07B,207,2C57DCBCA7FB314B27D655A107E041F7,0.055707569444444445,7,Friday,6,Friday,2021-10-22 00:00:00+00:00,2021-10-29 00:00:00+00:00,True,4,1
7a98b9805957b0d27194194f900ce3d8,OFFLINE,2021-10-20 10:00:15.666000+00:00,2021-10-22 07:41:18.291000+00:00,78,07B,56,10D023CEE6CC12F06C576EB33402E56B,1.9035026041666667,7,Friday,10,Wednesday,2021-10-22 00:00:00+00:00,2021-10-29 00:00:00+00:00,True,4,1
287f39ccd94ec367cd2f47dcbfb9792e,OFFLINE,2021-10-22 07:26:36.988000+00:00,2021-10-22 07:45:15.845000+00:00,78,300,122,F0C8A9D19009F1B76367ED6CFD4FA580,0.012949733796296296,7,Friday,7,Friday,2021-10-22 00:00:00+00:00,2021-10-29 00:00:00+00:00,True,4,1
7c5c8d3a68944382b54be9f6cfed909e,OFFLINE,2021-10-22 01:57:40.521000+00:00,2021-10-22 08:28:24.613000+00:00,78,07B,239,C142F51706DA139EC3DCAA250682C61A,0.2713436574074074,8,Friday,1,Friday,2021-10-22 00:00:00+00:00,2021-10-29 00:00:00+00:00,True,1,0
cf19a9eca19e5ce41c16562c9e04d4c9,OFFLINE,2021-10-22 08:00:45.538000+00:00,2021-10-22 08:34:25.111000+00:00,78,07B,59,9F9E66046BADAE5ABE94708CED879416,0.0233746875,8,Friday,8,Friday,2021-10-22 00:00:00+00:00,2021-10-29 00:00:00+00:00,True,6,1
9c4cc224ef82887ad86002e5602d0ca0,OFFLINE,2021-10-22 08:09:36.710000+00:00,2021-10-22 08:36:03.076000+00:00,78,1EF,106,195FD095D9D7F47943113AF2CBCF9A75,0.01836071759259259,8,Friday,8,Friday,2021-10-22 00:00:00+00:00,2021-10-29 00:00:00+00:00,True,3,1
73f5a6d9047d34340c930b98f3dce6a2,ONLINE,2021-10-22 08:18:06.938000+00:00,2021-10-22 08:44:26.461000+00:00,78,07B,124,4ECC8B694F4BB262BDD4B0A85952B71A,0.018281516203703704,8,Friday,8,Friday,2021-10-22 00:00:00+00:00,2021-10-29 00:00:00+00:00,True,2,0
2e7429a8eff1f717347391fd2b12ee0a,ONLINE,2021-10-22 08:27:33.215000+00:00,2021-10-22 08:53:28.056000+00:00,78,07B,110,EEDD0125ADF9CD4325E56C39462533F5,0.017995844907407407,8,Friday,8,Friday,2021-10-22 00:00:00+00:00,2021-10-29 00:00:00+00:00,True,1,0
05c24490dc1ad58b4d2e052593bede8e,ONLINE,2021-10-22 08:14:00.322000+00:00,2021-10-22 09:02:20.393000+00:00,78,300,180,94C983E37A80A8F9558244120E5293B3,0.033565636574074076,9,Friday,8,Friday,2021-10-22 00:00:00+00:00,2021-10-29 00:00:00+00:00,True,0,0
1bde23f0c9cbcb90f0f7cd589f00c5d2,ONLINE,2021-10-20 20:11:43.991000+00:00,2021-10-22 09:23:50.324000+00:00,78,300,112,3C9A38041319FDC1296E25999C70C4DA,1.5500732986111112,9,Friday,20,Wednesday,2021-10-22 00:00:00+00:00,2021-10-29 00:00:00+00:00,True,0,0
d38b7a682c2ceba342680a2ce36c419f,OFFLINE,2021-10-22 09:14:41.277000+00:00,2021-10-22 09:36:05.681000+00:00,78,07B,89,10D023CEE6CC12F06C576EB33402E56B,0.014865787037037037,9,Friday,9,Friday,2021-10-22 00:00:00+00:00,2021-10-29 00:00:00+00:00,True,2,0
ad94f29ffc1db5a8bf940658aa1e0c3e,OFFLINE,2021-10-09 19:43:53.923000+00:00,2021-10-22 09:40:44.219000+00:00,78,1EF,60,1162FF15A2450469905B590D62F7746E,12.581137685185187,9,Friday,19,Saturday,2021-10-22 00:00:00+00:00,2021-10-29 00:00:00+00:00,True,3,1
c49e5ba9853e2649c053c68a86ca5e20,ONLINE,2021-10-22 09:39:48.730000+00:00,2021-10-22 09:50:25.356000+00:00,78,300,50,4FB52D1F31461850C15CC1C15A02931B,0.007368356481481481,9,Friday,9,Friday,2021-10-22 00:00:00+00:00,2021-10-29 00:00:00+00:00,True,4,1
cab5fa4fca0329a8349badbc4339ad52,OFFLINE,2021-10-22 09:18:17.474000+00:00,2021-10-22 09:59:58.127000+00:00,78,300,180,56C3843EA0BAA7B2438B58CFC2BBD0FF,0.028942743055555553,9,Friday,9,Friday,2021-10-22 00:00:00+00:00,2021-10-29 00:00:00+00:00,True,5,1
4e9eb288453b9cc7ed817be6d026e180,OFFLINE,2021-10-21 12:38:51.495000+00:00,2021-10-22 10:14:57.233000+00:00,78,07B,205,2CF9D19CE125793D17A0B4C371AB7AFD,0.900066412037037,10,Friday,12,Thursday,2021-10-22 00:00:00+00:00,2021-10-29 00:00:00+00:00,True,3,1
2cfa542ec3c1995e210c142fd9587ce0,OFFLINE,2021-10-20 18:50:52.029000+00:00,2021-10-22 10:15:16.469000+00:00,78,07B,84,4E8E60427140A514537C374BAA698D32,1.6419495370370372,10,Friday,18,Wednesday,2021-10-22 00:00:00+00:00,2021-10-29 00:00:00+00:00,True,2,0
b4cbc7974d247f9f41810440ea526dfe,OFFLINE,2021-10-22 10:07:00.657000+00:00,2021-10-22 10:25:13.714000+00:00,78,300,70,09B36CB8AB7325477B80E99BE8FB2D02,0.012651122685185185,10,Friday,10,Friday,2021-10-22 00:00:00+00:00,2021-10-29 00:00:00+00:00,True,1,0
b98a0dc8b1096bcd14c4874a03b6f4a1,OFFLINE,2021-10-16 17:36:52.452000+00:00,2021-10-22 10:45:01.905000+00:00,78,07B,61,C142F51706DA139EC3DCAA250682C61A,5.713998298611111,10,Friday,17,Saturday,2021-10-22 00:00:00+00:00,2021-10-29 00:00:00+00:00,True,3,1
e7e05709cac325badcc96519ea3cb3ba,ONLINE,2021-10-21 13:55:30.891000+00:00,2021-10-22 11:07:07.290000+00:00,78,300,53,E56AE16934A0D29EBF24915402A7E5ED,0.8830601736111112,11,Friday,13,Thursday,2021-10-22 00:00:00+00:00,2021-10-29 00:00:00+00:00,True,1,0
acdb637b741a107dfadbd0670f56f0e5,ONLINE,2021-10-20 09:58:19.206000+00:00,2021-10-22 11:22:25.621000+00:00,78,300,140,C0DD698BE0C1EA71FA3045950BEEC64B,2.0584075810185185,11,Friday,9,Wednesday,2021-10-22 00:00:00+00:00,2021-10-29 00:00:00+00:00,True,2,0
7acbee2bee394db00496e73531558f71,ONLINE,2021-10-22 11:53:27.152000+00:00,2021-10-22 12:10:22.198000+00:00,78,1EF,60,2C10D809ABD31810F4E95F4E500EFA7E,0.011748217592592593,12,Friday,11,Friday,2021-10-22 00:00:00+00:00,2021-10-29 00:00:00+00:00,True,4,1
7a1cbe9131fc45bac0f2b00e8493ff16,ONLINE,2021-10-22 11:49:54.428000+00:00,2021-10-22 12:20:35.919000+00:00,78,1EF,149,4DF70D744AB4B2076706A37F1EBAC6B9,0.021313553240740742,12,Friday,11,Friday,2021-10-22 00:00:00+00:00,2021-10-29 00:00:00+00:00,True,2,0
2e8d84d36eb082a12fa946a9944e28d2,ONLINE,2021-10-16 18:58:12.861000+00:00,2021-10-22 12:20:56.084000+00:00,78,1EF,167,0668909560B9D2AF8FDA5489BCAA5FFF,5.724111377314815,12,Friday,18,Saturday,2021-10-22 00:00:00+00:00,2021-10-29 00:00:00+00:00,True,3,1
2bef5d8fcd56f68ff8ca51a8a08efea3,OFFLINE,2021-10-22 12:03:11.556000+00:00,2021-10-22 12:21:24.481000+00:00,78,1EF,85,08A9B54E00545ECCD369B8E5D2692E9F,0.012649594907407406,12,Friday,12,Friday,2021-10-22 00:00:00+00:00,2021-10-29 00:00:00+00:00,True,5,1
7f4c2960f4c81e470fea1d484d29ca1d,OFFLINE,2021-10-22 11:18:54.121000+00:00,2021-10-22 12:29:30.308000+00:00,78,07B,115,C142F51706DA139EC3DCAA250682C61A,0.049029942129629626,12,Friday,11,Friday,2021-10-22 00:00:00+00:00,2021-10-29 00:00:00+00:00,True,2,0
b4224633e3820d540611e97526ae56e2,OFFLINE,2021-10-22 11:58:42.519000+00:00,2021-10-22 12:35:03.514000+00:00,78,1EF,155,F5D32DD994477BAC9E1ACC96D65A0972,0.025242997685185183,12,Friday,11,Friday,2021-10-22 00:00:00+00:00,2021-10-29 00:00:00+00:00,True,1,0
9d8e5a62dda13e3aca2c86c604623201,OFFLINE,2021-10-21 21:15:09.682000+00:00,2021-10-22 12:54:16.938000+00:00,78,07B,67,4575953E5DD96D9E301B05E12FB12540,0.6521673148148148,12,Friday,21,Thursday,2021-10-22 00:00:00+00:00,2021-10-29 00:00:00+00:00,True,0,0
fd32f5ea90c52dff751c9feb37da368e,ONLINE,2021-10-21 16:33:00.188000+00:00,2021-10-22 12:59:32.209000+00:00,78,1EF,87,2C10D809ABD31810F4E95F4E500EFA7E,0.8517595023148148,12,Friday,16,Thursday,2021-10-22 00:00:00+00:00,2021-10-29 00:00:00+00:00,True,1,0
60968d5991982f999f23655d1bc32451,OFFLINE,2021-10-22 12:40:08.217000+00:00,2021-10-22 13:39:25.818000+00:00,78,300,50,526A1D40F50BBB44821C0C0FDE8E16B7,0.0411759375,13,Friday,12,Friday,2021-10-22 00:00:00+00:00,2021-10-29 00:00:00+00:00,True,7,1
39e565e31af2e30069b811ba9c2f3186,OFFLINE,2021-10-22 12:49:13.636000+00:00,2021-10-22 13:42:52.954000+00:00,78,300,129,7E701822D80EF10DEBEA008731637EA3,0.037260625000000006,13,Friday,12,Friday,2021-10-22 00:00:00+00:00,2021-10-29 00:00:00+00:00,True,1,0
b9fdb997ca3d5b1d47cd84fb415bb81c,OFFLINE,2021-10-22 13:14:08.773000+00:00,2021-10-22 13:44:15.645000+00:00,78,07B,123,2D9F8B5DDB0A7BD6F060DBAA34EC0CFF,0.02091287037037037,13,Friday,13,Friday,2021-10-22 00:00:00+00:00,2021-10-29 00:00:00+00:00,True,1,0
ec186dcac7839706f16fe3f035a25f10,ONLINE,2021-10-22 13:40:40.413000+00:00,2021-10-22 14:00:45.818000+00:00,78,1EF,123,740CB1CA2BD83B3276B092195A6EB883,0.013951446759259259,14,Friday,13,Friday,2021-10-22 00:00:00+00:00,2021-10-29 00:00:00+00:00,True,2,0
cc3845a1e958b4cd65331411594abe33,OFFLINE,2021-10-21 09:31:12.719000+00:00,2021-10-22 14:09:42.172000+00:00,78,300,68,612D21728D2539ECADF40493AACAF39A,1.1933964467592593,14,Friday,9,Thursday,2021-10-22 00:00:00+00:00,2021-10-29 00:00:00+00:00,True,1,0
c6f57fdd6069fbbc4cb641ea0974aaa0,ONLINE,2021-10-22 13:35:42.996000+00:00,2021-10-22 14:30:29.782000+00:00,78,300,106,08379264459A6EF0F8052CC20B9DD41F,0.03804150462962963,14,Friday,13,Friday,2021-10-22 00:00:00+00:00,2021-10-29 00:00:00+00:00,True,0,0
4867f89ff17dd34ca68a1e5f7a3f9860,OFFLINE,2021-10-04 04:13:58.926000+00:00,2021-10-22 14:36:18.715000+00:00,78,07B,117,4E8E60427140A514537C374BAA698D32,18.432173483796298,14,Friday,4,Monday,2021-10-22 00:00:00+00:00,2021-10-29 00:00:00+00:00,True,3,1
3dde20586ab04d0af1fe1f9233e82333,ONLINE,2021-10-20 14:31:35.192000+00:00,2021-10-22 14:50:52.642000+00:00,78,300,94,08379264459A6EF0F8052CC20B9DD41F,2.013396412037037,14,Friday,14,Wednesday,2021-10-22 00:00:00+00:00,2021-10-29 00:00:00+00:00,True,2,0
51579d417f23581392051bb3386176dc,OFFLINE,2021-10-22 14:24:01.834000+00:00,2021-10-22 14:57:53.772000+00:00,78,1EF,97,195FD095D9D7F47943113AF2CBCF9A75,0.023517800925925928,14,Friday,14,Friday,2021-10-22 00:00:00+00:00,2021-10-29 00:00:00+00:00,True,2,0
8493bd413db84bb98ca18f858936ece6,OFFLINE,2021-10-22 04:57:09.358000+00:00,2021-10-22 15:36:49.283000+00:00,78,07B,98,EE735FFED3A6072D13A30636E658A03A,0.44421209490740743,15,Friday,4,Friday,2021-10-22 00:00:00+00:00,2021-10-29 00:00:00+00:00,True,3,1
9a66ba88350ea0cb2289e4d2a7d24351,ONLINE,2021-10-22 15:00:05.171000+00:00,2021-10-22 15:36:54.072000+00:00,78,07B,154,9F9E66046BADAE5ABE94708CED879416,0.025565983796296293,15,Friday,15,Friday,2021-10-22 00:00:00+00:00,2021-10-29 00:00:00+00:00,True,1,0
a7449cbc472c03cd4396bb4016683ec4,OFFLINE,2021-10-22 14:21:20.025000+00:00,2021-10-22 16:12:50.486000+00:00,78,300,247,E72C918BA3470A8671982E069981B9C8,0.07743589120370371,16,Friday,14,Friday,2021-10-22 00:00:00+00:00,2021-10-29 00:00:00+00:00,True,6,1
5c6e634de14c7929a6275cdfb1ac6305,OFFLINE,2021-10-22 16:04:58.766000+00:00,2021-10-22 16:27:12.488000+00:00,78,300,50,E2F9517E4B924224FB308023E6149775,0.015436597222222221,16,Friday,16,Friday,2021-10-22 00:00:00+00:00,2021-10-29 00:00:00+00:00,True,7,1
cdeb274ff0734e2f8aa880fed2dfabd6,ONLINE,2021-10-10 04:47:03.402000+00:00,2021-10-22 16:28:11.652000+00:00,78,07B,78,EEDD0125ADF9CD4325E56C39462533F5,12.486901041666666,16,Friday,4,Sunday,2021-10-22 00:00:00+00:00,2021-10-29 00:00:00+00:00,True,0,0
55e84bd8ab06e8ded72c6d538b2b6d1e,OFFLINE,2021-10-21 09:35:14.474000+00:00,2021-10-22 17:10:33.318000+00:00,78,300,76,8C9CD2798C922216EC02BD7D1BCD9786,1.316190324074074,17,Friday,9,Thursday,2021-10-22 00:00:00+00:00,2021-10-29 00:00:00+00:00,True,1,0
fcb359b75efe2bfa9ac2db0e846e3c0a,ONLINE,2021-10-22 17:15:24.683000+00:00,2021-10-22 17:38:19.449000+00:00,78,07B,120,2CF9D19CE125793D17A0B4C371AB7AFD,0.01591164351851852,17,Friday,17,Friday,2021-10-22 00:00:00+00:00,2021-10-29 00:00:00+00:00,True,6,1
ba4a50e4eb2f8fc7e114ee5b79396549,OFFLINE,2021-10-22 06:07:26.394000+00:00,2021-10-22 18:35:26.252000+00:00,78,300,50,09B36CB8AB7325477B80E99BE8FB2D02,0.5194428009259259,18,Friday,6,Friday,2021-10-22 00:00:00+00:00,2021-10-29 00:00:00+00:00,True,5,1
7c168450df726e42dcb0c190367e338c,OFFLINE,2021-10-22 07:17:32.312000+00:00,2021-10-22 18:35:48.414000+00:00,78,300,50,09B36CB8AB7325477B80E99BE8FB2D02,0.47101969907407404,18,Friday,7,Friday,2021-10-22 00:00:00+00:00,2021-10-29 00:00:00+00:00,True,5,1
b09f9e300b5610bbf1af788f9a4dfd52,ONLINE,2021-10-23 01:54:55.216000+00:00,2021-10-23 02:13:52.968000+00:00,78,300,78,56C3843EA0BAA7B2438B58CFC2BBD0FF,0.013168425925925925,2,Saturday,1,Saturday,2021-10-23 00:00:00+00:00,2021-10-30 00:00:00+00:00,False,,
08e3299182df82cac0a0a09cea675bb2,OFFLINE,2021-10-11 07:40:42.701000+00:00,2021-10-23 02:18:26.677000+00:00,78,1EF,65,4DBE83E28F1DFA3ED9C79A2C577BFBDE,11.776203425925926,2,Saturday,7,Monday,2021-10-23 00:00:00+00:00,2021-10-30 00:00:00+00:00,False,,
b16ac7034fb9a3481fe7a616b72c92a5,OFFLINE,2021-10-23 02:45:06.923000+00:00,2021-10-23 03:33:27.411000+00:00,78,07B,50,C142F51706DA139EC3DCAA250682C61A,0.03357046296296296,3,Saturday,2,Saturday,2021-10-23 00:00:00+00:00,2021-10-30 00:00:00+00:00,False,,
e121c70f6da37a24734d9e04d8d287dc,OFFLINE,2021-10-23 03:28:23.791000+00:00,2021-10-23 04:03:01.776000+00:00,78,07B,183,EE735FFED3A6072D13A30636E658A03A,0.024050752314814815,4,Saturday,3,Saturday,2021-10-23 00:00:00+00:00,2021-10-30 00:00:00+00:00,False,,
2aac5e36ea487d97af71c816bf6d4c98,OFFLINE,2021-10-23 03:14:21.302000+00:00,2021-10-23 04:30:46.860000+00:00,78,07B,236,B5BC37462B0785F740436790AE41D171,0.053073587962962965,4,Saturday,3,Saturday,2021-10-23 00:00:00+00:00,2021-10-30 00:00:00+00:00,False,,
5cb674032dc130654f1d9faeeb436727,ONLINE,2021-10-23 04:38:10.770000+00:00,2021-10-23 05:14:12.313000+00:00,78,07B,50,2D9F8B5DDB0A7BD6F060DBAA34EC0CFF,0.025017858796296297,5,Saturday,4,Saturday,2021-10-23 00:00:00+00:00,2021-10-30 00:00:00+00:00,False,,
74c8d8e5470eafa2dfcfd78b427fef14,ONLINE,2021-10-21 14:31:53.283000+00:00,2021-10-23 05:35:47.192000+00:00,78,07B,86,B4FC534828E371E11BC989991238B1D4,1.6277072800925927,5,Saturday,14,Thursday,2021-10-23 00:00:00+00:00,2021-10-30 00:00:00+00:00,False,,
fbef2f185a6e3898feac316141e2a050,OFFLINE,2021-10-13 17:28:10.677000+00:00,2021-10-23 05:44:02.223000+00:00,78,300,140,89D534629771B04F61D1971C3068D1BD,9.511013263888888,5,Saturday,17,Wednesday,2021-10-23 00:00:00+00:00,2021-10-30 00:00:00+00:00,False,,
e9ac9ae7eb557fe811e1753ab9e92f7d,ONLINE,2021-10-23 05:13:53.592000+00:00,2021-10-23 05:53:50.822000+00:00,78,1EF,119,08A9B54E00545ECCD369B8E5D2692E9F,0.027745717592592593,5,Saturday,5,Saturday,2021-10-23 00:00:00+00:00,2021-10-30 00:00:00+00:00,False,,
0f93acc423cfae7606595738a42d65fd,OFFLINE,2021-10-23 06:50:48.096000+00:00,2021-10-23 07:11:34.720000+00:00,78,300,50,F01C49A6AA0D833D3333DEA9AC883637,0.01442851851851852,7,Saturday,6,Saturday,2021-10-23 00:00:00+00:00,2021-10-30 00:00:00+00:00,False,,
4221e7b490ab8a986a38d068b4473aed,ONLINE,2021-10-22 11:31:20.258000+00:00,2021-10-23 07:18:12.564000+00:00,78,07B,143,0788D330C960376CA8EF0D842E5443A4,0.8242165046296296,7,Saturday,11,Friday,2021-10-23 00:00:00+00:00,2021-10-30 00:00:00+00:00,False,,
590588408caa33c02ea76b0b06199d53,OFFLINE,2021-10-22 17:06:12.564000+00:00,2021-10-23 07:28:10.615000+00:00,78,07B,140,4ECC8B694F4BB262BDD4B0A85952B71A,0.5985885532407408,7,Saturday,17,Friday,2021-10-23 00:00:00+00:00,2021-10-30 00:00:00+00:00,False,,
24129735e75b9890e487336a884f991d,OFFLINE,2021-10-23 06:09:13.752000+00:00,2021-10-23 07:29:05.440000+00:00,78,300,50,F01C49A6AA0D833D3333DEA9AC883637,0.05545935185185185,7,Saturday,6,Saturday,2021-10-23 00:00:00+00:00,2021-10-30 00:00:00+00:00,False,,
b0cd74f70b52a9ccaf342d7b1214ae5d,OFFLINE,2021-10-21 11:34:32.270000+00:00,2021-10-23 07:40:29.446000+00:00,78,1EF,137,740CB1CA2BD83B3276B092195A6EB883,1.8374673148148148,7,Saturday,11,Thursday,2021-10-23 00:00:00+00:00,2021-10-30 00:00:00+00:00,False,,
caea6924c9613c5b1fcf7fc261f9330b,OFFLINE,2021-10-23 06:29:01.082000+00:00,2021-10-23 08:01:12.415000+00:00,78,07B,65,EEDD0125ADF9CD4325E56C39462533F5,0.06402005787037036,8,Saturday,6,Saturday,2021-10-23 00:00:00+00:00,2021-10-30 00:00:00+00:00,False,,
d8b5d706028d4ebc9da3a5f9bbe87c12,OFFLINE,2021-10-21 06:49:58.579000+00:00,2021-10-23 08:16:40.974000+00:00,78,300,131,C0DD698BE0C1EA71FA3045950BEEC64B,2.0602129050925924,8,Saturday,6,Thursday,2021-10-23 00:00:00+00:00,2021-10-30 00:00:00+00:00,False,,
3026a19d1b0e879ab41cef5cf01d37dc,OFFLINE,2021-10-23 08:09:52.661000+00:00,2021-10-23 08:28:55.760000+00:00,78,1EF,68,740CB1CA2BD83B3276B092195A6EB883,0.013230312499999999,8,Saturday,8,Saturday,2021-10-23 00:00:00+00:00,2021-10-30 00:00:00+00:00,False,,
d3d1ef0380c65334c0d0a837cb12e4f1,OFFLINE,2021-10-23 07:48:08.841000+00:00,2021-10-23 08:36:43.708000+00:00,78,07B,155,BEB712D51701D0787EC236821442EA5C,0.033736886574074074,8,Saturday,7,Saturday,2021-10-23 00:00:00+00:00,2021-10-30 00:00:00+00:00,False,,
1f75d482c73362411b253016a3d88040,OFFLINE,2021-10-23 08:21:28.909000+00:00,2021-10-23 08:41:59.362000+00:00,78,07B,66,294B021232C509826A57AC3136B8ABDD,0.014241354166666666,8,Saturday,8,Saturday,2021-10-23 00:00:00+00:00,2021-10-30 00:00:00+00:00,False,,
1e3cf7ea55ae0e45056f61b1530b39ee,ONLINE,2021-10-23 03:12:02.468000+00:00,2021-10-23 08:45:04.125000+00:00,78,07B,75,4ECC8B694F4BB262BDD4B0A85952B71A,0.23126917824074072,8,Saturday,3,Saturday,2021-10-23 00:00:00+00:00,2021-10-30 00:00:00+00:00,False,,
317fa4bd48c5ad31cf4b901eee9009c4,OFFLINE,2021-10-22 08:46:55.180000+00:00,2021-10-23 08:45:38.564000+00:00,78,1EF,72,740CB1CA2BD83B3276B092195A6EB883,0.9991132407407408,8,Saturday,8,Friday,2021-10-23 00:00:00+00:00,2021-10-30 00:00:00+00:00,False,,
050781f288aa042d1795851998bceae7,OFFLINE,2021-10-23 08:30:56.544000+00:00,2021-10-23 08:51:30.609000+00:00,78,300,78,D3CEA8B57F07B785543EDB2058A190CE,0.014283159722222223,8,Saturday,8,Saturday,2021-10-23 00:00:00+00:00,2021-10-30 00:00:00+00:00,False,,
9c2afc4d799b564f5acc08d10ae0c175,ONLINE,2021-10-20 19:42:02.896000+00:00,2021-10-23 09:03:53.579000+00:00,78,07B,53,C142F51706DA139EC3DCAA250682C61A,2.556836608796296,9,Saturday,19,Wednesday,2021-10-23 00:00:00+00:00,2021-10-30 00:00:00+00:00,False,,
6bc65b85d9c82d7cfa62b79874163d90,OFFLINE,2021-10-23 07:32:50.603000+00:00,2021-10-23 09:37:28.114000+00:00,78,300,118,C0DD698BE0C1EA71FA3045950BEEC64B,0.0865452662037037,9,Saturday,7,Saturday,2021-10-23 00:00:00+00:00,2021-10-30 00:00:00+00:00,False,,
ea94faca0e667aa4e8ffe4f413df0c72,OFFLINE,2021-10-23 09:58:35.231000+00:00,2021-10-23 10:14:49.571000+00:00,88,1EF,52,F5D32DD994477BAC9E1ACC96D65A0972,0.011277083333333333,10,Saturday,9,Saturday,2021-10-23 00:00:00+00:00,2021-10-30 00:00:00+00:00,False,,
4d495fe981d547a3e4c8ff4bbaba8551,OFFLINE,2021-10-23 09:21:49.163000+00:00,2021-10-23 10:26:20.156000+00:00,78,07B,123,4ECC8B694F4BB262BDD4B0A85952B71A,0.04480315972222222,10,Saturday,9,Saturday,2021-10-23 00:00:00+00:00,2021-10-30 00:00:00+00:00,False,,
7839ade3c7895743f395368b3c7d56ca,OFFLINE,2021-10-23 03:31:00.347000+00:00,2021-10-23 10:49:41.036000+00:00,78,1EF,157,4DF70D744AB4B2076706A37F1EBAC6B9,0.30463760416666663,10,Saturday,3,Saturday,2021-10-23 00:00:00+00:00,2021-10-30 00:00:00+00:00,False,,
1fd277845f05e5a583085ef99af86f73,OFFLINE,2021-10-13 09:24:42.111000+00:00,2021-10-23 10:58:10.261000+00:00,78,07B,196,4E8E60427140A514537C374BAA698D32,10.064909143518518,10,Saturday,9,Wednesday,2021-10-23 00:00:00+00:00,2021-10-30 00:00:00+00:00,False,,
a33aca8ffbbd617f521a14757d23a6c0,ONLINE,2021-10-23 10:49:42.098000+00:00,2021-10-23 11:04:24.191000+00:00,78,300,56,269CB18F9DAC7649B08410B51621225E,0.010209409722222222,11,Saturday,10,Saturday,2021-10-23 00:00:00+00:00,2021-10-30 00:00:00+00:00,False,,
0573b6fb0fb4bb0271d5466fde46cdac,ONLINE,2021-10-23 10:35:20.773000+00:00,2021-10-23 11:18:07.437000+00:00,78,1EF,106,F5D32DD994477BAC9E1ACC96D65A0972,0.029706759259259263,11,Saturday,10,Saturday,2021-10-23 00:00:00+00:00,2021-10-30 00:00:00+00:00,False,,
b3d6a03168895c31ada0a3b99ec72ee6,ONLINE,2021-10-23 10:59:02.778000+00:00,2021-10-23 11:19:03.147000+00:00,78,1EF,122,4DF70D744AB4B2076706A37F1EBAC6B9,0.013893159722222222,11,Saturday,10,Saturday,2021-10-23 00:00:00+00:00,2021-10-30 00:00:00+00:00,False,,
3ec253fdc7fbc1d25b64b0808f89f60e,ONLINE,2021-10-23 10:47:32.011000+00:00,2021-10-23 11:27:12.155000+00:00,78,07B,141,C142F51706DA139EC3DCAA250682C61A,0.02754796296296296,11,Saturday,10,Saturday,2021-10-23 00:00:00+00:00,2021-10-30 00:00:00+00:00,False,,
999259f96d53fd9fe1e2cf5ff4a181d7,OFFLINE,2021-10-20 13:30:39.839000+00:00,2021-10-23 11:43:56.335000+00:00,78,07B,98,4ECC8B694F4BB262BDD4B0A85952B71A,2.9258853703703704,11,Saturday,13,Wednesday,2021-10-23 00:00:00+00:00,2021-10-30 00:00:00+00:00,False,,
a8c6f6fc9a3847a346deda22ff00bbbc,OFFLINE,2021-10-23 08:18:31.544000+00:00,2021-10-23 11:46:24.627000+00:00,78,300,50,E72C918BA3470A8671982E069981B9C8,0.14436438657407408,11,Saturday,8,Saturday,2021-10-23 00:00:00+00:00,2021-10-30 00:00:00+00:00,False,,
fc16bd4c484cdd19db38c74cc124d3ae,OFFLINE,2021-10-23 08:08:57.411000+00:00,2021-10-23 11:46:49.201000+00:00,78,300,50,E72C918BA3470A8671982E069981B9C8,0.15129386574074075,11,Saturday,8,Saturday,2021-10-23 00:00:00+00:00,2021-10-30 00:00:00+00:00,False,,
b2ff3d2aaca9ceef6a53ceeee1873f5f,OFFLINE,2021-10-23 06:33:50.004000+00:00,2021-10-23 11:47:20.410000+00:00,78,300,50,E72C918BA3470A8671982E069981B9C8,0.2177130324074074,11,Saturday,6,Saturday,2021-10-23 00:00:00+00:00,2021-10-30 00:00:00+00:00,False,,
e335b1f78038169618913ee5c1b5d62e,OFFLINE,2021-10-23 11:11:12.003000+00:00,2021-10-23 11:47:31.163000+00:00,78,1EF,84,740CB1CA2BD83B3276B092195A6EB883,0.025221759259259256,11,Saturday,11,Saturday,2021-10-23 00:00:00+00:00,2021-10-30 00:00:00+00:00,False,,
62178d1bc4f623e6aa7639ff3086b09d,ONLINE,2021-10-22 11:26:52.095000+00:00,2021-10-23 12:24:01.038000+00:00,78,07B,58,2D9F8B5DDB0A7BD6F060DBAA34EC0CFF,1.0396868402777777,12,Saturday,11,Friday,2021-10-23 00:00:00+00:00,2021-10-30 00:00:00+00:00,False,,
f8be547e4e5b594592c0872210a62127,ONLINE,2021-10-23 12:03:54.788000+00:00,2021-10-23 12:26:25.465000+00:00,78,07B,108,4E8E60427140A514537C374BAA698D32,0.015632835648148147,12,Saturday,12,Saturday,2021-10-23 00:00:00+00:00,2021-10-30 00:00:00+00:00,False,,
55d5aaf0ec78e3252bc6544a9dfeda64,ONLINE,2021-10-19 01:19:55.217000+00:00,2021-10-23 12:29:15.175000+00:00,78,300,107,09B36CB8AB7325477B80E99BE8FB2D02,4.464814328703704,12,Saturday,1,Tuesday,2021-10-23 00:00:00+00:00,2021-10-30 00:00:00+00:00,False,,
63aca42af3279eca178262ea18b04190,OFFLINE,2021-10-23 12:06:18.524000+00:00,2021-10-23 12:35:25.771000+00:00,78,300,90,D3CEA8B57F07B785543EDB2058A190CE,0.020222766203703703,12,Saturday,12,Saturday,2021-10-23 00:00:00+00:00,2021-10-30 00:00:00+00:00,False,,
8f0822547258a2a34bc9672916f7c77c,OFFLINE,2021-10-07 11:27:20.921000+00:00,2021-10-23 13:14:12.393000+00:00,78,300,200,C0DD698BE0C1EA71FA3045950BEEC64B,16.07420685185185,13,Saturday,11,Thursday,2021-10-23 00:00:00+00:00,2021-10-30 00:00:00+00:00,False,,
0192f1d7e76cc89fd65ef467a1036be8,OFFLINE,2021-10-22 13:42:26.648000+00:00,2021-10-23 13:20:08.351000+00:00,78,300,50,FE36AB62B577062A120ECAC46197F080,0.9845104513888888,13,Saturday,13,Friday,2021-10-23 00:00:00+00:00,2021-10-30 00:00:00+00:00,False,,
c0a2ccd0fe350716dc1f9a518c934ce4,OFFLINE,2021-10-23 06:12:15.149000+00:00,2021-10-23 13:26:40.233000+00:00,78,07B,82,EEDD0125ADF9CD4325E56C39462533F5,0.30167921296296296,13,Saturday,6,Saturday,2021-10-23 00:00:00+00:00,2021-10-30 00:00:00+00:00,False,,
ef1f8d51bdf5fed926fc924bc489e025,ONLINE,2021-10-18 12:53:10.564000+00:00,2021-10-23 13:37:18.801000+00:00,78,07B,145,294B021232C509826A57AC3136B8ABDD,5.030650891203704,13,Saturday,12,Monday,2021-10-23 00:00:00+00:00,2021-10-30 00:00:00+00:00,False,,
6341e91d03b7a23a73bb6ad3ad4e3a68,ONLINE,2021-10-13 02:30:14.748000+00:00,2021-10-23 13:43:11.107000+00:00,78,07B,170,0788D330C960376CA8EF0D842E5443A4,10.467318969907408,13,Saturday,2,Wednesday,2021-10-23 00:00:00+00:00,2021-10-30 00:00:00+00:00,False,,
f864686160cf80932cd27b93f1ad2988,OFFLINE,2021-10-23 13:05:46.332000+00:00,2021-10-23 13:43:26.676000+00:00,78,300,50,09B36CB8AB7325477B80E99BE8FB2D02,0.02616138888888889,13,Saturday,13,Saturday,2021-10-23 00:00:00+00:00,2021-10-30 00:00:00+00:00,False,,
95ea45fb760ab01b3c119ddbc6da5f15,OFFLINE,2021-10-23 13:00:42.078000+00:00,2021-10-23 13:44:47.351000+00:00,78,1EF,172,5CD6463B9C20BA10DA25A431F2D844A6,0.03061658564814815,13,Saturday,13,Saturday,2021-10-23 00:00:00+00:00,2021-10-30 00:00:00+00:00,False,,
34148e440e378f3e135d2e89a9d6125c,OFFLINE,2021-10-11 21:19:37.643000+00:00,2021-10-23 13:51:25.512000+00:00,78,07B,50,10D023CEE6CC12F06C576EB33402E56B,11.688748483796296,13,Saturday,21,Monday,2021-10-23 00:00:00+00:00,2021-10-30 00:00:00+00:00,False,,
e3fea0054409463926da9762de307788,OFFLINE,2021-10-23 11:15:06.063000+00:00,2021-10-23 13:54:45.176000+00:00,78,300,163,56C3843EA0BAA7B2438B58CFC2BBD0FF,0.11086936342592592,13,Saturday,11,Saturday,2021-10-23 00:00:00+00:00,2021-10-30 00:00:00+00:00,False,,
59e0e330b304b0def84909f95611fcf1,OFFLINE,2021-10-22 12:14:46.545000+00:00,2021-10-23 14:21:32.114000+00:00,78,300,50,1BA53B5BBB76E9903A2CF8FF02C37293,1.0880274189814816,14,Saturday,12,Friday,2021-10-23 00:00:00+00:00,2021-10-30 00:00:00+00:00,False,,
0ebe821ae0885deb2bc63e0f2db09ad7,OFFLINE,2021-10-23 14:33:05.541000+00:00,2021-10-23 14:48:58.946000+00:00,78,300,59,89D534629771B04F61D1971C3068D1BD,0.011034780092592593,14,Saturday,14,Saturday,2021-10-23 00:00:00+00:00,2021-10-30 00:00:00+00:00,False,,
5c090badc4bc6db562a0ba9d85629797,OFFLINE,2021-10-23 14:26:56.492000+00:00,2021-10-23 15:25:39.554000+00:00,78,300,50,526A1D40F50BBB44821C0C0FDE8E16B7,0.040776180555555555,15,Saturday,14,Saturday,2021-10-23 00:00:00+00:00,2021-10-30 00:00:00+00:00,False,,
e9231e911cd6c9b84ee6530e52776f75,OFFLINE,2021-10-23 15:23:33.838000+00:00,2021-10-23 15:46:26.662000+00:00,78,300,50,09B36CB8AB7325477B80E99BE8FB2D02,0.015889166666666666,15,Saturday,15,Saturday,2021-10-23 00:00:00+00:00,2021-10-30 00:00:00+00:00,False,,
02012fb13948837ccf60924d28d167d2,OFFLINE,2021-10-23 16:49:57.088000+00:00,2021-10-23 17:09:56.859000+00:00,78,1EF,97,BB2033CE2FA4822C957B37DEB445B32C,0.013886238425925925,17,Saturday,16,Saturday,2021-10-23 00:00:00+00:00,2021-10-30 00:00:00+00:00,False,,
c84a43e917774a4707abacb62997f674,ONLINE,2021-10-23 14:36:15.730000+00:00,2021-10-23 17:12:25.790000+00:00,78,1EF,113,A00AF20362FBDDE9E3869D787E4693AF,0.10844976851851851,17,Saturday,14,Saturday,2021-10-23 00:00:00+00:00,2021-10-30 00:00:00+00:00,False,,
9f55f65b124130a6daf5dcec204e6963,OFFLINE,2021-10-18 14:22:21.148000+00:00,2021-10-23 18:11:16.464000+00:00,78,07B,50,3B56EC028568E71AF10B3360787CD0BC,5.158973564814815,18,Saturday,14,Monday,2021-10-23 00:00:00+00:00,2021-10-30 00:00:00+00:00,False,,
505b9395ae168087248cc8939b75157e,OFFLINE,2021-10-23 19:15:06.653000+00:00,2021-10-23 20:42:10.074000+00:00,78,300,92,09B36CB8AB7325477B80E99BE8FB2D02,0.06045626157407408,20,Saturday,19,Saturday,2021-10-23 00:00:00+00:00,2021-10-30 00:00:00+00:00,False,,
57c2a91ca6eef07067ece2e77a32651f,OFFLINE,2021-10-23 21:34:13.607000+00:00,2021-10-23 21:56:18.739000+00:00,78,07B,77,10D023CEE6CC12F06C576EB33402E56B,0.015337175925925926,21,Saturday,21,Saturday,2021-10-23 00:00:00+00:00,2021-10-30 00:00:00+00:00,False,,
c70a03f808d5544df6809e42dfd25394,ONLINE,2021-10-19 15:28:30.093000+00:00,2021-10-24 01:21:41.133000+00:00,78,07B,115,4ECC8B694F4BB262BDD4B0A85952B71A,4.411933333333333,1,Sunday,15,Tuesday,2021-10-24 00:00:00+00:00,2021-10-31 00:00:00+00:00,False,,
2e9517c89af4341ea532f4095f53f065,ONLINE,2021-10-23 17:56:37.030000+00:00,2021-10-24 03:59:20.649000+00:00,78,07B,97,C142F51706DA139EC3DCAA250682C61A,0.41856040509259257,3,Sunday,17,Saturday,2021-10-24 00:00:00+00:00,2021-10-31 00:00:00+00:00,False,,
16e3a842f7c9fa8c626270dba3111d29,OFFLINE,2021-10-24 03:46:40.879000+00:00,2021-10-24 04:00:40.070000+00:00,78,07B,50,B5BC37462B0785F740436790AE41D171,0.009712858796296296,4,Sunday,3,Sunday,2021-10-24 00:00:00+00:00,2021-10-31 00:00:00+00:00,False,,
0909a8ce9b4768e905cd28816ab49c9f,OFFLINE,2021-10-24 04:34:08.607000+00:00,2021-10-24 04:49:23.518000+00:00,78,07B,87,10D023CEE6CC12F06C576EB33402E56B,0.010589247685185184,4,Sunday,4,Sunday,2021-10-24 00:00:00+00:00,2021-10-31 00:00:00+00:00,False,,
9c8fc7a2dbc26ba18079ce063035ec70,OFFLINE,2021-10-24 07:04:50.163000+00:00,2021-10-24 07:16:20.083000+00:00,78,07B,75,EEDD0125ADF9CD4325E56C39462533F5,0.007985185185185185,7,Sunday,7,Sunday,2021-10-24 00:00:00+00:00,2021-10-31 00:00:00+00:00,False,,
0eedca1fdaa21bdbffba775dcc9f09d1,OFFLINE,2021-10-24 06:46:55.679000+00:00,2021-10-24 07:33:41.039000+00:00,78,300,50,526A1D40F50BBB44821C0C0FDE8E16B7,0.03246944444444445,7,Sunday,6,Sunday,2021-10-24 00:00:00+00:00,2021-10-31 00:00:00+00:00,False,,
b2c6bbeb60c4a9d850875de345ddf72a,OFFLINE,2021-10-24 07:26:02.176000+00:00,2021-10-24 08:03:15.121000+00:00,78,300,50,F0C8A9D19009F1B76367ED6CFD4FA580,0.025844270833333335,8,Sunday,7,Sunday,2021-10-24 00:00:00+00:00,2021-10-31 00:00:00+00:00,False,,
45045204747e604ede3fd2809d112ce2,OFFLINE,2021-10-24 05:13:21.939000+00:00,2021-10-24 08:20:54.489000+00:00,78,300,50,FDDED23F2734BBB8F642ABE582E81ADF,0.1302378472222222,8,Sunday,5,Sunday,2021-10-24 00:00:00+00:00,2021-10-31 00:00:00+00:00,False,,
44214e1a91043aa7625f1edf361d34dd,OFFLINE,2021-10-24 05:21:12.340000+00:00,2021-10-24 08:21:05.333000+00:00,78,300,50,FDDED23F2734BBB8F642ABE582E81ADF,0.12491890046296297,8,Sunday,5,Sunday,2021-10-24 00:00:00+00:00,2021-10-31 00:00:00+00:00,False,,
089fdf5654e39bf6930435225b29920e,OFFLINE,2021-10-24 05:23:07.928000+00:00,2021-10-24 08:21:15.477000+00:00,78,300,50,FDDED23F2734BBB8F642ABE582E81ADF,0.1236984837962963,8,Sunday,5,Sunday,2021-10-24 00:00:00+00:00,2021-10-31 00:00:00+00:00,False,,
8d23d72b133a9cd12367fa192cda81ec,OFFLINE,2021-10-24 05:14:40.043000+00:00,2021-10-24 08:22:14.101000+00:00,78,300,50,FDDED23F2734BBB8F642ABE582E81ADF,0.13025530092592594,8,Sunday,5,Sunday,2021-10-24 00:00:00+00:00,2021-10-31 00:00:00+00:00,False,,
11e23ecc070bb54b5d8230e49c3f0244,OFFLINE,2021-10-24 05:24:53.357000+00:00,2021-10-24 08:23:22.517000+00:00,78,300,50,FDDED23F2734BBB8F642ABE582E81ADF,0.1239486111111111,8,Sunday,5,Sunday,2021-10-24 00:00:00+00:00,2021-10-31 00:00:00+00:00,False,,
d8708b28019087437de4dd4cb874bc0c,OFFLINE,2021-10-24 06:28:55.575000+00:00,2021-10-24 08:24:07.419000+00:00,78,300,50,FDDED23F2734BBB8F642ABE582E81ADF,0.07999819444444445,8,Sunday,6,Sunday,2021-10-24 00:00:00+00:00,2021-10-31 00:00:00+00:00,False,,
66fcf8db85178ca49727474c89078f20,OFFLINE,2021-10-24 05:56:09.784000+00:00,2021-10-24 08:24:15.775000+00:00,78,300,50,FDDED23F2734BBB8F642ABE582E81ADF,0.10284711805555556,8,Sunday,5,Sunday,2021-10-24 00:00:00+00:00,2021-10-31 00:00:00+00:00,False,,
c6c9fee3cf599af0e9a6f82bc8989f2f,OFFLINE,2021-10-24 06:04:14.955000+00:00,2021-10-24 08:24:25.847000+00:00,78,300,50,FDDED23F2734BBB8F642ABE582E81ADF,0.09734828703703703,8,Sunday,6,Sunday,2021-10-24 00:00:00+00:00,2021-10-31 00:00:00+00:00,False,,
fac4d20fc2b5254b9a2ace88e8927382,OFFLINE,2021-10-24 06:16:56.374000+00:00,2021-10-24 08:24:37.314000+00:00,78,300,50,FDDED23F2734BBB8F642ABE582E81ADF,0.08866828703703704,8,Sunday,6,Sunday,2021-10-24 00:00:00+00:00,2021-10-31 00:00:00+00:00,False,,
b48b40e6541d3fb1e7904df20e2d116e,OFFLINE,2021-10-24 06:15:47.024000+00:00,2021-10-24 08:24:58.286000+00:00,78,300,50,FDDED23F2734BBB8F642ABE582E81ADF,0.08971368055555555,8,Sunday,6,Sunday,2021-10-24 00:00:00+00:00,2021-10-31 00:00:00+00:00,False,,
4a7bd626a05e046cac4276166ac7bdfb,OFFLINE,2021-10-24 05:11:56.469000+00:00,2021-10-24 08:25:57.380000+00:00,78,300,50,FDDED23F2734BBB8F642ABE582E81ADF,0.1347327662037037,8,Sunday,5,Sunday,2021-10-24 00:00:00+00:00,2021-10-31 00:00:00+00:00,False,,
078d5bd809f1b3c8c3b845e856f41b7d,OFFLINE,2021-10-22 04:47:18.665000+00:00,2021-10-24 08:26:00.790000+00:00,78,300,50,56C3843EA0BAA7B2438B58CFC2BBD0FF,2.151876446759259,8,Sunday,4,Friday,2021-10-24 00:00:00+00:00,2021-10-31 00:00:00+00:00,False,,
7e21c5d88bd11968fe6ee2bdb5fc46fc,ONLINE,2021-10-10 07:44:48.164000+00:00,2021-10-24 09:13:09.727000+00:00,78,1EF,77,96C3C752FA22E3A6918ADE4F355D3F8D,14.06136068287037,9,Sunday,7,Sunday,2021-10-24 00:00:00+00:00,2021-10-31 00:00:00+00:00,False,,
e3324cc760a91a7b70dcd71a5095b1aa,ONLINE,2021-10-24 09:11:08.870000+00:00,2021-10-24 09:35:34.372000+00:00,78,07B,123,10D023CEE6CC12F06C576EB33402E56B,0.016961828703703705,9,Sunday,9,Sunday,2021-10-24 00:00:00+00:00,2021-10-31 00:00:00+00:00,False,,
b845de3caeecc3f2f9525265562b1d97,OFFLINE,2021-10-24 09:36:43.425000+00:00,2021-10-24 09:59:45.032000+00:00,78,07B,85,EEDD0125ADF9CD4325E56C39462533F5,0.01599082175925926,9,Sunday,9,Sunday,2021-10-24 00:00:00+00:00,2021-10-31 00:00:00+00:00,False,,
9dbd46149b0ee3da9bf36a4cf0096f27,ONLINE,2021-10-24 09:08:07.371000+00:00,2021-10-24 10:18:38.063000+00:00,78,1EF,116,740CB1CA2BD83B3276B092195A6EB883,0.048966342592592596,10,Sunday,9,Sunday,2021-10-24 00:00:00+00:00,2021-10-31 00:00:00+00:00,False,,
2a7e5aad3bd12af3309d8457b5f35733,OFFLINE,2021-10-22 11:00:11.667000+00:00,2021-10-24 10:51:17.757000+00:00,78,300,50,1BA53B5BBB76E9903A2CF8FF02C37293,1.993820486111111,10,Sunday,11,Friday,2021-10-24 00:00:00+00:00,2021-10-31 00:00:00+00:00,False,,
61fbb469db8acf1a02d16a292385972f,OFFLINE,2021-10-17 13:34:18.459000+00:00,2021-10-24 10:57:33.299000+00:00,78,07B,85,294B021232C509826A57AC3136B8ABDD,6.891143981481481,10,Sunday,13,Sunday,2021-10-24 00:00:00+00:00,2021-10-31 00:00:00+00:00,False,,
c22f26c26449fce04dd5c5c599896971,ONLINE,2021-10-24 10:58:42.311000+00:00,2021-10-24 11:12:27.088000+00:00,78,300,56,D3CEA8B57F07B785543EDB2058A190CE,0.009546030092592594,11,Sunday,10,Sunday,2021-10-24 00:00:00+00:00,2021-10-31 00:00:00+00:00,False,,
1047c279650a684f73fa1f879f524c2b,OFFLINE,2021-10-24 11:36:35.582000+00:00,2021-10-24 12:29:16.729000+00:00,78,300,144,7E701822D80EF10DEBEA008731637EA3,0.03658734953703704,12,Sunday,11,Sunday,2021-10-24 00:00:00+00:00,2021-10-31 00:00:00+00:00,False,,
fd7c73c92f8b315419e346d2b09ff015,ONLINE,2021-10-06 16:28:12.688000+00:00,2021-10-24 12:32:17.960000+00:00,78,07B,75,EE735FFED3A6072D13A30636E658A03A,17.83617212962963,12,Sunday,16,Wednesday,2021-10-24 00:00:00+00:00,2021-10-31 00:00:00+00:00,False,,
4c45cd39eb8e588b85012a1baaa58272,OFFLINE,2021-10-18 16:12:48.529000+00:00,2021-10-24 12:35:56.182000+00:00,78,300,86,2630D6FC6433A9A4C1C906C0D64BDDE1,5.849394131944444,12,Sunday,16,Monday,2021-10-24 00:00:00+00:00,2021-10-31 00:00:00+00:00,False,,
9b04255048aec82a83d5917edede6e44,ONLINE,2021-10-24 08:25:17.889000+00:00,2021-10-24 12:58:05.067000+00:00,78,07B,96,9FFABDFED33FB837D72433191B5668D5,0.18943493055555555,12,Sunday,8,Sunday,2021-10-24 00:00:00+00:00,2021-10-31 00:00:00+00:00,False,,
f783832de65423edc9929b4765c66abd,OFFLINE,2021-10-24 08:41:40.288000+00:00,2021-10-24 12:58:40.653000+00:00,78,1EF,60,38BB76CCFDD8129EF62B3AF5480605C7,0.17847644675925925,12,Sunday,8,Sunday,2021-10-24 00:00:00+00:00,2021-10-31 00:00:00+00:00,False,,
400e024de782f14dd7f23476a0604977,ONLINE,2021-10-23 22:05:03.924000+00:00,2021-10-24 13:19:03.623000+00:00,78,07B,130,4E8E60427140A514537C374BAA698D32,0.634718738425926,13,Sunday,22,Saturday,2021-10-24 00:00:00+00:00,2021-10-31 00:00:00+00:00,False,,
3a294bf0584cc29ee470254beffd7310,OFFLINE,2021-10-24 06:30:44.516000+00:00,2021-10-24 13:59:24.726000+00:00,78,300,50,94B7524531A34B7CBDDE0A2249FFA4FA,0.3115765046296296,13,Sunday,6,Sunday,2021-10-24 00:00:00+00:00,2021-10-31 00:00:00+00:00,False,,
7eeead43bc610c12d6614fe7053e3786,OFFLINE,2021-10-24 06:01:14.393000+00:00,2021-10-24 13:59:33.976000+00:00,78,300,50,94B7524531A34B7CBDDE0A2249FFA4FA,0.332171099537037,13,Sunday,6,Sunday,2021-10-24 00:00:00+00:00,2021-10-31 00:00:00+00:00,False,,
c15ffabe52b55aebf0435e62a2782ef9,OFFLINE,2021-10-24 07:14:37.550000+00:00,2021-10-24 14:00:01.875000+00:00,78,300,50,94B7524531A34B7CBDDE0A2249FFA4FA,0.2815315393518519,14,Sunday,7,Sunday,2021-10-24 00:00:00+00:00,2021-10-31 00:00:00+00:00,False,,
796aceccf060709fbf895968a7bfb845,OFFLINE,2021-10-24 07:09:37.429000+00:00,2021-10-24 14:00:36.594000+00:00,78,300,50,94B7524531A34B7CBDDE0A2249FFA4FA,0.2854070023148148,14,Sunday,7,Sunday,2021-10-24 00:00:00+00:00,2021-10-31 00:00:00+00:00,False,,
9585b3c732fa8f4729ded994232da65c,OFFLINE,2021-10-24 06:13:59.567000+00:00,2021-10-24 14:00:46.895000+00:00,78,300,50,94B7524531A34B7CBDDE0A2249FFA4FA,0.3241588888888889,14,Sunday,6,Sunday,2021-10-24 00:00:00+00:00,2021-10-31 00:00:00+00:00,False,,
c18ed9b3e11291ba6eeb0b38eb513e28,OFFLINE,2021-10-24 06:56:19.980000+00:00,2021-10-24 14:02:51.910000+00:00,78,300,50,94B7524531A34B7CBDDE0A2249FFA4FA,0.29620289351851853,14,Sunday,6,Sunday,2021-10-24 00:00:00+00:00,2021-10-31 00:00:00+00:00,False,,
fcd16d27e4e6febf03f9b75b64f71c40,OFFLINE,2021-10-21 12:31:17.466000+00:00,2021-10-24 14:24:50.680000+00:00,78,07B,116,4E8E60427140A514537C374BAA698D32,3.078856643518518,14,Sunday,12,Thursday,2021-10-24 00:00:00+00:00,2021-10-31 00:00:00+00:00,False,,
81aceaa81b1b9eeda2da14ff03ec2a70,OFFLINE,2021-10-22 14:14:33.631000+00:00,2021-10-24 14:41:42.347000+00:00,78,300,89,526A1D40F50BBB44821C0C0FDE8E16B7,2.0188508796296296,14,Sunday,14,Friday,2021-10-24 00:00:00+00:00,2021-10-31 00:00:00+00:00,False,,
1bd8ecfa5e4b48706629e5b9871ae464,OFFLINE,2021-10-24 14:27:37.638000+00:00,2021-10-24 15:07:57.267000+00:00,78,300,50,C0DD698BE0C1EA71FA3045950BEEC64B,0.028004965277777776,15,Sunday,14,Sunday,2021-10-24 00:00:00+00:00,2021-10-31 00:00:00+00:00,False,,
f4a89c249e278162b564670467de4601,OFFLINE,2021-10-06 20:09:18.871000+00:00,2021-10-24 15:39:21.766000+00:00,78,07B,248,B0B076A3064F0AEA0A2AAC679ECE5F62,17.812533506944444,15,Sunday,20,Wednesday,2021-10-24 00:00:00+00:00,2021-10-31 00:00:00+00:00,False,,
6ce13c6ea283511b8d1ce1520c888d22,OFFLINE,2021-10-24 07:01:28.074000+00:00,2021-10-24 15:45:40.934000+00:00,78,07B,68,4E8E60427140A514537C374BAA698D32,0.3640377314814815,15,Sunday,7,Sunday,2021-10-24 00:00:00+00:00,2021-10-31 00:00:00+00:00,False,,
2c0556be50e96f4b2037348f72ca0f3b,ONLINE,2021-10-24 05:40:00.220000+00:00,2021-10-24 15:49:02.939000+00:00,78,07B,67,EE735FFED3A6072D13A30636E658A03A,0.42294813657407404,15,Sunday,5,Sunday,2021-10-24 00:00:00+00:00,2021-10-31 00:00:00+00:00,False,,
9baef496a7d8f1706a6375da30a98f32,OFFLINE,2021-10-14 07:11:17.576000+00:00,2021-10-24 16:08:03.216000+00:00,78,07B,79,10D023CEE6CC12F06C576EB33402E56B,10.372750462962964,16,Sunday,7,Thursday,2021-10-24 00:00:00+00:00,2021-10-31 00:00:00+00:00,False,,
584ee8e7efbb04f97c86f6d7af2bf106,OFFLINE,2021-10-24 16:10:32.026000+00:00,2021-10-24 16:28:37.709000+00:00,78,07B,58,4ECC8B694F4BB262BDD4B0A85952B71A,0.012565775462962963,16,Sunday,16,Sunday,2021-10-24 00:00:00+00:00,2021-10-31 00:00:00+00:00,False,,
efdde691a9d96b9910ebf0c45add71a3,OFFLINE,2021-10-23 11:31:01.496000+00:00,2021-10-24 17:01:49.778000+00:00,78,07B,193,EE735FFED3A6072D13A30636E658A03A,1.229725486111111,17,Sunday,11,Saturday,2021-10-24 00:00:00+00:00,2021-10-31 00:00:00+00:00,False,,
c4148d10794caa1f57408efcd8d3e4d9,OFFLINE,2021-10-24 16:11:59.696000+00:00,2021-10-24 17:03:17.857000+00:00,90,07B,122,EEDD0125ADF9CD4325E56C39462533F5,0.03562686342592593,17,Sunday,16,Sunday,2021-10-24 00:00:00+00:00,2021-10-31 00:00:00+00:00,False,,
3933b3648d8fb130aff57b676a94f5c4,OFFLINE,2021-10-24 09:26:16.506000+00:00,2021-10-24 17:11:40.462000+00:00,78,300,50,6C95625CBBEF8E86248B347AF84368A0,0.3231939351851852,17,Sunday,9,Sunday,2021-10-24 00:00:00+00:00,2021-10-31 00:00:00+00:00,False,,
9daa7aa56ea257b91a890df5a74e96d0,OFFLINE,2021-10-24 09:22:01.322000+00:00,2021-10-24 17:11:59.909000+00:00,78,300,50,6C95625CBBEF8E86248B347AF84368A0,0.3263725347222222,17,Sunday,9,Sunday,2021-10-24 00:00:00+00:00,2021-10-31 00:00:00+00:00,False,,
99abd8855571d17ef2edfd17a9f16f98,OFFLINE,2021-10-22 15:17:20.738000+00:00,2021-10-24 17:19:45.494000+00:00,78,07B,139,56129BC950F9E18A9F5DF651D9D267D1,2.08500875,17,Sunday,15,Friday,2021-10-24 00:00:00+00:00,2021-10-31 00:00:00+00:00,False,,
893998bb5dc2f4ade80a177521dafb30,OFFLINE,2021-10-19 17:35:23.170000+00:00,2021-10-24 17:49:21.300000+00:00,78,07B,109,EEDD0125ADF9CD4325E56C39462533F5,5.009700578703704,17,Sunday,17,Tuesday,2021-10-24 00:00:00+00:00,2021-10-31 00:00:00+00:00,False,,
7c45e1efd166f5238506a4bd4c225b51,OFFLINE,2021-10-24 17:05:57.192000+00:00,2021-10-24 17:50:21.886000+00:00,78,300,50,09B36CB8AB7325477B80E99BE8FB2D02,0.03084136574074074,17,Sunday,17,Sunday,2021-10-24 00:00:00+00:00,2021-10-31 00:00:00+00:00,False,,
34a9627324a1f6a49f8ca775de7c30f2,ONLINE,2021-10-11 09:19:38.036000+00:00,2021-10-24 18:07:40.341000+00:00,78,1EF,84,7B36B12A4C581DFCF8BF406AECA45564,13.366693344907407,18,Sunday,9,Monday,2021-10-24 00:00:00+00:00,2021-10-31 00:00:00+00:00,False,,
81c7002e4d81190f0379b97dc67395f8,OFFLINE,2021-10-24 07:15:56.858000+00:00,2021-10-24 18:49:21.870000+00:00,78,300,50,AF4F62D7ACE753F48C02D30A922CA5C2,0.48153949074074076,18,Sunday,7,Sunday,2021-10-24 00:00:00+00:00,2021-10-31 00:00:00+00:00,False,,
0b5f51c2e89ec31acee77cacc61e5ec0,OFFLINE,2021-10-24 07:12:10.632000+00:00,2021-10-24 18:50:28.449000+00:00,78,300,50,AF4F62D7ACE753F48C02D30A922CA5C2,0.48492843750000003,18,Sunday,7,Sunday,2021-10-24 00:00:00+00:00,2021-10-31 00:00:00+00:00,False,,
e927ab38994ece0d3c3ea50cae8c3aee,ONLINE,2021-10-20 14:00:38.219000+00:00,2021-10-24 20:53:04.133000+00:00,78,300,132,D3CEA8B57F07B785543EDB2058A190CE,4.286411041666667,20,Sunday,14,Wednesday,2021-10-24 00:00:00+00:00,2021-10-31 00:00:00+00:00,False,,
c17283aad27f1032b4a5c5e55ef23d84,OFFLINE,2021-10-24 22:32:13.361000+00:00,2021-10-24 22:48:15.685000+00:00,78,07B,89,3B56EC028568E71AF10B3360787CD0BC,0.011138009259259259,22,Sunday,22,Sunday,2021-10-24 00:00:00+00:00,2021-10-31 00:00:00+00:00,False,,
dcf0808acccb021bdf22e7529433838e,OFFLINE,2021-10-25 01:49:13.775000+00:00,2021-10-25 02:24:13.529000+00:00,78,300,177,364A975FE43F5678164266B2B0E8A237,0.024302708333333332,2,Monday,1,Monday,2021-10-25 00:00:00+00:00,2021-11-01 00:00:00+00:00,False,,
0654211d426293fa5bc218ff9dbaa426,ONLINE,2021-10-13 14:53:09.877000+00:00,2021-10-25 02:42:23.964000+00:00,78,300,101,D3CEA8B57F07B785543EDB2058A190CE,11.492524155092593,2,Monday,14,Wednesday,2021-10-25 00:00:00+00:00,2021-11-01 00:00:00+00:00,False,,
b02cb31b4ff0cc002893439f6a387dde,ONLINE,2021-10-05 03:24:58.184000+00:00,2021-10-25 02:48:06.519000+00:00,78,300,235,7E701822D80EF10DEBEA008731637EA3,19.97440202546296,2,Monday,3,Tuesday,2021-10-25 00:00:00+00:00,2021-11-01 00:00:00+00:00,False,,
464fde72e79d8c84e8c89b8d4910652b,ONLINE,2021-10-25 02:31:44.992000+00:00,2021-10-25 02:51:33.333000+00:00,78,07B,85,B4FC534828E371E11BC989991238B1D4,0.013753946759259257,2,Monday,2,Monday,2021-10-25 00:00:00+00:00,2021-11-01 00:00:00+00:00,False,,
4d8293401cda511e9660ae087f43fdf0,OFFLINE,2021-10-24 12:19:08.568000+00:00,2021-10-25 02:55:33.208000+00:00,78,07B,96,B5BC37462B0785F740436790AE41D171,0.6086185185185186,2,Monday,12,Sunday,2021-10-25 00:00:00+00:00,2021-11-01 00:00:00+00:00,False,,
ae6723ca15fce90fab3c5a49758ddbf3,OFFLINE,2021-10-21 15:59:17.093000+00:00,2021-10-25 03:08:47.604000+00:00,78,300,67,7E701822D80EF10DEBEA008731637EA3,3.4649364699074074,3,Monday,15,Thursday,2021-10-25 00:00:00+00:00,2021-11-01 00:00:00+00:00,False,,
65da3345985818356ff4e3e5c3bde516,OFFLINE,2021-10-23 14:52:11.291000+00:00,2021-10-25 03:15:59.773000+00:00,78,07B,56,4E8E60427140A514537C374BAA698D32,1.5165333564814816,3,Monday,14,Saturday,2021-10-25 00:00:00+00:00,2021-11-01 00:00:00+00:00,False,,
f8cb0d5342589fb052ad59a59b73882f,OFFLINE,2021-10-25 02:43:33.049000+00:00,2021-10-25 03:21:24.809000+00:00,78,07B,179,B79C3A36345A4588BD73EBFFC22B9D01,0.02629351851851852,3,Monday,2,Monday,2021-10-25 00:00:00+00:00,2021-11-01 00:00:00+00:00,False,,
8293e84721a22a267a5b038c15b9a110,OFFLINE,2021-10-25 03:20:56.518000+00:00,2021-10-25 03:40:40.707000+00:00,78,300,70,7E701822D80EF10DEBEA008731637EA3,0.013705891203703705,3,Monday,3,Monday,2021-10-25 00:00:00+00:00,2021-11-01 00:00:00+00:00,False,,
b3765d85a95067f9f3e87443b4d3d9f6,ONLINE,2021-10-22 14:18:30.550000+00:00,2021-10-25 03:43:02.914000+00:00,78,1EF,216,2C10D809ABD31810F4E95F4E500EFA7E,2.5587079166666666,3,Monday,14,Friday,2021-10-25 00:00:00+00:00,2021-11-01 00:00:00+00:00,False,,
c91f2086c391b38693307b3a61985b27,ONLINE,2021-10-25 03:13:03.076000+00:00,2021-10-25 03:44:35.972000+00:00,78,1EF,124,5CD6463B9C20BA10DA25A431F2D844A6,0.021908518518518518,3,Monday,3,Monday,2021-10-25 00:00:00+00:00,2021-11-01 00:00:00+00:00,False,,
50842cd16a822503aa42353cade721b8,ONLINE,2021-10-24 20:51:05.353000+00:00,2021-10-25 03:53:43.361000+00:00,78,07B,119,894BFDA44B5ACACDA7F59ED3F3D6AD86,0.29349546296296297,3,Monday,20,Sunday,2021-10-25 00:00:00+00:00,2021-11-01 00:00:00+00:00,False,,
ec0181cb9826d5029c8a9faac99d0480,ONLINE,2021-10-24 14:33:11.857000+00:00,2021-10-25 03:57:59.529000+00:00,78,07B,124,3B56EC028568E71AF10B3360787CD0BC,0.5588850925925926,3,Monday,14,Sunday,2021-10-25 00:00:00+00:00,2021-11-01 00:00:00+00:00,False,,
b7be2cad705dee34f24b757ac4c9c980,OFFLINE,2021-10-24 18:11:55.775000+00:00,2021-10-25 03:58:11.456000+00:00,78,300,52,08379264459A6EF0F8052CC20B9DD41F,0.4071259375,3,Monday,18,Sunday,2021-10-25 00:00:00+00:00,2021-11-01 00:00:00+00:00,False,,
b3ff2fb03e963aa51b98a7b083394921,OFFLINE,2021-10-25 03:15:32.541000+00:00,2021-10-25 04:01:27.015000+00:00,78,1EF,144,D5CECB3D35FF9FEF0E46207CFE4A5F29,0.03188048611111111,4,Monday,3,Monday,2021-10-25 00:00:00+00:00,2021-11-01 00:00:00+00:00,False,,
834ea50aca45d8002bc4d0bbb847a6a0,ONLINE,2021-10-25 03:34:39.022000+00:00,2021-10-25 04:01:38.303000+00:00,78,300,97,C0DD698BE0C1EA71FA3045950BEEC64B,0.01874167824074074,4,Monday,3,Monday,2021-10-25 00:00:00+00:00,2021-11-01 00:00:00+00:00,False,,
804e5c1e5b4562d8aab93dad8ded9919,ONLINE,2021-10-24 18:37:39.731000+00:00,2021-10-25 04:08:05.008000+00:00,78,300,127,89D534629771B04F61D1971C3068D1BD,0.39612589120370373,4,Monday,18,Sunday,2021-10-25 00:00:00+00:00,2021-11-01 00:00:00+00:00,False,,
cf366351132587ef826cb1846da93627,OFFLINE,2021-10-25 04:04:18.809000+00:00,2021-10-25 04:29:29.874000+00:00,78,07B,129,4E8E60427140A514537C374BAA698D32,0.01748917824074074,4,Monday,4,Monday,2021-10-25 00:00:00+00:00,2021-11-01 00:00:00+00:00,False,,
3c6c1b1a457b4cb0f58fed372973117b,OFFLINE,2021-10-25 04:10:15.319000+00:00,2021-10-25 04:33:21.066000+00:00,78,07B,120,C142F51706DA139EC3DCAA250682C61A,0.016038738425925927,4,Monday,4,Monday,2021-10-25 00:00:00+00:00,2021-11-01 00:00:00+00:00,False,,
e2ea682fd89500f41f3ad50e9f1cf3b9,ONLINE,2021-10-24 18:12:51.010000+00:00,2021-10-25 04:38:38.396000+00:00,78,07B,79,C142F51706DA139EC3DCAA250682C61A,0.4345762268518518,4,Monday,18,Sunday,2021-10-25 00:00:00+00:00,2021-11-01 00:00:00+00:00,False,,
6927e1e2c98ea118cef0160aa6282971,OFFLINE,2021-10-25 03:54:03.629000+00:00,2021-10-25 04:41:47.703000+00:00,78,07B,198,B4FC534828E371E11BC989991238B1D4,0.03314900462962963,4,Monday,3,Monday,2021-10-25 00:00:00+00:00,2021-11-01 00:00:00+00:00,False,,
7dd559488388892128ec361e748d3357,ONLINE,2021-10-25 03:58:43.857000+00:00,2021-10-25 04:43:22.719000+00:00,78,07B,169,294B021232C509826A57AC3136B8ABDD,0.031005347222222222,4,Monday,3,Monday,2021-10-25 00:00:00+00:00,2021-11-01 00:00:00+00:00,False,,
079639831ca27e37947d0fd43d6b8990,OFFLINE,2021-10-21 08:40:38.062000+00:00,2021-10-25 04:49:17.444000+00:00,78,1EF,92,7B36B12A4C581DFCF8BF406AECA45564,3.839344699074074,4,Monday,8,Thursday,2021-10-25 00:00:00+00:00,2021-11-01 00:00:00+00:00,False,,
d63f919d41405806f870b50e5d3245c9,OFFLINE,2021-10-24 18:32:40.186000+00:00,2021-10-25 05:17:35.531000+00:00,78,07B,92,B5BC37462B0785F740436790AE41D171,0.44786278935185186,5,Monday,18,Sunday,2021-10-25 00:00:00+00:00,2021-11-01 00:00:00+00:00,False,,
10cb0a7d903c89306ab1c012e2e0d194,ONLINE,2021-10-20 05:51:49.579000+00:00,2021-10-25 05:30:59.356000+00:00,78,07B,150,10D023CEE6CC12F06C576EB33402E56B,4.9855298263888885,5,Monday,5,Wednesday,2021-10-25 00:00:00+00:00,2021-11-01 00:00:00+00:00,False,,
1a7307c1a67ffc458c4e1f70e49d629c,ONLINE,2021-10-25 04:54:44.645000+00:00,2021-10-25 05:35:19.415000+00:00,78,300,122,E72C918BA3470A8671982E069981B9C8,0.02818020833333333,5,Monday,4,Monday,2021-10-25 00:00:00+00:00,2021-11-01 00:00:00+00:00,False,,
3f2e7285722007260725dfc70cc7ed9a,ONLINE,2021-10-25 04:55:55.906000+00:00,2021-10-25 05:39:50.706000+00:00,78,07B,93,B0B076A3064F0AEA0A2AAC679ECE5F62,0.030495370370370374,5,Monday,4,Monday,2021-10-25 00:00:00+00:00,2021-11-01 00:00:00+00:00,False,,
d172c74daa255f4cb035058a43b9240b,ONLINE,2021-10-24 06:04:55.259000+00:00,2021-10-25 05:39:56.082000+00:00,78,1EF,116,195FD095D9D7F47943113AF2CBCF9A75,0.9826484143518519,5,Monday,6,Sunday,2021-10-25 00:00:00+00:00,2021-11-01 00:00:00+00:00,False,,
3014a97a611aa3d3f3a0a9ae74729d46,ONLINE,2021-10-24 16:36:33.215000+00:00,2021-10-25 05:52:38.545000+00:00,78,07B,56,4ECC8B694F4BB262BDD4B0A85952B71A,0.5528394675925926,5,Monday,16,Sunday,2021-10-25 00:00:00+00:00,2021-11-01 00:00:00+00:00,False,,
677e19575c4053bac9e3a2687d445afd,OFFLINE,2021-10-08 05:28:32.495000+00:00,2021-10-25 06:25:26.990000+00:00,78,07B,163,B79C3A36345A4588BD73EBFFC22B9D01,17.039519618055557,6,Monday,5,Friday,2021-10-25 00:00:00+00:00,2021-11-01 00:00:00+00:00,False,,
390f7b2d8049e0f08b6774c007dc22ef,OFFLINE,2021-10-25 06:00:36.586000+00:00,2021-10-25 06:28:25.605000+00:00,78,300,118,C0DD698BE0C1EA71FA3045950BEEC64B,0.019317349537037037,6,Monday,6,Monday,2021-10-25 00:00:00+00:00,2021-11-01 00:00:00+00:00,False,,
a784a72836f42e21629f3d98b1bac540,OFFLINE,2021-10-24 16:12:44.553000+00:00,2021-10-25 06:45:41.153000+00:00,78,300,50,FE36AB62B577062A120ECAC46197F080,0.6062106481481482,6,Monday,16,Sunday,2021-10-25 00:00:00+00:00,2021-11-01 00:00:00+00:00,False,,
1508d811a424b17d763134050535dd37,ONLINE,2021-10-24 18:43:34.401000+00:00,2021-10-25 06:50:47.371000+00:00,78,07B,80,EEDD0125ADF9CD4325E56C39462533F5,0.5050112268518518,6,Monday,18,Sunday,2021-10-25 00:00:00+00:00,2021-11-01 00:00:00+00:00,False,,
6a21b7f54bb6250a1c4898547ef06833,ONLINE,2021-10-24 20:28:26.863000+00:00,2021-10-25 06:53:46.725000+00:00,78,07B,85,4E8E60427140A514537C374BAA698D32,0.43425766203703703,6,Monday,20,Sunday,2021-10-25 00:00:00+00:00,2021-11-01 00:00:00+00:00,False,,
00793cb31faab8339902521b7618ebaa,ONLINE,2021-10-25 05:37:13.812000+00:00,2021-10-25 06:56:15.335000+00:00,78,07B,113,EE735FFED3A6072D13A30636E658A03A,0.05487873842592593,6,Monday,5,Monday,2021-10-25 00:00:00+00:00,2021-11-01 00:00:00+00:00,False,,
9f67da118ea6cafa2602f7ccac1e8bbf,ONLINE,2021-10-25 06:36:41.534000+00:00,2021-10-25 07:09:11.760000+00:00,78,1EF,60,0668909560B9D2AF8FDA5489BCAA5FFF,0.022572060185185188,7,Monday,6,Monday,2021-10-25 00:00:00+00:00,2021-11-01 00:00:00+00:00,False,,
328eb7beae3bd1c4e9d60246d47396cf,ONLINE,2021-10-24 14:12:17.204000+00:00,2021-10-25 07:26:06.398000+00:00,78,300,133,89D534629771B04F61D1971C3068D1BD,0.7179304861111111,7,Monday,14,Sunday,2021-10-25 00:00:00+00:00,2021-11-01 00:00:00+00:00,False,,
a63d4e3ba43d81265ac13ecad055e1f2,OFFLINE,2021-10-22 16:22:22.392000+00:00,2021-10-25 07:41:33.455000+00:00,78,07B,94,C142F51706DA139EC3DCAA250682C61A,2.638322488425926,7,Monday,16,Friday,2021-10-25 00:00:00+00:00,2021-11-01 00:00:00+00:00,False,,
d6be0c395d825d37c4b51c3ded7eb773,OFFLINE,2021-10-25 07:26:45.664000+00:00,2021-10-25 07:41:58.237000+00:00,78,07B,78,4E8E60427140A514537C374BAA698D32,0.0105621875,7,Monday,7,Monday,2021-10-25 00:00:00+00:00,2021-11-01 00:00:00+00:00,False,,
813b2f42862c03f8e04310dceb1712e6,OFFLINE,2021-10-25 07:21:36.693000+00:00,2021-10-25 07:43:49.948000+00:00,78,300,92,09B36CB8AB7325477B80E99BE8FB2D02,0.015431192129629632,7,Monday,7,Monday,2021-10-25 00:00:00+00:00,2021-11-01 00:00:00+00:00,False,,
3c10d181fb787f02f689845186a6b881,OFFLINE,2021-10-13 09:42:28.490000+00:00,2021-10-25 07:56:56.662000+00:00,78,1EF,132,1162FF15A2450469905B590D62F7746E,11.926714953703703,7,Monday,9,Wednesday,2021-10-25 00:00:00+00:00,2021-11-01 00:00:00+00:00,False,,
b6affc317726a7fa08033a08755373ea,OFFLINE,2021-10-24 18:44:03.495000+00:00,2021-10-25 08:06:48.297000+00:00,78,300,50,1BA53B5BBB76E9903A2CF8FF02C37293,0.5574629861111111,8,Monday,18,Sunday,2021-10-25 00:00:00+00:00,2021-11-01 00:00:00+00:00,False,,
a298fb707f56a307a3a7a8f4d91ccee1,OFFLINE,2021-10-25 02:53:52.146000+00:00,2021-10-25 08:26:55.384000+00:00,78,300,50,94C983E37A80A8F9558244120E5293B3,0.23128747685185186,8,Monday,2,Monday,2021-10-25 00:00:00+00:00,2021-11-01 00:00:00+00:00,False,,
08103580ab06d5bc337b872cab7848b5,OFFLINE,2021-10-25 02:55:28.824000+00:00,2021-10-25 08:27:15.368000+00:00,78,300,50,94C983E37A80A8F9558244120E5293B3,0.23039981481481484,8,Monday,2,Monday,2021-10-25 00:00:00+00:00,2021-11-01 00:00:00+00:00,False,,
505d20cf1966da595ee3ff30bb2630c1,OFFLINE,2021-10-25 03:14:14.628000+00:00,2021-10-25 08:27:28.457000+00:00,78,300,50,94C983E37A80A8F9558244120E5293B3,0.2175211689814815,8,Monday,3,Monday,2021-10-25 00:00:00+00:00,2021-11-01 00:00:00+00:00,False,,
cd91b4a5bd18de3707a3af0c8f7e8671,OFFLINE,2021-10-25 02:59:42.121000+00:00,2021-10-25 08:27:36.477000+00:00,78,300,50,94C983E37A80A8F9558244120E5293B3,0.2277124537037037,8,Monday,2,Monday,2021-10-25 00:00:00+00:00,2021-11-01 00:00:00+00:00,False,,
487ba593fd92d22ac403b27aa687f81f,OFFLINE,2021-10-25 03:22:02.619000+00:00,2021-10-25 08:27:57.183000+00:00,78,300,50,94C983E37A80A8F9558244120E5293B3,0.2124370833333333,8,Monday,3,Monday,2021-10-25 00:00:00+00:00,2021-11-01 00:00:00+00:00,False,,
7d2c5577988ce2571d72de09f003d036,OFFLINE,2021-10-24 07:23:15.834000+00:00,2021-10-25 08:28:06.784000+00:00,78,300,50,94C983E37A80A8F9558244120E5293B3,1.0450341435185184,8,Monday,7,Sunday,2021-10-25 00:00:00+00:00,2021-11-01 00:00:00+00:00,False,,
362744f2807e09f269de6a3e56ac0148,OFFLINE,2021-10-25 03:18:49.057000+00:00,2021-10-25 08:28:18.662000+00:00,78,300,50,94C983E37A80A8F9558244120E5293B3,0.2149259837962963,8,Monday,3,Monday,2021-10-25 00:00:00+00:00,2021-11-01 00:00:00+00:00,False,,
f43c91c51d466a7bc4dd30b39914d483,OFFLINE,2021-10-25 02:45:33.495000+00:00,2021-10-25 08:28:40.514000+00:00,78,300,50,94C983E37A80A8F9558244120E5293B3,0.23827568287037038,8,Monday,2,Monday,2021-10-25 00:00:00+00:00,2021-11-01 00:00:00+00:00,False,,
957118aacee102a741b1622cfa3a7ce6,OFFLINE,2021-10-24 07:32:29.150000+00:00,2021-10-25 08:28:49.554000+00:00,78,300,50,94C983E37A80A8F9558244120E5293B3,1.0391250462962962,8,Monday,7,Sunday,2021-10-25 00:00:00+00:00,2021-11-01 00:00:00+00:00,False,,
060cf798b7249640a7e76398fea684c3,ONLINE,2021-10-25 07:58:42.320000+00:00,2021-10-25 08:29:01.218000+00:00,78,1EF,141,BB2033CE2FA4822C957B37DEB445B32C,0.021052060185185184,8,Monday,7,Monday,2021-10-25 00:00:00+00:00,2021-11-01 00:00:00+00:00,False,,
822658212742c1036acb0b85b0ca6809,ONLINE,2021-10-25 08:03:00.336000+00:00,2021-10-25 08:32:54.699000+00:00,78,1EF,122,0668909560B9D2AF8FDA5489BCAA5FFF,0.02076809027777778,8,Monday,8,Monday,2021-10-25 00:00:00+00:00,2021-11-01 00:00:00+00:00,False,,
f69c5c21b7d852d8f438a531595f1fe6,OFFLINE,2021-10-24 09:23:54.726000+00:00,2021-10-25 08:48:28.563000+00:00,78,1EF,60,195FD095D9D7F47943113AF2CBCF9A75,0.9753916319444444,8,Monday,9,Sunday,2021-10-25 00:00:00+00:00,2021-11-01 00:00:00+00:00,False,,
ef2f89ba6ed0013cc4faf3f0b87ccacf,OFFLINE,2021-10-09 08:39:39.344000+00:00,2021-10-25 08:49:46.702000+00:00,78,300,68,08379264459A6EF0F8052CC20B9DD41F,16.00702960648148,8,Monday,8,Saturday,2021-10-25 00:00:00+00:00,2021-11-01 00:00:00+00:00,False,,
a3875fd08a89ca7a0d5fbf106f931db3,ONLINE,2021-10-25 08:46:49.897000+00:00,2021-10-25 09:18:26.677000+00:00,78,300,124,D3CEA8B57F07B785543EDB2058A190CE,0.02195347222222222,9,Monday,8,Monday,2021-10-25 00:00:00+00:00,2021-11-01 00:00:00+00:00,False,,
48bbdb92af38e51999dfc4259c5db061,ONLINE,2021-10-25 08:39:52.053000+00:00,2021-10-25 09:21:11.763000+00:00,78,07B,63,EE735FFED3A6072D13A30636E658A03A,0.028700347222222224,9,Monday,8,Monday,2021-10-25 00:00:00+00:00,2021-11-01 00:00:00+00:00,False,,
ca0cab07c7a5469af07507e4e79c0d71,OFFLINE,2021-10-25 02:34:45.162000+00:00,2021-10-25 09:28:01.565000+00:00,78,07B,67,4ECC8B694F4BB262BDD4B0A85952B71A,0.2869954050925926,9,Monday,2,Monday,2021-10-25 00:00:00+00:00,2021-11-01 00:00:00+00:00,False,,
0497c6cb9abe30a0d4d4f6e2ed3dda59,OFFLINE,2021-10-17 19:31:04.501000+00:00,2021-10-25 09:42:47.382000+00:00,78,07B,99,EEDD0125ADF9CD4325E56C39462533F5,7.591468530092593,9,Monday,19,Sunday,2021-10-25 00:00:00+00:00,2021-11-01 00:00:00+00:00,False,,
e44eba8f92349ccf8f9223766bd2ffc4,OFFLINE,2021-10-25 03:06:20.311000+00:00,2021-10-25 09:53:45.718000+00:00,78,1EF,77,08A9B54E00545ECCD369B8E5D2692E9F,0.28293295138888885,9,Monday,3,Monday,2021-10-25 00:00:00+00:00,2021-11-01 00:00:00+00:00,False,,
db19c21e137e2e07808d69cda0279870,ONLINE,2021-10-25 09:25:30.039000+00:00,2021-10-25 09:59:51.817000+00:00,78,1EF,58,BB2033CE2FA4822C957B37DEB445B32C,0.023863171296296296,9,Monday,9,Monday,2021-10-25 00:00:00+00:00,2021-11-01 00:00:00+00:00,False,,
d257e068d19d27c39e19388c35ac5979,ONLINE,2021-10-21 19:02:05.517000+00:00,2021-10-25 10:06:58.988000+00:00,78,07B,192,C142F51706DA139EC3DCAA250682C61A,3.628396655092593,10,Monday,19,Thursday,2021-10-25 00:00:00+00:00,2021-11-01 00:00:00+00:00,False,,
5fe3f293a81bb06ae763656f28e138ab,OFFLINE,2021-10-25 09:15:32.878000+00:00,2021-10-25 10:11:47.112000+00:00,78,07B,65,EE735FFED3A6072D13A30636E658A03A,0.03905363425925926,10,Monday,9,Monday,2021-10-25 00:00:00+00:00,2021-11-01 00:00:00+00:00,False,,
6c913a755e42fae4fbdbfe951dabc2dd,ONLINE,2021-10-23 10:05:32.341000+00:00,2021-10-25 10:12:16.511000+00:00,78,07B,231,9F9E66046BADAE5ABE94708CED879416,2.0046778935185188,10,Monday,10,Saturday,2021-10-25 00:00:00+00:00,2021-11-01 00:00:00+00:00,False,,
d2d395d706858a953a6b280fe2a86d92,OFFLINE,2021-10-21 11:27:51.832000+00:00,2021-10-25 10:16:41.897000+00:00,78,1EF,132,7B36B12A4C581DFCF8BF406AECA45564,3.9505794560185183,10,Monday,11,Thursday,2021-10-25 00:00:00+00:00,2021-11-01 00:00:00+00:00,False,,
663263ad2f92e25f8b4002431cedf12a,ONLINE,2021-10-25 09:42:26.035000+00:00,2021-10-25 10:31:19.287000+00:00,78,300,147,89D534629771B04F61D1971C3068D1BD,0.033949675925925925,10,Monday,9,Monday,2021-10-25 00:00:00+00:00,2021-11-01 00:00:00+00:00,False,,
38af38a65715292abadd3bb6f475de84,ONLINE,2021-10-25 09:25:08.464000+00:00,2021-10-25 10:34:46.467000+00:00,78,07B,112,56129BC950F9E18A9F5DF651D9D267D1,0.0483565162037037,10,Monday,9,Monday,2021-10-25 00:00:00+00:00,2021-11-01 00:00:00+00:00,False,,
cc9bf9980d22ffed65365bc20d2437cf,ONLINE,2021-10-23 23:01:08.406000+00:00,2021-10-25 10:39:49.833000+00:00,78,07B,63,2D9F8B5DDB0A7BD6F060DBAA34EC0CFF,1.4852017013888887,10,Monday,23,Saturday,2021-10-25 00:00:00+00:00,2021-11-01 00:00:00+00:00,False,,
46ad2e4e339a9a9497c0c1cb3a089235,ONLINE,2021-10-25 09:51:16.580000+00:00,2021-10-25 10:41:34.882000+00:00,78,07B,238,294B021232C509826A57AC3136B8ABDD,0.03493405092592593,10,Monday,9,Monday,2021-10-25 00:00:00+00:00,2021-11-01 00:00:00+00:00,False,,
da2def04d154ff450dcffdba9e91a3d8,OFFLINE,2021-10-25 10:01:32.669000+00:00,2021-10-25 10:45:01.794000+00:00,78,300,150,7E701822D80EF10DEBEA008731637EA3,0.03019820601851852,10,Monday,10,Monday,2021-10-25 00:00:00+00:00,2021-11-01 00:00:00+00:00,False,,
84bb573622e0e2af4295fced21d77b47,OFFLINE,2021-10-25 10:31:37.528000+00:00,2021-10-25 10:52:10.469000+00:00,78,300,58,4FB52D1F31461850C15CC1C15A02931B,0.014270150462962964,10,Monday,10,Monday,2021-10-25 00:00:00+00:00,2021-11-01 00:00:00+00:00,False,,
8f25cb53c900a1888cadaf5532bd5021,OFFLINE,2021-10-25 03:23:36.456000+00:00,2021-10-25 11:14:03.146000+00:00,78,300,50,269CB18F9DAC7649B08410B51621225E,0.32669780092592593,11,Monday,3,Monday,2021-10-25 00:00:00+00:00,2021-11-01 00:00:00+00:00,False,,
5d4f880e40c20c2a343cd1fb56efec4f,OFFLINE,2021-10-25 03:27:14.488000+00:00,2021-10-25 11:14:41.819000+00:00,78,300,50,269CB18F9DAC7649B08410B51621225E,0.32462188657407404,11,Monday,3,Monday,2021-10-25 00:00:00+00:00,2021-11-01 00:00:00+00:00,False,,
2f0aff26b220990e5001cbfbb3e93bd6,OFFLINE,2021-10-25 03:47:44.343000+00:00,2021-10-25 11:15:58.408000+00:00,78,300,50,269CB18F9DAC7649B08410B51621225E,0.31127390046296294,11,Monday,3,Monday,2021-10-25 00:00:00+00:00,2021-11-01 00:00:00+00:00,False,,
d01925cd000db2e105fefb0156ee9ecd,ONLINE,2021-10-24 02:14:43.217000+00:00,2021-10-25 11:19:01.360000+00:00,78,07B,50,C142F51706DA139EC3DCAA250682C61A,1.3779877662037037,11,Monday,2,Sunday,2021-10-25 00:00:00+00:00,2021-11-01 00:00:00+00:00,False,,
dec00f30196f4be75bdd57b3b07953dd,OFFLINE,2021-10-25 12:15:29.900000+00:00,2021-10-25 12:28:48.278000+00:00,78,300,127,7E701822D80EF10DEBEA008731637EA3,0.00924048611111111,12,Monday,12,Monday,2021-10-25 00:00:00+00:00,2021-11-01 00:00:00+00:00,False,,
bb5c17ec30228b54b1fee5d13d9a0d28,OFFLINE,2021-10-23 01:35:09.165000+00:00,2021-10-25 12:57:45.362000+00:00,78,07B,143,B5BC37462B0785F740436790AE41D171,2.4740300578703702,12,Monday,1,Saturday,2021-10-25 00:00:00+00:00,2021-11-01 00:00:00+00:00,False,,
9b006d6ee64443a195f0d6b826fb6abb,ONLINE,2021-10-25 06:49:31.375000+00:00,2021-10-25 13:07:17.544000+00:00,78,1EF,82,D5CECB3D35FF9FEF0E46207CFE4A5F29,0.2623399189814815,13,Monday,6,Monday,2021-10-25 00:00:00+00:00,2021-11-01 00:00:00+00:00,False,,
7b11778c92eba69bf68f93d8f5d4ff3a,OFFLINE,2021-10-21 12:44:54.876000+00:00,2021-10-25 13:13:08.948000+00:00,78,1EF,134,FF6F2DDF8AB23F3461E39CE6531C7EAB,4.019607314814815,13,Monday,12,Thursday,2021-10-25 00:00:00+00:00,2021-11-01 00:00:00+00:00,False,,
2e0d197c6475f8a76a51b770f37130b9,OFFLINE,2021-10-25 12:23:36.933000+00:00,2021-10-25 13:21:20.065000+00:00,78,300,50,F01C49A6AA0D833D3333DEA9AC883637,0.0400825462962963,13,Monday,12,Monday,2021-10-25 00:00:00+00:00,2021-11-01 00:00:00+00:00,False,,
d28834204fdb5662aba59400c67c3ec7,OFFLINE,2021-10-15 04:29:57.483000+00:00,2021-10-25 13:22:17.137000+00:00,78,1EF,104,A00AF20362FBDDE9E3869D787E4693AF,10.369671921296296,13,Monday,4,Friday,2021-10-25 00:00:00+00:00,2021-11-01 00:00:00+00:00,False,,
83493076def8fa7c7e28f1de42afbdea,OFFLINE,2021-10-25 13:00:00.269000+00:00,2021-10-25 13:23:15.369000+00:00,78,07B,85,EE735FFED3A6072D13A30636E658A03A,0.01614699074074074,13,Monday,13,Monday,2021-10-25 00:00:00+00:00,2021-11-01 00:00:00+00:00,False,,
43c0f2bc9339753d3845db094e20951e,OFFLINE,2021-10-20 09:50:17.407000+00:00,2021-10-25 13:34:50.984000+00:00,78,07B,93,C142F51706DA139EC3DCAA250682C61A,5.15594417824074,13,Monday,9,Wednesday,2021-10-25 00:00:00+00:00,2021-11-01 00:00:00+00:00,False,,
c00df070b8ff67740ff06474e8e6acd0,ONLINE,2021-10-23 06:28:23.264000+00:00,2021-10-25 13:35:44.921000+00:00,78,07B,78,2CF9D19CE125793D17A0B4C371AB7AFD,2.2967784375,13,Monday,6,Saturday,2021-10-25 00:00:00+00:00,2021-11-01 00:00:00+00:00,False,,
443b04fd1e0f3fcb9436b4507103aa69,ONLINE,2021-10-15 11:23:46.796000+00:00,2021-10-25 13:54:10.944000+00:00,78,07B,96,294B021232C509826A57AC3136B8ABDD,10.104446157407407,13,Monday,11,Friday,2021-10-25 00:00:00+00:00,2021-11-01 00:00:00+00:00,False,,
3e3055fdfe2719369263e690b2729e4e,ONLINE,2021-10-25 13:03:13.709000+00:00,2021-10-25 13:56:11.622000+00:00,78,1EF,149,195FD095D9D7F47943113AF2CBCF9A75,0.036781400462962965,13,Monday,13,Monday,2021-10-25 00:00:00+00:00,2021-11-01 00:00:00+00:00,False,,
233711077f702aca65dbd0b9a11e5acb,OFFLINE,2021-10-16 07:58:27.679000+00:00,2021-10-25 14:09:15.976000+00:00,78,07B,104,10D023CEE6CC12F06C576EB33402E56B,9.2575034375,14,Monday,7,Saturday,2021-10-25 00:00:00+00:00,2021-11-01 00:00:00+00:00,False,,
f336205ac46e673d3d54378e42069efd,OFFLINE,2021-10-25 03:25:17.385000+00:00,2021-10-25 14:17:18.806000+00:00,78,07B,246,56129BC950F9E18A9F5DF651D9D267D1,0.45279422453703705,14,Monday,3,Monday,2021-10-25 00:00:00+00:00,2021-11-01 00:00:00+00:00,False,,
21c2c5ca58aa24fd1fa8b4ba5d8f5453,ONLINE,2021-10-25 14:13:35.731000+00:00,2021-10-25 14:31:58.753000+00:00,78,07B,71,2D9F8B5DDB0A7BD6F060DBAA34EC0CFF,0.012766458333333333,14,Monday,14,Monday,2021-10-25 00:00:00+00:00,2021-11-01 00:00:00+00:00,False,,
52b679f39db58150dbd30354a8640463,OFFLINE,2021-10-23 13:06:03.449000+00:00,2021-10-25 14:48:31.915000+00:00,78,300,100,08379264459A6EF0F8052CC20B9DD41F,2.0711628009259258,14,Monday,13,Saturday,2021-10-25 00:00:00+00:00,2021-11-01 00:00:00+00:00,False,,
dcdc29f5179e47aa4206060e10450a41,OFFLINE,2021-10-25 14:51:37.188000+00:00,2021-10-25 15:38:48.106000+00:00,78,300,163,E56AE16934A0D29EBF24915402A7E5ED,0.032765254629629634,15,Monday,14,Monday,2021-10-25 00:00:00+00:00,2021-11-01 00:00:00+00:00,False,,
d26c4540dac03bededfbcacfa5ed155d,OFFLINE,2021-10-25 13:19:23.719000+00:00,2021-10-25 16:00:00.599000+00:00,78,300,138,2630D6FC6433A9A4C1C906C0D64BDDE1,0.11153796296296295,16,Monday,13,Monday,2021-10-25 00:00:00+00:00,2021-11-01 00:00:00+00:00,False,,
2ed0a0c71da4096856fd7e3c7b584472,ONLINE,2021-10-25 15:22:11.425000+00:00,2021-10-25 16:05:35.696000+00:00,78,300,102,C0DD698BE0C1EA71FA3045950BEEC64B,0.030142025462962966,16,Monday,15,Monday,2021-10-25 00:00:00+00:00,2021-11-01 00:00:00+00:00,False,,
5922b095612c2e7e6d9ee81487a8cc34,OFFLINE,2021-10-25 11:23:37.494000+00:00,2021-10-25 16:20:21.492000+00:00,78,1EF,149,5AB0714CC92CC1DEFDEFBBBA397B1654,0.20606479166666666,16,Monday,11,Monday,2021-10-25 00:00:00+00:00,2021-11-01 00:00:00+00:00,False,,
6f4ff3df4a19470a9ff3ed0ca9c6c46c,OFFLINE,2021-10-23 03:21:47.175000+00:00,2021-10-25 16:20:22.779000+00:00,78,07B,203,B0B076A3064F0AEA0A2AAC679ECE5F62,2.540689861111111,16,Monday,3,Saturday,2021-10-25 00:00:00+00:00,2021-11-01 00:00:00+00:00,False,,
6f4375d5cdc74a1e49c594938b75bda0,OFFLINE,2021-10-25 04:02:03.521000+00:00,2021-10-25 16:58:38.848000+00:00,78,300,50,08379264459A6EF0F8052CC20B9DD41F,0.5392977662037036,16,Monday,4,Monday,2021-10-25 00:00:00+00:00,2021-11-01 00:00:00+00:00,False,,
b5fc34faa4cc342b599af560682c3bc8,OFFLINE,2021-10-25 04:11:53.899000+00:00,2021-10-25 16:59:09.866000+00:00,78,300,50,08379264459A6EF0F8052CC20B9DD41F,0.5328236921296295,16,Monday,4,Monday,2021-10-25 00:00:00+00:00,2021-11-01 00:00:00+00:00,False,,
88aab88ee5c3d8f73a72dce8dc7810d2,OFFLINE,2021-10-25 16:34:23.360000+00:00,2021-10-25 17:03:04.380000+00:00,78,07B,98,2CF9D19CE125793D17A0B4C371AB7AFD,0.01991921296296296,17,Monday,16,Monday,2021-10-25 00:00:00+00:00,2021-11-01 00:00:00+00:00,False,,
b4399c9dd38707fab62bb5ffaa249b17,ONLINE,2021-10-18 09:14:32.902000+00:00,2021-10-25 17:27:22.883000+00:00,78,07B,225,10D023CEE6CC12F06C576EB33402E56B,7.342245150462963,17,Monday,9,Monday,2021-10-25 00:00:00+00:00,2021-11-01 00:00:00+00:00,False,,
a2f3a8e1a47d450146f0339d64fcf345,OFFLINE,2021-10-24 10:40:19.492000+00:00,2021-10-25 17:30:32.765000+00:00,78,07B,114,4ECC8B694F4BB262BDD4B0A85952B71A,1.2848758449074074,17,Monday,10,Sunday,2021-10-25 00:00:00+00:00,2021-11-01 00:00:00+00:00,False,,
bcdc50385ac920c94d1326d29ed7cf16,OFFLINE,2021-10-25 17:08:43.550000+00:00,2021-10-25 17:33:54.577000+00:00,78,300,103,C0DD698BE0C1EA71FA3045950BEEC64B,0.017488738425925927,17,Monday,17,Monday,2021-10-25 00:00:00+00:00,2021-11-01 00:00:00+00:00,False,,
076de028f6bf2a7cd722d930013a0dfc,ONLINE,2021-10-25 17:19:55.991000+00:00,2021-10-25 18:00:28.525000+00:00,78,300,164,0172D49A6C50EA5A9E5C243FEBA0B377,0.028154328703703706,18,Monday,17,Monday,2021-10-25 00:00:00+00:00,2021-11-01 00:00:00+00:00,False,,
6bc3c9dc5d6bfce6d804f776908306bd,ONLINE,2021-10-25 12:34:54.798000+00:00,2021-10-25 18:13:22.215000+00:00,78,1EF,125,2C10D809ABD31810F4E95F4E500EFA7E,0.23503954861111112,18,Monday,12,Monday,2021-10-25 00:00:00+00:00,2021-11-01 00:00:00+00:00,False,,
fb69c3341f8f00696567ca5ea932dc81,OFFLINE,2021-10-23 05:16:02.368000+00:00,2021-10-25 18:35:40.727000+00:00,78,1EF,189,7B36B12A4C581DFCF8BF406AECA45564,2.5553050810185183,18,Monday,5,Saturday,2021-10-25 00:00:00+00:00,2021-11-01 00:00:00+00:00,False,,
204074333cfaa938e58de564f4a7a2af,OFFLINE,2021-10-25 03:52:41.831000+00:00,2021-10-25 18:45:50.094000+00:00,78,300,50,89D534629771B04F61D1971C3068D1BD,0.620234525462963,18,Monday,3,Monday,2021-10-25 00:00:00+00:00,2021-11-01 00:00:00+00:00,False,,
9b5265fdc95c0a153bdacd9bf9adeb07,OFFLINE,2021-10-25 19:43:01.489000+00:00,2021-10-25 20:12:42.147000+00:00,76,07B,129,4E8E60427140A514537C374BAA698D32,0.020609467592592592,20,Monday,19,Monday,2021-10-25 00:00:00+00:00,2021-11-01 00:00:00+00:00,False,,
4da0f8ec43605ef596f055d40aba24a5,ONLINE,2021-10-25 20:34:00.982000+00:00,2021-10-25 20:59:28.064000+00:00,80,07B,640,2CF9D19CE125793D17A0B4C371AB7AFD,0.017674560185185186,20,Monday,20,Monday,2021-10-25 00:00:00+00:00,2021-11-01 00:00:00+00:00,False,,
482c78ef1174c2055d13f0e654ea9a23,OFFLINE,2021-10-26 00:07:26.701000+00:00,2021-10-26 00:37:21.991000+00:00,78,300,92,08379264459A6EF0F8052CC20B9DD41F,0.020778819444444444,0,Tuesday,0,Tuesday,2021-10-26 00:00:00+00:00,2021-11-02 00:00:00+00:00,False,,
1a05f780a5caefbe05bbb5fdc89d95ce,OFFLINE,2021-10-26 00:19:57.206000+00:00,2021-10-26 00:38:36.736000+00:00,78,07B,100,4E8E60427140A514537C374BAA698D32,0.012957523148148149,0,Tuesday,0,Tuesday,2021-10-26 00:00:00+00:00,2021-11-02 00:00:00+00:00,False,,
db174749e0ac947b9db79b219b8f1b62,OFFLINE,2021-10-25 10:05:14.419000+00:00,2021-10-26 01:46:26.463000+00:00,78,300,94,D3CEA8B57F07B785543EDB2058A190CE,0.6536116203703703,1,Tuesday,10,Monday,2021-10-26 00:00:00+00:00,2021-11-02 00:00:00+00:00,False,,
e4732a779fee1b528388e600bd764c31,OFFLINE,2021-10-25 17:56:30.088000+00:00,2021-10-26 02:20:59.029000+00:00,78,300,86,A85A33858C7BB0DCE962E99B2E79BBC4,0.35033496527777774,2,Tuesday,17,Monday,2021-10-26 00:00:00+00:00,2021-11-02 00:00:00+00:00,False,,
3cb209251c20ff695f9c515aa1f122c6,OFFLINE,2021-10-25 21:15:39.232000+00:00,2021-10-26 02:34:11.941000+00:00,78,300,61,4FB52D1F31461850C15CC1C15A02931B,0.2212119097222222,2,Tuesday,21,Monday,2021-10-26 00:00:00+00:00,2021-11-02 00:00:00+00:00,False,,
343212dafcccbda9c0d9fa8e91c750d9,OFFLINE,2021-10-21 06:56:20.899000+00:00,2021-10-26 02:37:54.696000+00:00,78,300,144,6C95625CBBEF8E86248B347AF84368A0,4.8205300578703705,2,Tuesday,6,Thursday,2021-10-26 00:00:00+00:00,2021-11-02 00:00:00+00:00,False,,
b48adacf4ca97669bce6041de3983191,ONLINE,2021-10-25 03:55:18.594000+00:00,2021-10-26 02:40:00.008000+00:00,78,300,95,90C3452EF4D2B2390B45A9D5554A8F65,0.947701550925926,2,Tuesday,3,Monday,2021-10-26 00:00:00+00:00,2021-11-02 00:00:00+00:00,False,,
31068bfad4194a9ea21eb94541d2908b,ONLINE,2021-10-26 02:28:12.330000+00:00,2021-10-26 02:42:53.951000+00:00,78,1EF,77,7B36B12A4C581DFCF8BF406AECA45564,0.01020394675925926,2,Tuesday,2,Tuesday,2021-10-26 00:00:00+00:00,2021-11-02 00:00:00+00:00,False,,
b601e7ff509e6b41875f9c50510fa9b1,OFFLINE,2021-10-26 02:48:25.222000+00:00,2021-10-26 03:03:42.695000+00:00,78,07B,70,EE735FFED3A6072D13A30636E658A03A,0.010618900462962962,3,Tuesday,2,Tuesday,2021-10-26 00:00:00+00:00,2021-11-02 00:00:00+00:00,False,,
b6d626cf6430bdc3e5792e3b3b9d64f6,OFFLINE,2021-10-26 02:23:17.068000+00:00,2021-10-26 03:04:05.978000+00:00,78,300,145,89D534629771B04F61D1971C3068D1BD,0.02834386574074074,3,Tuesday,2,Tuesday,2021-10-26 00:00:00+00:00,2021-11-02 00:00:00+00:00,False,,
7a16d78cfc9ddc0d98d5c383baed4bff,ONLINE,2021-10-25 13:42:08.716000+00:00,2021-10-26 03:07:53.080000+00:00,78,07B,131,2D9F8B5DDB0A7BD6F060DBAA34EC0CFF,0.55954125,3,Tuesday,13,Monday,2021-10-26 00:00:00+00:00,2021-11-02 00:00:00+00:00,False,,
4297ddd66ec153055824f52eb3691d26,OFFLINE,2021-10-13 10:40:17.119000+00:00,2021-10-26 03:12:07.773000+00:00,78,300,88,56C3843EA0BAA7B2438B58CFC2BBD0FF,12.688780717592593,3,Tuesday,10,Wednesday,2021-10-26 00:00:00+00:00,2021-11-02 00:00:00+00:00,False,,
1d45fff05f16edfbf2ba45c3ed58fe34,OFFLINE,2021-10-26 03:17:17.160000+00:00,2021-10-26 03:32:48.183000+00:00,78,07B,105,4E8E60427140A514537C374BAA698D32,0.010775729166666666,3,Tuesday,3,Tuesday,2021-10-26 00:00:00+00:00,2021-11-02 00:00:00+00:00,False,,
6b11f520110318f38e7d1396d57a5a63,ONLINE,2021-10-21 10:56:13.333000+00:00,2021-10-26 03:34:46.090000+00:00,78,300,153,1BA53B5BBB76E9903A2CF8FF02C37293,4.6934346875,3,Tuesday,10,Thursday,2021-10-26 00:00:00+00:00,2021-11-02 00:00:00+00:00,False,,
dce5d7aeccb617323f99f99572768fe6,ONLINE,2021-10-26 02:51:01.959000+00:00,2021-10-26 03:37:18.027000+00:00,78,1EF,128,BB2033CE2FA4822C957B37DEB445B32C,0.03213041666666667,3,Tuesday,2,Tuesday,2021-10-26 00:00:00+00:00,2021-11-02 00:00:00+00:00,False,,
bb0e6c612d71876bb3a81d8a1af30dc6,ONLINE,2021-10-26 02:49:33.086000+00:00,2021-10-26 03:41:55.364000+00:00,78,300,138,C0DD698BE0C1EA71FA3045950BEEC64B,0.03636895833333333,3,Tuesday,2,Tuesday,2021-10-26 00:00:00+00:00,2021-11-02 00:00:00+00:00,False,,
e56439dadd6c5fe343fb487dc5dec7c8,OFFLINE,2021-10-26 03:37:37.132000+00:00,2021-10-26 03:45:53.897000+00:00,78,07B,54,4E8E60427140A514537C374BAA698D32,0.005749594907407407,3,Tuesday,3,Tuesday,2021-10-26 00:00:00+00:00,2021-11-02 00:00:00+00:00,False,,
c4fbb283228b7c3d93077a7cc9144da6,ONLINE,2021-10-25 18:14:28.663000+00:00,2021-10-26 03:53:38.923000+00:00,78,300,156,1BA53B5BBB76E9903A2CF8FF02C37293,0.40220208333333335,3,Tuesday,18,Monday,2021-10-26 00:00:00+00:00,2021-11-02 00:00:00+00:00,False,,
27b94f6ebde04afbeefec2a9a8d0920a,ONLINE,2021-10-26 03:32:36.545000+00:00,2021-10-26 03:55:26.573000+00:00,78,300,77,269CB18F9DAC7649B08410B51621225E,0.015856805555555555,3,Tuesday,3,Tuesday,2021-10-26 00:00:00+00:00,2021-11-02 00:00:00+00:00,False,,
7937bee56150789bc15acf16d48f7fc1,OFFLINE,2021-10-15 03:05:15.687000+00:00,2021-10-26 03:55:43.669000+00:00,78,1EF,165,740CB1CA2BD83B3276B092195A6EB883,11.035046087962963,3,Tuesday,3,Friday,2021-10-26 00:00:00+00:00,2021-11-02 00:00:00+00:00,False,,
1ee53c6b0254c7aa73ec4b1d16c0e985,OFFLINE,2021-10-26 03:43:20.164000+00:00,2021-10-26 04:09:56.643000+00:00,78,300,106,C0DD698BE0C1EA71FA3045950BEEC64B,0.018477766203703703,4,Tuesday,3,Tuesday,2021-10-26 00:00:00+00:00,2021-11-02 00:00:00+00:00,False,,
3b88b52139db69fb429c160f18b8073f,OFFLINE,2021-10-24 16:58:48.730000+00:00,2021-10-26 04:27:16.689000+00:00,78,07B,157,4E8E60427140A514537C374BAA698D32,1.4781013773148148,4,Tuesday,16,Sunday,2021-10-26 00:00:00+00:00,2021-11-02 00:00:00+00:00,False,,
a68be7ab274f1a2b75dd3aa446e8deb6,OFFLINE,2021-10-25 16:47:05.475000+00:00,2021-10-26 04:58:01.363000+00:00,78,300,88,C0DD698BE0C1EA71FA3045950BEEC64B,0.5075912962962963,4,Tuesday,16,Monday,2021-10-26 00:00:00+00:00,2021-11-02 00:00:00+00:00,False,,
0247946552f7e3e7c135f99ab006b168,OFFLINE,2021-10-25 10:39:11.776000+00:00,2021-10-26 05:00:03.721000+00:00,78,300,50,94C983E37A80A8F9558244120E5293B3,0.7644901041666667,5,Tuesday,10,Monday,2021-10-26 00:00:00+00:00,2021-11-02 00:00:00+00:00,False,,
ba8bd357746955b52a5a631e474a370f,OFFLINE,2021-10-25 10:36:19.292000+00:00,2021-10-26 05:00:34.812000+00:00,78,300,50,94C983E37A80A8F9558244120E5293B3,0.7668462962962963,5,Tuesday,10,Monday,2021-10-26 00:00:00+00:00,2021-11-02 00:00:00+00:00,False,,
826f7f2dab539bacac0a20a6964d559d,OFFLINE,2021-10-25 13:21:37.432000+00:00,2021-10-26 05:01:43.292000+00:00,78,07B,128,294B021232C509826A57AC3136B8ABDD,0.6528456018518518,5,Tuesday,13,Monday,2021-10-26 00:00:00+00:00,2021-11-02 00:00:00+00:00,False,,
9bea0c1637467a680e6c5b88cf00839f,ONLINE,2021-10-25 03:48:23.620000+00:00,2021-10-26 05:01:45.169000+00:00,78,1EF,246,2C10D809ABD31810F4E95F4E500EFA7E,1.0509438541666667,5,Tuesday,3,Monday,2021-10-26 00:00:00+00:00,2021-11-02 00:00:00+00:00,False,,
66b509b85a85ff729a28aa7d4f3ed146,OFFLINE,2021-10-25 10:48:17.662000+00:00,2021-10-26 05:02:41.335000+00:00,78,300,50,94C983E37A80A8F9558244120E5293B3,0.7599962152777777,5,Tuesday,10,Monday,2021-10-26 00:00:00+00:00,2021-11-02 00:00:00+00:00,False,,
d94ccd910ef119a701944a179d91f70a,OFFLINE,2021-10-26 04:46:05.678000+00:00,2021-10-26 05:20:13.207000+00:00,78,300,120,56C3843EA0BAA7B2438B58CFC2BBD0FF,0.023698252314814816,5,Tuesday,4,Tuesday,2021-10-26 00:00:00+00:00,2021-11-02 00:00:00+00:00,False,,
7d0c0db954faac2593c67c5bca6cd00d,ONLINE,2021-10-24 10:32:29.322000+00:00,2021-10-26 05:30:23.127000+00:00,78,300,63,E56AE16934A0D29EBF24915402A7E5ED,1.7902060763888887,5,Tuesday,10,Sunday,2021-10-26 00:00:00+00:00,2021-11-02 00:00:00+00:00,False,,
e0287b0ef85b136a7c79702865a64c37,ONLINE,2021-10-25 19:28:48.491000+00:00,2021-10-26 05:30:24.834000+00:00,78,07B,58,4ECC8B694F4BB262BDD4B0A85952B71A,0.41778174768518517,5,Tuesday,19,Monday,2021-10-26 00:00:00+00:00,2021-11-02 00:00:00+00:00,False,,
07b749a09fd94332da20d4b36ee9c799,OFFLINE,2021-10-19 18:13:58.273000+00:00,2021-10-26 06:14:19.602000+00:00,78,1EF,60,A00AF20362FBDDE9E3869D787E4693AF,6.500246863425926,6,Tuesday,18,Tuesday,2021-10-26 00:00:00+00:00,2021-11-02 00:00:00+00:00,False,,
01de13c4fe39b3f7c0dea8c87e98c96c,ONLINE,2021-10-01 08:37:25.876000+00:00,2021-10-26 06:15:46.222000+00:00,78,07B,173,0788D330C960376CA8EF0D842E5443A4,24.901624374999997,6,Tuesday,8,Friday,2021-10-26 00:00:00+00:00,2021-11-02 00:00:00+00:00,False,,
c3268da6b1d3378a827dd7edd743b2fc,OFFLINE,2021-10-25 03:51:00.224000+00:00,2021-10-26 06:30:11.795000+00:00,78,300,50,269CB18F9DAC7649B08410B51621225E,1.1105505902777777,6,Tuesday,3,Monday,2021-10-26 00:00:00+00:00,2021-11-02 00:00:00+00:00,False,,
3fcf07f6afe50684cebb31ee58d41ac1,OFFLINE,2021-10-25 10:44:00.517000+00:00,2021-10-26 06:30:29.466000+00:00,78,300,50,269CB18F9DAC7649B08410B51621225E,0.8239461689814814,6,Tuesday,10,Monday,2021-10-26 00:00:00+00:00,2021-11-02 00:00:00+00:00,False,,
9d4e0861d412a743c514950cb294172c,OFFLINE,2021-10-25 03:49:02.096000+00:00,2021-10-26 06:31:01.701000+00:00,78,300,50,269CB18F9DAC7649B08410B51621225E,1.1124954282407407,6,Tuesday,3,Monday,2021-10-26 00:00:00+00:00,2021-11-02 00:00:00+00:00,False,,
e610bc5e18d41eb29e0db891a4280d40,ONLINE,2021-10-24 18:35:40.008000+00:00,2021-10-26 06:35:02.967000+00:00,78,300,122,7E701822D80EF10DEBEA008731637EA3,1.4995712847222222,6,Tuesday,18,Sunday,2021-10-26 00:00:00+00:00,2021-11-02 00:00:00+00:00,False,,
9fa59ae13889c1f6eb64d38b16e446c0,OFFLINE,2021-10-26 06:15:43.505000+00:00,2021-10-26 06:38:26.597000+00:00,78,07B,103,EEDD0125ADF9CD4325E56C39462533F5,0.015776527777777778,6,Tuesday,6,Tuesday,2021-10-26 00:00:00+00:00,2021-11-02 00:00:00+00:00,False,,
6554b61793758790211483593a39788a,OFFLINE,2021-10-26 02:54:03.174000+00:00,2021-10-26 06:43:27.107000+00:00,78,300,97,7E701822D80EF10DEBEA008731637EA3,0.1593047800925926,6,Tuesday,2,Tuesday,2021-10-26 00:00:00+00:00,2021-11-02 00:00:00+00:00,False,,
30c4140b1c7b73a150aafb747cc7a878,OFFLINE,2021-10-20 11:08:46.722000+00:00,2021-10-26 06:49:59.169000+00:00,78,300,94,08379264459A6EF0F8052CC20B9DD41F,5.820282951388888,6,Tuesday,11,Wednesday,2021-10-26 00:00:00+00:00,2021-11-02 00:00:00+00:00,False,,
3fe5213768f86e05b6654f967a423982,OFFLINE,2021-10-25 16:18:55.970000+00:00,2021-10-26 06:50:49.702000+00:00,78,1EF,60,FF6F2DDF8AB23F3461E39CE6531C7EAB,0.6054830092592594,6,Tuesday,16,Monday,2021-10-26 00:00:00+00:00,2021-11-02 00:00:00+00:00,False,,
417c58825319252955883671e10003dc,OFFLINE,2021-10-26 06:09:13.248000+00:00,2021-10-26 07:04:49.260000+00:00,78,300,50,E72C918BA3470A8671982E069981B9C8,0.03861125,7,Tuesday,6,Tuesday,2021-10-26 00:00:00+00:00,2021-11-02 00:00:00+00:00,False,,
5d4b721b453e21642f53a1a5e61e3574,ONLINE,2021-10-25 08:25:42.564000+00:00,2021-10-26 07:12:40.018000+00:00,78,07B,126,10D023CEE6CC12F06C576EB33402E56B,0.9492760879629629,7,Tuesday,8,Monday,2021-10-26 00:00:00+00:00,2021-11-02 00:00:00+00:00,False,,
6df1bef8dc789a70087a2e9eb343d129,OFFLINE,2021-10-26 06:52:09.904000+00:00,2021-10-26 07:30:18.425000+00:00,78,300,98,09B36CB8AB7325477B80E99BE8FB2D02,0.026487511574074075,7,Tuesday,6,Tuesday,2021-10-26 00:00:00+00:00,2021-11-02 00:00:00+00:00,False,,
0ff7b1078f56bcf0dced0bfc18db4791,ONLINE,2021-10-26 06:48:54.285000+00:00,2021-10-26 07:42:16.657000+00:00,78,300,52,89D534629771B04F61D1971C3068D1BD,0.03706449074074074,7,Tuesday,6,Tuesday,2021-10-26 00:00:00+00:00,2021-11-02 00:00:00+00:00,False,,
45db19c67b66758f6dea016a183a2826,OFFLINE,2021-10-22 16:45:42.733000+00:00,2021-10-26 07:49:16.598000+00:00,78,300,50,56C3843EA0BAA7B2438B58CFC2BBD0FF,3.627475289351852,7,Tuesday,16,Friday,2021-10-26 00:00:00+00:00,2021-11-02 00:00:00+00:00,False,,
41520925b44c5fa5ea36b7691e395e0b,OFFLINE,2021-10-25 08:58:08.403000+00:00,2021-10-26 07:50:26.692000+00:00,78,1EF,243,5CD6463B9C20BA10DA25A431F2D844A6,0.9529894560185186,7,Tuesday,8,Monday,2021-10-26 00:00:00+00:00,2021-11-02 00:00:00+00:00,False,,
eb73b1f6d2b65d41f921d0f42bb7b013,OFFLINE,2021-10-08 10:40:06.065000+00:00,2021-10-26 07:52:38.364000+00:00,78,07B,90,4ECC8B694F4BB262BDD4B0A85952B71A,17.883707164351854,7,Tuesday,10,Friday,2021-10-26 00:00:00+00:00,2021-11-02 00:00:00+00:00,False,,
d373652677e90e65f28adb2edf2a0abd,OFFLINE,2021-10-24 05:17:52.766000+00:00,2021-10-26 08:18:09.071000+00:00,78,300,127,15DEDC3B645D743B528945FFB129B0EC,2.1251887152777775,8,Tuesday,5,Sunday,2021-10-26 00:00:00+00:00,2021-11-02 00:00:00+00:00,False,,
abd144942d4b0edaa9d7e18ff0ef7b1a,OFFLINE,2021-10-26 07:58:30.553000+00:00,2021-10-26 09:00:57.488000+00:00,78,300,112,08379264459A6EF0F8052CC20B9DD41F,0.04336730324074074,9,Tuesday,7,Tuesday,2021-10-26 00:00:00+00:00,2021-11-02 00:00:00+00:00,False,,
824c474f105dae944fc2a2f4fd2db340,ONLINE,2021-10-26 06:54:33.862000+00:00,2021-10-26 09:17:37.139000+00:00,78,07B,85,EEDD0125ADF9CD4325E56C39462533F5,0.0993434837962963,9,Tuesday,6,Tuesday,2021-10-26 00:00:00+00:00,2021-11-02 00:00:00+00:00,False,,
e82467e8f58e00683f59d909f437d22a,ONLINE,2021-10-26 08:43:50.648000+00:00,2021-10-26 09:31:00.664000+00:00,78,07B,92,4E8E60427140A514537C374BAA698D32,0.03275481481481481,9,Tuesday,8,Tuesday,2021-10-26 00:00:00+00:00,2021-11-02 00:00:00+00:00,False,,
8f6d8aee9b84e39df06663fa66af6296,OFFLINE,2021-10-20 14:20:19.715000+00:00,2021-10-26 09:44:53.504000+00:00,78,1EF,60,2C10D809ABD31810F4E95F4E500EFA7E,5.808724409722222,9,Tuesday,14,Wednesday,2021-10-26 00:00:00+00:00,2021-11-02 00:00:00+00:00,False,,
85996610ba6f241f458f5be7aaf746b2,OFFLINE,2021-10-26 09:15:54.822000+00:00,2021-10-26 09:52:00.517000+00:00,88,300,100,B6563BC197C1D5F0381754909937C28F,0.025065914351851855,9,Tuesday,9,Tuesday,2021-10-26 00:00:00+00:00,2021-11-02 00:00:00+00:00,False,,
734ff6f528ea5852599d2f7b979a2636,OFFLINE,2021-10-16 18:02:29.513000+00:00,2021-10-26 09:57:48.880000+00:00,78,07B,68,4E8E60427140A514537C374BAA698D32,9.663418599537037,9,Tuesday,18,Saturday,2021-10-26 00:00:00+00:00,2021-11-02 00:00:00+00:00,False,,
3d8751fa2c59bfebe5d53d90fe0c8c7d,OFFLINE,2021-10-21 05:58:24.789000+00:00,2021-10-26 10:02:38.951000+00:00,78,07B,72,EE735FFED3A6072D13A30636E658A03A,5.169608356481482,10,Tuesday,5,Thursday,2021-10-26 00:00:00+00:00,2021-11-02 00:00:00+00:00,False,,
baf7181158a06a783df13308f0fc7bda,ONLINE,2021-10-23 15:58:05.149000+00:00,2021-10-26 10:05:41.066000+00:00,78,1EF,80,BB2033CE2FA4822C957B37DEB445B32C,2.7552768171296296,10,Tuesday,15,Saturday,2021-10-26 00:00:00+00:00,2021-11-02 00:00:00+00:00,False,,
964982e1acd59a84ee1a0e3fbe53477a,ONLINE,2021-10-25 03:33:41.811000+00:00,2021-10-26 10:10:12.825000+00:00,78,1EF,105,08A9B54E00545ECCD369B8E5D2692E9F,1.2753589583333333,10,Tuesday,3,Monday,2021-10-26 00:00:00+00:00,2021-11-02 00:00:00+00:00,False,,
9f13ecd47d769cecdbdc482adabe6463,OFFLINE,2021-10-25 21:53:59.680000+00:00,2021-10-26 10:12:13.564000+00:00,78,07B,149,3B56EC028568E71AF10B3360787CD0BC,0.5126606944444444,10,Tuesday,21,Monday,2021-10-26 00:00:00+00:00,2021-11-02 00:00:00+00:00,False,,
9998937ec37c069c4d787959a5386af9,OFFLINE,2021-10-26 09:34:06.080000+00:00,2021-10-26 10:16:12.760000+00:00,78,07B,176,B5BC37462B0785F740436790AE41D171,0.02924398148148148,10,Tuesday,9,Tuesday,2021-10-26 00:00:00+00:00,2021-11-02 00:00:00+00:00,False,,
7065a24b9aa135a08ceaf047b74fa5ac,ONLINE,2021-10-26 09:50:39.512000+00:00,2021-10-26 10:16:54.869000+00:00,78,07B,97,C142F51706DA139EC3DCAA250682C61A,0.01823329861111111,10,Tuesday,9,Tuesday,2021-10-26 00:00:00+00:00,2021-11-02 00:00:00+00:00,False,,
172cacba8598e0de40808f99e553321b,OFFLINE,2021-10-26 09:19:10.263000+00:00,2021-10-26 10:17:19.988000+00:00,78,07B,117,EE735FFED3A6072D13A30636E658A03A,0.040390335648148146,10,Tuesday,9,Tuesday,2021-10-26 00:00:00+00:00,2021-11-02 00:00:00+00:00,False,,
d8a9a9381e778798ad39e2edc1a931d8,ONLINE,2021-10-21 14:03:08.833000+00:00,2021-10-26 10:18:36.650000+00:00,78,300,189,6C95625CBBEF8E86248B347AF84368A0,4.844071956018518,10,Tuesday,14,Thursday,2021-10-26 00:00:00+00:00,2021-11-02 00:00:00+00:00,False,,
60b1c97cfb228b8ff85750126cac669c,ONLINE,2021-10-25 20:28:52.860000+00:00,2021-10-26 10:24:01.990000+00:00,78,07B,121,BEB712D51701D0787EC236821442EA5C,0.5799667824074074,10,Tuesday,20,Monday,2021-10-26 00:00:00+00:00,2021-11-02 00:00:00+00:00,False,,
dad61b0475660ca02168bf9547297c82,OFFLINE,2021-10-20 10:38:44.688000+00:00,2021-10-26 10:30:58.644000+00:00,78,1EF,127,96C3C752FA22E3A6918ADE4F355D3F8D,5.994605972222223,10,Tuesday,10,Wednesday,2021-10-26 00:00:00+00:00,2021-11-02 00:00:00+00:00,False,,
5bb5e89ca85fda350d8a5bc36db05bb0,OFFLINE,2021-10-24 09:33:03.710000+00:00,2021-10-26 11:06:00.416000+00:00,78,300,59,1BA53B5BBB76E9903A2CF8FF02C37293,2.0645452083333335,11,Tuesday,9,Sunday,2021-10-26 00:00:00+00:00,2021-11-02 00:00:00+00:00,False,,
ab546ecd053ca8c012148368b7600ef7,OFFLINE,2021-10-26 10:40:41.640000+00:00,2021-10-26 11:26:15.594000+00:00,78,300,124,0172D49A6C50EA5A9E5C243FEBA0B377,0.03164298611111111,11,Tuesday,10,Tuesday,2021-10-26 00:00:00+00:00,2021-11-02 00:00:00+00:00,False,,
c93d12d96533b95e9944ee7b9b913858,ONLINE,2021-10-25 14:39:12.357000+00:00,2021-10-26 11:39:31.501000+00:00,78,07B,160,4E8E60427140A514537C374BAA698D32,0.8752215740740741,11,Tuesday,14,Monday,2021-10-26 00:00:00+00:00,2021-11-02 00:00:00+00:00,False,,
8160d3abcb948edd0c41ea69ba5d23f6,ONLINE,2021-10-26 11:30:55.180000+00:00,2021-10-26 11:42:46.196000+00:00,78,300,66,1BA53B5BBB76E9903A2CF8FF02C37293,0.008229351851851852,11,Tuesday,11,Tuesday,2021-10-26 00:00:00+00:00,2021-11-02 00:00:00+00:00,False,,
7833855886b51f9e2acf60190225855d,OFFLINE,2021-10-26 11:15:57.283000+00:00,2021-10-26 11:44:45.805000+00:00,78,1EF,97,740CB1CA2BD83B3276B092195A6EB883,0.020006041666666665,11,Tuesday,11,Tuesday,2021-10-26 00:00:00+00:00,2021-11-02 00:00:00+00:00,False,,
a157b970ece3e79ef783257c536ebe4d,OFFLINE,2021-10-22 12:33:01.030000+00:00,2021-10-26 11:45:30.977000+00:00,78,07B,187,C142F51706DA139EC3DCAA250682C61A,3.967013275462963,11,Tuesday,12,Friday,2021-10-26 00:00:00+00:00,2021-11-02 00:00:00+00:00,False,,
5d6d593a4f28146226cd019482e724d0,ONLINE,2021-10-26 11:35:25.647000+00:00,2021-10-26 11:55:05.697000+00:00,78,1EF,72,740CB1CA2BD83B3276B092195A6EB883,0.01365798611111111,11,Tuesday,11,Tuesday,2021-10-26 00:00:00+00:00,2021-11-02 00:00:00+00:00,False,,
756185137b69de26f9636765a31567f4,OFFLINE,2021-10-23 12:40:07.166000+00:00,2021-10-26 12:05:58.570000+00:00,78,300,112,09B36CB8AB7325477B80E99BE8FB2D02,2.976289398148148,12,Tuesday,12,Saturday,2021-10-26 00:00:00+00:00,2021-11-02 00:00:00+00:00,False,,
297e7c60d6c0c5869aac06c994ab1f1e,ONLINE,2021-10-25 02:51:21.423000+00:00,2021-10-26 12:15:27.890000+00:00,78,07B,109,C142F51706DA139EC3DCAA250682C61A,1.3917415162037037,12,Tuesday,2,Monday,2021-10-26 00:00:00+00:00,2021-11-02 00:00:00+00:00,False,,
1a0a0b0737d67aa1b0d2d19f4eccb767,OFFLINE,2021-10-25 03:33:36.627000+00:00,2021-10-26 12:17:30.119000+00:00,78,07B,102,EEDD0125ADF9CD4325E56C39462533F5,1.3638135648148149,12,Tuesday,3,Monday,2021-10-26 00:00:00+00:00,2021-11-02 00:00:00+00:00,False,,
d9f27ee80a314c30fdbb5367ee3ef39d,ONLINE,2021-10-26 09:49:19.148000+00:00,2021-10-26 12:21:42.624000+00:00,78,07B,63,4E8E60427140A514537C374BAA698D32,0.10582726851851852,12,Tuesday,9,Tuesday,2021-10-26 00:00:00+00:00,2021-11-02 00:00:00+00:00,False,,
16afcd0e8efea71ad3b7f8c0847dbeab,ONLINE,2021-10-24 07:13:56.317000+00:00,2021-10-26 12:26:13.700000+00:00,78,07B,50,4ECC8B694F4BB262BDD4B0A85952B71A,2.2168678587962964,12,Tuesday,7,Sunday,2021-10-26 00:00:00+00:00,2021-11-02 00:00:00+00:00,False,,
f8a52646fb1b082044f2317c2dac6039,OFFLINE,2021-10-21 06:40:04.569000+00:00,2021-10-26 12:51:30.230000+00:00,78,300,150,364A975FE43F5678164266B2B0E8A237,5.2579358912037035,12,Tuesday,6,Thursday,2021-10-26 00:00:00+00:00,2021-11-02 00:00:00+00:00,False,,
671ec585234c63a310d3ac2c8f743ab7,ONLINE,2021-10-26 12:21:09.994000+00:00,2021-10-26 12:54:03.598000+00:00,78,1EF,183,FF6F2DDF8AB23F3461E39CE6531C7EAB,0.022842638888888888,12,Tuesday,12,Tuesday,2021-10-26 00:00:00+00:00,2021-11-02 00:00:00+00:00,False,,
ead492e35564db0c4ba68a129103bbc7,OFFLINE,2021-10-26 04:30:29.441000+00:00,2021-10-26 13:02:40.191000+00:00,78,300,151,364A975FE43F5678164266B2B0E8A237,0.3556799768518519,13,Tuesday,4,Tuesday,2021-10-26 00:00:00+00:00,2021-11-02 00:00:00+00:00,False,,
11b70f1d7df7bd36032bb6e0ce271f2e,OFFLINE,2021-10-26 12:17:06.268000+00:00,2021-10-26 13:09:10.437000+00:00,78,07B,61,EEDD0125ADF9CD4325E56C39462533F5,0.036159363425925926,13,Tuesday,12,Tuesday,2021-10-26 00:00:00+00:00,2021-11-02 00:00:00+00:00,False,,
8bfdef5ec76d614c7c95c0ad23bafa16,ONLINE,2021-10-26 11:34:57.069000+00:00,2021-10-26 13:10:09.358000+00:00,78,07B,69,EEDD0125ADF9CD4325E56C39462533F5,0.06611445601851852,13,Tuesday,11,Tuesday,2021-10-26 00:00:00+00:00,2021-11-02 00:00:00+00:00,False,,
c3ecd643cfce42cb60153126d6d46f9c,OFFLINE,2021-10-26 12:24:10.851000+00:00,2021-10-26 13:10:47.292000+00:00,78,300,50,C0DD698BE0C1EA71FA3045950BEEC64B,0.03236621527777778,13,Tuesday,12,Tuesday,2021-10-26 00:00:00+00:00,2021-11-02 00:00:00+00:00,False,,
080682f4441d9f109a3fef7fa0036b03,OFFLINE,2021-10-22 13:49:38.229000+00:00,2021-10-26 13:26:44.282000+00:00,78,300,50,09B36CB8AB7325477B80E99BE8FB2D02,3.9840978356481482,13,Tuesday,13,Friday,2021-10-26 00:00:00+00:00,2021-11-02 00:00:00+00:00,False,,
c086130816a036ea2526e528e0bab32b,ONLINE,2021-10-22 08:50:28.419000+00:00,2021-10-26 13:33:49.089000+00:00,78,300,178,15DEDC3B645D743B528945FFB129B0EC,4.196767013888889,13,Tuesday,8,Friday,2021-10-26 00:00:00+00:00,2021-11-02 00:00:00+00:00,False,,
4901e7b748aa51c378bc8f93f88d6f20,OFFLINE,2021-10-26 13:15:14.229000+00:00,2021-10-26 13:36:20.024000+00:00,78,07B,83,3B56EC028568E71AF10B3360787CD0BC,0.014650405092592593,13,Tuesday,13,Tuesday,2021-10-26 00:00:00+00:00,2021-11-02 00:00:00+00:00,False,,
f765ceee421b3827af228ffe24c00bba,OFFLINE,2021-10-24 15:15:42.170000+00:00,2021-10-26 13:41:58.301000+00:00,78,1EF,279,1162FF15A2450469905B590D62F7746E,1.934908923611111,13,Tuesday,15,Sunday,2021-10-26 00:00:00+00:00,2021-11-02 00:00:00+00:00,False,,
4ca290089c0a6b0b9866fb3521fc7453,OFFLINE,2021-10-26 13:13:22.946000+00:00,2021-10-26 13:42:18.564000+00:00,78,07B,101,9F9E66046BADAE5ABE94708CED879416,0.020088171296296295,13,Tuesday,13,Tuesday,2021-10-26 00:00:00+00:00,2021-11-02 00:00:00+00:00,False,,
2218d376ae8813b61a9a39cdd576d0da,ONLINE,2021-10-26 10:41:57.555000+00:00,2021-10-26 13:47:02.797000+00:00,78,1EF,167,2C10D809ABD31810F4E95F4E500EFA7E,0.12853289351851852,13,Tuesday,10,Tuesday,2021-10-26 00:00:00+00:00,2021-11-02 00:00:00+00:00,False,,
2036a08b0c479e18eb9ec2cc429e466e,OFFLINE,2021-10-26 11:39:18.075000+00:00,2021-10-26 13:53:32.317000+00:00,78,07B,94,294B021232C509826A57AC3136B8ABDD,0.09322039351851852,13,Tuesday,11,Tuesday,2021-10-26 00:00:00+00:00,2021-11-02 00:00:00+00:00,False,,
da3011c906577e3d54cb183b9f79fc85,OFFLINE,2021-10-26 13:23:59.674000+00:00,2021-10-26 14:04:34.634000+00:00,78,1EF,147,4DF70D744AB4B2076706A37F1EBAC6B9,0.02818240740740741,14,Tuesday,13,Tuesday,2021-10-26 00:00:00+00:00,2021-11-02 00:00:00+00:00,False,,
b7e33fd2354896220b9a50cb62fbe329,OFFLINE,2021-10-21 14:03:16.759000+00:00,2021-10-26 14:23:55.444000+00:00,78,300,53,269CB18F9DAC7649B08410B51621225E,5.0143366319444445,14,Tuesday,14,Thursday,2021-10-26 00:00:00+00:00,2021-11-02 00:00:00+00:00,False,,
d892aae8f6b377bf98fb636ae3993b91,OFFLINE,2021-10-26 15:13:01.159000+00:00,2021-10-26 16:01:23.807000+00:00,78,300,140,08379264459A6EF0F8052CC20B9DD41F,0.033595462962962966,16,Tuesday,15,Tuesday,2021-10-26 00:00:00+00:00,2021-11-02 00:00:00+00:00,False,,
0cad79ce45002bb4d0840c45a878526f,ONLINE,2021-10-26 08:22:37.830000+00:00,2021-10-26 16:06:48.212000+00:00,78,300,121,89D534629771B04F61D1971C3068D1BD,0.32234238425925926,16,Tuesday,8,Tuesday,2021-10-26 00:00:00+00:00,2021-11-02 00:00:00+00:00,False,,
1fb5ca634de2f4e44ff7d2ea2917c465,ONLINE,2021-10-15 16:37:24.159000+00:00,2021-10-26 16:45:47.994000+00:00,78,07B,114,294B021232C509826A57AC3136B8ABDD,11.005831423611111,16,Tuesday,16,Friday,2021-10-26 00:00:00+00:00,2021-11-02 00:00:00+00:00,False,,
52c0b001066a0457c8b1eb1f16d1fb76,OFFLINE,2021-10-25 16:54:02.200000+00:00,2021-10-26 16:46:38.530000+00:00,78,1EF,98,195FD095D9D7F47943113AF2CBCF9A75,0.9948649305555556,16,Tuesday,16,Monday,2021-10-26 00:00:00+00:00,2021-11-02 00:00:00+00:00,False,,
fd6abcc7280cacca3e15f8ed899b22a6,OFFLINE,2021-10-26 17:23:42.780000+00:00,2021-10-26 17:55:06.750000+00:00,78,300,137,F0C8A9D19009F1B76367ED6CFD4FA580,0.021805208333333333,17,Tuesday,17,Tuesday,2021-10-26 00:00:00+00:00,2021-11-02 00:00:00+00:00,False,,
c5a20a1c75ac1295914705f21595405f,ONLINE,2021-10-26 17:45:59.022000+00:00,2021-10-26 18:14:23.493000+00:00,78,07B,117,10D023CEE6CC12F06C576EB33402E56B,0.01972767361111111,18,Tuesday,17,Tuesday,2021-10-26 00:00:00+00:00,2021-11-02 00:00:00+00:00,False,,
f89a9a76afc8046607fcfcf253bbd672,OFFLINE,2021-10-25 20:45:40.817000+00:00,2021-10-26 18:31:56.950000+00:00,78,07B,60,3B56EC028568E71AF10B3360787CD0BC,0.9071311689814815,18,Tuesday,20,Monday,2021-10-26 00:00:00+00:00,2021-11-02 00:00:00+00:00,False,,
2a24412f2a4711fe8b35c05903c34ab5,OFFLINE,2021-10-26 18:13:52.818000+00:00,2021-10-26 18:35:22.841000+00:00,88,1EF,230,D5CECB3D35FF9FEF0E46207CFE4A5F29,0.014930821759259258,18,Tuesday,18,Tuesday,2021-10-26 00:00:00+00:00,2021-11-02 00:00:00+00:00,False,,
de3e74819d9b25114843d766a04ba715,OFFLINE,2021-10-20 21:34:44.270000+00:00,2021-10-26 20:12:36.308000+00:00,78,300,70,09B36CB8AB7325477B80E99BE8FB2D02,5.942963402777778,20,Tuesday,21,Wednesday,2021-10-26 00:00:00+00:00,2021-11-02 00:00:00+00:00,False,,
704c8ccc6e0e98d6468b2e9315067cdd,OFFLINE,2021-10-26 21:13:03.007000+00:00,2021-10-26 21:28:00.557000+00:00,78,300,50,526A1D40F50BBB44821C0C0FDE8E16B7,0.010388310185185184,21,Tuesday,21,Tuesday,2021-10-26 00:00:00+00:00,2021-11-02 00:00:00+00:00,False,,
97a1425592e1998c2f9bac8b1676ca25,ONLINE,2021-10-26 22:27:05.415000+00:00,2021-10-26 22:58:36.886000+00:00,78,300,67,D3CEA8B57F07B785543EDB2058A190CE,0.021892025462962962,22,Tuesday,22,Tuesday,2021-10-26 00:00:00+00:00,2021-11-02 00:00:00+00:00,False,,
28d3dd72d7b635f8f4fccb634df5b452,ONLINE,2021-10-26 11:56:36.234000+00:00,2021-10-27 00:46:10.520000+00:00,78,07B,143,C142F51706DA139EC3DCAA250682C61A,0.5344246064814815,0,Wednesday,11,Tuesday,2021-10-27 00:00:00+00:00,2021-11-03 00:00:00+00:00,False,,
069fb71b4a6d694fd3f50cbf6de59639,OFFLINE,2021-10-27 00:25:36.731000+00:00,2021-10-27 01:24:35.874000+00:00,78,300,190,08379264459A6EF0F8052CC20B9DD41F,0.04096230324074074,1,Wednesday,0,Wednesday,2021-10-27 00:00:00+00:00,2021-11-03 00:00:00+00:00,False,,
0a38fa3f8288fa89c027bc947b7adf94,OFFLINE,2021-10-27 01:26:46.219000+00:00,2021-10-27 01:55:01.576000+00:00,78,300,95,09B36CB8AB7325477B80E99BE8FB2D02,0.0196221875,1,Wednesday,1,Wednesday,2021-10-27 00:00:00+00:00,2021-11-03 00:00:00+00:00,False,,
4fd5548116c1c3b30a13961070c52324,OFFLINE,2021-10-22 07:38:26.932000+00:00,2021-10-27 01:55:20.655000+00:00,78,300,127,E56AE16934A0D29EBF24915402A7E5ED,4.761732905092592,1,Wednesday,7,Friday,2021-10-27 00:00:00+00:00,2021-11-03 00:00:00+00:00,False,,
ab2ece822c4c3cd2c0e7a17fedac2ce6,ONLINE,2021-10-27 01:49:18.481000+00:00,2021-10-27 02:29:22.218000+00:00,78,07B,142,9F9E66046BADAE5ABE94708CED879416,0.027821030092592593,2,Wednesday,1,Wednesday,2021-10-27 00:00:00+00:00,2021-11-03 00:00:00+00:00,False,,
a818f1a5f2650aedf7be46d8eeff1ff1,ONLINE,2021-10-27 02:38:57.224000+00:00,2021-10-27 03:01:02.715000+00:00,78,300,52,E56AE16934A0D29EBF24915402A7E5ED,0.015341331018518518,3,Wednesday,2,Wednesday,2021-10-27 00:00:00+00:00,2021-11-03 00:00:00+00:00,False,,
b5aa98f2bc712200a4127d01ba6de683,OFFLINE,2021-10-26 02:48:21.857000+00:00,2021-10-27 03:06:38.448000+00:00,78,07B,65,4E8E60427140A514537C374BAA698D32,1.012692025462963,3,Wednesday,2,Tuesday,2021-10-27 00:00:00+00:00,2021-11-03 00:00:00+00:00,False,,
632ff4eb4c972d5ad248ecbdd1103b5c,OFFLINE,2021-10-25 09:26:38.823000+00:00,2021-10-27 03:10:09.920000+00:00,78,1EF,163,740CB1CA2BD83B3276B092195A6EB883,1.738554363425926,3,Wednesday,9,Monday,2021-10-27 00:00:00+00:00,2021-11-03 00:00:00+00:00,False,,
ca691ddda74701a3542114f6379c5f49,OFFLINE,2021-10-27 02:48:32.872000+00:00,2021-10-27 03:11:31.912000+00:00,78,1EF,92,195FD095D9D7F47943113AF2CBCF9A75,0.01596111111111111,3,Wednesday,2,Wednesday,2021-10-27 00:00:00+00:00,2021-11-03 00:00:00+00:00,False,,
1c51c147fd511df55d0e2d28ed820457,ONLINE,2021-10-27 02:31:13.075000+00:00,2021-10-27 03:12:16.736000+00:00,78,1EF,136,4DF70D744AB4B2076706A37F1EBAC6B9,0.028514594907407407,3,Wednesday,2,Wednesday,2021-10-27 00:00:00+00:00,2021-11-03 00:00:00+00:00,False,,
a09408eaefa601b8a9190111c3daec0c,OFFLINE,2021-10-27 02:59:23.435000+00:00,2021-10-27 03:24:47.123000+00:00,78,300,56,08379264459A6EF0F8052CC20B9DD41F,0.017635277777777777,3,Wednesday,2,Wednesday,2021-10-27 00:00:00+00:00,2021-11-03 00:00:00+00:00,False,,
a44ee36eab0455b3f8c95df3d35d3813,ONLINE,2021-10-23 10:54:32.065000+00:00,2021-10-27 03:32:08.486000+00:00,78,1EF,120,49CA01E7044CB3B65F99673C9C074D16,3.692782650462963,3,Wednesday,10,Saturday,2021-10-27 00:00:00+00:00,2021-11-03 00:00:00+00:00,False,,
2ea94c993bca3998d834e8386f47d822,OFFLINE,2021-10-24 17:37:07.634000+00:00,2021-10-27 03:40:07.167000+00:00,78,1EF,156,0668909560B9D2AF8FDA5489BCAA5FFF,2.4187445949074076,3,Wednesday,17,Sunday,2021-10-27 00:00:00+00:00,2021-11-03 00:00:00+00:00,False,,
3a03934841807569125a229b060edd07,OFFLINE,2021-10-26 19:59:42.370000+00:00,2021-10-27 03:45:15.527000+00:00,78,07B,70,10D023CEE6CC12F06C576EB33402E56B,0.32330042824074073,3,Wednesday,19,Tuesday,2021-10-27 00:00:00+00:00,2021-11-03 00:00:00+00:00,False,,
efffd164652c971f7ecf11c3560a91bf,ONLINE,2021-10-27 03:08:53.319000+00:00,2021-10-27 03:49:12.029000+00:00,78,300,188,89D534629771B04F61D1971C3068D1BD,0.027994328703703705,3,Wednesday,3,Wednesday,2021-10-27 00:00:00+00:00,2021-11-03 00:00:00+00:00,False,,
d81fb696c0c3917270c6bd336d74adce,ONLINE,2021-10-06 08:52:56.809000+00:00,2021-10-27 04:06:21.437000+00:00,78,07B,158,10D023CEE6CC12F06C576EB33402E56B,20.80097949074074,4,Wednesday,8,Wednesday,2021-10-27 00:00:00+00:00,2021-11-03 00:00:00+00:00,False,,
43931dad5086bf321c82921c480a9fb3,ONLINE,2021-10-26 12:10:21.698000+00:00,2021-10-27 04:21:27.690000+00:00,78,07B,98,EE735FFED3A6072D13A30636E658A03A,0.6743749074074074,4,Wednesday,12,Tuesday,2021-10-27 00:00:00+00:00,2021-11-03 00:00:00+00:00,False,,
8128550ceaa90308909d545aaa62871a,OFFLINE,2021-10-27 03:41:03.888000+00:00,2021-10-27 04:26:58.256000+00:00,78,07B,203,4ECC8B694F4BB262BDD4B0A85952B71A,0.03187925925925926,4,Wednesday,3,Wednesday,2021-10-27 00:00:00+00:00,2021-11-03 00:00:00+00:00,False,,
ddf44c2c39a26b0195195e5b6ac2b885,ONLINE,2021-10-27 04:21:51.104000+00:00,2021-10-27 04:30:10.767000+00:00,78,1EF,137,740CB1CA2BD83B3276B092195A6EB883,0.005783136574074074,4,Wednesday,4,Wednesday,2021-10-27 00:00:00+00:00,2021-11-03 00:00:00+00:00,False,,
62f22dcc321f9430512190b96b68e80c,ONLINE,2021-10-26 03:37:04.844000+00:00,2021-10-27 04:42:30.079000+00:00,78,1EF,310,1162FF15A2450469905B590D62F7746E,1.0454309606481482,4,Wednesday,3,Tuesday,2021-10-27 00:00:00+00:00,2021-11-03 00:00:00+00:00,False,,
f8adcfc53461dc42551fd56ce983341f,ONLINE,2021-10-12 12:10:21.479000+00:00,2021-10-27 04:43:10.296000+00:00,78,1EF,57,195FD095D9D7F47943113AF2CBCF9A75,14.689453900462963,4,Wednesday,12,Tuesday,2021-10-27 00:00:00+00:00,2021-11-03 00:00:00+00:00,False,,
f4323821a9e8e45915734f5160819ad8,ONLINE,2021-10-26 18:20:17.724000+00:00,2021-10-27 04:46:28.458000+00:00,78,07B,98,9F9E66046BADAE5ABE94708CED879416,0.4348464583333333,4,Wednesday,18,Tuesday,2021-10-27 00:00:00+00:00,2021-11-03 00:00:00+00:00,False,,
6a3785fb5c9b3d76120efa419609fd88,ONLINE,2021-10-12 04:28:20.541000+00:00,2021-10-27 05:15:08.427000+00:00,78,07B,50,C142F51706DA139EC3DCAA250682C61A,15.032498680555555,5,Wednesday,4,Tuesday,2021-10-27 00:00:00+00:00,2021-11-03 00:00:00+00:00,False,,
7979d9653bc01bc7a4846dde74f07aaf,ONLINE,2021-10-27 04:21:25.718000+00:00,2021-10-27 05:19:05.868000+00:00,78,300,212,D3CEA8B57F07B785543EDB2058A190CE,0.04004803240740741,5,Wednesday,4,Wednesday,2021-10-27 00:00:00+00:00,2021-11-03 00:00:00+00:00,False,,
8f0cde5bea1f992d95aa268580d33c55,ONLINE,2021-10-14 05:01:55.602000+00:00,2021-10-27 05:29:54.552000+00:00,78,300,203,E56AE16934A0D29EBF24915402A7E5ED,13.019432291666666,5,Wednesday,5,Thursday,2021-10-27 00:00:00+00:00,2021-11-03 00:00:00+00:00,False,,
0bc0cc2ce495b90bdb4b27de0f62b37e,OFFLINE,2021-10-22 05:47:25.027000+00:00,2021-10-27 05:40:14.722000+00:00,78,300,104,C0DD698BE0C1EA71FA3045950BEEC64B,4.995019618055555,5,Wednesday,5,Friday,2021-10-27 00:00:00+00:00,2021-11-03 00:00:00+00:00,False,,
239b0dc46af5a9d5cd412424258afaa1,ONLINE,2021-10-26 20:45:50.229000+00:00,2021-10-27 05:46:44.655000+00:00,78,300,124,D3CEA8B57F07B785543EDB2058A190CE,0.37562993055555555,5,Wednesday,20,Tuesday,2021-10-27 00:00:00+00:00,2021-11-03 00:00:00+00:00,False,,
dc096f6f8aa010b816578bf0cd149f9f,OFFLINE,2021-10-21 02:13:06.957000+00:00,2021-10-27 05:52:44.062000+00:00,78,1EF,189,5CD6463B9C20BA10DA25A431F2D844A6,6.152512789351851,5,Wednesday,2,Thursday,2021-10-27 00:00:00+00:00,2021-11-03 00:00:00+00:00,False,,
b969e5f8c0f9655afdd9b2145440a671,ONLINE,2021-10-26 06:15:40.498000+00:00,2021-10-27 05:56:01.423000+00:00,78,1EF,80,96C3C752FA22E3A6918ADE4F355D3F8D,0.9863532986111111,5,Wednesday,6,Tuesday,2021-10-27 00:00:00+00:00,2021-11-03 00:00:00+00:00,False,,
b76a7eeb4472b1ade82b002e4436710c,OFFLINE,2021-10-27 05:51:36.316000+00:00,2021-10-27 06:05:06.764000+00:00,78,300,50,526A1D40F50BBB44821C0C0FDE8E16B7,0.009380185185185184,6,Wednesday,5,Wednesday,2021-10-27 00:00:00+00:00,2021-11-03 00:00:00+00:00,False,,
aa1be33866d244b8cde14cfb31d9bc03,OFFLINE,2021-10-27 05:45:29.630000+00:00,2021-10-27 06:15:40.608000+00:00,78,300,136,7E701822D80EF10DEBEA008731637EA3,0.02096039351851852,6,Wednesday,5,Wednesday,2021-10-27 00:00:00+00:00,2021-11-03 00:00:00+00:00,False,,
30c3c268a2d053d6b70efb25f75fe535,OFFLINE,2021-10-26 07:01:25.142000+00:00,2021-10-27 06:31:05.645000+00:00,78,1EF,127,38BB76CCFDD8129EF62B3AF5480605C7,0.9789410069444444,6,Wednesday,7,Tuesday,2021-10-27 00:00:00+00:00,2021-11-03 00:00:00+00:00,False,,
f551fe8031f084131e819502a2a4b50a,ONLINE,2021-10-27 06:15:16.196000+00:00,2021-10-27 06:34:23.413000+00:00,78,07B,105,294B021232C509826A57AC3136B8ABDD,0.013277974537037038,6,Wednesday,6,Wednesday,2021-10-27 00:00:00+00:00,2021-11-03 00:00:00+00:00,False,,
89849f60550920e92db01734123535a9,OFFLINE,2021-10-25 06:30:43.331000+00:00,2021-10-27 06:48:04.904000+00:00,78,1EF,105,96C3C752FA22E3A6918ADE4F355D3F8D,2.0120552430555554,6,Wednesday,6,Monday,2021-10-27 00:00:00+00:00,2021-11-03 00:00:00+00:00,False,,
0d90bed4bce5da543bdbf4293de03c50,OFFLINE,2021-10-26 13:32:21.095000+00:00,2021-10-27 06:51:39.891000+00:00,78,1EF,82,BB2033CE2FA4822C957B37DEB445B32C,0.7217453240740741,6,Wednesday,13,Tuesday,2021-10-27 00:00:00+00:00,2021-11-03 00:00:00+00:00,False,,
607836207cd90c61fff87fca54363f73,OFFLINE,2021-10-27 04:43:38.365000+00:00,2021-10-27 06:53:03.799000+00:00,78,07B,81,EEDD0125ADF9CD4325E56C39462533F5,0.08987770833333333,6,Wednesday,4,Wednesday,2021-10-27 00:00:00+00:00,2021-11-03 00:00:00+00:00,False,,
dbae6e79f57cffdbb67a49ee36b12907,OFFLINE,2021-10-12 13:18:08.559000+00:00,2021-10-27 07:05:10.839000+00:00,78,1EF,154,38BB76CCFDD8129EF62B3AF5480605C7,14.740998611111111,7,Wednesday,13,Tuesday,2021-10-27 00:00:00+00:00,2021-11-03 00:00:00+00:00,False,,
a483c3b44ccdd84ea7025abd9a8d6c6c,ONLINE,2021-10-27 06:09:56.341000+00:00,2021-10-27 07:07:26.071000+00:00,78,07B,113,2CF9D19CE125793D17A0B4C371AB7AFD,0.03992743055555555,7,Wednesday,6,Wednesday,2021-10-27 00:00:00+00:00,2021-11-03 00:00:00+00:00,False,,
ce0142cdb597a5eab236d581be9b5e14,OFFLINE,2021-10-26 22:24:23.325000+00:00,2021-10-27 07:16:58.981000+00:00,78,07B,50,4ECC8B694F4BB262BDD4B0A85952B71A,0.36985712962962963,7,Wednesday,22,Tuesday,2021-10-27 00:00:00+00:00,2021-11-03 00:00:00+00:00,False,,
621effdd4996868ca86c63499937f194,OFFLINE,2021-10-26 20:24:07.021000+00:00,2021-10-27 07:34:35.439000+00:00,78,1EF,130,7B36B12A4C581DFCF8BF406AECA45564,0.4656066898148148,7,Wednesday,20,Tuesday,2021-10-27 00:00:00+00:00,2021-11-03 00:00:00+00:00,False,,
db7899a482d6529c033bcc974d513bba,OFFLINE,2021-10-27 03:29:16.410000+00:00,2021-10-27 07:44:15.940000+00:00,78,1EF,60,BB2033CE2FA4822C957B37DEB445B32C,0.17707789351851852,7,Wednesday,3,Wednesday,2021-10-27 00:00:00+00:00,2021-11-03 00:00:00+00:00,False,,
58c57db36bf32553832756505ccddb9c,OFFLINE,2021-10-27 05:41:28.124000+00:00,2021-10-27 07:53:21.950000+00:00,78,300,50,526A1D40F50BBB44821C0C0FDE8E16B7,0.09159520833333333,7,Wednesday,5,Wednesday,2021-10-27 00:00:00+00:00,2021-11-03 00:00:00+00:00,False,,
972f0cf8ba3a50b52c5e5eb07073e237,OFFLINE,2021-10-24 02:15:49.383000+00:00,2021-10-27 07:58:21.883000+00:00,78,300,171,2630D6FC6433A9A4C1C906C0D64BDDE1,3.2378761574074075,7,Wednesday,2,Sunday,2021-10-27 00:00:00+00:00,2021-11-03 00:00:00+00:00,False,,
11e93e69f771bc3413dedcfb39709623,ONLINE,2021-10-27 06:57:45.073000+00:00,2021-10-27 08:01:11.214000+00:00,78,300,176,09B36CB8AB7325477B80E99BE8FB2D02,0.04405255787037037,8,Wednesday,6,Wednesday,2021-10-27 00:00:00+00:00,2021-11-03 00:00:00+00:00,False,,
99feec33304aa521b0321223cb88b189,OFFLINE,2021-10-22 17:39:54.888000+00:00,2021-10-27 08:06:11.039000+00:00,78,07B,80,EE735FFED3A6072D13A30636E658A03A,4.601575821759259,8,Wednesday,17,Friday,2021-10-27 00:00:00+00:00,2021-11-03 00:00:00+00:00,False,,
cd22effd8a2dba82cc12222280cc2645,ONLINE,2021-10-25 09:46:49.610000+00:00,2021-10-27 08:13:47.066000+00:00,78,300,243,08379264459A6EF0F8052CC20B9DD41F,1.9353872222222224,8,Wednesday,9,Monday,2021-10-27 00:00:00+00:00,2021-11-03 00:00:00+00:00,False,,
aedde6321bb05106634c5964d27ca4ba,ONLINE,2021-10-11 15:40:57.314000+00:00,2021-10-27 08:18:21.266000+00:00,88,07B,180,294B021232C509826A57AC3136B8ABDD,15.692638333333333,8,Wednesday,15,Monday,2021-10-27 00:00:00+00:00,2021-11-03 00:00:00+00:00,False,,
3961f751ad96166a1f7beccf08579c3d,OFFLINE,2021-10-25 03:02:44.069000+00:00,2021-10-27 08:19:37.163000+00:00,78,300,50,94C983E37A80A8F9558244120E5293B3,2.2200589583333334,8,Wednesday,3,Monday,2021-10-27 00:00:00+00:00,2021-11-03 00:00:00+00:00,False,,
fda7bb187db914c55049dff3ce08daed,ONLINE,2021-10-19 14:20:37.281000+00:00,2021-10-27 09:31:39.407000+00:00,78,1EF,98,5CD6463B9C20BA10DA25A431F2D844A6,7.799330162037037,9,Wednesday,14,Tuesday,2021-10-27 00:00:00+00:00,2021-11-03 00:00:00+00:00,False,,
9ad51f0166f8e051c9ad03a17b7b52de,ONLINE,2021-10-26 18:44:10.289000+00:00,2021-10-27 09:46:05.408000+00:00,78,07B,58,294B021232C509826A57AC3136B8ABDD,0.6263323958333333,9,Wednesday,18,Tuesday,2021-10-27 00:00:00+00:00,2021-11-03 00:00:00+00:00,False,,
690536ca3c67f0d88962d69b9375b120,ONLINE,2021-10-27 08:16:58.640000+00:00,2021-10-27 10:00:39.142000+00:00,78,07B,97,EEDD0125ADF9CD4325E56C39462533F5,0.07199655092592593,10,Wednesday,8,Wednesday,2021-10-27 00:00:00+00:00,2021-11-03 00:00:00+00:00,False,,
e6d109944a7126a37ef9a55fee559590,OFFLINE,2021-10-23 10:48:18.806000+00:00,2021-10-27 10:17:09.597000+00:00,78,07B,55,294B021232C509826A57AC3136B8ABDD,3.9783656365740745,10,Wednesday,10,Saturday,2021-10-27 00:00:00+00:00,2021-11-03 00:00:00+00:00,False,,
f99a34bbe1a87922772d7d2dd2c9fe84,OFFLINE,2021-10-27 10:17:00.484000+00:00,2021-10-27 10:41:15.204000+00:00,78,07B,134,4E8E60427140A514537C374BAA698D32,0.016837037037037036,10,Wednesday,10,Wednesday,2021-10-27 00:00:00+00:00,2021-11-03 00:00:00+00:00,False,,
2e628615defddec0ce5a55740c1c68da,OFFLINE,2021-10-25 03:08:23.960000+00:00,2021-10-27 11:06:00.525000+00:00,79,1EF,133,BB2033CE2FA4822C957B37DEB445B32C,2.3316732060185186,11,Wednesday,3,Monday,2021-10-27 00:00:00+00:00,2021-11-03 00:00:00+00:00,False,,
a40f207c5c9b19f1d3231a7f724e2c32,OFFLINE,2021-10-25 15:16:09.327000+00:00,2021-10-27 11:16:02.381000+00:00,78,07B,186,2D9F8B5DDB0A7BD6F060DBAA34EC0CFF,1.833252939814815,11,Wednesday,15,Monday,2021-10-27 00:00:00+00:00,2021-11-03 00:00:00+00:00,False,,
57603aad48621c831c926f48d2bbb983,OFFLINE,2021-10-27 09:54:32.852000+00:00,2021-10-27 11:18:26.057000+00:00,78,300,121,D3CEA8B57F07B785543EDB2058A190CE,0.0582546875,11,Wednesday,9,Wednesday,2021-10-27 00:00:00+00:00,2021-11-03 00:00:00+00:00,False,,
8f57015398042152ddecd9071855d43e,OFFLINE,2021-10-27 10:43:28.310000+00:00,2021-10-27 11:19:30.532000+00:00,78,1EF,137,4DF70D744AB4B2076706A37F1EBAC6B9,0.025025717592592596,11,Wednesday,10,Wednesday,2021-10-27 00:00:00+00:00,2021-11-03 00:00:00+00:00,False,,
ed8ea0029a7372f3a9029d23d5948ab5,OFFLINE,2021-10-24 18:50:12.470000+00:00,2021-10-27 11:32:57.820000+00:00,78,300,50,1BA53B5BBB76E9903A2CF8FF02C37293,2.696358217592593,11,Wednesday,18,Sunday,2021-10-27 00:00:00+00:00,2021-11-03 00:00:00+00:00,False,,
05878efc18cb4807d014eba315196639,ONLINE,2021-10-27 10:16:24.107000+00:00,2021-10-27 12:05:25.236000+00:00,78,1EF,88,F11BA079658F860875013A84EC1AEA2B,0.07570751157407407,12,Wednesday,10,Wednesday,2021-10-27 00:00:00+00:00,2021-11-03 00:00:00+00:00,False,,
f400dc16a84da3754dfcaf78e6d1bea2,OFFLINE,2021-10-27 11:53:20.218000+00:00,2021-10-27 12:05:41.430000+00:00,78,1EF,60,1162FF15A2450469905B590D62F7746E,0.008578842592592593,12,Wednesday,11,Wednesday,2021-10-27 00:00:00+00:00,2021-11-03 00:00:00+00:00,False,,
7a92715f527811dd66ea8285f7e631de,OFFLINE,2021-10-26 08:47:16.989000+00:00,2021-10-27 12:15:07.989000+00:00,78,07B,50,10D023CEE6CC12F06C576EB33402E56B,1.1443402777777778,12,Wednesday,8,Tuesday,2021-10-27 00:00:00+00:00,2021-11-03 00:00:00+00:00,False,,
0875212d3e1b0fc55f9aeb213dad8b74,OFFLINE,2021-10-24 18:52:45.452000+00:00,2021-10-27 12:16:48.382000+00:00,78,300,50,1BA53B5BBB76E9903A2CF8FF02C37293,2.725033912037037,12,Wednesday,18,Sunday,2021-10-27 00:00:00+00:00,2021-11-03 00:00:00+00:00,False,,
d36bef2d158586d8975e0629f462012a,OFFLINE,2021-10-23 12:11:43.689000+00:00,2021-10-27 12:20:09.177000+00:00,78,1EF,121,5CD6463B9C20BA10DA25A431F2D844A6,4.005850555555556,12,Wednesday,12,Saturday,2021-10-27 00:00:00+00:00,2021-11-03 00:00:00+00:00,False,,
67fb4e94bfea8498873b117a9ba9d7be,OFFLINE,2021-10-27 12:01:18.621000+00:00,2021-10-27 12:24:34.208000+00:00,78,1EF,80,9EA9D0D3FE1AE487F016FBEA8CFD7731,0.016152627314814816,12,Wednesday,12,Wednesday,2021-10-27 00:00:00+00:00,2021-11-03 00:00:00+00:00,False,,
ba97909780bf8fcd568d376656e6e81c,OFFLINE,2021-10-24 19:14:16.151000+00:00,2021-10-27 12:56:47.682000+00:00,78,300,50,1BA53B5BBB76E9903A2CF8FF02C37293,2.7378649421296295,12,Wednesday,19,Sunday,2021-10-27 00:00:00+00:00,2021-11-03 00:00:00+00:00,False,,
3ed67e3251aeea7ea1833e39558db1e1,OFFLINE,2021-10-27 10:47:56.401000+00:00,2021-10-27 12:58:34.299000+00:00,78,07B,74,3B56EC028568E71AF10B3360787CD0BC,0.09071641203703704,12,Wednesday,10,Wednesday,2021-10-27 00:00:00+00:00,2021-11-03 00:00:00+00:00,False,,
38e36b56253e59b6e4bd64e7069a33db,ONLINE,2021-10-27 12:11:44.826000+00:00,2021-10-27 13:01:23.898000+00:00,78,07B,153,4E8E60427140A514537C374BAA698D32,0.034480000000000004,13,Wednesday,12,Wednesday,2021-10-27 00:00:00+00:00,2021-11-03 00:00:00+00:00,False,,
d65445c372ad4c5d70ad6bcba2b1dc12,ONLINE,2021-10-27 11:53:21.865000+00:00,2021-10-27 13:33:22.210000+00:00,78,1EF,65,740CB1CA2BD83B3276B092195A6EB883,0.0694484375,13,Wednesday,11,Wednesday,2021-10-27 00:00:00+00:00,2021-11-03 00:00:00+00:00,False,,
7e05fccff4ae9c93e0f74cf1f8343039,OFFLINE,2021-10-27 11:33:15.919000+00:00,2021-10-27 13:38:37.207000+00:00,78,300,50,526A1D40F50BBB44821C0C0FDE8E16B7,0.08705194444444445,13,Wednesday,11,Wednesday,2021-10-27 00:00:00+00:00,2021-11-03 00:00:00+00:00,False,,
9f9e279fadae486d12ae54fa9ed75c79,OFFLINE,2021-10-26 12:38:52.522000+00:00,2021-10-27 13:39:26.564000+00:00,78,07B,72,EEDD0125ADF9CD4325E56C39462533F5,1.0420606712962963,13,Wednesday,12,Tuesday,2021-10-27 00:00:00+00:00,2021-11-03 00:00:00+00:00,False,,
ed1bdc4d1850b2104108e493e778b995,OFFLINE,2021-10-24 14:49:14.937000+00:00,2021-10-27 13:48:31.743000+00:00,78,300,96,4FB52D1F31461850C15CC1C15A02931B,2.9578334027777777,13,Wednesday,14,Sunday,2021-10-27 00:00:00+00:00,2021-11-03 00:00:00+00:00,False,,
daf4f893ae8d477a44a01df87613a02c,ONLINE,2021-10-27 13:26:10.242000+00:00,2021-10-27 13:54:09.637000+00:00,78,1EF,85,38BB76CCFDD8129EF62B3AF5480605C7,0.01943744212962963,13,Wednesday,13,Wednesday,2021-10-27 00:00:00+00:00,2021-11-03 00:00:00+00:00,False,,
6112ba37a1a0f9e6153733a882799164,ONLINE,2021-10-22 07:07:15.862000+00:00,2021-10-27 13:58:33.117000+00:00,78,07B,181,10D023CEE6CC12F06C576EB33402E56B,5.285616377314815,13,Wednesday,7,Friday,2021-10-27 00:00:00+00:00,2021-11-03 00:00:00+00:00,False,,
57c233e428b3df2a07e4636fea0e6ee2,ONLINE,2021-10-27 13:39:14.350000+00:00,2021-10-27 14:05:23.483000+00:00,78,1EF,161,740CB1CA2BD83B3276B092195A6EB883,0.018161261574074074,14,Wednesday,13,Wednesday,2021-10-27 00:00:00+00:00,2021-11-03 00:00:00+00:00,False,,
95f223609e88a61445aeb92b09b4c730,OFFLINE,2021-10-16 09:51:13.210000+00:00,2021-10-27 14:06:12.391000+00:00,78,07B,115,EEDD0125ADF9CD4325E56C39462533F5,11.177073854166666,14,Wednesday,9,Saturday,2021-10-27 00:00:00+00:00,2021-11-03 00:00:00+00:00,False,,
c80bd85d92bf8d3589d83bfa770f7647,ONLINE,2021-10-27 13:24:42.459000+00:00,2021-10-27 14:07:19.646000+00:00,78,07B,122,4ECC8B694F4BB262BDD4B0A85952B71A,0.02959707175925926,14,Wednesday,13,Wednesday,2021-10-27 00:00:00+00:00,2021-11-03 00:00:00+00:00,False,,
4881a9bf747311da20268c780f561d09,ONLINE,2021-10-27 08:41:47.671000+00:00,2021-10-27 14:08:44.802000+00:00,78,1EF,175,08A9B54E00545ECCD369B8E5D2692E9F,0.22705012731481483,14,Wednesday,8,Wednesday,2021-10-27 00:00:00+00:00,2021-11-03 00:00:00+00:00,False,,
3661322c489df0f3c0963e8a137fb69d,ONLINE,2021-10-27 13:27:28.529000+00:00,2021-10-27 14:10:06.424000+00:00,78,07B,204,10D023CEE6CC12F06C576EB33402E56B,0.029605266203703705,14,Wednesday,13,Wednesday,2021-10-27 00:00:00+00:00,2021-11-03 00:00:00+00:00,False,,
86142a1da1bb1458da60a7ae5c275d07,OFFLINE,2021-10-27 13:32:40.191000+00:00,2021-10-27 14:14:03.614000+00:00,78,07B,98,EE735FFED3A6072D13A30636E658A03A,0.028743321759259255,14,Wednesday,13,Wednesday,2021-10-27 00:00:00+00:00,2021-11-03 00:00:00+00:00,False,,
bbc9046850c76f5b61e8b7468d2dd513,ONLINE,2021-10-27 14:07:03.862000+00:00,2021-10-27 14:23:19.918000+00:00,78,07B,89,9F9E66046BADAE5ABE94708CED879416,0.011296944444444445,14,Wednesday,14,Wednesday,2021-10-27 00:00:00+00:00,2021-11-03 00:00:00+00:00,False,,
5b628b773073a4839619f79e8bcd51f0,ONLINE,2021-10-27 14:17:30.378000+00:00,2021-10-27 14:42:09.237000+00:00,78,07B,93,56129BC950F9E18A9F5DF651D9D267D1,0.017116423611111112,14,Wednesday,14,Wednesday,2021-10-27 00:00:00+00:00,2021-11-03 00:00:00+00:00,False,,
2426fef6ad51f21134d55ba16c28cb92,ONLINE,2021-10-27 14:33:35.966000+00:00,2021-10-27 14:49:18.288000+00:00,78,1EF,60,38BB76CCFDD8129EF62B3AF5480605C7,0.010906504629629629,14,Wednesday,14,Wednesday,2021-10-27 00:00:00+00:00,2021-11-03 00:00:00+00:00,False,,
101609e70aa017abd22e406981971dc1,OFFLINE,2021-10-27 14:29:25.603000+00:00,2021-10-27 15:00:28.257000+00:00,78,07B,79,EEDD0125ADF9CD4325E56C39462533F5,0.02155849537037037,15,Wednesday,14,Wednesday,2021-10-27 00:00:00+00:00,2021-11-03 00:00:00+00:00,False,,
85e1b47ff671c0fcbccdd103803f0165,ONLINE,2021-10-27 14:54:39.941000+00:00,2021-10-27 15:01:57.039000+00:00,78,07B,172,4E8E60427140A514537C374BAA698D32,0.0050590046296296294,15,Wednesday,14,Wednesday,2021-10-27 00:00:00+00:00,2021-11-03 00:00:00+00:00,False,,
d85c4886edd1ad6f500369709995484d,ONLINE,2021-10-27 13:38:15.360000+00:00,2021-10-27 15:07:59.601000+00:00,78,300,50,89D534629771B04F61D1971C3068D1BD,0.062317604166666665,15,Wednesday,13,Wednesday,2021-10-27 00:00:00+00:00,2021-11-03 00:00:00+00:00,False,,
d2ff55e2efa707346df704d6137258e0,OFFLINE,2021-10-19 12:08:43.967000+00:00,2021-10-27 15:19:01.234000+00:00,78,07B,128,4E8E60427140A514537C374BAA698D32,8.132144293981481,15,Wednesday,12,Tuesday,2021-10-27 00:00:00+00:00,2021-11-03 00:00:00+00:00,False,,
c43ea1d6819e585f6e1a6222360b2428,OFFLINE,2021-10-22 15:29:14.814000+00:00,2021-10-27 15:19:02.943000+00:00,78,300,99,7E701822D80EF10DEBEA008731637EA3,4.9929181597222225,15,Wednesday,15,Friday,2021-10-27 00:00:00+00:00,2021-11-03 00:00:00+00:00,False,,
b19b229e81484cfa8dc3ea3688ce7863,OFFLINE,2021-10-27 13:58:14.789000+00:00,2021-10-27 15:28:01.406000+00:00,78,1EF,121,38BB76CCFDD8129EF62B3AF5480605C7,0.06234510416666667,15,Wednesday,13,Wednesday,2021-10-27 00:00:00+00:00,2021-11-03 00:00:00+00:00,False,,
27332e09b0fdfd709d67530fb2ebb3f6,OFFLINE,2021-10-18 23:42:34.887000+00:00,2021-10-27 15:38:30.127000+00:00,78,1EF,148,38BB76CCFDD8129EF62B3AF5480605C7,8.663833796296297,15,Wednesday,23,Monday,2021-10-27 00:00:00+00:00,2021-11-03 00:00:00+00:00,False,,
2052fd59d00ea0a3e945b5274c427f50,OFFLINE,2021-10-27 15:22:06.536000+00:00,2021-10-27 15:40:10.943000+00:00,90,07B,93,2CF9D19CE125793D17A0B4C371AB7AFD,0.012551006944444443,15,Wednesday,15,Wednesday,2021-10-27 00:00:00+00:00,2021-11-03 00:00:00+00:00,False,,
5b28b6f7fa0d63a147c8bfd9bdb8dbd6,ONLINE,2021-10-27 16:08:30.371000+00:00,2021-10-27 16:46:01.790000+00:00,78,07B,161,EEDD0125ADF9CD4325E56C39462533F5,0.026058090277777776,16,Wednesday,16,Wednesday,2021-10-27 00:00:00+00:00,2021-11-03 00:00:00+00:00,False,,
4b34cda56e4df5f5913db494cc08ae6f,ONLINE,2021-10-27 16:12:49.176000+00:00,2021-10-27 16:48:55.567000+00:00,78,07B,50,EE735FFED3A6072D13A30636E658A03A,0.025073969907407408,16,Wednesday,16,Wednesday,2021-10-27 00:00:00+00:00,2021-11-03 00:00:00+00:00,False,,
5f8eeaa2c3c7ee1c58853230309c83a5,OFFLINE,2021-10-27 16:22:46.460000+00:00,2021-10-27 17:13:26.907000+00:00,78,07B,167,2D9F8B5DDB0A7BD6F060DBAA34EC0CFF,0.0351903587962963,17,Wednesday,16,Wednesday,2021-10-27 00:00:00+00:00,2021-11-03 00:00:00+00:00,False,,
63cdc467f208eb1c51a141dfc14fdc43,OFFLINE,2021-10-26 01:25:39.243000+00:00,2021-10-27 17:16:49.630000+00:00,78,07B,98,10D023CEE6CC12F06C576EB33402E56B,1.660536886574074,17,Wednesday,1,Tuesday,2021-10-27 00:00:00+00:00,2021-11-03 00:00:00+00:00,False,,
13d32ab4bdd3a854833b2d94b7c6c4f9,ONLINE,2021-10-27 06:14:22.224000+00:00,2021-10-27 17:31:57.278000+00:00,78,300,108,4FB52D1F31461850C15CC1C15A02931B,0.47054460648148144,17,Wednesday,6,Wednesday,2021-10-27 00:00:00+00:00,2021-11-03 00:00:00+00:00,False,,
eb83e1af0bc330738ac370b8e9c93b62,OFFLINE,2021-10-27 17:36:57.287000+00:00,2021-10-27 18:05:02.816000+00:00,78,300,77,269CB18F9DAC7649B08410B51621225E,0.0195084375,18,Wednesday,17,Wednesday,2021-10-27 00:00:00+00:00,2021-11-03 00:00:00+00:00,False,,
ba44740baf42a3880cc6ae7ec2c8a8f7,ONLINE,2021-10-27 17:45:21.179000+00:00,2021-10-27 18:08:01.967000+00:00,78,07B,87,BEB712D51701D0787EC236821442EA5C,0.01574986111111111,18,Wednesday,17,Wednesday,2021-10-27 00:00:00+00:00,2021-11-03 00:00:00+00:00,False,,
10bb5dd793a0ec5f6a40166238fa9291,OFFLINE,2021-10-22 19:30:37.848000+00:00,2021-10-27 18:31:04.175000+00:00,78,300,50,C0DD698BE0C1EA71FA3045950BEEC64B,4.958638043981481,18,Wednesday,19,Friday,2021-10-27 00:00:00+00:00,2021-11-03 00:00:00+00:00,False,,
a735fd32a4070842393ab04081caca54,OFFLINE,2021-10-22 19:20:36.815000+00:00,2021-10-27 18:31:48.666000+00:00,78,300,50,C0DD698BE0C1EA71FA3045950BEEC64B,4.966109386574074,18,Wednesday,19,Friday,2021-10-27 00:00:00+00:00,2021-11-03 00:00:00+00:00,False,,
566401cee55f7534abe95fae39bd215f,OFFLINE,2021-10-27 17:51:13.749000+00:00,2021-10-27 18:36:38.402000+00:00,78,07B,157,EE735FFED3A6072D13A30636E658A03A,0.031535335648148144,18,Wednesday,17,Wednesday,2021-10-27 00:00:00+00:00,2021-11-03 00:00:00+00:00,False,,
947b2e56149ff73972e4aa5472e2d20c,OFFLINE,2021-10-27 18:25:21.684000+00:00,2021-10-27 18:41:04.679000+00:00,78,300,67,E56AE16934A0D29EBF24915402A7E5ED,0.010914293981481481,18,Wednesday,18,Wednesday,2021-10-27 00:00:00+00:00,2021-11-03 00:00:00+00:00,False,,
9fb0ce0b09ad46d241440808c8db7ad0,OFFLINE,2021-10-27 18:12:07.361000+00:00,2021-10-27 18:41:05.519000+00:00,78,07B,85,4E8E60427140A514537C374BAA698D32,0.020117569444444445,18,Wednesday,18,Wednesday,2021-10-27 00:00:00+00:00,2021-11-03 00:00:00+00:00,False,,
30e44fea61b7b68c6d02cd622c29e41b,OFFLINE,2021-10-27 11:08:38.107000+00:00,2021-10-27 20:29:03.541000+00:00,78,07B,215,0788D330C960376CA8EF0D842E5443A4,0.3891832638888889,20,Wednesday,11,Wednesday,2021-10-27 00:00:00+00:00,2021-11-03 00:00:00+00:00,False,,
b61901f2edf1875021524c8258663361,OFFLINE,2021-10-27 19:31:36.060000+00:00,2021-10-27 20:29:27.881000+00:00,78,300,126,2630D6FC6433A9A4C1C906C0D64BDDE1,0.040183113425925926,20,Wednesday,19,Wednesday,2021-10-27 00:00:00+00:00,2021-11-03 00:00:00+00:00,False,,
0f9f873063782971ce621a27f4d5de77,ONLINE,2021-10-27 21:09:23.199000+00:00,2021-10-27 22:13:47.045000+00:00,78,300,187,A85A33858C7BB0DCE962E99B2E79BBC4,0.044720439814814814,22,Wednesday,21,Wednesday,2021-10-27 00:00:00+00:00,2021-11-03 00:00:00+00:00,False,,
db876531c4809e1ceb94da59ee662f6e,OFFLINE,2021-10-26 00:06:18.744000+00:00,2021-10-28 01:26:06.718000+00:00,78,300,67,2630D6FC6433A9A4C1C906C0D64BDDE1,2.0554163657407405,1,Thursday,0,Tuesday,2021-10-28 00:00:00+00:00,2021-11-04 00:00:00+00:00,False,,
f2a739ee5ce471d1b1c410eceabdeda9,ONLINE,2021-10-27 13:49:37.007000+00:00,2021-10-28 02:40:10.274000+00:00,78,300,89,E56AE16934A0D29EBF24915402A7E5ED,0.5351072569444444,2,Thursday,13,Wednesday,2021-10-28 00:00:00+00:00,2021-11-04 00:00:00+00:00,False,,
bfb7af775f1d57a42facfee36d15e579,ONLINE,2021-10-28 02:42:20.102000+00:00,2021-10-28 02:57:34.606000+00:00,78,07B,89,EE735FFED3A6072D13A30636E658A03A,0.010584537037037036,2,Thursday,2,Thursday,2021-10-28 00:00:00+00:00,2021-11-04 00:00:00+00:00,False,,
ee767712b3e3988a2113bc6525558f5d,ONLINE,2021-10-27 15:45:10.089000+00:00,2021-10-28 03:01:09.410000+00:00,78,07B,101,4E8E60427140A514537C374BAA698D32,0.46943658564814816,3,Thursday,15,Wednesday,2021-10-28 00:00:00+00:00,2021-11-04 00:00:00+00:00,False,,
5663e51d8ff797c91fb72cddd066cdba,OFFLINE,2021-10-27 03:04:35+00:00,2021-10-28 03:14:46.749000+00:00,78,1EF,97,4DF70D744AB4B2076706A37F1EBAC6B9,1.0070804282407406,3,Thursday,3,Wednesday,2021-10-28 00:00:00+00:00,2021-11-04 00:00:00+00:00,False,,
d3d0bad28f73b2ba0298cc76c2036982,OFFLINE,2021-10-27 10:46:35.858000+00:00,2021-10-28 03:18:32.746000+00:00,78,07B,173,3DCC8B4086B582DDB2E5481A5D44CAB4,0.6888528703703704,3,Thursday,10,Wednesday,2021-10-28 00:00:00+00:00,2021-11-04 00:00:00+00:00,False,,
1219cff694d68c75412957ba30f0dc52,ONLINE,2021-10-13 03:00:37.744000+00:00,2021-10-28 03:23:28.640000+00:00,78,07B,146,EE735FFED3A6072D13A30636E658A03A,15.015866851851852,3,Thursday,3,Wednesday,2021-10-28 00:00:00+00:00,2021-11-04 00:00:00+00:00,False,,
2371bcc2ae909d34b0e209a18ee36e36,OFFLINE,2021-10-28 03:43:42.033000+00:00,2021-10-28 04:06:12.820000+00:00,78,300,96,E56AE16934A0D29EBF24915402A7E5ED,0.015634108796296297,4,Thursday,3,Thursday,2021-10-28 00:00:00+00:00,2021-11-04 00:00:00+00:00,False,,
20cf3eca94077e6669ad9d2239d089e5,OFFLINE,2021-10-27 16:38:56.865000+00:00,2021-10-28 04:16:16.193000+00:00,78,300,148,15DEDC3B645D743B528945FFB129B0EC,0.4842514814814815,4,Thursday,16,Wednesday,2021-10-28 00:00:00+00:00,2021-11-04 00:00:00+00:00,False,,
96a99fdfcd8bd00689eb147e09ff0364,OFFLINE,2021-10-27 17:43:02.808000+00:00,2021-10-28 04:36:47.904000+00:00,78,1EF,200,38BB76CCFDD8129EF62B3AF5480605C7,0.45399416666666664,4,Thursday,17,Wednesday,2021-10-28 00:00:00+00:00,2021-11-04 00:00:00+00:00,False,,
e72df2c018d2c0daa0cf21735efc3c9e,OFFLINE,2021-10-01 11:26:50.934000+00:00,2021-10-28 04:37:56.238000+00:00,78,1EF,129,5CD6463B9C20BA10DA25A431F2D844A6,26.71603361111111,4,Thursday,11,Friday,2021-10-28 00:00:00+00:00,2021-11-04 00:00:00+00:00,False,,
eadebf514a0e5a665c0fd68f3acbda7a,OFFLINE,2021-10-27 01:33:12.798000+00:00,2021-10-28 04:45:02.385000+00:00,78,300,99,D3CEA8B57F07B785543EDB2058A190CE,1.1332128125,4,Thursday,1,Wednesday,2021-10-28 00:00:00+00:00,2021-11-04 00:00:00+00:00,False,,
ebbe60225d77d69a27f95edfa7d2d81a,OFFLINE,2021-10-28 04:15:26.512000+00:00,2021-10-28 04:46:48.368000+00:00,78,300,153,364A975FE43F5678164266B2B0E8A237,0.02178074074074074,4,Thursday,4,Thursday,2021-10-28 00:00:00+00:00,2021-11-04 00:00:00+00:00,False,,
2be505f4098333b905d6bb594e37b346,OFFLINE,2021-10-27 07:41:27.314000+00:00,2021-10-28 05:18:50.368000+00:00,78,1EF,60,96C3C752FA22E3A6918ADE4F355D3F8D,0.9009612731481482,5,Thursday,7,Wednesday,2021-10-28 00:00:00+00:00,2021-11-04 00:00:00+00:00,False,,
c85cd935464ef32b512a4a229691d5d8,OFFLINE,2021-10-27 08:16:04.297000+00:00,2021-10-28 05:33:55.613000+00:00,78,1EF,128,F23ABF889C244499ACA33B5CE1A7C848,0.8873994907407408,5,Thursday,8,Wednesday,2021-10-28 00:00:00+00:00,2021-11-04 00:00:00+00:00,False,,
de382d1f09e6928a25a2964c85e848f1,OFFLINE,2021-10-25 14:39:31.289000+00:00,2021-10-28 05:44:11.763000+00:00,78,07B,166,4E8E60427140A514537C374BAA698D32,2.628246226851852,5,Thursday,14,Monday,2021-10-28 00:00:00+00:00,2021-11-04 00:00:00+00:00,False,,
4aeec93e1d14b06b6784bfffcb5159e6,OFFLINE,2021-10-25 12:59:29.131000+00:00,2021-10-28 05:55:26.114000+00:00,78,300,59,526A1D40F50BBB44821C0C0FDE8E16B7,2.7055206365740743,5,Thursday,12,Monday,2021-10-28 00:00:00+00:00,2021-11-04 00:00:00+00:00,False,,
d9bc1f85ba802cba9b6ace8d3919de5d,OFFLINE,2021-10-27 06:09:11.045000+00:00,2021-10-28 06:19:42.964000+00:00,78,07B,62,4ECC8B694F4BB262BDD4B0A85952B71A,1.0073138773148147,6,Thursday,6,Wednesday,2021-10-28 00:00:00+00:00,2021-11-04 00:00:00+00:00,False,,
712bbf04bf28ea22ddff04a403c49eeb,OFFLINE,2021-10-28 05:51:17.116000+00:00,2021-10-28 06:24:01.917000+00:00,78,300,106,1BA53B5BBB76E9903A2CF8FF02C37293,0.022740752314814813,6,Thursday,5,Thursday,2021-10-28 00:00:00+00:00,2021-11-04 00:00:00+00:00,False,,
08fedf39a737c6f878d891ee130af6eb,OFFLINE,2021-10-28 06:10:46.129000+00:00,2021-10-28 06:26:55.510000+00:00,78,07B,50,4ECC8B694F4BB262BDD4B0A85952B71A,0.0112196875,6,Thursday,6,Thursday,2021-10-28 00:00:00+00:00,2021-11-04 00:00:00+00:00,False,,
122327eb0f0da765b495a76e93c12669,ONLINE,2021-10-28 06:34:09.145000+00:00,2021-10-28 06:58:28.487000+00:00,78,07B,102,10D023CEE6CC12F06C576EB33402E56B,0.01689053240740741,6,Thursday,6,Thursday,2021-10-28 00:00:00+00:00,2021-11-04 00:00:00+00:00,False,,
d16750212dad1cee73d747bfc26c9d83,ONLINE,2021-10-27 13:48:07.874000+00:00,2021-10-28 07:09:38.822000+00:00,78,1EF,108,BB2033CE2FA4822C957B37DEB445B32C,0.7232748611111111,7,Thursday,13,Wednesday,2021-10-28 00:00:00+00:00,2021-11-04 00:00:00+00:00,False,,
0c5288e8fa7bbf9004bb21c17f2f346a,ONLINE,2021-10-28 05:50:00.559000+00:00,2021-10-28 07:10:49.593000+00:00,78,07B,230,B273179DA6B16E679BB8D2C7DE063CC9,0.0561230787037037,7,Thursday,5,Thursday,2021-10-28 00:00:00+00:00,2021-11-04 00:00:00+00:00,False,,
06218dde9d16d60bf83084428b7a2cf9,OFFLINE,2021-10-26 08:58:50.929000+00:00,2021-10-28 07:17:58.581000+00:00,78,300,189,08379264459A6EF0F8052CC20B9DD41F,1.929949675925926,7,Thursday,8,Tuesday,2021-10-28 00:00:00+00:00,2021-11-04 00:00:00+00:00,False,,
6951cc6271b327af6895f2da4687821b,OFFLINE,2021-10-28 07:06:22.842000+00:00,2021-10-28 07:24:25.890000+00:00,78,1EF,115,08A9B54E00545ECCD369B8E5D2692E9F,0.012535277777777777,7,Thursday,7,Thursday,2021-10-28 00:00:00+00:00,2021-11-04 00:00:00+00:00,False,,
a2113b0c6364f23c6587d74c549eb5eb,OFFLINE,2021-10-28 06:57:30.201000+00:00,2021-10-28 07:36:05.963000+00:00,78,300,216,7E701822D80EF10DEBEA008731637EA3,0.026802800925925928,7,Thursday,6,Thursday,2021-10-28 00:00:00+00:00,2021-11-04 00:00:00+00:00,False,,
f5bec4fd08b21491d14518e907aff323,ONLINE,2021-10-28 07:06:51.664000+00:00,2021-10-28 07:40:00.095000+00:00,78,07B,96,10D023CEE6CC12F06C576EB33402E56B,0.023014247685185184,7,Thursday,7,Thursday,2021-10-28 00:00:00+00:00,2021-11-04 00:00:00+00:00,False,,
8c0f0b239598514a4cf338ea93853c4f,ONLINE,2021-10-28 07:06:20.019000+00:00,2021-10-28 07:48:33.150000+00:00,78,300,109,E56AE16934A0D29EBF24915402A7E5ED,0.02931864583333333,7,Thursday,7,Thursday,2021-10-28 00:00:00+00:00,2021-11-04 00:00:00+00:00,False,,
c3cb189fdca5af731f7d5f02fb19113b,ONLINE,2021-10-27 08:40:20.861000+00:00,2021-10-28 07:51:26.642000+00:00,78,07B,63,10D023CEE6CC12F06C576EB33402E56B,0.9660391319444445,7,Thursday,8,Wednesday,2021-10-28 00:00:00+00:00,2021-11-04 00:00:00+00:00,False,,
d46a1f165ca462b8d39da6a4e46e9db4,OFFLINE,2021-10-25 03:07:42.271000+00:00,2021-10-28 08:39:19.261000+00:00,78,300,50,AF4F62D7ACE753F48C02D30A922CA5C2,3.230289236111111,8,Thursday,3,Monday,2021-10-28 00:00:00+00:00,2021-11-04 00:00:00+00:00,False,,
bb54d4a0c9e09e76efb96557256908d8,OFFLINE,2021-10-28 08:25:11.612000+00:00,2021-10-28 08:50:39.815000+00:00,78,300,104,526A1D40F50BBB44821C0C0FDE8E16B7,0.01768753472222222,8,Thursday,8,Thursday,2021-10-28 00:00:00+00:00,2021-11-04 00:00:00+00:00,False,,
1063224acc71af90590352b858a09297,ONLINE,2021-10-28 07:46:26.652000+00:00,2021-10-28 08:57:58.069000+00:00,78,07B,217,56129BC950F9E18A9F5DF651D9D267D1,0.04966917824074075,8,Thursday,7,Thursday,2021-10-28 00:00:00+00:00,2021-11-04 00:00:00+00:00,False,,
8db8b0ef4733506c3f9ccaeaaf7c967c,OFFLINE,2021-10-27 07:47:43.195000+00:00,2021-10-28 08:59:02.791000+00:00,78,07B,98,10D023CEE6CC12F06C576EB33402E56B,1.0495323611111111,8,Thursday,7,Wednesday,2021-10-28 00:00:00+00:00,2021-11-04 00:00:00+00:00,False,,
ca184e02c2cfd91943e95b7d7c178d46,OFFLINE,2021-10-28 08:28:55.845000+00:00,2021-10-28 09:05:55.631000+00:00,78,07B,145,294B021232C509826A57AC3136B8ABDD,0.025691967592592593,9,Thursday,8,Thursday,2021-10-28 00:00:00+00:00,2021-11-04 00:00:00+00:00,False,,
a86332e8c9e68341b3e91ee408a088b4,OFFLINE,2021-10-28 06:39:44.828000+00:00,2021-10-28 09:07:11.753000+00:00,78,07B,83,EE735FFED3A6072D13A30636E658A03A,0.10239496527777776,9,Thursday,6,Thursday,2021-10-28 00:00:00+00:00,2021-11-04 00:00:00+00:00,False,,
8277df752da924912c30adfcf78861f3,ONLINE,2021-10-27 15:07:36.632000+00:00,2021-10-28 09:49:37.471000+00:00,78,1EF,135,0668909560B9D2AF8FDA5489BCAA5FFF,0.7791763773148149,9,Thursday,15,Wednesday,2021-10-28 00:00:00+00:00,2021-11-04 00:00:00+00:00,False,,
e6328904d764d34b31f9ff47c42c6016,OFFLINE,2021-10-28 09:14:57.208000+00:00,2021-10-28 09:54:39.489000+00:00,78,300,95,526A1D40F50BBB44821C0C0FDE8E16B7,0.02757269675925926,9,Thursday,9,Thursday,2021-10-28 00:00:00+00:00,2021-11-04 00:00:00+00:00,False,,
ddf3804e85da29d6769f54b756c6e407,OFFLINE,2021-10-28 09:40:47.869000+00:00,2021-10-28 10:03:30.825000+00:00,78,07B,140,10D023CEE6CC12F06C576EB33402E56B,0.015774953703703704,10,Thursday,9,Thursday,2021-10-28 00:00:00+00:00,2021-11-04 00:00:00+00:00,False,,
cbea9d2aaccf021f09d6f06d8589149f,OFFLINE,2021-10-28 09:56:11.200000+00:00,2021-10-28 10:13:16.250000+00:00,79,07B,118,4E8E60427140A514537C374BAA698D32,0.011864004629629629,10,Thursday,9,Thursday,2021-10-28 00:00:00+00:00,2021-11-04 00:00:00+00:00,False,,
ec468d0d4a4bcc5b540b1c222cbb96a3,OFFLINE,2021-10-27 14:23:01.298000+00:00,2021-10-28 10:14:26.848000+00:00,78,07B,121,4E8E60427140A514537C374BAA698D32,0.827379050925926,10,Thursday,14,Wednesday,2021-10-28 00:00:00+00:00,2021-11-04 00:00:00+00:00,False,,
39c5434921d4bde1b12bec4a7ef0ec5a,OFFLINE,2021-10-28 09:49:03.836000+00:00,2021-10-28 10:44:54.565000+00:00,78,300,50,526A1D40F50BBB44821C0C0FDE8E16B7,0.03878158564814815,10,Thursday,9,Thursday,2021-10-28 00:00:00+00:00,2021-11-04 00:00:00+00:00,False,,
efdfaaf5d9f607a6bb26003db4d3598d,OFFLINE,2021-10-28 09:11:17.883000+00:00,2021-10-28 10:45:18.511000+00:00,78,300,50,526A1D40F50BBB44821C0C0FDE8E16B7,0.06528504629629629,10,Thursday,9,Thursday,2021-10-28 00:00:00+00:00,2021-11-04 00:00:00+00:00,False,,
66f0407f83104c4c8f98e95562e464d4,ONLINE,2021-10-28 10:42:31.565000+00:00,2021-10-28 10:56:10.043000+00:00,78,07B,86,294B021232C509826A57AC3136B8ABDD,0.009473124999999999,10,Thursday,10,Thursday,2021-10-28 00:00:00+00:00,2021-11-04 00:00:00+00:00,False,,
91ea1181e124d29adbe9913c3ea63954,OFFLINE,2021-10-27 10:12:15.897000+00:00,2021-10-28 11:02:56.719000+00:00,78,1EF,60,08A9B54E00545ECCD369B8E5D2692E9F,1.0351946990740741,11,Thursday,10,Wednesday,2021-10-28 00:00:00+00:00,2021-11-04 00:00:00+00:00,False,,
f09c80d1a109df594166c48fa00ee583,ONLINE,2021-10-27 17:52:55.786000+00:00,2021-10-28 11:12:31.388000+00:00,78,1EF,128,0668909560B9D2AF8FDA5489BCAA5FFF,0.7219398379629629,11,Thursday,17,Wednesday,2021-10-28 00:00:00+00:00,2021-11-04 00:00:00+00:00,False,,
845ebb84576d6e59046f64fa70de9737,OFFLINE,2021-10-28 10:57:15.161000+00:00,2021-10-28 11:20:40.246000+00:00,78,07B,100,9F9E66046BADAE5ABE94708CED879416,0.01626255787037037,11,Thursday,10,Thursday,2021-10-28 00:00:00+00:00,2021-11-04 00:00:00+00:00,False,,
7946475dbbe8fce80f2aca23bcba0f46,OFFLINE,2021-10-26 10:51:01.560000+00:00,2021-10-28 11:21:43.300000+00:00,78,07B,200,3DCC8B4086B582DDB2E5481A5D44CAB4,2.021316435185185,11,Thursday,10,Tuesday,2021-10-28 00:00:00+00:00,2021-11-04 00:00:00+00:00,False,,
c6e69dfb4f496e05a6db04434c5c38bf,OFFLINE,2021-10-28 10:46:15.815000+00:00,2021-10-28 11:23:04.022000+00:00,78,1EF,204,F066DEFF7409FE06BB3F4539FBDF12A4,0.02555795138888889,11,Thursday,10,Thursday,2021-10-28 00:00:00+00:00,2021-11-04 00:00:00+00:00,False,,
dd4e6877851aa150f1c9f892b9345228,ONLINE,2021-10-28 11:00:42.055000+00:00,2021-10-28 11:28:04.226000+00:00,78,300,87,269CB18F9DAC7649B08410B51621225E,0.019006608796296297,11,Thursday,11,Thursday,2021-10-28 00:00:00+00:00,2021-11-04 00:00:00+00:00,False,,
0d4090341ad267a1940f9521eb4a2222,ONLINE,2021-10-24 01:16:14.394000+00:00,2021-10-28 11:30:36.684000+00:00,78,07B,90,4ECC8B694F4BB262BDD4B0A85952B71A,4.426646874999999,11,Thursday,1,Sunday,2021-10-28 00:00:00+00:00,2021-11-04 00:00:00+00:00,False,,
26e59eaa6f6a2b4733d1082a65be55a1,OFFLINE,2021-10-28 11:55:00.673000+00:00,2021-10-28 12:33:12.925000+00:00,78,07B,146,4E8E60427140A514537C374BAA698D32,0.026530694444444444,12,Thursday,11,Thursday,2021-10-28 00:00:00+00:00,2021-11-04 00:00:00+00:00,False,,
74dc7c244dda371b9118d03b2068da8c,ONLINE,2021-10-28 12:27:35.661000+00:00,2021-10-28 12:46:02.149000+00:00,78,07B,100,EEDD0125ADF9CD4325E56C39462533F5,0.012806574074074074,12,Thursday,12,Thursday,2021-10-28 00:00:00+00:00,2021-11-04 00:00:00+00:00,False,,
1bb5970e65adf9ac85414de6e891fb5b,ONLINE,2021-10-28 12:01:55.581000+00:00,2021-10-28 12:48:44.314000+00:00,78,07B,221,EEDD0125ADF9CD4325E56C39462533F5,0.0325084837962963,12,Thursday,12,Thursday,2021-10-28 00:00:00+00:00,2021-11-04 00:00:00+00:00,False,,
0498ec1726f3467e3b9d2cd2758ec146,OFFLINE,2021-10-25 10:13:05.746000+00:00,2021-10-28 12:49:59.784000+00:00,78,300,78,15DEDC3B645D743B528945FFB129B0EC,3.108958773148148,12,Thursday,10,Monday,2021-10-28 00:00:00+00:00,2021-11-04 00:00:00+00:00,False,,
60c69d5486242f3f7d2ad20dbd086c82,OFFLINE,2021-10-28 07:56:48.290000+00:00,2021-10-28 12:59:19.126000+00:00,78,300,50,526A1D40F50BBB44821C0C0FDE8E16B7,0.21007912037037035,12,Thursday,7,Thursday,2021-10-28 00:00:00+00:00,2021-11-04 00:00:00+00:00,False,,
22f95356359ac49c7f614c5ece46eee3,ONLINE,2021-10-28 05:29:40.977000+00:00,2021-10-28 13:07:19.959000+00:00,78,07B,78,4ECC8B694F4BB262BDD4B0A85952B71A,0.3178122916666667,13,Thursday,5,Thursday,2021-10-28 00:00:00+00:00,2021-11-04 00:00:00+00:00,False,,
3b712e181030842ce667f5b2f3392c5c,OFFLINE,2021-10-28 13:03:28.109000+00:00,2021-10-28 13:15:22.439000+00:00,78,1EF,183,96C3C752FA22E3A6918ADE4F355D3F8D,0.008267708333333334,13,Thursday,13,Thursday,2021-10-28 00:00:00+00:00,2021-11-04 00:00:00+00:00,False,,
c27f9d50658dfa80d4d2a788965a2240,OFFLINE,2021-10-27 05:28:28.082000+00:00,2021-10-28 13:17:08.655000+00:00,78,07B,103,4ECC8B694F4BB262BDD4B0A85952B71A,1.3254695949074073,13,Thursday,5,Wednesday,2021-10-28 00:00:00+00:00,2021-11-04 00:00:00+00:00,False,,
863f442a791bb4926a6eafb51cac1e2c,OFFLINE,2021-10-28 03:19:30.045000+00:00,2021-10-28 13:31:03.450000+00:00,78,07B,101,EEDD0125ADF9CD4325E56C39462533F5,0.4246921875,13,Thursday,3,Thursday,2021-10-28 00:00:00+00:00,2021-11-04 00:00:00+00:00,False,,
0093f25968a2162109afdd0fa695c3f4,OFFLINE,2021-10-17 16:37:55.802000+00:00,2021-10-28 13:35:12.836000+00:00,78,300,50,89D534629771B04F61D1971C3068D1BD,10.873113819444445,13,Thursday,16,Sunday,2021-10-28 00:00:00+00:00,2021-11-04 00:00:00+00:00,False,,
98479c1a220c49856a36c63e21c0b3e0,OFFLINE,2021-10-28 08:29:36.821000+00:00,2021-10-28 14:05:35.495000+00:00,78,300,50,526A1D40F50BBB44821C0C0FDE8E16B7,0.2333179861111111,14,Thursday,8,Thursday,2021-10-28 00:00:00+00:00,2021-11-04 00:00:00+00:00,False,,
af2a612b777c1a7598ce2b6073dfb103,OFFLINE,2021-10-28 10:24:47.096000+00:00,2021-10-28 14:28:46.714000+00:00,78,07B,98,294B021232C509826A57AC3136B8ABDD,0.16944002314814816,14,Thursday,10,Thursday,2021-10-28 00:00:00+00:00,2021-11-04 00:00:00+00:00,False,,
33511e128173a6fdd8fdfae67bbd3cdf,OFFLINE,2021-10-28 14:05:22.739000+00:00,2021-10-28 14:31:42.809000+00:00,78,07B,133,294B021232C509826A57AC3136B8ABDD,0.018287847222222223,14,Thursday,14,Thursday,2021-10-28 00:00:00+00:00,2021-11-04 00:00:00+00:00,False,,
a61ddb1f03723b1e6d4ed763bc4ca1b4,OFFLINE,2021-10-28 12:43:45.183000+00:00,2021-10-28 14:32:20.576000+00:00,78,300,58,7E701822D80EF10DEBEA008731637EA3,0.0754096412037037,14,Thursday,12,Thursday,2021-10-28 00:00:00+00:00,2021-11-04 00:00:00+00:00,False,,
c564c9b15cc7bc053bd08c445a6d47bf,OFFLINE,2021-10-23 14:52:27.741000+00:00,2021-10-28 15:09:35.339000+00:00,78,300,50,15DEDC3B645D743B528945FFB129B0EC,5.01189349537037,15,Thursday,14,Saturday,2021-10-28 00:00:00+00:00,2021-11-04 00:00:00+00:00,False,,
a41077d885370a4d86af30b9d5d437dd,ONLINE,2021-10-28 04:52:45.907000+00:00,2021-10-28 15:38:03.819000+00:00,78,07B,61,4ECC8B694F4BB262BDD4B0A85952B71A,0.4481239814814814,15,Thursday,4,Thursday,2021-10-28 00:00:00+00:00,2021-11-04 00:00:00+00:00,False,,
b21eafa2539f2059fa73f3e0884ab6c2,ONLINE,2021-10-26 02:17:01.662000+00:00,2021-10-28 15:45:16.021000+00:00,78,07B,95,4E8E60427140A514537C374BAA698D32,2.5612773032407405,15,Thursday,2,Tuesday,2021-10-28 00:00:00+00:00,2021-11-04 00:00:00+00:00,False,,
5bdbc4923919b3c846699daa60ed3991,ONLINE,2021-10-28 14:55:47.870000+00:00,2021-10-28 15:47:54.966000+00:00,78,1EF,74,38BB76CCFDD8129EF62B3AF5480605C7,0.03619324074074074,15,Thursday,14,Thursday,2021-10-28 00:00:00+00:00,2021-11-04 00:00:00+00:00,False,,
00843f8b06a208b529197b28a17ab435,ONLINE,2021-10-28 05:37:07.147000+00:00,2021-10-28 16:07:04.203000+00:00,78,07B,50,EEDD0125ADF9CD4325E56C39462533F5,0.43746592592592587,16,Thursday,5,Thursday,2021-10-28 00:00:00+00:00,2021-11-04 00:00:00+00:00,False,,
8f2a54b37f715381112dcf44091a62ef,OFFLINE,2021-10-27 15:06:36.315000+00:00,2021-10-28 16:10:22.507000+00:00,78,07B,154,EEDD0125ADF9CD4325E56C39462533F5,1.0442846296296295,16,Thursday,15,Wednesday,2021-10-28 00:00:00+00:00,2021-11-04 00:00:00+00:00,False,,
3e6602a7cefba67ff4685444628230f3,OFFLINE,2021-10-28 15:48:55.959000+00:00,2021-10-28 16:21:25.440000+00:00,78,300,119,09B36CB8AB7325477B80E99BE8FB2D02,0.0225634375,16,Thursday,15,Thursday,2021-10-28 00:00:00+00:00,2021-11-04 00:00:00+00:00,False,,
5713b743c1ddfba4135c46bde16138b3,OFFLINE,2021-10-28 16:41:34.387000+00:00,2021-10-28 16:49:33.893000+00:00,78,1EF,60,195FD095D9D7F47943113AF2CBCF9A75,0.005549837962962963,16,Thursday,16,Thursday,2021-10-28 00:00:00+00:00,2021-11-04 00:00:00+00:00,False,,
7eff65e373c79e04397bd31ad906e6d8,OFFLINE,2021-10-28 16:05:21.601000+00:00,2021-10-28 16:57:34.267000+00:00,78,07B,220,EE735FFED3A6072D13A30636E658A03A,0.03625770833333333,16,Thursday,16,Thursday,2021-10-28 00:00:00+00:00,2021-11-04 00:00:00+00:00,False,,
778a00e8c50307008da09c7d3b38c65c,ONLINE,2021-10-28 16:55:02.142000+00:00,2021-10-28 17:13:54.271000+00:00,78,300,96,89D534629771B04F61D1971C3068D1BD,0.013103344907407406,17,Thursday,16,Thursday,2021-10-28 00:00:00+00:00,2021-11-04 00:00:00+00:00,False,,
50dd117b3af4e32d1ba6d449265590ca,OFFLINE,2021-10-28 08:40:47.749000+00:00,2021-10-28 17:19:36.926000+00:00,78,300,50,526A1D40F50BBB44821C0C0FDE8E16B7,0.360291400462963,17,Thursday,8,Thursday,2021-10-28 00:00:00+00:00,2021-11-04 00:00:00+00:00,False,,
7666c89e8c9aa517d02115ea27c1510e,OFFLINE,2021-10-28 17:07:43.205000+00:00,2021-10-28 17:24:59.191000+00:00,78,07B,98,4ECC8B694F4BB262BDD4B0A85952B71A,0.011990578703703705,17,Thursday,17,Thursday,2021-10-28 00:00:00+00:00,2021-11-04 00:00:00+00:00,False,,
531f773f42099ebfd96982488da70585,OFFLINE,2021-10-28 17:15:41.820000+00:00,2021-10-28 17:26:31.830000+00:00,78,07B,50,B9280511935D9209C504462A0FCAEA3C,0.007523263888888888,17,Thursday,17,Thursday,2021-10-28 00:00:00+00:00,2021-11-04 00:00:00+00:00,False,,
8b24210021cf87e3b5a4de8c7ce1070f,OFFLINE,2021-10-28 17:20:00.271000+00:00,2021-10-28 17:29:26.260000+00:00,78,1EF,60,740CB1CA2BD83B3276B092195A6EB883,0.006550798611111111,17,Thursday,17,Thursday,2021-10-28 00:00:00+00:00,2021-11-04 00:00:00+00:00,False,,
792406c5f4acdb72d844136247089b5c,OFFLINE,2021-10-24 15:59:53.225000+00:00,2021-10-28 18:08:33.779000+00:00,78,07B,129,4ECC8B694F4BB262BDD4B0A85952B71A,4.089358263888889,18,Thursday,15,Sunday,2021-10-28 00:00:00+00:00,2021-11-04 00:00:00+00:00,False,,
acc81f393cc2de856247ffaa1ac81a1d,OFFLINE,2021-10-28 14:02:54.151000+00:00,2021-10-28 18:11:34.886000+00:00,78,1EF,88,08A9B54E00545ECCD369B8E5D2692E9F,0.17269369212962965,18,Thursday,14,Thursday,2021-10-28 00:00:00+00:00,2021-11-04 00:00:00+00:00,False,,
ab1b1ef3eb4493c994fd36c3ad0e6221,OFFLINE,2021-10-27 18:36:15.688000+00:00,2021-10-28 18:13:26.492000+00:00,78,300,58,08379264459A6EF0F8052CC20B9DD41F,0.9841528240740741,18,Thursday,18,Wednesday,2021-10-28 00:00:00+00:00,2021-11-04 00:00:00+00:00,False,,
e4498acac2d5274f776c9d28147e3ffc,OFFLINE,2021-10-28 17:58:09.644000+00:00,2021-10-28 18:19:00.203000+00:00,78,300,50,89D534629771B04F61D1971C3068D1BD,0.014474062499999999,18,Thursday,17,Thursday,2021-10-28 00:00:00+00:00,2021-11-04 00:00:00+00:00,False,,
b3e6c7718afff1ec7fb89a56177f5219,OFFLINE,2021-10-28 18:17:19.018000+00:00,2021-10-28 18:54:41.493000+00:00,78,07B,149,294B021232C509826A57AC3136B8ABDD,0.02595457175925926,18,Thursday,18,Thursday,2021-10-28 00:00:00+00:00,2021-11-04 00:00:00+00:00,False,,
6aae915e6f5e55907e534552e57b0ab5,OFFLINE,2021-10-15 15:59:17.309000+00:00,2021-10-28 20:10:30.969000+00:00,78,07B,89,2CF9D19CE125793D17A0B4C371AB7AFD,13.174463657407406,20,Thursday,15,Friday,2021-10-28 00:00:00+00:00,2021-11-04 00:00:00+00:00,False,,
ee7e73d75de884736f039191f764e587,OFFLINE,2021-10-28 19:45:19.600000+00:00,2021-10-28 20:38:50.669000+00:00,78,300,107,7E701822D80EF10DEBEA008731637EA3,0.03716515046296296,20,Thursday,19,Thursday,2021-10-28 00:00:00+00:00,2021-11-04 00:00:00+00:00,False,,
c76ec0f8d607cf6d2b6af6b0f44e27c6,OFFLINE,2021-10-28 19:15:42.317000+00:00,2021-10-29 02:09:34.783000+00:00,78,07B,142,10D023CEE6CC12F06C576EB33402E56B,0.2874128009259259,2,Friday,19,Thursday,2021-10-29 00:00:00+00:00,2021-11-05 00:00:00+00:00,False,,
d35eaf5feb4dc3b4a0c3ed71be0e8c4b,OFFLINE,2021-10-28 17:37:30.763000+00:00,2021-10-29 03:03:30.183000+00:00,78,07B,108,C142F51706DA139EC3DCAA250682C61A,0.3930488425925926,3,Friday,17,Thursday,2021-10-29 00:00:00+00:00,2021-11-05 00:00:00+00:00,False,,
1f24146fd33a63bafe0ebc22c29bedb9,OFFLINE,2021-10-28 18:25:22.932000+00:00,2021-10-29 03:15:54.250000+00:00,78,1EF,202,0668909560B9D2AF8FDA5489BCAA5FFF,0.3684180324074074,3,Friday,18,Thursday,2021-10-29 00:00:00+00:00,2021-11-05 00:00:00+00:00,False,,
84f5725a59920e7184521d725c464c57,ONLINE,2021-10-29 03:09:12.499000+00:00,2021-10-29 03:32:39.777000+00:00,78,300,77,D3CEA8B57F07B785543EDB2058A190CE,0.016287939814814814,3,Friday,3,Friday,2021-10-29 00:00:00+00:00,2021-11-05 00:00:00+00:00,False,,
de240c53c3c6e3626f2c9533f43618da,OFFLINE,2021-10-28 13:42:28.732000+00:00,2021-10-29 03:48:36.001000+00:00,78,07B,89,9FFABDFED33FB837D72433191B5668D5,0.5875841319444445,3,Friday,13,Thursday,2021-10-29 00:00:00+00:00,2021-11-05 00:00:00+00:00,False,,
d7cd441bcbbd2104e807aa763b338dce,OFFLINE,2021-10-28 17:01:51.477000+00:00,2021-10-29 03:53:17.978000+00:00,78,300,181,56C3843EA0BAA7B2438B58CFC2BBD0FF,0.45239005787037034,3,Friday,17,Thursday,2021-10-29 00:00:00+00:00,2021-11-05 00:00:00+00:00,False,,
71fdf3e1590624159be50b4d52ebdbd3,OFFLINE,2021-10-29 03:52:39.639000+00:00,2021-10-29 04:31:58.599000+00:00,78,07B,150,10D023CEE6CC12F06C576EB33402E56B,0.027302777777777777,4,Friday,3,Friday,2021-10-29 00:00:00+00:00,2021-11-05 00:00:00+00:00,False,,
b7cf2d5be74671f90249c57942087ca4,OFFLINE,2021-10-29 04:32:47.299000+00:00,2021-10-29 04:41:18.930000+00:00,78,1EF,60,740CB1CA2BD83B3276B092195A6EB883,0.005921655092592592,4,Friday,4,Friday,2021-10-29 00:00:00+00:00,2021-11-05 00:00:00+00:00,False,,
a8f024e8a50115300d15a0416f388be9,ONLINE,2021-10-27 04:20:17.304000+00:00,2021-10-29 04:50:03.766000+00:00,78,1EF,127,96C3C752FA22E3A6918ADE4F355D3F8D,2.0206766435185184,4,Friday,4,Wednesday,2021-10-29 00:00:00+00:00,2021-11-05 00:00:00+00:00,False,,
d0c29c5e3da6c39d5725c3bc0739ccf0,ONLINE,2021-10-27 08:04:54.509000+00:00,2021-10-29 05:08:24.818000+00:00,78,1EF,136,0668909560B9D2AF8FDA5489BCAA5FFF,1.8774341319444445,5,Friday,8,Wednesday,2021-10-29 00:00:00+00:00,2021-11-05 00:00:00+00:00,False,,
6bdbda9ae8ebd7487469e7fa6a7b2d10,OFFLINE,2021-10-28 05:30:22.650000+00:00,2021-10-29 05:10:52.991000+00:00,78,300,50,C0DD698BE0C1EA71FA3045950BEEC64B,0.9864622800925926,5,Friday,5,Thursday,2021-10-29 00:00:00+00:00,2021-11-05 00:00:00+00:00,False,,
4680f8b14a9061da509406635c2f9add,ONLINE,2021-10-29 04:47:09.880000+00:00,2021-10-29 05:20:08.222000+00:00,78,300,124,89D534629771B04F61D1971C3068D1BD,0.022897476851851853,5,Friday,4,Friday,2021-10-29 00:00:00+00:00,2021-11-05 00:00:00+00:00,False,,
cb345801a8957eea078cbe88f99b4e05,OFFLINE,2021-10-29 05:25:47.802000+00:00,2021-10-29 05:51:35.494000+00:00,78,07B,128,10D023CEE6CC12F06C576EB33402E56B,0.017913101851851854,5,Friday,5,Friday,2021-10-29 00:00:00+00:00,2021-11-05 00:00:00+00:00,False,,
6a74358f12dab1153c46f4683de637c8,ONLINE,2021-10-29 05:14:42.757000+00:00,2021-10-29 06:15:24.909000+00:00,78,07B,65,294B021232C509826A57AC3136B8ABDD,0.04215453703703704,6,Friday,5,Friday,2021-10-29 00:00:00+00:00,2021-11-05 00:00:00+00:00,False,,
5fe511adeee003385408f888989e8d7d,OFFLINE,2021-10-28 13:54:13.651000+00:00,2021-10-29 06:16:07.120000+00:00,78,07B,92,294B021232C509826A57AC3136B8ABDD,0.6818688541666666,6,Friday,13,Thursday,2021-10-29 00:00:00+00:00,2021-11-05 00:00:00+00:00,False,,
a1953e350b0c93eb725685e9061e10d3,ONLINE,2021-10-29 04:46:56.911000+00:00,2021-10-29 06:22:11.434000+00:00,78,07B,127,C142F51706DA139EC3DCAA250682C61A,0.0661403125,6,Friday,4,Friday,2021-10-29 00:00:00+00:00,2021-11-05 00:00:00+00:00,False,,
d16d30ccfa3b4f668edd0bdefc5556e9,ONLINE,2021-10-13 15:10:46.127000+00:00,2021-10-29 06:23:21.835000+00:00,78,1EF,83,4DBE83E28F1DFA3ED9C79A2C577BFBDE,15.633746620370372,6,Friday,15,Wednesday,2021-10-29 00:00:00+00:00,2021-11-05 00:00:00+00:00,False,,
9f5754c310c756bc3ad841cea7823f4b,ONLINE,2021-10-29 05:35:45.952000+00:00,2021-10-29 06:45:04.485000+00:00,78,1EF,166,2C10D809ABD31810F4E95F4E500EFA7E,0.04813116898148149,6,Friday,5,Friday,2021-10-29 00:00:00+00:00,2021-11-05 00:00:00+00:00,False,,
248d33f390aed656b9594f87ce20d2ce,OFFLINE,2021-10-29 07:22:18.545000+00:00,2021-10-29 07:58:58.832000+00:00,78,07B,147,3B56EC028568E71AF10B3360787CD0BC,0.02546628472222222,7,Friday,7,Friday,2021-10-29 00:00:00+00:00,2021-11-05 00:00:00+00:00,False,,
e74bff679bc1bd4d595dedee2f74504b,OFFLINE,2021-10-28 14:21:42.496000+00:00,2021-10-29 08:10:22.425000+00:00,78,300,68,89D534629771B04F61D1971C3068D1BD,0.7421288078703703,8,Friday,14,Thursday,2021-10-29 00:00:00+00:00,2021-11-05 00:00:00+00:00,False,,
b4e2e875eae6c66448a342957aaa55a4,OFFLINE,2021-10-29 05:17:13.266000+00:00,2021-10-29 08:23:38.848000+00:00,78,300,50,F01C49A6AA0D833D3333DEA9AC883637,0.12946275462962964,8,Friday,5,Friday,2021-10-29 00:00:00+00:00,2021-11-05 00:00:00+00:00,False,,
983104cfcb05dcf7d677d1d8d7f22dec,ONLINE,2021-10-28 16:16:48.861000+00:00,2021-10-29 08:24:50.439000+00:00,78,07B,146,2CF9D19CE125793D17A0B4C371AB7AFD,0.6722404861111111,8,Friday,16,Thursday,2021-10-29 00:00:00+00:00,2021-11-05 00:00:00+00:00,False,,
3276ec1bc96a523c852f989ca58520bd,OFFLINE,2021-10-28 11:50:12.764000+00:00,2021-10-29 08:42:26.650000+00:00,78,07B,93,EEDD0125ADF9CD4325E56C39462533F5,0.869605162037037,8,Friday,11,Thursday,2021-10-29 00:00:00+00:00,2021-11-05 00:00:00+00:00,False,,
d9520d08ad50c4d2cd174ebb2d308e46,OFFLINE,2021-10-29 08:49:30.092000+00:00,2021-10-29 09:03:26.107000+00:00,78,07B,97,4ECC8B694F4BB262BDD4B0A85952B71A,0.009676099537037037,9,Friday,8,Friday,2021-10-29 00:00:00+00:00,2021-11-05 00:00:00+00:00,False,,
d2bc5a5c828ee8bb6319770a909e8887,ONLINE,2021-10-29 07:57:11.310000+00:00,2021-10-29 09:19:06.234000+00:00,78,1EF,67,08A9B54E00545ECCD369B8E5D2692E9F,0.05688569444444445,9,Friday,7,Friday,2021-10-29 00:00:00+00:00,2021-11-05 00:00:00+00:00,False,,
e8f97f8e4915b6493135d3223a18ba4d,ONLINE,2021-10-24 10:00:27.133000+00:00,2021-10-29 10:57:55.226000+00:00,78,07B,69,4ECC8B694F4BB262BDD4B0A85952B71A,5.039908483796296,10,Friday,10,Sunday,2021-10-29 00:00:00+00:00,2021-11-05 00:00:00+00:00,False,,
1a2a6ce0eb1645b81f65a71dcf32ae93,ONLINE,2021-10-29 08:02:37.459000+00:00,2021-10-29 11:16:42.510000+00:00,78,07B,122,2D9F8B5DDB0A7BD6F060DBAA34EC0CFF,0.13478068287037037,11,Friday,8,Friday,2021-10-29 00:00:00+00:00,2021-11-05 00:00:00+00:00,False,,
3b1297883bb19e73bd1514fcf0fc957b,OFFLINE,2021-10-20 07:52:05.481000+00:00,2021-10-29 11:19:54.116000+00:00,78,300,99,C0DD698BE0C1EA71FA3045950BEEC64B,9.144312905092592,11,Friday,7,Wednesday,2021-10-29 00:00:00+00:00,2021-11-05 00:00:00+00:00,False,,
fba421a156d913d8191160fa6e8ebace,ONLINE,2021-10-18 05:09:09.463000+00:00,2021-10-29 11:29:07.323000+00:00,78,300,84,08379264459A6EF0F8052CC20B9DD41F,11.26386412037037,11,Friday,5,Monday,2021-10-29 00:00:00+00:00,2021-11-05 00:00:00+00:00,False,,
aa33de8b9b5096b87f5d2128c9f17f97,OFFLINE,2021-10-13 21:20:30.291000+00:00,2021-10-29 11:57:08.655000+00:00,78,07B,276,4ECC8B694F4BB262BDD4B0A85952B71A,15.608777361111112,11,Friday,21,Wednesday,2021-10-29 00:00:00+00:00,2021-11-05 00:00:00+00:00,False,,
6176390aaf808ae2573777e5d8b2f117,ONLINE,2021-10-29 11:31:25.996000+00:00,2021-10-29 12:06:38.227000+00:00,78,07B,155,EEDD0125ADF9CD4325E56C39462533F5,0.024447118055555557,12,Friday,11,Friday,2021-10-29 00:00:00+00:00,2021-11-05 00:00:00+00:00,False,,
789490f87845333a71638feaab907c91,OFFLINE,2021-10-29 11:41:09.559000+00:00,2021-10-29 12:22:35.824000+00:00,78,07B,111,10D023CEE6CC12F06C576EB33402E56B,0.028776215277777777,12,Friday,11,Friday,2021-10-29 00:00:00+00:00,2021-11-05 00:00:00+00:00,False,,
0a6119ae80f7c53add80f4c2fd4c2cbb,OFFLINE,2021-10-22 02:42:59.947000+00:00,2021-10-29 12:25:40.269000+00:00,78,300,78,D3CEA8B57F07B785543EDB2058A190CE,7.404633356481482,12,Friday,2,Friday,2021-10-29 00:00:00+00:00,2021-11-05 00:00:00+00:00,False,,
60da31aa3d1929878ee295020ec1feaf,OFFLINE,2021-10-24 09:36:21.851000+00:00,2021-10-29 12:34:35.711000+00:00,78,300,50,269CB18F9DAC7649B08410B51621225E,5.123771527777778,12,Friday,9,Sunday,2021-10-29 00:00:00+00:00,2021-11-05 00:00:00+00:00,False,,
e6359283be4ea4cfc169a344e02e9519,OFFLINE,2021-10-05 11:57:34.232000+00:00,2021-10-29 12:53:55.606000+00:00,78,07B,147,EEDD0125ADF9CD4325E56C39462533F5,24.03913627314815,12,Friday,11,Tuesday,2021-10-29 00:00:00+00:00,2021-11-05 00:00:00+00:00,False,,
a3c72d600ed2155c43c00ee0d83968d9,OFFLINE,2021-10-29 12:14:16.143000+00:00,2021-10-29 12:54:27.020000+00:00,78,07B,133,EEDD0125ADF9CD4325E56C39462533F5,0.027903668981481482,12,Friday,12,Friday,2021-10-29 00:00:00+00:00,2021-11-05 00:00:00+00:00,False,,
f5c490e9885390e6dfe88c5de3e2a540,ONLINE,2021-10-29 08:20:38.198000+00:00,2021-10-29 13:00:08.741000+00:00,78,300,50,08379264459A6EF0F8052CC20B9DD41F,0.19410350694444445,13,Friday,8,Friday,2021-10-29 00:00:00+00:00,2021-11-05 00:00:00+00:00,False,,
25b7c4dd236dd81827309dfc6808b264,OFFLINE,2021-10-21 10:36:21.519000+00:00,2021-10-29 13:02:29.419000+00:00,78,07B,113,EEDD0125ADF9CD4325E56C39462533F5,8.101480324074075,13,Friday,10,Thursday,2021-10-29 00:00:00+00:00,2021-11-05 00:00:00+00:00,False,,
2b4fa32f05818efa761cda7fe8887d8a,OFFLINE,2021-10-29 12:37:23.687000+00:00,2021-10-29 13:16:24.818000+00:00,78,300,118,7E701822D80EF10DEBEA008731637EA3,0.02709642361111111,13,Friday,12,Friday,2021-10-29 00:00:00+00:00,2021-11-05 00:00:00+00:00,False,,
30efec45811b4284978943d9203222bc,ONLINE,2021-10-29 12:44:52.615000+00:00,2021-10-29 13:31:23.326000+00:00,78,07B,163,4E8E60427140A514537C374BAA698D32,0.03229989583333333,13,Friday,12,Friday,2021-10-29 00:00:00+00:00,2021-11-05 00:00:00+00:00,False,,
9df73dc0c2ecda970f66c0cf56c5c9b7,OFFLINE,2021-10-29 12:56:17.533000+00:00,2021-10-29 13:42:39.901000+00:00,78,300,50,526A1D40F50BBB44821C0C0FDE8E16B7,0.032203333333333334,13,Friday,12,Friday,2021-10-29 00:00:00+00:00,2021-11-05 00:00:00+00:00,False,,
42e4a5b383e4eaa494ee09e8bf6a0c9b,OFFLINE,2021-10-29 07:45:22.681000+00:00,2021-10-29 13:43:10.792000+00:00,78,300,50,526A1D40F50BBB44821C0C0FDE8E16B7,0.24847350694444445,13,Friday,7,Friday,2021-10-29 00:00:00+00:00,2021-11-05 00:00:00+00:00,False,,
fe17d6a35981100fe99d4382b1327057,ONLINE,2021-10-10 12:48:37.124000+00:00,2021-10-29 13:50:21.836000+00:00,78,07B,142,4E8E60427140A514537C374BAA698D32,19.04287861111111,13,Friday,12,Sunday,2021-10-29 00:00:00+00:00,2021-11-05 00:00:00+00:00,False,,
19ad9cd7d0b28c1e9fe9a5b094f70b9b,OFFLINE,2021-10-29 13:49:49.671000+00:00,2021-10-29 14:03:32.024000+00:00,78,1EF,60,7B36B12A4C581DFCF8BF406AECA45564,0.009517974537037037,14,Friday,13,Friday,2021-10-29 00:00:00+00:00,2021-11-05 00:00:00+00:00,False,,
48631e7d6c563685051babca401e57b4,ONLINE,2021-10-29 04:43:28.768000+00:00,2021-10-29 14:05:51.649000+00:00,78,07B,198,4ECC8B694F4BB262BDD4B0A85952B71A,0.3905426041666667,14,Friday,4,Friday,2021-10-29 00:00:00+00:00,2021-11-05 00:00:00+00:00,False,,
cc74bf538d13530377e49c7bcfb0b8b6,OFFLINE,2021-10-29 02:50:20.871000+00:00,2021-10-29 14:10:27.552000+00:00,78,300,143,7E701822D80EF10DEBEA008731637EA3,0.47229954861111106,14,Friday,2,Friday,2021-10-29 00:00:00+00:00,2021-11-05 00:00:00+00:00,False,,
48541c142af3435fd7eded1cc0c0b813,ONLINE,2021-10-14 15:55:36.063000+00:00,2021-10-29 14:11:08.994000+00:00,78,07B,98,EE735FFED3A6072D13A30636E658A03A,14.927464479166668,14,Friday,15,Thursday,2021-10-29 00:00:00+00:00,2021-11-05 00:00:00+00:00,False,,
fc604291936dd4f55418e7c6a446d173,ONLINE,2021-10-29 13:59:50.034000+00:00,2021-10-29 14:23:18.711000+00:00,78,1EF,110,2C10D809ABD31810F4E95F4E500EFA7E,0.016304131944444442,14,Friday,13,Friday,2021-10-29 00:00:00+00:00,2021-11-05 00:00:00+00:00,False,,
247d113fbcff24eeeb1759214223fea9,OFFLINE,2021-10-28 16:15:56.129000+00:00,2021-10-29 14:38:09.283000+00:00,78,1EF,60,BB2033CE2FA4822C957B37DEB445B32C,0.9320966898148147,14,Friday,16,Thursday,2021-10-29 00:00:00+00:00,2021-11-05 00:00:00+00:00,False,,
68adac07fccbf7c024bad06a201e4ebd,ONLINE,2021-10-29 14:21:00.431000+00:00,2021-10-29 14:57:04.270000+00:00,78,07B,86,EEDD0125ADF9CD4325E56C39462533F5,0.02504443287037037,14,Friday,14,Friday,2021-10-29 00:00:00+00:00,2021-11-05 00:00:00+00:00,False,,
7ed93c6afae007835323aa534104c37c,OFFLINE,2021-10-21 14:55:53.171000+00:00,2021-10-29 16:04:33.174000+00:00,78,07B,50,3B56EC028568E71AF10B3360787CD0BC,8.047685219907407,16,Friday,14,Thursday,2021-10-29 00:00:00+00:00,2021-11-05 00:00:00+00:00,False,,
52d3189fe70a66d09dbab3e1a7bb30d4,OFFLINE,2021-10-24 09:58:39.299000+00:00,2021-10-29 16:18:25.746000+00:00,78,300,50,F06B3934D41B27BFBFE7028E05CC35F2,5.2637320254629625,16,Friday,9,Sunday,2021-10-29 00:00:00+00:00,2021-11-05 00:00:00+00:00,False,,
d4b7773d0fa26142a0310f5efcb8be85,OFFLINE,2021-10-29 15:59:58.236000+00:00,2021-10-29 16:23:27.418000+00:00,78,300,59,09B36CB8AB7325477B80E99BE8FB2D02,0.016309976851851853,16,Friday,15,Friday,2021-10-29 00:00:00+00:00,2021-11-05 00:00:00+00:00,False,,
5d9e1e1add0882e2d2d80bf4a1b2ef0a,ONLINE,2021-10-28 21:57:22.456000+00:00,2021-10-29 16:38:44.785000+00:00,78,07B,102,EEDD0125ADF9CD4325E56C39462533F5,0.7787306597222222,16,Friday,21,Thursday,2021-10-29 00:00:00+00:00,2021-11-05 00:00:00+00:00,False,,
37d4afc700d521e9cba99bfd4bdf27c8,ONLINE,2021-10-26 12:50:43.827000+00:00,2021-10-29 16:48:26.509000+00:00,78,300,50,A85A33858C7BB0DCE962E99B2E79BBC4,3.1650773379629626,16,Friday,12,Tuesday,2021-10-29 00:00:00+00:00,2021-11-05 00:00:00+00:00,False,,
72bf7513deaa404ef3eb86733cc1c3ab,OFFLINE,2021-10-29 15:52:05.722000+00:00,2021-10-29 19:04:40.728000+00:00,78,300,50,C0DD698BE0C1EA71FA3045950BEEC64B,0.13373849537037036,19,Friday,15,Friday,2021-10-29 00:00:00+00:00,2021-11-05 00:00:00+00:00,False,,
181fe0d51a5eb06c80fc46ac59ec5f51,OFFLINE,2021-10-29 16:18:31.884000+00:00,2021-10-29 19:05:06.960000+00:00,78,300,50,C0DD698BE0C1EA71FA3045950BEEC64B,0.11568374999999999,19,Friday,16,Friday,2021-10-29 00:00:00+00:00,2021-11-05 00:00:00+00:00,False,,
eae4a4683d47e3e7cf2e05b080fc32e7,OFFLINE,2021-10-29 16:22:31.393000+00:00,2021-10-29 19:05:25.236000+00:00,78,300,50,C0DD698BE0C1EA71FA3045950BEEC64B,0.11312318287037038,19,Friday,16,Friday,2021-10-29 00:00:00+00:00,2021-11-05 00:00:00+00:00,False,,
