customer_id,acquired_by,acquired_date,first_purchase_time,product_code,parent_region_id,first_purchase_amount,child_region_id,days_to_first_purchase,purchase_hour,purchase_weekday,acquisition_hour,acquisition_weekday,first_purchase_date,followup_end,label_available,future_return_days,sticky_target
59e72d7b09073db4b5b8fe0b3ffd6a34,OFFLINE,2021-01-27 11:09:13.391000+00:00,2021-02-10 02:30:00+00:00,78,1EF,83,740CB1CA2BD83B3276B092195A6EB883,13.639428344907406,2,Wednesday,11,Wednesday,2021-02-10 00:00:00+00:00,2021-02-17 00:00:00+00:00,True,0,0
0acd250a63e4c252d301a87d954defb0,OFFLINE,2021-02-08 11:25:32.346000+00:00,2021-02-10 08:13:00+00:00,78,1EF,60,08A9B54E00545ECCD369B8E5D2692E9F,1.8662922916666669,8,Wednesday,11,Monday,2021-02-10 00:00:00+00:00,2021-02-17 00:00:00+00:00,True,0,0
1b266bec0be91997a9b7ca9ca1a1a143,OFFLINE,2021-01-16 08:33:03.642000+00:00,2021-02-10 10:08:00+00:00,78,300,96,C0DD698BE0C1EA71FA3045950BEEC64B,25.065930069444445,10,Wednesday,8,Saturday,2021-02-10 00:00:00+00:00,2021-02-17 00:00:00+00:00,True,0,0
fea369eafbabdae8e82be476ca2bb117,OFFLINE,2021-01-20 17:21:13.153000+00:00,2021-02-10 10:31:00+00:00,88,07B,80,EE735FFED3A6072D13A30636E658A03A,20.715125543981483,10,Wednesday,17,Wednesday,2021-02-10 00:00:00+00:00,2021-02-17 00:00:00+00:00,True,0,0
6b01156e909e9a0b157c08554cd6a35e,ONLINE,2021-01-31 05:55:03.827000+00:00,2021-02-10 10:40:00+00:00,78,07B,138,294B021232C509826A57AC3136B8ABDD,10.197872372685184,10,Wednesday,5,Sunday,2021-02-10 00:00:00+00:00,2021-02-17 00:00:00+00:00,True,0,0
34e39d949a856604bc8f2bc2a0e7358e,OFFLINE,2021-02-03 12:44:07.745000+00:00,2021-02-10 11:21:00+00:00,78,07B,99,294B021232C509826A57AC3136B8ABDD,6.942271469907407,11,Wednesday,12,Wednesday,2021-02-10 00:00:00+00:00,2021-02-17 00:00:00+00:00,True,0,0
265a0586b62d7f48dddff75781ae5779,OFFLINE,2021-01-31 11:04:00.518000+00:00,2021-02-10 12:33:00+00:00,78,1EF,97,38BB76CCFDD8129EF62B3AF5480605C7,10.061799560185184,12,Wednesday,11,Sunday,2021-02-10 00:00:00+00:00,2021-02-17 00:00:00+00:00,True,0,0
22b5d5708001e7f461e64b8d2d43303c,OFFLINE,2021-01-21 12:28:18.151000+00:00,2021-02-10 16:21:00+00:00,78,300,94,364A975FE43F5678164266B2B0E8A237,20.161595474537037,16,Wednesday,12,Thursday,2021-02-10 00:00:00+00:00,2021-02-17 00:00:00+00:00,True,0,0
f83ed149429d6a1b6b972197ab0c5877,OFFLINE,2021-02-02 16:03:52.929000+00:00,2021-03-10 02:56:00+00:00,78,07B,130,4E8E60427140A514537C374BAA698D32,35.452859618055555,2,Wednesday,16,Tuesday,2021-03-10 00:00:00+00:00,2021-03-17 00:00:00+00:00,True,0,0
90c9369b9373a8264ef30ead88766ef3,OFFLINE,2021-02-08 19:37:21.527000+00:00,2021-03-10 07:59:00+00:00,78,300,73,F0C8A9D19009F1B76367ED6CFD4FA580,29.515028622685186,7,Wednesday,19,Monday,2021-03-10 00:00:00+00:00,2021-03-17 00:00:00+00:00,True,0,0
5d89e031540ce9d66d7a92423d3a939d,OFFLINE,2021-01-22 11:43:54.441000+00:00,2021-03-10 09:21:00+00:00,78,1EF,82,1162FF15A2450469905B590D62F7746E,46.90075878472222,9,Wednesday,11,Friday,2021-03-10 00:00:00+00:00,2021-03-17 00:00:00+00:00,True,0,0
d43a06ab36e239fdc54646f511aab0a4,OFFLINE,2021-01-11 10:13:02.666000+00:00,2021-03-10 09:49:00+00:00,78,07B,123,10D023CEE6CC12F06C576EB33402E56B,57.98330247685185,9,Wednesday,10,Monday,2021-03-10 00:00:00+00:00,2021-03-17 00:00:00+00:00,True,0,0
84760b9958a7a0a98bc36f8a05dc0f34,ONLINE,2021-01-16 09:49:18.623000+00:00,2021-03-10 10:22:00+00:00,78,07B,154,3B56EC028568E71AF10B3360787CD0BC,53.02270112268519,10,Wednesday,9,Saturday,2021-03-10 00:00:00+00:00,2021-03-17 00:00:00+00:00,True,0,0
e1bb07cac090c7994f268605d179c54a,OFFLINE,2021-03-05 13:55:46.151000+00:00,2021-03-10 10:27:00+00:00,78,1EF,146,F23ABF889C244499ACA33B5CE1A7C848,4.855021400462963,10,Wednesday,13,Friday,2021-03-10 00:00:00+00:00,2021-03-17 00:00:00+00:00,True,0,0
9e0141668ffbf2cf15e35753e64d8971,OFFLINE,2021-01-16 11:12:02.241000+00:00,2021-03-10 11:09:00+00:00,78,07B,132,4E8E60427140A514537C374BAA698D32,52.99789072916666,11,Wednesday,11,Saturday,2021-03-10 00:00:00+00:00,2021-03-17 00:00:00+00:00,True,0,0
af10127a30c293e696e5cfd35cd6cc50,ONLINE,2021-01-31 15:01:30.080000+00:00,2021-03-10 12:13:00+00:00,78,07B,121,2D9F8B5DDB0A7BD6F060DBAA34EC0CFF,37.882985185185184,12,Wednesday,15,Sunday,2021-03-10 00:00:00+00:00,2021-03-17 00:00:00+00:00,True,0,0
1ad0f680bf27ce686bc526a1662b22af,OFFLINE,2021-02-04 16:25:38.464000+00:00,2021-03-10 15:19:00+00:00,78,1EF,97,2C10D809ABD31810F4E95F4E500EFA7E,33.95372148148148,15,Wednesday,16,Thursday,2021-03-10 00:00:00+00:00,2021-03-17 00:00:00+00:00,True,0,0
0cba33592a0883f64e63bb8b8e18cdbc,OFFLINE,2021-02-16 15:59:07.290000+00:00,2021-03-10 17:52:00+00:00,78,1EF,200,7B36B12A4C581DFCF8BF406AECA45564,22.07838784722222,17,Wednesday,15,Tuesday,2021-03-10 00:00:00+00:00,2021-03-17 00:00:00+00:00,True,0,0
d6dd4d0cd057ad088df455dc771d10e1,ONLINE,2021-03-08 08:23:42.239000+00:00,2021-03-10 18:17:00+00:00,78,07B,80,4E8E60427140A514537C374BAA698D32,2.4120111226851852,18,Wednesday,8,Monday,2021-03-10 00:00:00+00:00,2021-03-17 00:00:00+00:00,True,0,0
26d18027660dba4399ed57c00c8ff5c5,OFFLINE,2021-03-01 04:35:32.070000+00:00,2021-04-10 02:50:00+00:00,78,1EF,70,BB2033CE2FA4822C957B37DEB445B32C,39.92671215277778,2,Saturday,4,Monday,2021-04-10 00:00:00+00:00,2021-04-17 00:00:00+00:00,True,0,0
b0ee202033929d4bcde78598e42ee3f2,OFFLINE,2021-01-19 12:54:23.188000+00:00,2021-04-10 03:10:00+00:00,78,07B,105,3B56EC028568E71AF10B3360787CD0BC,80.59417606481482,3,Saturday,12,Tuesday,2021-04-10 00:00:00+00:00,2021-04-17 00:00:00+00:00,True,0,0
ada7ebe46a65fbe7e8d263ccf8058662,OFFLINE,2021-03-06 03:24:47.068000+00:00,2021-04-10 03:21:00+00:00,78,07B,111,4E8E60427140A514537C374BAA698D32,34.997371898148145,3,Saturday,3,Saturday,2021-04-10 00:00:00+00:00,2021-04-17 00:00:00+00:00,True,0,0
0c2659bf544b8a0f332c00c8d50cd54b,OFFLINE,2021-03-19 15:02:42.969000+00:00,2021-04-10 03:34:00+00:00,78,300,185,09B36CB8AB7325477B80E99BE8FB2D02,21.521724895833334,3,Saturday,15,Friday,2021-04-10 00:00:00+00:00,2021-04-17 00:00:00+00:00,True,0,0
aa77977037bd0f41e6437364da1f98f4,ONLINE,2021-02-16 19:12:37.243000+00:00,2021-04-10 04:01:00+00:00,78,07B,82,4E8E60427140A514537C374BAA698D32,52.36693005787037,4,Saturday,19,Tuesday,2021-04-10 00:00:00+00:00,2021-04-17 00:00:00+00:00,True,0,0
2368490bf29d0b35dcb3223edb3d1b8c,ONLINE,2021-03-19 11:43:43.780000+00:00,2021-04-10 04:20:00+00:00,78,07B,122,EE735FFED3A6072D13A30636E658A03A,21.69185439814815,4,Saturday,11,Friday,2021-04-10 00:00:00+00:00,2021-04-17 00:00:00+00:00,True,0,0
a8bebb0cc0f68397e1d241cf65e210b4,ONLINE,2021-03-07 01:13:46.944000+00:00,2021-04-10 04:25:00+00:00,78,300,287,56C3843EA0BAA7B2438B58CFC2BBD0FF,34.13279,4,Saturday,1,Sunday,2021-04-10 00:00:00+00:00,2021-04-17 00:00:00+00:00,True,0,0
17da390ba98d68c92982ba7e2cc253ab,OFFLINE,2021-01-13 05:59:31.048000+00:00,2021-04-10 04:30:00+00:00,78,07B,188,9FFABDFED33FB837D72433191B5668D5,86.9378350925926,4,Saturday,5,Wednesday,2021-04-10 00:00:00+00:00,2021-04-17 00:00:00+00:00,True,0,0
6c72d24cadac97179cbe90a7b817f410,ONLINE,2021-01-19 04:20:07.730000+00:00,2021-04-10 04:36:00+00:00,78,1EF,115,195FD095D9D7F47943113AF2CBCF9A75,81.01102164351852,4,Saturday,4,Tuesday,2021-04-10 00:00:00+00:00,2021-04-17 00:00:00+00:00,True,0,0
e5642ab3ff94acf92bdaf0e8a8ad1d7f,OFFLINE,2021-02-28 08:29:33.872000+00:00,2021-04-10 04:36:00+00:00,78,07B,67,2CF9D19CE125793D17A0B4C371AB7AFD,40.83780240740741,4,Saturday,8,Sunday,2021-04-10 00:00:00+00:00,2021-04-17 00:00:00+00:00,True,0,0
6456945af8fb390df1e92da06a5580d1,OFFLINE,2021-01-31 12:34:39.998000+00:00,2021-04-10 05:01:00+00:00,78,300,182,7E701822D80EF10DEBEA008731637EA3,68.68495372685186,5,Saturday,12,Sunday,2021-04-10 00:00:00+00:00,2021-04-17 00:00:00+00:00,True,0,0
29707e1b3482738a6767fbc2f4d93dd5,ONLINE,2021-02-14 06:52:37.181000+00:00,2021-04-10 05:16:00+00:00,78,07B,77,B0B076A3064F0AEA0A2AAC679ECE5F62,54.93290299768519,5,Saturday,6,Sunday,2021-04-10 00:00:00+00:00,2021-04-17 00:00:00+00:00,True,0,0
9f5d825342f5cbde874e692387c6a79f,OFFLINE,2021-03-31 16:47:33.574000+00:00,2021-04-10 05:50:00+00:00,78,1EF,77,740CB1CA2BD83B3276B092195A6EB883,9.543361412037036,5,Saturday,16,Wednesday,2021-04-10 00:00:00+00:00,2021-04-17 00:00:00+00:00,True,0,0
49ab7cfcfc195f1f9c5c108582380115,ONLINE,2021-03-02 12:25:08.222000+00:00,2021-04-10 06:18:00+00:00,79,1EF,51,1162FF15A2450469905B590D62F7746E,38.745043726851854,6,Saturday,12,Tuesday,2021-04-10 00:00:00+00:00,2021-04-17 00:00:00+00:00,True,0,0
52afdcf099a7433297bc1bbeeb94584b,OFFLINE,2021-02-17 04:51:08.367000+00:00,2021-04-10 06:30:00+00:00,78,300,50,C0DD698BE0C1EA71FA3045950BEEC64B,52.068653159722224,6,Saturday,4,Wednesday,2021-04-10 00:00:00+00:00,2021-04-17 00:00:00+00:00,True,0,0
c5c7a1f62742de8ee66e1629134f3275,ONLINE,2021-02-17 02:14:56.035000+00:00,2021-04-10 07:20:00+00:00,78,07B,139,4E8E60427140A514537C374BAA698D32,52.211851446759255,7,Saturday,2,Wednesday,2021-04-10 00:00:00+00:00,2021-04-17 00:00:00+00:00,True,0,0
554763711b1fd0aa92624883100daf88,ONLINE,2021-03-16 14:05:08.798000+00:00,2021-04-10 08:30:00+00:00,78,07B,75,9F9E66046BADAE5ABE94708CED879416,24.76725928240741,8,Saturday,14,Tuesday,2021-04-10 00:00:00+00:00,2021-04-17 00:00:00+00:00,True,0,0
a7d9a076f47f2d53193217f25ba96310,OFFLINE,2021-02-06 10:43:03.448000+00:00,2021-04-10 09:15:00+00:00,78,300,171,E56AE16934A0D29EBF24915402A7E5ED,62.938848981481485,9,Saturday,10,Saturday,2021-04-10 00:00:00+00:00,2021-04-17 00:00:00+00:00,True,0,0
a7190a2beca51c148359ac9e222a994f,OFFLINE,2021-04-08 09:06:38.383000+00:00,2021-04-10 09:43:00+00:00,78,1EF,104,740CB1CA2BD83B3276B092195A6EB883,2.0252501967592593,9,Saturday,9,Thursday,2021-04-10 00:00:00+00:00,2021-04-17 00:00:00+00:00,True,0,0
1557f3bc7628cb950d971d9e4e8ce247,OFFLINE,2021-03-17 07:07:05.741000+00:00,2021-04-10 10:08:00+00:00,78,07B,96,3B56EC028568E71AF10B3360787CD0BC,24.125627997685186,10,Saturday,7,Wednesday,2021-04-10 00:00:00+00:00,2021-04-17 00:00:00+00:00,True,0,0
cdc160b1c747a1a5f5fe4d4fdc12cd0c,OFFLINE,2021-04-04 11:21:58.619000+00:00,2021-04-10 10:47:00+00:00,78,1EF,60,4DF70D744AB4B2076706A37F1EBAC6B9,5.975710428240741,10,Saturday,11,Sunday,2021-04-10 00:00:00+00:00,2021-04-17 00:00:00+00:00,True,0,0
85f5ca59d09aa11e3f402c5ffd69ab5d,OFFLINE,2021-01-22 14:42:51.685000+00:00,2021-04-10 10:51:00+00:00,78,07B,173,294B021232C509826A57AC3136B8ABDD,77.83898512731481,10,Saturday,14,Friday,2021-04-10 00:00:00+00:00,2021-04-17 00:00:00+00:00,True,0,0
636cd039b7fba1c175b56ae49a0922dd,OFFLINE,2021-03-31 10:43:21.913000+00:00,2021-04-10 12:41:00+00:00,78,07B,50,EEDD0125ADF9CD4325E56C39462533F5,10.08169082175926,12,Saturday,10,Wednesday,2021-04-10 00:00:00+00:00,2021-04-17 00:00:00+00:00,True,0,0
f828b7861d899218e7a238090a58c7cf,ONLINE,2021-02-03 18:34:05.213000+00:00,2021-04-10 12:46:00+00:00,78,07B,125,9FFABDFED33FB837D72433191B5668D5,65.75827299768518,12,Saturday,18,Wednesday,2021-04-10 00:00:00+00:00,2021-04-17 00:00:00+00:00,True,0,0
fed70a4e7f8e593651402a28b7e9bf0e,OFFLINE,2021-03-17 18:38:22.941000+00:00,2021-04-10 12:49:00+00:00,78,1EF,85,2C10D809ABD31810F4E95F4E500EFA7E,23.757373368055553,12,Saturday,18,Wednesday,2021-04-10 00:00:00+00:00,2021-04-17 00:00:00+00:00,True,0,0
ca4241ddc33ec1096c3506743e5f53df,OFFLINE,2021-01-21 12:16:04.379000+00:00,2021-04-10 13:00:00+00:00,78,1EF,134,F6AD024DDBE30DC433E2D9BE8AB5CBDC,79.03050487268519,13,Saturday,12,Thursday,2021-04-10 00:00:00+00:00,2021-04-17 00:00:00+00:00,True,0,0
d25baa39664fe0dc537acd92fb51b407,OFFLINE,2021-01-18 12:51:03.849000+00:00,2021-04-10 13:30:00+00:00,78,07B,105,EE735FFED3A6072D13A30636E658A03A,82.02703878472222,13,Saturday,12,Monday,2021-04-10 00:00:00+00:00,2021-04-17 00:00:00+00:00,True,0,0
0ac389f95a98282b51f54da2210ac3b1,OFFLINE,2021-01-27 16:24:59.440000+00:00,2021-04-10 14:49:00+00:00,78,300,135,A85A33858C7BB0DCE962E99B2E79BBC4,72.93333981481481,14,Saturday,16,Wednesday,2021-04-10 00:00:00+00:00,2021-04-17 00:00:00+00:00,True,0,0
13e221921a28e3237549b32f957d4757,OFFLINE,2021-01-22 11:46:59.146000+00:00,2021-04-10 15:40:00+00:00,90,07B,86,3B56EC028568E71AF10B3360787CD0BC,78.16181543981482,15,Saturday,11,Friday,2021-04-10 00:00:00+00:00,2021-04-17 00:00:00+00:00,True,0,0
b11b3fdb1424332ea5bb24e7fb9298b7,ONLINE,2021-04-07 13:09:11.449000+00:00,2021-04-10 16:01:00+00:00,78,1EF,200,1162FF15A2450469905B590D62F7746E,3.11931193287037,16,Saturday,13,Wednesday,2021-04-10 00:00:00+00:00,2021-04-17 00:00:00+00:00,True,0,0
6dcc1439e0b2c505ffb5f747b9e1b216,OFFLINE,2021-04-07 15:49:45.929000+00:00,2021-04-10 16:17:00+00:00,78,07B,151,4ECC8B694F4BB262BDD4B0A85952B71A,3.018912858796296,16,Saturday,15,Wednesday,2021-04-10 00:00:00+00:00,2021-04-17 00:00:00+00:00,True,0,0
b222acc28cd2aa20d7ca8ac8d164b29c,OFFLINE,2021-01-18 12:42:57.685000+00:00,2021-04-10 17:00:00+00:00,78,1EF,169,49CA01E7044CB3B65F99673C9C074D16,82.1784990162037,17,Saturday,12,Monday,2021-04-10 00:00:00+00:00,2021-04-17 00:00:00+00:00,True,0,0
a4d4058a87e7faa7b827d92b52450cdf,ONLINE,2021-02-03 16:47:53.998000+00:00,2021-04-10 17:16:00+00:00,78,07B,61,EEDD0125ADF9CD4325E56C39462533F5,66.01951391203704,17,Saturday,16,Wednesday,2021-04-10 00:00:00+00:00,2021-04-17 00:00:00+00:00,True,0,0
57cd8a99b7f8f320ee684252f2f915b0,OFFLINE,2021-01-14 08:27:16.832000+00:00,2021-04-10 17:22:00+00:00,78,300,50,526A1D40F50BBB44821C0C0FDE8E16B7,86.37133296296295,17,Saturday,8,Thursday,2021-04-10 00:00:00+00:00,2021-04-17 00:00:00+00:00,True,0,0
2c62d68abb56b8351edc3a480b85382e,OFFLINE,2021-03-20 04:50:04.320000+00:00,2021-04-10 17:46:00+00:00,78,1EF,188,65BDDE34D53F6A348B44541DD0852538,21.53883888888889,17,Saturday,4,Saturday,2021-04-10 00:00:00+00:00,2021-04-17 00:00:00+00:00,True,0,0
95f4e9eafc11ed915e2a8a1f2453f048,ONLINE,2021-02-11 18:07:19.246000+00:00,2021-04-10 18:12:00+00:00,78,07B,176,4E8E60427140A514537C374BAA698D32,58.00324946759259,18,Saturday,18,Thursday,2021-04-10 00:00:00+00:00,2021-04-17 00:00:00+00:00,True,0,0
ca79e201005ec2f54b38f04d997f37be,OFFLINE,2021-02-25 15:29:14.459000+00:00,2021-04-10 18:55:00+00:00,78,300,97,C0DD698BE0C1EA71FA3045950BEEC64B,44.14288820601852,18,Saturday,15,Thursday,2021-04-10 00:00:00+00:00,2021-04-17 00:00:00+00:00,True,0,0
b838a7d0246e313458a58e639abd69fb,OFFLINE,2021-01-16 11:00:44.103000+00:00,2021-04-10 19:18:00+00:00,78,07B,144,C142F51706DA139EC3DCAA250682C61A,84.34532288194444,19,Saturday,11,Saturday,2021-04-10 00:00:00+00:00,2021-04-17 00:00:00+00:00,True,0,0
90ff85c7f8de68daa1589503a8257b40,OFFLINE,2021-03-29 20:55:17.105000+00:00,2021-05-10 00:28:00+00:00,78,300,103,E56AE16934A0D29EBF24915402A7E5ED,41.14771869212963,0,Monday,20,Monday,2021-05-10 00:00:00+00:00,2021-05-17 00:00:00+00:00,True,0,0
2769e948d40d85b6b949d19e43f36e92,OFFLINE,2021-01-18 07:56:45.859000+00:00,2021-05-10 02:51:00+00:00,78,1EF,152,FF6F2DDF8AB23F3461E39CE6531C7EAB,111.7876636689815,2,Monday,7,Monday,2021-05-10 00:00:00+00:00,2021-05-17 00:00:00+00:00,True,0,0
17551d04d4166d76d56179ccf040f301,OFFLINE,2021-02-22 08:09:16.701000+00:00,2021-05-10 02:56:00+00:00,78,07B,93,C142F51706DA139EC3DCAA250682C61A,76.78244559027777,2,Monday,8,Monday,2021-05-10 00:00:00+00:00,2021-05-17 00:00:00+00:00,True,0,0
6bff500adb17ec51b51a1ab2c0fe3ece,OFFLINE,2021-04-16 12:04:45.820000+00:00,2021-05-10 02:59:00+00:00,78,1EF,103,740CB1CA2BD83B3276B092195A6EB883,23.6209974537037,2,Monday,12,Friday,2021-05-10 00:00:00+00:00,2021-05-17 00:00:00+00:00,True,0,0
14d421edb50adb42fa87b750f11e3635,OFFLINE,2021-02-28 15:47:12.240000+00:00,2021-05-10 02:59:00+00:00,78,07B,104,EE735FFED3A6072D13A30636E658A03A,70.466525,2,Monday,15,Sunday,2021-05-10 00:00:00+00:00,2021-05-17 00:00:00+00:00,True,0,0
cc5860fedb740c659d7716fe97ab15f7,OFFLINE,2021-03-29 13:10:00.510000+00:00,2021-05-10 03:49:00+00:00,78,300,231,4FB52D1F31461850C15CC1C15A02931B,41.61041076388889,3,Monday,13,Monday,2021-05-10 00:00:00+00:00,2021-05-17 00:00:00+00:00,True,0,0
7e37dad3cfb9423e29117e2701e28a23,OFFLINE,2021-03-14 11:41:53.189000+00:00,2021-05-10 03:51:00+00:00,78,1EF,86,740CB1CA2BD83B3276B092195A6EB883,56.672995497685186,3,Monday,11,Sunday,2021-05-10 00:00:00+00:00,2021-05-17 00:00:00+00:00,True,0,0
388a1f1595abfd41c5c94a9c0e22e341,ONLINE,2021-01-26 15:58:21.064000+00:00,2021-05-10 04:51:00+00:00,78,1EF,137,FF6F2DDF8AB23F3461E39CE6531C7EAB,103.53656175925927,4,Monday,15,Tuesday,2021-05-10 00:00:00+00:00,2021-05-17 00:00:00+00:00,True,0,0
3cb141399a212a2dc71436202f612947,OFFLINE,2021-01-27 13:24:59.482000+00:00,2021-05-10 04:52:00+00:00,78,300,50,526A1D40F50BBB44821C0C0FDE8E16B7,102.64375599537036,4,Monday,13,Wednesday,2021-05-10 00:00:00+00:00,2021-05-17 00:00:00+00:00,True,0,0
fac875365e5f35990394347f62b09d8b,OFFLINE,2021-02-02 08:47:16.011000+00:00,2021-05-10 04:53:00+00:00,78,1EF,234,D5CECB3D35FF9FEF0E46207CFE4A5F29,96.8373146875,4,Monday,8,Tuesday,2021-05-10 00:00:00+00:00,2021-05-17 00:00:00+00:00,True,0,0
8734e48c1dc5c533a58906975fa60eaa,OFFLINE,2021-04-15 05:14:28.906000+00:00,2021-05-10 05:00:00+00:00,78,1EF,112,96C3C752FA22E3A6918ADE4F355D3F8D,24.989943217592593,5,Monday,5,Thursday,2021-05-10 00:00:00+00:00,2021-05-17 00:00:00+00:00,True,0,0
546b294396b0778b8fff74c72ab89ced,OFFLINE,2021-02-18 11:04:16.314000+00:00,2021-05-10 05:51:00+00:00,78,1EF,143,5CD6463B9C20BA10DA25A431F2D844A6,80.78245006944444,5,Monday,11,Thursday,2021-05-10 00:00:00+00:00,2021-05-17 00:00:00+00:00,True,0,0
ce8394811bc03c4ebe35b2443e55d997,OFFLINE,2021-02-17 06:05:32.994000+00:00,2021-05-10 06:13:00+00:00,78,07B,95,10D023CEE6CC12F06C576EB33402E56B,82.00517368055556,6,Monday,6,Wednesday,2021-05-10 00:00:00+00:00,2021-05-17 00:00:00+00:00,True,0,0
0153e0f583a980c6304f03ff7104df33,ONLINE,2021-03-02 05:32:15.154000+00:00,2021-05-10 06:43:00+00:00,78,07B,160,EE735FFED3A6072D13A30636E658A03A,69.04913016203703,6,Monday,5,Tuesday,2021-05-10 00:00:00+00:00,2021-05-17 00:00:00+00:00,True,0,0
011756b4164737ddce4fe6bca049a889,OFFLINE,2021-02-18 09:12:05.977000+00:00,2021-05-10 06:51:00+00:00,78,07B,89,4E8E60427140A514537C374BAA698D32,80.90201415509259,6,Monday,9,Thursday,2021-05-10 00:00:00+00:00,2021-05-17 00:00:00+00:00,True,0,0
d69c1e6dda017f0e487075f534425695,OFFLINE,2021-04-11 13:10:43.066000+00:00,2021-05-10 07:20:00+00:00,78,07B,73,4ECC8B694F4BB262BDD4B0A85952B71A,28.75644599537037,7,Monday,13,Sunday,2021-05-10 00:00:00+00:00,2021-05-17 00:00:00+00:00,True,0,0
5af4597731b17afce8c2dadd1a9852ba,OFFLINE,2021-03-01 09:50:08.075000+00:00,2021-05-10 07:28:00+00:00,78,300,121,A85A33858C7BB0DCE962E99B2E79BBC4,69.90129542824074,7,Monday,9,Monday,2021-05-10 00:00:00+00:00,2021-05-17 00:00:00+00:00,True,0,0
7a71380696fd00c521a1218ea770f691,OFFLINE,2021-01-31 19:43:47.277000+00:00,2021-05-10 07:51:00+00:00,78,07B,103,EEDD0125ADF9CD4325E56C39462533F5,98.50500836805554,7,Monday,19,Sunday,2021-05-10 00:00:00+00:00,2021-05-17 00:00:00+00:00,True,0,0
2c560a7fb30497265f69ed76b4440520,OFFLINE,2021-02-03 06:52:36.504000+00:00,2021-05-10 09:31:00+00:00,78,07B,124,EEDD0125ADF9CD4325E56C39462533F5,96.10999416666667,9,Monday,6,Wednesday,2021-05-10 00:00:00+00:00,2021-05-17 00:00:00+00:00,True,0,0
929e2350df9c741316ceb552f5a8b8a7,ONLINE,2021-05-06 14:47:27.259000+00:00,2021-05-10 09:37:00+00:00,78,1EF,160,38BB76CCFDD8129EF62B3AF5480605C7,3.7844067245370367,9,Monday,14,Thursday,2021-05-10 00:00:00+00:00,2021-05-17 00:00:00+00:00,True,0,0
bf399c25580700910fdc202b04f466f3,OFFLINE,2021-02-01 17:24:09.196000+00:00,2021-05-10 10:00:00+00:00,78,300,130,E2F9517E4B924224FB308023E6149775,97.69156023148147,10,Monday,17,Monday,2021-05-10 00:00:00+00:00,2021-05-17 00:00:00+00:00,True,0,0
f6b0bef310515fe99bcd760518261548,OFFLINE,2021-01-16 10:44:57.790000+00:00,2021-05-10 10:00:00+00:00,76,07B,207,4E8E60427140A514537C374BAA698D32,113.96877557870371,10,Monday,10,Saturday,2021-05-10 00:00:00+00:00,2021-05-17 00:00:00+00:00,True,0,0
23aa9587b226661e6a071adfe7f26ddd,OFFLINE,2021-01-18 06:52:31.708000+00:00,2021-05-10 12:02:00+00:00,78,1EF,76,38BB76CCFDD8129EF62B3AF5480605C7,112.21491078703703,12,Monday,6,Monday,2021-05-10 00:00:00+00:00,2021-05-17 00:00:00+00:00,True,0,0
ff7b3ab097ef296ca05b7f34fba84f5c,OFFLINE,2021-01-15 21:19:58.865000+00:00,2021-05-10 12:04:00+00:00,78,07B,50,10D023CEE6CC12F06C576EB33402E56B,114.61390202546296,12,Monday,21,Friday,2021-05-10 00:00:00+00:00,2021-05-17 00:00:00+00:00,True,0,0
1fa3b62daf8ca8afd127a13193e341b5,OFFLINE,2021-02-26 10:41:38.353000+00:00,2021-05-10 12:09:00+00:00,78,300,180,09B36CB8AB7325477B80E99BE8FB2D02,73.06066721064815,12,Monday,10,Friday,2021-05-10 00:00:00+00:00,2021-05-17 00:00:00+00:00,True,0,0
00db7165226fbeb57017863cf793cadd,OFFLINE,2021-02-23 07:02:47.641000+00:00,2021-05-10 12:10:00+00:00,78,1EF,60,195FD095D9D7F47943113AF2CBCF9A75,76.21333748842592,12,Monday,7,Tuesday,2021-05-10 00:00:00+00:00,2021-05-17 00:00:00+00:00,True,0,0
95445be0a27f29712c37ddaea8f256c0,OFFLINE,2021-02-05 17:20:02.445000+00:00,2021-05-10 12:51:00+00:00,78,1EF,68,38BB76CCFDD8129EF62B3AF5480605C7,93.81316614583334,12,Monday,17,Friday,2021-05-10 00:00:00+00:00,2021-05-17 00:00:00+00:00,True,0,0
75c7a523c6bce78060cbb64d78f705ce,OFFLINE,2021-05-08 10:25:18.058000+00:00,2021-05-10 13:29:00+00:00,78,07B,94,EE735FFED3A6072D13A30636E658A03A,2.1275687731481483,13,Monday,10,Saturday,2021-05-10 00:00:00+00:00,2021-05-17 00:00:00+00:00,True,0,0
9cff4279c63349484d3bc9748464a579,OFFLINE,2021-05-08 07:34:23.434000+00:00,2021-05-10 14:18:00+00:00,78,1EF,179,A00AF20362FBDDE9E3869D787E4693AF,2.280284328703704,14,Monday,7,Saturday,2021-05-10 00:00:00+00:00,2021-05-17 00:00:00+00:00,True,0,0
f483832b69162ffd928311038a604de8,ONLINE,2021-03-07 07:51:29.022000+00:00,2021-05-10 14:35:00+00:00,78,300,78,269CB18F9DAC7649B08410B51621225E,64.28021965277777,14,Monday,7,Sunday,2021-05-10 00:00:00+00:00,2021-05-17 00:00:00+00:00,True,0,0
a6e6d599d6a768a84c9280062fd9cd6d,OFFLINE,2021-02-17 19:25:00.958000+00:00,2021-05-10 14:37:00+00:00,78,07B,137,2CF9D19CE125793D17A0B4C371AB7AFD,81.79998891203704,14,Monday,19,Wednesday,2021-05-10 00:00:00+00:00,2021-05-17 00:00:00+00:00,True,0,0
2b6c4d43cb3c671f64876c8c4180cf25,OFFLINE,2021-01-30 18:11:09.904000+00:00,2021-05-10 15:58:00+00:00,78,07B,205,4E8E60427140A514537C374BAA698D32,99.90752425925928,15,Monday,18,Saturday,2021-05-10 00:00:00+00:00,2021-05-17 00:00:00+00:00,True,0,0
42aadbcded365a16a21c6d9492c817c0,OFFLINE,2021-03-26 13:14:51.828000+00:00,2021-05-10 16:53:00+00:00,78,300,89,0172D49A6C50EA5A9E5C243FEBA0B377,45.15148347222222,16,Monday,13,Friday,2021-05-10 00:00:00+00:00,2021-05-17 00:00:00+00:00,True,0,0
b5034087674f9698cc38bbbda43b1c3b,OFFLINE,2021-03-13 08:58:02.086000+00:00,2021-05-10 17:57:00+00:00,78,07B,113,294B021232C509826A57AC3136B8ABDD,58.374281412037035,17,Monday,8,Saturday,2021-05-10 00:00:00+00:00,2021-05-17 00:00:00+00:00,True,0,0
0c370914bc14b61231ba1acde9d924db,OFFLINE,2021-02-26 11:52:58.259000+00:00,2021-05-10 18:35:00+00:00,78,1EF,85,7B36B12A4C581DFCF8BF406AECA45564,73.27918681712963,18,Monday,11,Friday,2021-05-10 00:00:00+00:00,2021-05-17 00:00:00+00:00,True,0,0
065b89cc599ce015b04393f0e3fef03b,OFFLINE,2021-03-10 13:15:13.480000+00:00,2021-05-10 20:17:00+00:00,78,1EF,136,4DF70D744AB4B2076706A37F1EBAC6B9,61.29289953703703,20,Monday,13,Wednesday,2021-05-10 00:00:00+00:00,2021-05-17 00:00:00+00:00,True,0,0
ba1b199dd3170aa845ebcc9e987180e8,OFFLINE,2021-04-24 15:21:21.877000+00:00,2021-05-10 21:52:00+00:00,78,300,50,08379264459A6EF0F8052CC20B9DD41F,16.271274571759257,21,Monday,15,Saturday,2021-05-10 00:00:00+00:00,2021-05-17 00:00:00+00:00,True,0,0
551d6431af45ada6a2f0ebe6a697ac16,OFFLINE,2021-05-22 14:12:48.408000+00:00,2021-06-10 02:25:00+00:00,78,300,70,7E701822D80EF10DEBEA008731637EA3,18.5084675,2,Thursday,14,Saturday,2021-06-10 00:00:00+00:00,2021-06-17 00:00:00+00:00,True,0,0
12b7beb6fbe9b71459d41812fe761449,OFFLINE,2021-01-11 05:44:51.296000+00:00,2021-06-10 03:16:00+00:00,78,07B,196,4ECC8B694F4BB262BDD4B0A85952B71A,149.89662851851853,3,Thursday,5,Monday,2021-06-10 00:00:00+00:00,2021-06-17 00:00:00+00:00,True,0,0
c8fabbf5f99fe1ee3b84f58eb1837523,OFFLINE,2021-03-07 11:55:58.416000+00:00,2021-06-10 03:16:00+00:00,78,07B,138,2D9F8B5DDB0A7BD6F060DBAA34EC0CFF,94.63890722222222,3,Thursday,11,Sunday,2021-06-10 00:00:00+00:00,2021-06-17 00:00:00+00:00,True,0,0
01488f3c24e90458d8138c4dc9a50d79,OFFLINE,2021-04-13 13:26:01.803000+00:00,2021-06-10 04:11:00+00:00,78,07B,116,EEDD0125ADF9CD4325E56C39462533F5,57.61456246527777,4,Thursday,13,Tuesday,2021-06-10 00:00:00+00:00,2021-06-17 00:00:00+00:00,True,0,0
714765e5d0e4f2081dce426799d9b7fb,OFFLINE,2021-01-20 19:32:46.729000+00:00,2021-06-10 04:50:00+00:00,78,300,114,D3CEA8B57F07B785543EDB2058A190CE,140.3869591550926,4,Thursday,19,Wednesday,2021-06-10 00:00:00+00:00,2021-06-17 00:00:00+00:00,True,0,0
e78d8a51b07d55fa5b59545c3c6e1452,OFFLINE,2021-05-06 07:38:43.249000+00:00,2021-06-10 04:55:00+00:00,78,1EF,65,4DBE83E28F1DFA3ED9C79A2C577BFBDE,34.88630498842593,4,Thursday,7,Thursday,2021-06-10 00:00:00+00:00,2021-06-17 00:00:00+00:00,True,0,0
7e3e8fbfbdb9a12a4ff79f33ff5e3852,OFFLINE,2021-01-21 10:01:50.388000+00:00,2021-06-10 05:13:00+00:00,78,07B,101,0788D330C960376CA8EF0D842E5443A4,139.79941680555555,5,Thursday,10,Thursday,2021-06-10 00:00:00+00:00,2021-06-17 00:00:00+00:00,True,0,0
2e5f8d82c93327293780dd4bdb784044,OFFLINE,2021-02-22 05:28:31.065000+00:00,2021-06-10 05:50:00+00:00,78,07B,112,4E8E60427140A514537C374BAA698D32,108.01491822916667,5,Thursday,5,Monday,2021-06-10 00:00:00+00:00,2021-06-17 00:00:00+00:00,True,0,0
22607dd924578851aff047079d3d237a,ONLINE,2021-03-21 14:03:26.795000+00:00,2021-06-10 05:58:00+00:00,78,300,59,89D534629771B04F61D1971C3068D1BD,80.66288431712962,5,Thursday,14,Sunday,2021-06-10 00:00:00+00:00,2021-06-17 00:00:00+00:00,True,0,0
ab2b10628715511ba33eefa89949d3c0,OFFLINE,2021-02-25 04:41:31.648000+00:00,2021-06-10 06:04:00+00:00,78,07B,224,9F9E66046BADAE5ABE94708CED879416,105.0572725925926,6,Thursday,4,Thursday,2021-06-10 00:00:00+00:00,2021-06-17 00:00:00+00:00,True,0,0
6e0338cb31e3a4d9857ac9443ee4156b,OFFLINE,2021-05-30 09:30:28.569000+00:00,2021-06-10 06:21:00+00:00,78,300,50,C0DD698BE0C1EA71FA3045950BEEC64B,10.868419340277777,6,Thursday,9,Sunday,2021-06-10 00:00:00+00:00,2021-06-17 00:00:00+00:00,True,0,0
a9bce2627a6e470442d944d2e1a6061b,OFFLINE,2021-06-03 07:18:37.408000+00:00,2021-06-10 07:52:00+00:00,78,1EF,66,7B36B12A4C581DFCF8BF406AECA45564,7.023178148148148,7,Thursday,7,Thursday,2021-06-10 00:00:00+00:00,2021-06-17 00:00:00+00:00,True,0,0
a19b1251c12dcc8eb2642dee5d8cfd35,OFFLINE,2021-02-16 08:02:16.863000+00:00,2021-06-10 07:55:00+00:00,78,1EF,116,96C3C752FA22E3A6918ADE4F355D3F8D,113.99494371527778,7,Thursday,8,Tuesday,2021-06-10 00:00:00+00:00,2021-06-17 00:00:00+00:00,True,0,0
be4676c1b46dd956bd4b190a0906559b,OFFLINE,2021-04-22 17:28:47.897000+00:00,2021-06-10 08:30:00+00:00,78,1EF,60,FF6F2DDF8AB23F3461E39CE6531C7EAB,48.62583452546296,8,Thursday,17,Thursday,2021-06-10 00:00:00+00:00,2021-06-17 00:00:00+00:00,True,0,0
7d588d89be66e876f025fcea5fb4e269,OFFLINE,2021-05-18 10:45:40.476000+00:00,2021-06-10 08:50:00+00:00,78,1EF,168,2C10D809ABD31810F4E95F4E500EFA7E,22.919670416666666,8,Thursday,10,Tuesday,2021-06-10 00:00:00+00:00,2021-06-17 00:00:00+00:00,True,0,0
39e8cd5145b7e3da0d12914ee464bb6b,OFFLINE,2021-03-18 03:38:09.156000+00:00,2021-06-10 09:14:00+00:00,78,07B,177,C142F51706DA139EC3DCAA250682C61A,84.2332273611111,9,Thursday,3,Thursday,2021-06-10 00:00:00+00:00,2021-06-17 00:00:00+00:00,True,0,0
ee4708a6220c16e2294a4a0beb2a8ff1,OFFLINE,2021-05-09 18:51:25.096000+00:00,2021-06-10 10:05:00+00:00,78,07B,72,10D023CEE6CC12F06C576EB33402E56B,31.63443175925926,10,Thursday,18,Sunday,2021-06-10 00:00:00+00:00,2021-06-17 00:00:00+00:00,True,0,0
0e07c7a03ba592867d311c0ca72c48e5,OFFLINE,2021-03-01 13:55:27.436000+00:00,2021-06-10 10:10:00+00:00,78,07B,78,294B021232C509826A57AC3136B8ABDD,100.8434324537037,10,Thursday,13,Monday,2021-06-10 00:00:00+00:00,2021-06-17 00:00:00+00:00,True,0,0
ab85f47eb1a57fe81f3c0c4e6b3e65c6,ONLINE,2021-04-01 10:38:22.435000+00:00,2021-06-10 10:42:00+00:00,78,1EF,108,195FD095D9D7F47943113AF2CBCF9A75,70.00251811342594,10,Thursday,10,Thursday,2021-06-10 00:00:00+00:00,2021-06-17 00:00:00+00:00,True,0,0
e1bae56f4ee030b0e1a274a28989dcc4,OFFLINE,2021-02-01 10:36:10.762000+00:00,2021-06-10 12:07:00+00:00,78,07B,211,4E8E60427140A514537C374BAA698D32,129.06306988425925,12,Thursday,10,Monday,2021-06-10 00:00:00+00:00,2021-06-17 00:00:00+00:00,True,0,0
1738907b3698dfef44af99ea830a1602,OFFLINE,2021-03-11 07:22:40.859000+00:00,2021-06-10 12:37:00+00:00,78,300,50,E56AE16934A0D29EBF24915402A7E5ED,91.2182770949074,12,Thursday,7,Thursday,2021-06-10 00:00:00+00:00,2021-06-17 00:00:00+00:00,True,0,0
4a6b69c95f7ac551ce01aea731e75962,OFFLINE,2021-06-08 11:06:13.287000+00:00,2021-06-10 12:39:00+00:00,78,1EF,87,F11BA079658F860875013A84EC1AEA2B,2.064429548611111,12,Thursday,11,Tuesday,2021-06-10 00:00:00+00:00,2021-06-17 00:00:00+00:00,True,0,0
508db7ca6b1c9d1b733899f24d1376c0,OFFLINE,2021-03-16 06:03:18.540000+00:00,2021-06-10 13:12:00+00:00,78,07B,210,4E8E60427140A514537C374BAA698D32,86.29770208333333,13,Thursday,6,Tuesday,2021-06-10 00:00:00+00:00,2021-06-17 00:00:00+00:00,True,0,0
bc2dfce5299b1b63542c4738c07db734,OFFLINE,2021-05-23 09:58:18.215000+00:00,2021-06-10 13:28:00+00:00,78,07B,64,EE735FFED3A6072D13A30636E658A03A,18.14562251157407,13,Thursday,9,Sunday,2021-06-10 00:00:00+00:00,2021-06-17 00:00:00+00:00,True,0,0
675a75fd8999bb09e223eb79e8712287,ONLINE,2021-03-02 03:03:31.163000+00:00,2021-06-10 13:38:00+00:00,78,07B,126,3B56EC028568E71AF10B3360787CD0BC,100.44061153935185,13,Thursday,3,Tuesday,2021-06-10 00:00:00+00:00,2021-06-17 00:00:00+00:00,True,0,0
bcc063f00c3b2027b509db24797fc8b7,OFFLINE,2021-04-09 20:23:27.645000+00:00,2021-06-10 14:11:00+00:00,78,07B,108,EEDD0125ADF9CD4325E56C39462533F5,61.74134670138889,14,Thursday,20,Friday,2021-06-10 00:00:00+00:00,2021-06-17 00:00:00+00:00,True,0,0
b6f6c5c83113867b553f9cbfc977922f,OFFLINE,2021-05-10 13:08:57.959000+00:00,2021-06-10 14:25:00+00:00,78,07B,80,294B021232C509826A57AC3136B8ABDD,31.052801400462965,14,Thursday,13,Monday,2021-06-10 00:00:00+00:00,2021-06-17 00:00:00+00:00,True,0,0
7fa3e3f9043a15909b5ef76fff692d5d,OFFLINE,2021-06-05 16:24:07.225000+00:00,2021-06-10 14:30:00+00:00,78,07B,113,4E8E60427140A514537C374BAA698D32,4.920749710648148,14,Thursday,16,Saturday,2021-06-10 00:00:00+00:00,2021-06-17 00:00:00+00:00,True,0,0
801a993796b9953e68818819532995d8,OFFLINE,2021-03-21 08:49:55.512000+00:00,2021-06-10 15:14:00+00:00,78,07B,117,294B021232C509826A57AC3136B8ABDD,81.26671861111112,15,Thursday,8,Sunday,2021-06-10 00:00:00+00:00,2021-06-17 00:00:00+00:00,True,0,0
0291bcfcc2436a32a8d824d09d55ecad,OFFLINE,2021-03-06 08:08:13.789000+00:00,2021-06-10 15:18:00+00:00,78,300,144,08379264459A6EF0F8052CC20B9DD41F,96.2984515162037,15,Thursday,8,Saturday,2021-06-10 00:00:00+00:00,2021-06-17 00:00:00+00:00,True,0,0
704298a5a06acc0249b504fa25e30fe9,OFFLINE,2021-04-26 08:14:06.852000+00:00,2021-06-10 15:58:00+00:00,78,1EF,60,F53472DBCC26A0D6A6D02DDAAB396785,45.322142916666664,15,Thursday,8,Monday,2021-06-10 00:00:00+00:00,2021-06-17 00:00:00+00:00,True,0,0
5becff865915ee49ef7810f4800b49c8,OFFLINE,2021-01-18 13:52:26.541000+00:00,2021-06-10 16:41:00+00:00,78,300,122,08379264459A6EF0F8052CC20B9DD41F,143.1170539236111,16,Thursday,13,Monday,2021-06-10 00:00:00+00:00,2021-06-17 00:00:00+00:00,True,0,0
cac0f7abca43140aa6bb697dae00039a,OFFLINE,2021-04-02 15:35:42.305000+00:00,2021-06-10 17:51:00+00:00,78,07B,142,894BFDA44B5ACACDA7F59ED3F3D6AD86,69.09395480324075,17,Thursday,15,Friday,2021-06-10 00:00:00+00:00,2021-06-17 00:00:00+00:00,True,0,0
5c2a58af8d042b48ece174601d24baff,OFFLINE,2021-01-17 08:52:35.160000+00:00,2021-06-10 19:17:00+00:00,78,07B,142,C142F51706DA139EC3DCAA250682C61A,144.43362083333332,19,Thursday,8,Sunday,2021-06-10 00:00:00+00:00,2021-06-17 00:00:00+00:00,True,0,0
2ff606010583a5cebf30664c0d414c33,OFFLINE,2021-03-30 10:21:57.219000+00:00,2021-07-10 00:26:00+00:00,78,1EF,60,1162FF15A2450469905B590D62F7746E,101.5861432986111,0,Saturday,10,Tuesday,2021-07-10 00:00:00+00:00,2021-07-17 00:00:00+00:00,True,0,0
1abde5dd6f26db61837611f67c0b4b40,ONLINE,2021-04-07 16:14:30.292000+00:00,2021-07-10 02:03:00+00:00,78,07B,131,294B021232C509826A57AC3136B8ABDD,93.40867717592592,2,Saturday,16,Wednesday,2021-07-10 00:00:00+00:00,2021-07-17 00:00:00+00:00,True,0,0
70957cdfb9347726d74a91d932f7cf9d,OFFLINE,2021-06-02 02:43:51.516000+00:00,2021-07-10 02:38:00+00:00,78,300,96,D3CEA8B57F07B785543EDB2058A190CE,37.99593152777778,2,Saturday,2,Wednesday,2021-07-10 00:00:00+00:00,2021-07-17 00:00:00+00:00,True,0,0
140083b1ad8e84c2dcee9f2433d73b23,OFFLINE,2021-06-13 17:45:40.869000+00:00,2021-07-10 02:42:00+00:00,78,300,50,1BA53B5BBB76E9903A2CF8FF02C37293,26.372443645833332,2,Saturday,17,Sunday,2021-07-10 00:00:00+00:00,2021-07-17 00:00:00+00:00,True,0,0
516a27eace94261e8803ac7092ee939a,ONLINE,2021-04-02 09:59:07.825000+00:00,2021-07-10 03:23:00+00:00,78,07B,75,10D023CEE6CC12F06C576EB33402E56B,98.72490943287038,3,Saturday,9,Friday,2021-07-10 00:00:00+00:00,2021-07-17 00:00:00+00:00,True,0,0
5d4e3e03eee0d270ecbf7fe91c3f04df,ONLINE,2021-02-20 10:45:26.366000+00:00,2021-07-10 03:32:00+00:00,78,07B,161,B4FC534828E371E11BC989991238B1D4,139.6990003935185,3,Saturday,10,Saturday,2021-07-10 00:00:00+00:00,2021-07-17 00:00:00+00:00,True,0,0
f4d491564cd7290cdf8a83fe9c9977d1,OFFLINE,2021-04-11 13:58:21.684000+00:00,2021-07-10 04:34:00+00:00,78,1EF,167,740CB1CA2BD83B3276B092195A6EB883,89.6080823611111,4,Saturday,13,Sunday,2021-07-10 00:00:00+00:00,2021-07-17 00:00:00+00:00,True,0,0
8719582a6406a8114ae54576614b418f,ONLINE,2021-03-26 04:04:37.393000+00:00,2021-07-10 04:46:00+00:00,78,07B,196,294B021232C509826A57AC3136B8ABDD,106.02873387731482,4,Saturday,4,Friday,2021-07-10 00:00:00+00:00,2021-07-17 00:00:00+00:00,True,0,0
5ca0b3eb27d1e427d9ebcd3980e8809b,ONLINE,2021-02-17 12:52:15.264000+00:00,2021-07-10 04:59:00+00:00,78,07B,162,EE735FFED3A6072D13A30636E658A03A,142.6713511111111,4,Saturday,12,Wednesday,2021-07-10 00:00:00+00:00,2021-07-17 00:00:00+00:00,True,0,0
b09ee5db72478145411d2892323a3e70,OFFLINE,2021-02-23 06:08:10.974000+00:00,2021-07-10 05:03:00+00:00,78,07B,132,294B021232C509826A57AC3136B8ABDD,136.95473409722223,5,Saturday,6,Tuesday,2021-07-10 00:00:00+00:00,2021-07-17 00:00:00+00:00,True,0,0
799100ed32550006daa76e48cdeea7f7,OFFLINE,2021-05-28 09:46:23.099000+00:00,2021-07-10 05:10:00+00:00,78,1EF,86,FF6F2DDF8AB23F3461E39CE6531C7EAB,42.8080659837963,5,Saturday,9,Friday,2021-07-10 00:00:00+00:00,2021-07-17 00:00:00+00:00,True,0,0
583f1cf6762001910012889b938a3d0a,OFFLINE,2021-03-05 10:32:08.299000+00:00,2021-07-10 05:11:00+00:00,78,300,96,D3CEA8B57F07B785543EDB2058A190CE,126.77698728009258,5,Saturday,10,Friday,2021-07-10 00:00:00+00:00,2021-07-17 00:00:00+00:00,True,0,0
238b3ad3640f49415ccc185f9e3672df,OFFLINE,2021-06-27 16:29:00.820000+00:00,2021-07-10 05:38:00+00:00,78,07B,152,294B021232C509826A57AC3136B8ABDD,12.547907175925925,5,Saturday,16,Sunday,2021-07-10 00:00:00+00:00,2021-07-17 00:00:00+00:00,True,0,0
0380bfeb98d5e48100c9bc3127ae8a57,OFFLINE,2021-05-28 09:36:32.255000+00:00,2021-07-10 06:14:00+00:00,78,1EF,113,38BB76CCFDD8129EF62B3AF5480605C7,42.85934890046296,6,Saturday,9,Friday,2021-07-10 00:00:00+00:00,2021-07-17 00:00:00+00:00,True,0,0
811650bf8c317027e357a122f4b27976,OFFLINE,2021-02-09 07:40:45.570000+00:00,2021-07-10 06:34:00+00:00,78,07B,114,294B021232C509826A57AC3136B8ABDD,150.95363923611112,6,Saturday,7,Tuesday,2021-07-10 00:00:00+00:00,2021-07-17 00:00:00+00:00,True,0,0
b9ea9c936236356488d3028df716084a,ONLINE,2021-04-01 07:01:32.940000+00:00,2021-07-10 06:37:00+00:00,78,300,135,7E701822D80EF10DEBEA008731637EA3,99.98295208333334,6,Saturday,7,Thursday,2021-07-10 00:00:00+00:00,2021-07-17 00:00:00+00:00,True,0,0
80569976e77c4f73f34e0054cfc17973,OFFLINE,2021-03-09 09:25:28.256000+00:00,2021-07-10 06:48:00+00:00,78,07B,77,B4FC534828E371E11BC989991238B1D4,122.89064518518519,6,Saturday,9,Tuesday,2021-07-10 00:00:00+00:00,2021-07-17 00:00:00+00:00,True,0,0
2653427b06c272ff4e1097fd0d963934,OFFLINE,2021-03-09 17:35:23.597000+00:00,2021-07-10 06:52:00+00:00,78,07B,127,294B021232C509826A57AC3136B8ABDD,122.5531991087963,6,Saturday,17,Tuesday,2021-07-10 00:00:00+00:00,2021-07-17 00:00:00+00:00,True,0,0
3de88723af06233460d1653f443aa9b7,OFFLINE,2021-05-09 14:30:22.004000+00:00,2021-07-10 07:28:00+00:00,78,300,157,2CFC40A84BB49F39102A60211ED177E8,61.70668976851852,7,Saturday,14,Sunday,2021-07-10 00:00:00+00:00,2021-07-17 00:00:00+00:00,True,0,0
3a551968b6b14a904c5a9ac0251ea0ae,OFFLINE,2021-04-08 06:11:40.093000+00:00,2021-07-10 07:33:00+00:00,78,300,171,09B36CB8AB7325477B80E99BE8FB2D02,93.05648040509259,7,Saturday,6,Thursday,2021-07-10 00:00:00+00:00,2021-07-17 00:00:00+00:00,True,0,0
5defcabfd3f4d7121a902d769afebde3,ONLINE,2021-05-26 07:42:10.347000+00:00,2021-07-10 07:36:00+00:00,78,1EF,75,740CB1CA2BD83B3276B092195A6EB883,44.99571357638889,7,Saturday,7,Wednesday,2021-07-10 00:00:00+00:00,2021-07-17 00:00:00+00:00,True,0,0
bbbab1bb6bbf839f5686d15b4f5cd4e9,OFFLINE,2021-03-02 14:20:33.220000+00:00,2021-07-10 08:20:00+00:00,78,1EF,68,740CB1CA2BD83B3276B092195A6EB883,129.74961550925926,8,Saturday,14,Tuesday,2021-07-10 00:00:00+00:00,2021-07-17 00:00:00+00:00,True,0,0
4e159c107552f1f6ac2d653ec6a16b98,OFFLINE,2021-06-07 13:39:49.960000+00:00,2021-07-10 08:52:00+00:00,78,07B,58,9F9E66046BADAE5ABE94708CED879416,32.8001162037037,8,Saturday,13,Monday,2021-07-10 00:00:00+00:00,2021-07-17 00:00:00+00:00,True,0,0
f6bc94638b8a6abd49d3cc501ee9e1b5,OFFLINE,2021-01-31 11:07:45.662000+00:00,2021-07-10 08:53:00+00:00,78,300,70,7E701822D80EF10DEBEA008731637EA3,159.90641594907407,8,Saturday,11,Sunday,2021-07-10 00:00:00+00:00,2021-07-17 00:00:00+00:00,True,0,0
66745b00cba5a47ff78ed2b00991a39f,OFFLINE,2021-02-13 11:20:28.973000+00:00,2021-07-10 08:54:00+00:00,78,07B,162,C142F51706DA139EC3DCAA250682C61A,146.89827577546296,8,Saturday,11,Saturday,2021-07-10 00:00:00+00:00,2021-07-17 00:00:00+00:00,True,0,0
bbbf58c23cd31fd8fe7386ee4f0d84e8,OFFLINE,2021-03-20 08:34:49.142000+00:00,2021-07-10 08:56:00+00:00,78,07B,63,C142F51706DA139EC3DCAA250682C61A,112.01470900462962,8,Saturday,8,Saturday,2021-07-10 00:00:00+00:00,2021-07-17 00:00:00+00:00,True,0,0
55f083d1c6ef83a38fef84def2219c7e,OFFLINE,2021-03-07 05:59:17.820000+00:00,2021-07-10 09:45:00+00:00,78,300,61,90C3452EF4D2B2390B45A9D5554A8F65,125.15673819444444,9,Saturday,5,Sunday,2021-07-10 00:00:00+00:00,2021-07-17 00:00:00+00:00,True,0,0
c0c198966d9f958745e7b8c2bf42ff0b,OFFLINE,2021-05-19 17:28:33.619000+00:00,2021-07-10 09:55:00+00:00,78,1EF,93,7B36B12A4C581DFCF8BF406AECA45564,51.68502755787037,9,Saturday,17,Wednesday,2021-07-10 00:00:00+00:00,2021-07-17 00:00:00+00:00,True,0,0
f7d2e2eef9f872d53daa7a433fdde820,OFFLINE,2021-04-30 08:56:50.424000+00:00,2021-07-10 10:01:00+00:00,78,300,50,C0DD698BE0C1EA71FA3045950BEEC64B,71.04455527777777,10,Saturday,8,Friday,2021-07-10 00:00:00+00:00,2021-07-17 00:00:00+00:00,True,0,0
4481dd221d73967921be3150910b9c3e,OFFLINE,2021-07-06 07:56:25.350000+00:00,2021-07-10 11:10:00+00:00,78,1EF,60,BB2033CE2FA4822C957B37DEB445B32C,4.1344288194444445,11,Saturday,7,Tuesday,2021-07-10 00:00:00+00:00,2021-07-17 00:00:00+00:00,True,0,0
ef79ac85a930c4e68b661adcb4790765,OFFLINE,2021-01-15 15:01:15.304000+00:00,2021-07-10 11:23:00+00:00,78,07B,64,EEDD0125ADF9CD4325E56C39462533F5,175.8484339814815,11,Saturday,15,Friday,2021-07-10 00:00:00+00:00,2021-07-17 00:00:00+00:00,True,0,0
d6a46b8234c323995c569072380b5a8f,OFFLINE,2021-02-04 16:00:59.592000+00:00,2021-07-10 11:36:00+00:00,78,07B,60,2CF9D19CE125793D17A0B4C371AB7AFD,155.81597694444443,11,Saturday,16,Thursday,2021-07-10 00:00:00+00:00,2021-07-17 00:00:00+00:00,True,0,0
230f3b025b94ae660b3eb12bdcaf239e,OFFLINE,2021-01-22 04:16:47.044000+00:00,2021-07-10 11:50:00+00:00,77,1EF,102,A00AF20362FBDDE9E3869D787E4693AF,169.31473328703703,11,Saturday,4,Friday,2021-07-10 00:00:00+00:00,2021-07-17 00:00:00+00:00,True,0,0
373b7be32e0a8edff2731176b0df64ea,OFFLINE,2021-04-02 06:00:28.023000+00:00,2021-07-10 12:33:00+00:00,78,300,251,09B36CB8AB7325477B80E99BE8FB2D02,99.27259232638889,12,Saturday,6,Friday,2021-07-10 00:00:00+00:00,2021-07-17 00:00:00+00:00,True,0,0
6e7cc2b14cce931716210eeee6237b6d,OFFLINE,2021-05-30 09:39:58.964000+00:00,2021-07-10 13:38:00+00:00,78,300,78,08379264459A6EF0F8052CC20B9DD41F,41.16528976851852,13,Saturday,9,Sunday,2021-07-10 00:00:00+00:00,2021-07-17 00:00:00+00:00,True,0,0
a4f58006d25b04840e0d4b37e0a5af62,OFFLINE,2021-01-31 00:44:51.362000+00:00,2021-07-10 14:03:00+00:00,78,07B,248,9F9E66046BADAE5ABE94708CED879416,160.55426664351853,14,Saturday,0,Sunday,2021-07-10 00:00:00+00:00,2021-07-17 00:00:00+00:00,True,0,0
d51fc05a22a9bda92414af05981871a5,OFFLINE,2021-04-11 12:21:09.159000+00:00,2021-07-10 14:09:00+00:00,78,300,114,7E701822D80EF10DEBEA008731637EA3,90.07489399305555,14,Saturday,12,Sunday,2021-07-10 00:00:00+00:00,2021-07-17 00:00:00+00:00,True,0,0
5a661936c15d425267bd99c4c142a2c9,ONLINE,2021-06-21 14:34:09.462000+00:00,2021-07-10 14:32:00+00:00,78,07B,201,4E8E60427140A514537C374BAA698D32,18.998501597222223,14,Saturday,14,Monday,2021-07-10 00:00:00+00:00,2021-07-17 00:00:00+00:00,True,0,0
98c0ca5c7c310b0126ea07de840aacaa,OFFLINE,2021-04-09 13:07:31.038000+00:00,2021-07-10 14:47:00+00:00,78,07B,207,0788D330C960376CA8EF0D842E5443A4,92.06908520833333,14,Saturday,13,Friday,2021-07-10 00:00:00+00:00,2021-07-17 00:00:00+00:00,True,0,0
d0d2afad0e34c8b39e236f8c1ae26914,ONLINE,2021-04-01 08:20:15.853000+00:00,2021-07-10 14:58:00+00:00,78,07B,56,10D023CEE6CC12F06C576EB33402E56B,100.2762054050926,14,Saturday,8,Thursday,2021-07-10 00:00:00+00:00,2021-07-17 00:00:00+00:00,True,0,0
039f55a883b1c2ebc73b09b6180bcc9f,OFFLINE,2021-05-31 06:07:06.044000+00:00,2021-07-10 15:18:00+00:00,78,300,50,A85A33858C7BB0DCE962E99B2E79BBC4,40.38256893518518,15,Saturday,6,Monday,2021-07-10 00:00:00+00:00,2021-07-17 00:00:00+00:00,True,0,0
896c96e53828683a6382506b4774454a,OFFLINE,2021-03-15 06:23:29.622000+00:00,2021-07-10 15:47:00+00:00,78,1EF,111,38BB76CCFDD8129EF62B3AF5480605C7,117.39132381944445,15,Saturday,6,Monday,2021-07-10 00:00:00+00:00,2021-07-17 00:00:00+00:00,True,0,0
7240f8a81e5993a89fcd6aab1a62a4b6,ONLINE,2021-01-18 15:04:38.340000+00:00,2021-07-10 15:51:00+00:00,78,07B,120,4575953E5DD96D9E301B05E12FB12540,173.03219513888888,15,Saturday,15,Monday,2021-07-10 00:00:00+00:00,2021-07-17 00:00:00+00:00,True,0,0
affe8c54b17892ca3def74750f6fe1cb,OFFLINE,2021-06-17 04:34:37.137000+00:00,2021-07-10 16:16:00+00:00,78,1EF,187,38BB76CCFDD8129EF62B3AF5480605C7,23.48707017361111,16,Saturday,4,Thursday,2021-07-10 00:00:00+00:00,2021-07-17 00:00:00+00:00,True,0,0
bff08eb601f6373dd66778c3209f913b,OFFLINE,2021-04-27 17:33:48.990000+00:00,2021-07-10 16:22:00+00:00,78,07B,127,EE735FFED3A6072D13A30636E658A03A,73.95012743055555,16,Saturday,17,Tuesday,2021-07-10 00:00:00+00:00,2021-07-17 00:00:00+00:00,True,0,0
fe6c832254b55a848feb12478a7edb85,OFFLINE,2021-04-12 12:34:10.668000+00:00,2021-07-10 16:36:00+00:00,78,1EF,63,FF6F2DDF8AB23F3461E39CE6531C7EAB,89.16793208333334,16,Saturday,12,Monday,2021-07-10 00:00:00+00:00,2021-07-17 00:00:00+00:00,True,0,0
a89a74cb321159189c3e524e39ccf62b,OFFLINE,2021-02-07 15:38:23.616000+00:00,2021-07-10 16:52:00+00:00,78,07B,50,387C809558AB3EF31BD882E22C0B4A0F,153.05111555555555,16,Saturday,15,Sunday,2021-07-10 00:00:00+00:00,2021-07-17 00:00:00+00:00,True,0,0
b128f84574f29092ae60df7f8c3b743e,OFFLINE,2021-01-18 06:01:49.711000+00:00,2021-07-10 17:11:00+00:00,78,07B,102,294B021232C509826A57AC3136B8ABDD,173.4647024189815,17,Saturday,6,Monday,2021-07-10 00:00:00+00:00,2021-07-17 00:00:00+00:00,True,0,0
fd56412b39cda5653e5d7eb62715db1c,OFFLINE,2021-03-02 05:58:12.525000+00:00,2021-07-10 17:48:00+00:00,78,1EF,158,740CB1CA2BD83B3276B092195A6EB883,130.49291059027777,17,Saturday,5,Tuesday,2021-07-10 00:00:00+00:00,2021-07-17 00:00:00+00:00,True,0,0
ac80a590f3def4a437aeb1886bc29e33,OFFLINE,2021-02-20 18:01:25.359000+00:00,2021-07-10 18:05:00+00:00,78,300,127,09B36CB8AB7325477B80E99BE8FB2D02,140.00248427083335,18,Saturday,18,Saturday,2021-07-10 00:00:00+00:00,2021-07-17 00:00:00+00:00,True,0,0
98b82e7d4e2f929e38cf53d4e6686894,OFFLINE,2021-01-19 09:29:25.285000+00:00,2021-07-10 18:50:00+00:00,78,07B,75,4ECC8B694F4BB262BDD4B0A85952B71A,172.38929068287038,18,Saturday,9,Tuesday,2021-07-10 00:00:00+00:00,2021-07-17 00:00:00+00:00,True,0,0
d081f749a9862f5a495d36d0faed0ab3,OFFLINE,2021-05-10 21:10:25.308000+00:00,2021-07-10 19:18:00+00:00,78,1EF,63,740CB1CA2BD83B3276B092195A6EB883,60.92192930555555,19,Saturday,21,Monday,2021-07-10 00:00:00+00:00,2021-07-17 00:00:00+00:00,True,0,0
a02e069ce84a383f1f3681253aa7ada7,ONLINE,2021-03-28 05:08:17.360000+00:00,2021-07-10 21:48:00+00:00,78,07B,240,3B56EC028568E71AF10B3360787CD0BC,104.69424351851852,21,Saturday,5,Sunday,2021-07-10 00:00:00+00:00,2021-07-17 00:00:00+00:00,True,0,0
d76066f68160fdeb3b1b8069b6f799e6,OFFLINE,2021-05-11 10:17:41.177000+00:00,2021-07-10 23:18:00+00:00,78,07B,102,2D9F8B5DDB0A7BD6F060DBAA34EC0CFF,60.54188452546296,23,Saturday,10,Tuesday,2021-07-10 00:00:00+00:00,2021-07-17 00:00:00+00:00,True,0,0
7e37880f6ea2a7aa17fbdc3d318b12c6,OFFLINE,2021-04-19 09:23:14.890000+00:00,2021-08-10 02:43:00+00:00,78,07B,101,4E8E60427140A514537C374BAA698D32,112.72204988425925,2,Tuesday,9,Monday,2021-08-10 00:00:00+00:00,2021-08-17 00:00:00+00:00,True,0,0
263f041792caa40a9931564912d9b395,ONLINE,2021-02-21 18:50:09.727000+00:00,2021-08-10 03:00:00+00:00,78,07B,94,EEDD0125ADF9CD4325E56C39462533F5,169.34016519675927,3,Tuesday,18,Sunday,2021-08-10 00:00:00+00:00,2021-08-17 00:00:00+00:00,True,0,0
a196963dec4fab32db336d7b7f3378c5,ONLINE,2021-02-02 17:41:23.035000+00:00,2021-08-10 03:07:00+00:00,78,07B,103,2CF9D19CE125793D17A0B4C371AB7AFD,188.39278894675925,3,Tuesday,17,Tuesday,2021-08-10 00:00:00+00:00,2021-08-17 00:00:00+00:00,True,0,0
5c62a931ad2d963ef3ee3950d8ff2956,ONLINE,2021-03-01 11:27:26.036000+00:00,2021-08-10 03:29:00+00:00,78,07B,181,B4FC534828E371E11BC989991238B1D4,161.66775421296296,3,Tuesday,11,Monday,2021-08-10 00:00:00+00:00,2021-08-17 00:00:00+00:00,True,0,0
61723cb6153ea1b8471c3a440b963813,ONLINE,2021-05-31 08:57:15.550000+00:00,2021-08-10 03:32:00+00:00,78,07B,265,9FFABDFED33FB837D72433191B5668D5,70.7741255787037,3,Tuesday,8,Monday,2021-08-10 00:00:00+00:00,2021-08-17 00:00:00+00:00,True,0,0
bb2814d1f1c1ab4e6fb226b8c352bf94,OFFLINE,2021-07-25 23:02:21.210000+00:00,2021-08-10 03:39:00+00:00,78,300,163,D3CEA8B57F07B785543EDB2058A190CE,15.192115625,3,Tuesday,23,Sunday,2021-08-10 00:00:00+00:00,2021-08-17 00:00:00+00:00,True,0,0
111b57ba9df0f4214fc50249136139e8,OFFLINE,2021-04-29 16:49:17.118000+00:00,2021-08-10 03:51:00+00:00,78,07B,203,B0B076A3064F0AEA0A2AAC679ECE5F62,102.45952409722221,3,Tuesday,16,Thursday,2021-08-10 00:00:00+00:00,2021-08-17 00:00:00+00:00,True,0,0
01c700277b0ec209ad8cd880f61e83e8,OFFLINE,2021-06-08 23:05:24.089000+00:00,2021-08-10 04:16:00+00:00,78,07B,174,3B56EC028568E71AF10B3360787CD0BC,62.215693414351854,4,Tuesday,23,Tuesday,2021-08-10 00:00:00+00:00,2021-08-17 00:00:00+00:00,True,0,0
8651c0da60e6f3ff926118db4accbe23,OFFLINE,2021-06-17 03:50:32.609000+00:00,2021-08-10 04:17:00+00:00,78,1EF,149,96C3C752FA22E3A6918ADE4F355D3F8D,54.01837258101852,4,Tuesday,3,Thursday,2021-08-10 00:00:00+00:00,2021-08-17 00:00:00+00:00,True,0,0
0f0974115052364771d8970f81a07f84,OFFLINE,2021-02-09 06:27:38.179000+00:00,2021-08-10 04:51:00+00:00,78,07B,154,4E8E60427140A514537C374BAA698D32,181.93289144675927,4,Tuesday,6,Tuesday,2021-08-10 00:00:00+00:00,2021-08-17 00:00:00+00:00,True,0,0
4d6acc7e0aaba1ae9eddcfea9bcb54e5,OFFLINE,2021-05-19 05:37:59.670000+00:00,2021-08-10 05:25:00+00:00,78,1EF,78,BB2033CE2FA4822C957B37DEB445B32C,82.99097604166667,5,Tuesday,5,Wednesday,2021-08-10 00:00:00+00:00,2021-08-17 00:00:00+00:00,True,0,0
50a83e5e5ddf19629b29d7ca98b060df,OFFLINE,2021-06-03 04:17:58.609000+00:00,2021-08-10 05:58:00+00:00,78,1EF,129,08A9B54E00545ECCD369B8E5D2692E9F,68.06946054398148,5,Tuesday,4,Thursday,2021-08-10 00:00:00+00:00,2021-08-17 00:00:00+00:00,True,0,0
f0250e5cfd3608dc44b76b59c87559cd,ONLINE,2021-03-13 09:29:38.334000+00:00,2021-08-10 06:09:00+00:00,78,07B,175,294B021232C509826A57AC3136B8ABDD,149.86066743055554,6,Tuesday,9,Saturday,2021-08-10 00:00:00+00:00,2021-08-17 00:00:00+00:00,True,0,0
87f3ef4da3452438c5be978419a7d15b,OFFLINE,2021-01-17 14:24:53.524000+00:00,2021-08-10 06:47:00+00:00,78,07B,68,EEDD0125ADF9CD4325E56C39462533F5,204.68201939814816,6,Tuesday,14,Sunday,2021-08-10 00:00:00+00:00,2021-08-17 00:00:00+00:00,True,0,0
e4aa5a4f735d75b5ad4de2243024e2ab,OFFLINE,2021-02-15 06:27:41.171000+00:00,2021-08-10 07:10:00+00:00,78,1EF,125,F066DEFF7409FE06BB3F4539FBDF12A4,176.0293845949074,7,Tuesday,6,Monday,2021-08-10 00:00:00+00:00,2021-08-17 00:00:00+00:00,True,0,0
16fa1361e86ecf4f22ce8af323a458cb,OFFLINE,2021-04-26 09:26:22.936000+00:00,2021-08-10 07:22:00+00:00,78,1EF,111,740CB1CA2BD83B3276B092195A6EB883,105.91362342592592,7,Tuesday,9,Monday,2021-08-10 00:00:00+00:00,2021-08-17 00:00:00+00:00,True,0,0
1796b824b63f0b6ee43cf850680a2c6d,OFFLINE,2021-01-20 11:38:55.488000+00:00,2021-08-10 07:54:00+00:00,78,07B,283,9F9E66046BADAE5ABE94708CED879416,201.8438022222222,7,Tuesday,11,Wednesday,2021-08-10 00:00:00+00:00,2021-08-17 00:00:00+00:00,True,0,0
a5915d7155b6b8a7abba281bd105eea6,OFFLINE,2021-01-22 06:59:47.358000+00:00,2021-08-10 08:06:00+00:00,78,300,121,56C3843EA0BAA7B2438B58CFC2BBD0FF,200.0459796527778,8,Tuesday,6,Friday,2021-08-10 00:00:00+00:00,2021-08-17 00:00:00+00:00,True,0,0
2c0d06a00f862b5884251f5f3a9621f3,OFFLINE,2021-06-05 11:16:31.618000+00:00,2021-08-10 08:12:00+00:00,78,07B,77,4E8E60427140A514537C374BAA698D32,65.87185627314815,8,Tuesday,11,Saturday,2021-08-10 00:00:00+00:00,2021-08-17 00:00:00+00:00,True,0,0
0db991d64a9a0df9a56c57d136e75c04,OFFLINE,2021-03-31 06:14:31.291000+00:00,2021-08-10 08:19:00+00:00,78,07B,204,294B021232C509826A57AC3136B8ABDD,132.08644339120372,8,Tuesday,6,Wednesday,2021-08-10 00:00:00+00:00,2021-08-17 00:00:00+00:00,True,0,0
456328e367767e63239e19ccca8a48fb,OFFLINE,2021-07-07 09:01:16.993000+00:00,2021-08-10 08:37:00+00:00,78,300,150,4FB52D1F31461850C15CC1C15A02931B,33.98313665509259,8,Tuesday,9,Wednesday,2021-08-10 00:00:00+00:00,2021-08-17 00:00:00+00:00,True,0,0
f60bc4e8c2944fbd92c4180abcc20be3,OFFLINE,2021-01-10 15:24:30.721000+00:00,2021-08-10 09:01:00+00:00,78,07B,120,EE735FFED3A6072D13A30636E658A03A,211.73367221064814,9,Tuesday,15,Sunday,2021-08-10 00:00:00+00:00,2021-08-17 00:00:00+00:00,True,0,0
7de6fbf36bae53567569d7062b8d12b1,ONLINE,2021-02-10 11:31:45.235000+00:00,2021-08-10 09:45:00+00:00,78,1EF,98,D5CECB3D35FF9FEF0E46207CFE4A5F29,180.92586533564815,9,Tuesday,11,Wednesday,2021-08-10 00:00:00+00:00,2021-08-17 00:00:00+00:00,True,0,0
05120aafb9d6eb6787f30501eae2cbbc,ONLINE,2021-07-22 22:36:48.606000+00:00,2021-08-10 09:52:00+00:00,78,07B,82,294B021232C509826A57AC3136B8ABDD,18.468881875,9,Tuesday,22,Thursday,2021-08-10 00:00:00+00:00,2021-08-17 00:00:00+00:00,True,0,0
69cfe3b646fb6bf00eeeb51af8d1f318,OFFLINE,2021-02-24 03:23:42.848000+00:00,2021-08-10 10:09:00+00:00,78,1EF,49,1162FF15A2450469905B590D62F7746E,167.28144851851852,10,Tuesday,3,Wednesday,2021-08-10 00:00:00+00:00,2021-08-17 00:00:00+00:00,True,0,0
6ffc8919ec08ce5ff8645240d7d89d68,OFFLINE,2021-01-17 18:03:26.906000+00:00,2021-08-10 10:11:00+00:00,78,1EF,83,1162FF15A2450469905B590D62F7746E,204.67191081018518,10,Tuesday,18,Sunday,2021-08-10 00:00:00+00:00,2021-08-17 00:00:00+00:00,True,0,0
11be5430da02a70d5535220b8f4d7614,OFFLINE,2021-04-28 13:01:05.196000+00:00,2021-08-10 11:26:00+00:00,78,07B,239,4ECC8B694F4BB262BDD4B0A85952B71A,103.93396763888889,11,Tuesday,13,Wednesday,2021-08-10 00:00:00+00:00,2021-08-17 00:00:00+00:00,True,0,0
f8251edfb4d7ca36db7651e88ca104fe,OFFLINE,2021-01-10 12:04:51.391000+00:00,2021-08-10 11:30:00+00:00,78,07B,113,10D023CEE6CC12F06C576EB33402E56B,211.97579408564815,11,Tuesday,12,Sunday,2021-08-10 00:00:00+00:00,2021-08-17 00:00:00+00:00,True,0,0
388f61c5d30cd57d15ef247d4405b267,OFFLINE,2021-04-06 12:33:21.239000+00:00,2021-08-10 11:54:00+00:00,78,07B,153,4E8E60427140A514537C374BAA698D32,125.97267084490741,11,Tuesday,12,Tuesday,2021-08-10 00:00:00+00:00,2021-08-17 00:00:00+00:00,True,0,0
570ba3266ad2c52f35faf7ba988256fd,OFFLINE,2021-06-01 04:49:11.471000+00:00,2021-08-10 11:55:00+00:00,78,300,50,4FB52D1F31461850C15CC1C15A02931B,70.29570056712963,11,Tuesday,4,Tuesday,2021-08-10 00:00:00+00:00,2021-08-17 00:00:00+00:00,True,0,0
76e75cbafba5624e09eeca7ffb126c32,OFFLINE,2021-04-16 19:28:21.608000+00:00,2021-08-10 12:11:00+00:00,78,300,142,AFBD17D773F031CFB7A7F807EB9F2959,115.6962776851852,12,Tuesday,19,Friday,2021-08-10 00:00:00+00:00,2021-08-17 00:00:00+00:00,True,0,0
b6fc87dec8d26a73a4a8aab33bd0cdb0,OFFLINE,2021-02-02 09:55:53.376000+00:00,2021-08-10 12:12:00+00:00,78,07B,63,EEDD0125ADF9CD4325E56C39462533F5,189.0945211111111,12,Tuesday,9,Tuesday,2021-08-10 00:00:00+00:00,2021-08-17 00:00:00+00:00,True,0,0
a4c73c1980eef9b5deea8fd7098b0c4e,OFFLINE,2021-04-17 13:01:14.996000+00:00,2021-08-10 12:13:00+00:00,78,07B,98,294B021232C509826A57AC3136B8ABDD,114.96649310185185,12,Tuesday,13,Saturday,2021-08-10 00:00:00+00:00,2021-08-17 00:00:00+00:00,True,0,0
c617713407b345a92d801d61c8db55c8,OFFLINE,2021-02-16 04:34:40.621000+00:00,2021-08-10 12:34:00+00:00,78,1EF,149,195FD095D9D7F47943113AF2CBCF9A75,175.33286318287037,12,Tuesday,4,Tuesday,2021-08-10 00:00:00+00:00,2021-08-17 00:00:00+00:00,True,0,0
fa2493010fd92a8aded498709b7386c2,ONLINE,2021-03-13 02:03:35.508000+00:00,2021-08-10 12:49:00+00:00,78,07B,157,EE735FFED3A6072D13A30636E658A03A,150.4482001388889,12,Tuesday,2,Saturday,2021-08-10 00:00:00+00:00,2021-08-17 00:00:00+00:00,True,0,0
ced20e7eecb6737887f208cb83d668dc,OFFLINE,2021-03-01 11:21:19.328000+00:00,2021-08-10 12:54:00+00:00,78,300,133,A85A33858C7BB0DCE962E99B2E79BBC4,162.06435962962962,12,Tuesday,11,Monday,2021-08-10 00:00:00+00:00,2021-08-17 00:00:00+00:00,True,0,0
75276fe7446b18f2610667a5a7d82932,OFFLINE,2021-03-24 03:39:23.627000+00:00,2021-08-10 12:54:00+00:00,78,07B,111,294B021232C509826A57AC3136B8ABDD,139.3851432060185,12,Tuesday,3,Wednesday,2021-08-10 00:00:00+00:00,2021-08-17 00:00:00+00:00,True,0,0
0c059a060c241db28dadf8008ed305ce,OFFLINE,2021-07-30 11:26:35.436000+00:00,2021-08-10 13:22:00+00:00,78,1EF,97,A00AF20362FBDDE9E3869D787E4693AF,11.080145416666667,13,Tuesday,11,Friday,2021-08-10 00:00:00+00:00,2021-08-17 00:00:00+00:00,True,0,0
76e75177cee070a482e9ac2b53102186,OFFLINE,2021-06-11 13:21:22.135000+00:00,2021-08-10 14:46:00+00:00,78,300,99,08379264459A6EF0F8052CC20B9DD41F,60.05877158564815,14,Tuesday,13,Friday,2021-08-10 00:00:00+00:00,2021-08-17 00:00:00+00:00,True,0,0
e9d5c5478a585fe7c83aa212f2ec4149,ONLINE,2021-04-05 10:09:55.364000+00:00,2021-08-10 15:02:00+00:00,78,1EF,104,740CB1CA2BD83B3276B092195A6EB883,127.20283143518519,15,Tuesday,10,Monday,2021-08-10 00:00:00+00:00,2021-08-17 00:00:00+00:00,True,0,0
e341c0ca37df7fec47b8a0c3dbd8ef35,OFFLINE,2021-02-27 12:28:04.442000+00:00,2021-08-10 15:11:00+00:00,78,07B,231,4E8E60427140A514537C374BAA698D32,164.1131430324074,15,Tuesday,12,Saturday,2021-08-10 00:00:00+00:00,2021-08-17 00:00:00+00:00,True,0,0
65539e9eb1aae7f31d0f070a2cf5e126,OFFLINE,2021-01-18 01:52:39.906000+00:00,2021-08-10 15:19:00+00:00,78,07B,146,4E8E60427140A514537C374BAA698D32,204.55995479166668,15,Tuesday,1,Monday,2021-08-10 00:00:00+00:00,2021-08-17 00:00:00+00:00,True,0,0
3d379bd1b12814aed7a74a8843c306fa,OFFLINE,2021-01-10 12:20:59.713000+00:00,2021-08-10 15:21:00+00:00,78,1EF,168,740CB1CA2BD83B3276B092195A6EB883,212.12500332175927,15,Tuesday,12,Sunday,2021-08-10 00:00:00+00:00,2021-08-17 00:00:00+00:00,True,0,0
9f64fb2995b903e5f813a9b74c97eb85,OFFLINE,2021-07-19 17:17:00.008000+00:00,2021-08-10 16:02:00+00:00,78,1EF,60,5CD6463B9C20BA10DA25A431F2D844A6,21.947916574074075,16,Tuesday,17,Monday,2021-08-10 00:00:00+00:00,2021-08-17 00:00:00+00:00,True,0,0
3c35409be363e9f76a6ce24286f06ddb,OFFLINE,2021-06-19 09:03:25.426000+00:00,2021-08-10 16:03:00+00:00,78,07B,87,EEDD0125ADF9CD4325E56C39462533F5,52.29137238425926,16,Tuesday,9,Saturday,2021-08-10 00:00:00+00:00,2021-08-17 00:00:00+00:00,True,0,0
95e82f5505b57fc8b4713bc61862231b,OFFLINE,2021-07-08 05:10:17.591000+00:00,2021-08-10 16:28:00+00:00,78,07B,103,10D023CEE6CC12F06C576EB33402E56B,33.470629733796294,16,Tuesday,5,Thursday,2021-08-10 00:00:00+00:00,2021-08-17 00:00:00+00:00,True,0,0
fc3db70e7836ae4748cb81ff8923861e,OFFLINE,2021-06-29 13:48:20.432000+00:00,2021-08-10 16:29:00+00:00,78,07B,208,2D9F8B5DDB0A7BD6F060DBAA34EC0CFF,42.111569074074076,16,Tuesday,13,Tuesday,2021-08-10 00:00:00+00:00,2021-08-17 00:00:00+00:00,True,0,0
ff8cbde8d8937d44b5d18da63cb2093a,OFFLINE,2021-02-11 07:47:45.521000+00:00,2021-08-10 16:58:00+00:00,78,1EF,57,93A459F0AC42B4DAE28317297839D393,180.38211202546296,16,Tuesday,7,Thursday,2021-08-10 00:00:00+00:00,2021-08-17 00:00:00+00:00,True,0,0
59f4c2ed28be5a3c29d863c557782de9,OFFLINE,2021-03-22 06:07:47.835000+00:00,2021-08-10 17:00:00+00:00,78,07B,169,2D9F8B5DDB0A7BD6F060DBAA34EC0CFF,141.45291857638887,17,Tuesday,6,Monday,2021-08-10 00:00:00+00:00,2021-08-17 00:00:00+00:00,True,0,0
42581fd7e31fd5bccb25493538181fbb,ONLINE,2021-06-06 07:30:42.500000+00:00,2021-08-10 17:12:00+00:00,78,1EF,123,96C3C752FA22E3A6918ADE4F355D3F8D,65.40367476851851,17,Tuesday,7,Sunday,2021-08-10 00:00:00+00:00,2021-08-17 00:00:00+00:00,True,0,0
0583b4e5c868036f3e93b8e8c4dbd083,OFFLINE,2021-01-13 09:57:27.250000+00:00,2021-08-10 17:21:00+00:00,78,07B,106,EEDD0125ADF9CD4325E56C39462533F5,209.30801793981482,17,Tuesday,9,Wednesday,2021-08-10 00:00:00+00:00,2021-08-17 00:00:00+00:00,True,0,0
a8b3801f7d15e656409bbb39717482f3,OFFLINE,2021-05-18 02:52:19.890000+00:00,2021-08-10 18:36:00+00:00,78,07B,67,294B021232C509826A57AC3136B8ABDD,84.65532534722223,18,Tuesday,2,Tuesday,2021-08-10 00:00:00+00:00,2021-08-17 00:00:00+00:00,True,0,0
1a8d60fbbe5f04b36d5504ea59a476f5,OFFLINE,2021-06-11 06:28:15.997000+00:00,2021-08-10 18:42:00+00:00,78,07B,174,C142F51706DA139EC3DCAA250682C61A,60.509537071759254,18,Tuesday,6,Friday,2021-08-10 00:00:00+00:00,2021-08-17 00:00:00+00:00,True,0,0
0420101e58cc4e5ec59ec886808a8563,OFFLINE,2021-07-07 05:08:30.005000+00:00,2021-08-10 18:43:00+00:00,78,07B,286,B4FC534828E371E11BC989991238B1D4,34.56562494212963,18,Tuesday,5,Wednesday,2021-08-10 00:00:00+00:00,2021-08-17 00:00:00+00:00,True,0,0
40cd28e5b3fc20b3945695d78db83346,OFFLINE,2021-07-19 13:55:58.783000+00:00,2021-08-10 19:31:00+00:00,78,1EF,89,195FD095D9D7F47943113AF2CBCF9A75,22.232652974537036,19,Tuesday,13,Monday,2021-08-10 00:00:00+00:00,2021-08-17 00:00:00+00:00,True,0,0
76239fb871f9f311b9697f58da4bd78b,OFFLINE,2021-06-19 11:37:53.971000+00:00,2021-09-10 02:28:00+00:00,78,300,78,56C3843EA0BAA7B2438B58CFC2BBD0FF,82.61812533564814,2,Friday,11,Saturday,2021-09-10 00:00:00+00:00,2021-09-17 00:00:00+00:00,True,0,0
69dfea4f9dad1c8bfa80454e9394f5fd,ONLINE,2021-05-31 16:53:05.767000+00:00,2021-09-10 02:57:00+00:00,78,07B,137,10D023CEE6CC12F06C576EB33402E56B,101.41937769675926,2,Friday,16,Monday,2021-09-10 00:00:00+00:00,2021-09-17 00:00:00+00:00,True,0,0
b1d1a83eef94ec50b6de338454d3510e,OFFLINE,2021-03-10 04:22:33.934000+00:00,2021-09-10 03:35:00+00:00,78,1EF,92,38BB76CCFDD8129EF62B3AF5480605C7,183.9669683564815,3,Friday,4,Wednesday,2021-09-10 00:00:00+00:00,2021-09-17 00:00:00+00:00,True,0,0
c80fee59a523ef606f01e45d7a14a56e,ONLINE,2021-07-29 03:56:14.612000+00:00,2021-09-10 03:46:00+00:00,78,1EF,60,49CA01E7044CB3B65F99673C9C074D16,42.992886435185184,3,Friday,3,Thursday,2021-09-10 00:00:00+00:00,2021-09-17 00:00:00+00:00,True,0,0
796584f90e1203db7df60f4af3cdb74f,ONLINE,2021-04-25 17:39:15.500000+00:00,2021-09-10 04:07:00+00:00,78,07B,180,294B021232C509826A57AC3136B8ABDD,137.43593171296297,4,Friday,17,Sunday,2021-09-10 00:00:00+00:00,2021-09-17 00:00:00+00:00,True,0,0
a68973d66c2d8c7a13e7e19316c60a9e,OFFLINE,2021-07-16 11:16:15.214000+00:00,2021-09-10 04:19:00+00:00,78,07B,75,C142F51706DA139EC3DCAA250682C61A,55.710240578703704,4,Friday,11,Friday,2021-09-10 00:00:00+00:00,2021-09-17 00:00:00+00:00,True,0,0
40ecd3eb026a6005c8c77ed8f230e90e,OFFLINE,2021-06-11 05:57:22.111000+00:00,2021-09-10 04:26:00+00:00,78,1EF,155,740CB1CA2BD83B3276B092195A6EB883,90.93654964120371,4,Friday,5,Friday,2021-09-10 00:00:00+00:00,2021-09-17 00:00:00+00:00,True,0,0
a912014350c6527ccbaeafaf8663ad1c,ONLINE,2021-03-19 11:28:56.894000+00:00,2021-09-10 04:40:00+00:00,78,07B,94,EEDD0125ADF9CD4325E56C39462533F5,174.7160081712963,4,Friday,11,Friday,2021-09-10 00:00:00+00:00,2021-09-17 00:00:00+00:00,True,0,0
1fc15f4ba5b5620305553d0aa0a44726,ONLINE,2021-07-29 06:56:30.224000+00:00,2021-09-10 05:20:00+00:00,78,1EF,65,195FD095D9D7F47943113AF2CBCF9A75,42.93298351851852,5,Friday,6,Thursday,2021-09-10 00:00:00+00:00,2021-09-17 00:00:00+00:00,True,0,0
2e502e7d9cdaf009c316a63a032590b5,OFFLINE,2021-02-20 20:44:10.180000+00:00,2021-09-10 05:34:00+00:00,78,1EF,70,FF6F2DDF8AB23F3461E39CE6531C7EAB,201.36793773148148,5,Friday,20,Saturday,2021-09-10 00:00:00+00:00,2021-09-17 00:00:00+00:00,True,0,0
7dd1fa2ca2495347c62ea06d83e3e47d,ONLINE,2021-03-28 03:46:41.064000+00:00,2021-09-10 05:53:00+00:00,78,07B,61,4E8E60427140A514537C374BAA698D32,166.0877191666667,5,Friday,3,Sunday,2021-09-10 00:00:00+00:00,2021-09-17 00:00:00+00:00,True,0,0
c17fc3fe32119227bd14581187cde526,OFFLINE,2021-07-08 14:26:24.824000+00:00,2021-09-10 06:11:00+00:00,78,1EF,87,740CB1CA2BD83B3276B092195A6EB883,63.65596268518519,6,Friday,14,Thursday,2021-09-10 00:00:00+00:00,2021-09-17 00:00:00+00:00,True,0,0
59bebdf8ebfd8b1e81855da63567c173,OFFLINE,2021-05-19 02:29:55.277000+00:00,2021-09-10 06:11:00+00:00,78,07B,115,EEDD0125ADF9CD4325E56C39462533F5,114.15352688657407,6,Friday,2,Wednesday,2021-09-10 00:00:00+00:00,2021-09-17 00:00:00+00:00,True,0,0
96425e12942b669d04604c8f07c15f75,OFFLINE,2021-01-26 19:47:39.083000+00:00,2021-09-10 06:12:00+00:00,78,07B,240,9F9E66046BADAE5ABE94708CED879416,226.43357542824074,6,Friday,19,Tuesday,2021-09-10 00:00:00+00:00,2021-09-17 00:00:00+00:00,True,0,0
6b1dfb7f0439211ed0b2c50c4da0fc50,OFFLINE,2021-06-03 09:33:58.346000+00:00,2021-09-10 06:20:00+00:00,78,300,50,7E701822D80EF10DEBEA008731637EA3,98.86529692129629,6,Friday,9,Thursday,2021-09-10 00:00:00+00:00,2021-09-17 00:00:00+00:00,True,0,0
78488ca1bd3df76d7ebef909c6808e97,OFFLINE,2021-03-20 03:15:36.295000+00:00,2021-09-10 06:29:00+00:00,78,07B,67,729470E813F48EEAB42A800818FDC08E,174.1343021412037,6,Friday,3,Saturday,2021-09-10 00:00:00+00:00,2021-09-17 00:00:00+00:00,True,0,0
201de1c2f9ee39d5a0aa28f8d2a3cecd,OFFLINE,2021-05-06 09:16:38.400000+00:00,2021-09-10 06:39:00+00:00,78,1EF,112,740CB1CA2BD83B3276B092195A6EB883,126.89052777777778,6,Friday,9,Thursday,2021-09-10 00:00:00+00:00,2021-09-17 00:00:00+00:00,True,0,0
b57394832472b2d1d8b3ce7771452108,OFFLINE,2021-08-03 17:51:32.888000+00:00,2021-09-10 07:01:00+00:00,78,1EF,75,38BB76CCFDD8129EF62B3AF5480605C7,37.54823046296296,7,Friday,17,Tuesday,2021-09-10 00:00:00+00:00,2021-09-17 00:00:00+00:00,True,0,0
32f08e6396925c26329627091c7a1de7,ONLINE,2021-09-06 07:50:38.262000+00:00,2021-09-10 07:28:00+00:00,78,300,50,09B36CB8AB7325477B80E99BE8FB2D02,3.9842793750000003,7,Friday,7,Monday,2021-09-10 00:00:00+00:00,2021-09-17 00:00:00+00:00,True,0,0
dd9d202352f99ab90c61abc95f076d42,OFFLINE,2021-07-01 18:30:39.805000+00:00,2021-09-10 07:33:00+00:00,78,07B,105,4ECC8B694F4BB262BDD4B0A85952B71A,70.54328929398149,7,Friday,18,Thursday,2021-09-10 00:00:00+00:00,2021-09-17 00:00:00+00:00,True,0,0
49aa0111d3f429b398d64ce83f71710a,OFFLINE,2021-08-07 17:15:04.480000+00:00,2021-09-10 07:42:00+00:00,78,07B,182,EEDD0125ADF9CD4325E56C39462533F5,33.60203148148148,7,Friday,17,Saturday,2021-09-10 00:00:00+00:00,2021-09-17 00:00:00+00:00,True,0,0
56d1277322450db4ea08f38687a6e5d1,ONLINE,2021-03-10 03:06:56.818000+00:00,2021-09-10 07:44:00+00:00,78,1EF,97,740CB1CA2BD83B3276B092195A6EB883,184.1923979398148,7,Friday,3,Wednesday,2021-09-10 00:00:00+00:00,2021-09-17 00:00:00+00:00,True,0,0
fc2ccd39e90b001d07815f51fe74f52b,OFFLINE,2021-05-24 16:20:09.044000+00:00,2021-09-10 08:00:00+00:00,78,07B,109,3B56EC028568E71AF10B3360787CD0BC,108.65267310185186,8,Friday,16,Monday,2021-09-10 00:00:00+00:00,2021-09-17 00:00:00+00:00,True,0,0
eec1473df67f5139e9f03dbf72b87fed,OFFLINE,2021-04-13 14:29:58.110000+00:00,2021-09-10 08:02:00+00:00,78,300,141,526A1D40F50BBB44821C0C0FDE8E16B7,149.73057743055557,8,Friday,14,Tuesday,2021-09-10 00:00:00+00:00,2021-09-17 00:00:00+00:00,True,0,0
511a936276650dde478c4a778bbf98c0,ONLINE,2021-08-06 12:55:29.217000+00:00,2021-09-10 08:32:00+00:00,78,1EF,63,740CB1CA2BD83B3276B092195A6EB883,34.817022951388886,8,Friday,12,Friday,2021-09-10 00:00:00+00:00,2021-09-17 00:00:00+00:00,True,0,0
c51eaefd5ebf728a4847215dab818ab2,OFFLINE,2021-03-16 19:58:17.659000+00:00,2021-09-10 08:52:00+00:00,78,1EF,120,2C10D809ABD31810F4E95F4E500EFA7E,177.53729561342593,8,Friday,19,Tuesday,2021-09-10 00:00:00+00:00,2021-09-17 00:00:00+00:00,True,0,0
9fbf1270cfb4c487030773810f1eabbf,OFFLINE,2021-02-11 02:49:39.240000+00:00,2021-09-10 09:15:00+00:00,78,07B,120,10D023CEE6CC12F06C576EB33402E56B,211.26760138888892,9,Friday,2,Thursday,2021-09-10 00:00:00+00:00,2021-09-17 00:00:00+00:00,True,0,0
5d041682a1d2a8a38e49cc4d0ee3f4ff,OFFLINE,2021-08-30 16:08:25.651000+00:00,2021-09-10 09:26:00+00:00,78,07B,118,294B021232C509826A57AC3136B8ABDD,10.72053644675926,9,Friday,16,Monday,2021-09-10 00:00:00+00:00,2021-09-17 00:00:00+00:00,True,0,0
b3ccd45bbdb55ada8893d632518ac7ff,ONLINE,2021-04-21 14:29:15.162000+00:00,2021-09-10 09:53:00+00:00,78,1EF,150,F5D32DD994477BAC9E1ACC96D65A0972,141.80815784722222,9,Friday,14,Wednesday,2021-09-10 00:00:00+00:00,2021-09-17 00:00:00+00:00,True,0,0
5c80a8927c8da10aea12de561c96fc84,ONLINE,2021-08-16 07:42:50.726000+00:00,2021-09-10 09:55:00+00:00,78,1EF,134,96C3C752FA22E3A6918ADE4F355D3F8D,25.09177400462963,9,Friday,7,Monday,2021-09-10 00:00:00+00:00,2021-09-17 00:00:00+00:00,True,0,0
5805dbc136fde2b6d8cfac964874d624,ONLINE,2021-01-15 18:22:06.496000+00:00,2021-09-10 09:58:00+00:00,78,07B,123,2CF9D19CE125793D17A0B4C371AB7AFD,237.64992481481482,9,Friday,18,Friday,2021-09-10 00:00:00+00:00,2021-09-17 00:00:00+00:00,True,0,0
7b6927ca5fabe69bb48bf927ea8531af,ONLINE,2021-02-13 10:23:13.788000+00:00,2021-09-10 09:59:00+00:00,78,07B,68,2D9F8B5DDB0A7BD6F060DBAA34EC0CFF,208.98317375000002,9,Friday,10,Saturday,2021-09-10 00:00:00+00:00,2021-09-17 00:00:00+00:00,True,0,0
b9deedbd00096a53f8302051e6380046,OFFLINE,2021-03-31 13:52:37.603000+00:00,2021-09-10 10:12:00+00:00,78,07B,58,3B56EC028568E71AF10B3360787CD0BC,162.8467870023148,10,Friday,13,Wednesday,2021-09-10 00:00:00+00:00,2021-09-17 00:00:00+00:00,True,0,0
04244c4431d4ce0c84039b91addd4545,OFFLINE,2021-06-09 08:47:38.874000+00:00,2021-09-10 10:16:00+00:00,78,07B,153,729470E813F48EEAB42A800818FDC08E,93.061355625,10,Friday,8,Wednesday,2021-09-10 00:00:00+00:00,2021-09-17 00:00:00+00:00,True,0,0
4d9d47a2fe1a60f5fe7ff2df84c4f253,ONLINE,2021-03-10 05:35:59.150000+00:00,2021-09-10 10:18:00+00:00,78,1EF,78,740CB1CA2BD83B3276B092195A6EB883,184.1958431712963,10,Friday,5,Wednesday,2021-09-10 00:00:00+00:00,2021-09-17 00:00:00+00:00,True,0,0
fea80e02b8a4aa0b8699e4254a91995e,OFFLINE,2021-08-08 20:44:27.355000+00:00,2021-09-10 10:29:00+00:00,78,300,53,D3CEA8B57F07B785543EDB2058A190CE,32.57260005787037,10,Friday,20,Sunday,2021-09-10 00:00:00+00:00,2021-09-17 00:00:00+00:00,True,0,0
240d142b444a1fe79366901593fc815d,ONLINE,2021-01-23 10:11:11.992000+00:00,2021-09-10 10:31:00+00:00,78,07B,94,EEDD0125ADF9CD4325E56C39462533F5,230.0137500925926,10,Friday,10,Saturday,2021-09-10 00:00:00+00:00,2021-09-17 00:00:00+00:00,True,0,0
893fc88f08d6b38f97e95098ad3cf68e,OFFLINE,2021-05-22 10:28:17.370000+00:00,2021-09-10 10:31:00+00:00,78,1EF,103,740CB1CA2BD83B3276B092195A6EB883,111.00188229166667,10,Friday,10,Saturday,2021-09-10 00:00:00+00:00,2021-09-17 00:00:00+00:00,True,0,0
ef3ba8503ac5d34fad906e2f104cac47,OFFLINE,2021-03-19 14:28:57.342000+00:00,2021-09-10 10:37:00+00:00,78,07B,217,4ECC8B694F4BB262BDD4B0A85952B71A,174.83891965277778,10,Friday,14,Friday,2021-09-10 00:00:00+00:00,2021-09-17 00:00:00+00:00,True,0,0
748caa4db3b8b7f827bec56dcb39db00,OFFLINE,2021-04-05 03:41:10.305000+00:00,2021-09-10 10:59:00+00:00,88,300,110,09B36CB8AB7325477B80E99BE8FB2D02,158.30404739583335,10,Friday,3,Monday,2021-09-10 00:00:00+00:00,2021-09-17 00:00:00+00:00,True,0,0
9ac5f2b9fe4f3621b339319683a4a6a4,OFFLINE,2021-03-28 08:01:42.790000+00:00,2021-09-10 11:06:00+00:00,78,07B,132,294B021232C509826A57AC3136B8ABDD,166.12797696759262,11,Friday,8,Sunday,2021-09-10 00:00:00+00:00,2021-09-17 00:00:00+00:00,True,0,0
33314a1b99f75b27d616c2d39223988c,OFFLINE,2021-03-25 07:25:46.218000+00:00,2021-09-10 11:16:00+00:00,78,1EF,94,740CB1CA2BD83B3276B092195A6EB883,169.15988173611112,11,Friday,7,Thursday,2021-09-10 00:00:00+00:00,2021-09-17 00:00:00+00:00,True,0,0
e5c2803394f36cc493659ed7d6a4d410,ONLINE,2021-02-15 13:50:59.262000+00:00,2021-09-10 11:24:00+00:00,78,07B,189,5D80F97CDC9BD4BCBB7BFA0B329E6A7B,206.89792520833336,11,Friday,13,Monday,2021-09-10 00:00:00+00:00,2021-09-17 00:00:00+00:00,True,0,0
2ee994fbd3d7e75e1c03719cf23f8bf7,OFFLINE,2021-06-10 15:10:33.060000+00:00,2021-09-10 11:27:00+00:00,78,1EF,132,9EA9D0D3FE1AE487F016FBEA8CFD7731,91.84475625,11,Friday,15,Thursday,2021-09-10 00:00:00+00:00,2021-09-17 00:00:00+00:00,True,0,0
43d4bc27e9ae0ede87fba516ce4b5f5a,OFFLINE,2021-07-03 14:24:53.161000+00:00,2021-09-10 11:47:00+00:00,78,07B,105,EE735FFED3A6072D13A30636E658A03A,68.89035693287036,11,Friday,14,Saturday,2021-09-10 00:00:00+00:00,2021-09-17 00:00:00+00:00,True,0,0
4815a1673c5bb84109ddeee6b5f6f0df,OFFLINE,2021-07-24 17:33:13.321000+00:00,2021-09-10 12:05:00+00:00,78,300,118,A85A33858C7BB0DCE962E99B2E79BBC4,47.772068043981484,12,Friday,17,Saturday,2021-09-10 00:00:00+00:00,2021-09-17 00:00:00+00:00,True,0,0
7d7cf742092f34ba42add4f8f3c1b364,OFFLINE,2021-06-02 10:37:55.324000+00:00,2021-09-10 12:13:00+00:00,78,300,86,08379264459A6EF0F8052CC20B9DD41F,100.06602634259261,12,Friday,10,Wednesday,2021-09-10 00:00:00+00:00,2021-09-17 00:00:00+00:00,True,0,0
0a30aafccc9ba96dcc3d4612f256f1d3,ONLINE,2021-04-09 11:46:00.024000+00:00,2021-09-10 12:14:00+00:00,78,300,104,7E701822D80EF10DEBEA008731637EA3,154.01944416666666,12,Friday,11,Friday,2021-09-10 00:00:00+00:00,2021-09-17 00:00:00+00:00,True,0,0
8ffa4b5bac07c1bfa5e52e5e539b02f2,OFFLINE,2021-02-05 18:34:05.717000+00:00,2021-09-10 12:44:00+00:00,78,07B,128,EEDD0125ADF9CD4325E56C39462533F5,216.75687827546295,12,Friday,18,Friday,2021-09-10 00:00:00+00:00,2021-09-17 00:00:00+00:00,True,0,0
dbbd573d531f99980a71ef566b07e798,ONLINE,2021-04-27 06:03:36.915000+00:00,2021-09-10 13:15:00+00:00,78,1EF,94,0668909560B9D2AF8FDA5489BCAA5FFF,136.29957274305556,13,Friday,6,Tuesday,2021-09-10 00:00:00+00:00,2021-09-17 00:00:00+00:00,True,0,0
f0a00496d925940d0799cc95be2230c9,OFFLINE,2021-02-23 12:54:18.518000+00:00,2021-09-10 13:16:00+00:00,78,07B,77,EE735FFED3A6072D13A30636E658A03A,199.0150634490741,13,Friday,12,Tuesday,2021-09-10 00:00:00+00:00,2021-09-17 00:00:00+00:00,True,0,0
44c5746283b15439491546f433d98e24,OFFLINE,2021-03-02 02:24:12.397000+00:00,2021-09-10 13:33:00+00:00,78,07B,197,C142F51706DA139EC3DCAA250682C61A,192.46443984953703,13,Friday,2,Tuesday,2021-09-10 00:00:00+00:00,2021-09-17 00:00:00+00:00,True,0,0
857daa7260a6e179e364e1195d5e4e7f,ONLINE,2021-02-04 04:42:59.796000+00:00,2021-09-10 13:58:00+00:00,78,300,137,56C3843EA0BAA7B2438B58CFC2BBD0FF,218.38541902777777,13,Friday,4,Thursday,2021-09-10 00:00:00+00:00,2021-09-17 00:00:00+00:00,True,0,0
c2ca90ef58b7d93b6e4e958d2051f999,OFFLINE,2021-05-18 18:59:35.647000+00:00,2021-09-10 14:19:00+00:00,78,07B,102,EEDD0125ADF9CD4325E56C39462533F5,114.80514297453703,14,Friday,18,Tuesday,2021-09-10 00:00:00+00:00,2021-09-17 00:00:00+00:00,True,0,0
01e8a0516bdd62229854c49bed50336b,ONLINE,2021-08-20 14:12:02.360000+00:00,2021-09-10 14:38:00+00:00,88,300,120,364A975FE43F5678164266B2B0E8A237,21.01802824074074,14,Friday,14,Friday,2021-09-10 00:00:00+00:00,2021-09-17 00:00:00+00:00,True,0,0
f6f71ecc82ccea9f3967434f6186a570,OFFLINE,2021-08-20 03:26:22.999000+00:00,2021-09-10 14:52:00+00:00,78,1EF,138,740CB1CA2BD83B3276B092195A6EB883,21.47612269675926,14,Friday,3,Friday,2021-09-10 00:00:00+00:00,2021-09-17 00:00:00+00:00,True,0,0
8e7e4d5a6bd2fe4bc646df40318a2839,ONLINE,2021-06-18 13:44:16.113000+00:00,2021-09-10 14:57:00+00:00,78,300,107,E56AE16934A0D29EBF24915402A7E5ED,84.0505079513889,14,Friday,13,Friday,2021-09-10 00:00:00+00:00,2021-09-17 00:00:00+00:00,True,0,0
7244022326db8e00778cf93b16ea4d95,ONLINE,2021-03-29 10:04:40.298000+00:00,2021-09-10 15:19:00+00:00,78,1EF,99,2C10D809ABD31810F4E95F4E500EFA7E,165.21828358796296,15,Friday,10,Monday,2021-09-10 00:00:00+00:00,2021-09-17 00:00:00+00:00,True,0,0
d4015a22fe2c8b8a691664f1b9f9f5ab,OFFLINE,2021-02-19 04:19:19.327000+00:00,2021-09-10 15:31:00+00:00,78,1EF,147,7B36B12A4C581DFCF8BF406AECA45564,203.46644297453705,15,Friday,4,Friday,2021-09-10 00:00:00+00:00,2021-09-17 00:00:00+00:00,True,0,0
53c9bb8c648829d3b9ed28635ccc8d10,OFFLINE,2021-08-25 10:16:11.894000+00:00,2021-09-10 15:43:00+00:00,78,07B,67,10D023CEE6CC12F06C576EB33402E56B,16.226945671296296,15,Friday,10,Wednesday,2021-09-10 00:00:00+00:00,2021-09-17 00:00:00+00:00,True,0,0
f995e3c743edd5d9fc961f19c78c496e,OFFLINE,2021-06-17 16:18:11.816000+00:00,2021-09-10 15:54:00+00:00,78,1EF,60,7B36B12A4C581DFCF8BF406AECA45564,84.98319657407407,15,Friday,16,Thursday,2021-09-10 00:00:00+00:00,2021-09-17 00:00:00+00:00,True,0,0
3b85a182989d520697d4d01e23a04970,OFFLINE,2021-03-29 15:26:23.647000+00:00,2021-09-10 15:55:00+00:00,78,1EF,141,4DF70D744AB4B2076706A37F1EBAC6B9,165.01986519675927,15,Friday,15,Monday,2021-09-10 00:00:00+00:00,2021-09-17 00:00:00+00:00,True,0,0
a49ec46ee649561cc87b0d095fc8ea60,OFFLINE,2021-07-13 04:58:05.173000+00:00,2021-09-10 16:01:00+00:00,78,1EF,122,5CD6463B9C20BA10DA25A431F2D844A6,59.460356793981475,16,Friday,4,Tuesday,2021-09-10 00:00:00+00:00,2021-09-17 00:00:00+00:00,True,0,0
8cc470170b02e0d4c82bcc5af75f8521,ONLINE,2021-03-24 13:29:52.183000+00:00,2021-09-10 16:21:00+00:00,78,07B,110,EEDD0125ADF9CD4325E56C39462533F5,170.11884047453702,16,Friday,13,Wednesday,2021-09-10 00:00:00+00:00,2021-09-17 00:00:00+00:00,True,0,0
0f6b26c634af032b8c2c4eaacaa00de8,OFFLINE,2021-08-24 07:40:30.646000+00:00,2021-09-10 16:26:00+00:00,78,300,50,7E701822D80EF10DEBEA008731637EA3,17.364923078703704,16,Friday,7,Tuesday,2021-09-10 00:00:00+00:00,2021-09-17 00:00:00+00:00,True,0,0
d5af77a730e6c5f3205ce660baa8c03f,OFFLINE,2021-05-07 14:38:14.479000+00:00,2021-09-10 16:35:00+00:00,78,07B,97,B4FC534828E371E11BC989991238B1D4,126.08108241898148,16,Friday,14,Friday,2021-09-10 00:00:00+00:00,2021-09-17 00:00:00+00:00,True,0,0
7490590994926cdc5e32c6dc99bf043b,ONLINE,2021-05-29 08:06:54.530000+00:00,2021-09-10 16:40:00+00:00,78,07B,135,EE735FFED3A6072D13A30636E658A03A,104.35631331018519,16,Friday,8,Saturday,2021-09-10 00:00:00+00:00,2021-09-17 00:00:00+00:00,True,0,0
4fde926d1f98adf6cbb079e874cdfa72,OFFLINE,2021-03-09 06:19:55.688000+00:00,2021-09-10 16:40:00+00:00,78,07B,158,294B021232C509826A57AC3136B8ABDD,185.43060546296297,16,Friday,6,Tuesday,2021-09-10 00:00:00+00:00,2021-09-17 00:00:00+00:00,True,0,0
5ddc7def24f1f9c89dc30e2fe6ffed25,ONLINE,2021-04-08 13:18:04.937000+00:00,2021-09-10 16:51:00+00:00,78,07B,57,4E8E60427140A514537C374BAA698D32,155.14785952546296,16,Friday,13,Thursday,2021-09-10 00:00:00+00:00,2021-09-17 00:00:00+00:00,True,0,0
920971f7fc51d15cb1b95407a651f159,OFFLINE,2021-08-21 12:48:45.146000+00:00,2021-09-10 19:36:00+00:00,78,07B,290,9FFABDFED33FB837D72433191B5668D5,20.282810810185186,19,Friday,12,Saturday,2021-09-10 00:00:00+00:00,2021-09-17 00:00:00+00:00,True,0,0
9bfd56d5295f4f53f241487d2bea9be3,OFFLINE,2021-05-24 15:00:46.376000+00:00,2021-09-10 20:09:00+00:00,78,07B,104,294B021232C509826A57AC3136B8ABDD,109.21404657407408,20,Friday,15,Monday,2021-09-10 00:00:00+00:00,2021-09-17 00:00:00+00:00,True,0,0
96999b417c47653096eb30608300fceb,ONLINE,2021-09-02 23:38:16.156000+00:00,2021-09-10 20:35:00+00:00,78,07B,50,EE735FFED3A6072D13A30636E658A03A,7.872729675925926,20,Friday,23,Thursday,2021-09-10 00:00:00+00:00,2021-09-17 00:00:00+00:00,True,0,0
885de5b5a128e18573d1cc84365d3708,OFFLINE,2021-04-25 00:51:46.377000+00:00,2021-09-10 21:15:00+00:00,78,07B,151,3B56EC028568E71AF10B3360787CD0BC,138.84946322916667,21,Friday,0,Sunday,2021-09-10 00:00:00+00:00,2021-09-17 00:00:00+00:00,True,0,0
8353a608ec2c045c33be02dc26d48f8f,OFFLINE,2021-09-17 12:39:54.975000+00:00,2021-10-10 02:31:00+00:00,78,300,126,A85A33858C7BB0DCE962E99B2E79BBC4,22.577141493055553,2,Sunday,12,Friday,2021-10-10 00:00:00+00:00,2021-10-17 00:00:00+00:00,True,0,0
8ed7ebb8f79cb0df48c02bbc7e9e486e,ONLINE,2021-09-23 17:43:59.563000+00:00,2021-10-10 03:48:00+00:00,78,300,91,08379264459A6EF0F8052CC20B9DD41F,16.419449502314812,3,Sunday,17,Thursday,2021-10-10 00:00:00+00:00,2021-10-17 00:00:00+00:00,True,0,0
2b6934900dcf6911727356e96c25a72f,OFFLINE,2021-06-14 03:05:21.890000+00:00,2021-10-10 03:51:00+00:00,78,07B,75,EEDD0125ADF9CD4325E56C39462533F5,118.03169108796295,3,Sunday,3,Monday,2021-10-10 00:00:00+00:00,2021-10-17 00:00:00+00:00,True,0,0
672efe5d1798e6b5e1bfbaee8b8ed53d,OFFLINE,2021-01-23 18:12:54.065000+00:00,2021-10-10 04:42:00+00:00,78,300,99,A85A33858C7BB0DCE962E99B2E79BBC4,259.4368742476852,4,Sunday,18,Saturday,2021-10-10 00:00:00+00:00,2021-10-17 00:00:00+00:00,True,0,0
1b787ad059c8acbd224b63d5b627cc56,OFFLINE,2021-03-09 09:21:11.682000+00:00,2021-10-10 04:52:00+00:00,78,07B,50,4ECC8B694F4BB262BDD4B0A85952B71A,214.81305923611112,4,Sunday,9,Tuesday,2021-10-10 00:00:00+00:00,2021-10-17 00:00:00+00:00,True,0,0
774cff2b27b1f36c693122a8e59afbbb,OFFLINE,2021-08-21 09:04:57.912000+00:00,2021-10-10 05:10:00+00:00,78,300,138,7E701822D80EF10DEBEA008731637EA3,49.83682972222223,5,Sunday,9,Saturday,2021-10-10 00:00:00+00:00,2021-10-17 00:00:00+00:00,True,0,0
1601473edc59f52d89a7a78a64ddf04d,OFFLINE,2021-02-26 09:57:01.810000+00:00,2021-10-10 06:28:00+00:00,78,07B,195,C142F51706DA139EC3DCAA250682C61A,225.85484016203705,6,Sunday,9,Friday,2021-10-10 00:00:00+00:00,2021-10-17 00:00:00+00:00,True,0,0
ea13a81028917b2c6260644655c3812d,ONLINE,2021-05-19 03:42:03.263000+00:00,2021-10-10 07:32:00+00:00,78,1EF,198,5CD6463B9C20BA10DA25A431F2D844A6,144.1596844560185,7,Sunday,3,Wednesday,2021-10-10 00:00:00+00:00,2021-10-17 00:00:00+00:00,True,0,0
648739cc61134a6d85a4d0e3b59e6338,OFFLINE,2021-07-29 05:52:08.037000+00:00,2021-10-10 07:51:00+00:00,78,07B,132,10D023CEE6CC12F06C576EB33402E56B,73.08254586805556,7,Sunday,5,Thursday,2021-10-10 00:00:00+00:00,2021-10-17 00:00:00+00:00,True,0,0
bf0d9364946d61ed6c82c9638e53c812,ONLINE,2021-06-19 09:13:26.028000+00:00,2021-10-10 08:25:00+00:00,78,07B,149,4E8E60427140A514537C374BAA698D32,112.96636541666666,8,Sunday,9,Saturday,2021-10-10 00:00:00+00:00,2021-10-17 00:00:00+00:00,True,0,0
ed025b3512436ff2f875a4b30f51d5a3,OFFLINE,2021-04-12 04:20:49.802000+00:00,2021-10-10 08:59:00+00:00,78,07B,120,EE735FFED3A6072D13A30636E658A03A,181.19317358796297,8,Sunday,4,Monday,2021-10-10 00:00:00+00:00,2021-10-17 00:00:00+00:00,True,0,0
52f1288014cb53102e75d00c17a71f29,OFFLINE,2021-05-04 12:19:16.740000+00:00,2021-10-10 09:32:00+00:00,78,07B,248,B79C3A36345A4588BD73EBFFC22B9D01,158.88383402777777,9,Sunday,12,Tuesday,2021-10-10 00:00:00+00:00,2021-10-17 00:00:00+00:00,True,0,0
920eef573d9bf1734ebab41ef08d3ff0,OFFLINE,2021-07-27 04:26:26.718000+00:00,2021-10-10 09:55:00+00:00,78,300,157,89D534629771B04F61D1971C3068D1BD,75.2281629861111,9,Sunday,4,Tuesday,2021-10-10 00:00:00+00:00,2021-10-17 00:00:00+00:00,True,0,0
fc92e435e945b7fb17d86bfdc473d174,ONLINE,2021-02-28 06:27:11.816000+00:00,2021-10-10 10:05:00+00:00,78,1EF,120,38BB76CCFDD8129EF62B3AF5480605C7,224.15125212962963,10,Sunday,6,Sunday,2021-10-10 00:00:00+00:00,2021-10-17 00:00:00+00:00,True,0,0
6fcce36e0104c5ee2ed24375954014a6,OFFLINE,2021-06-29 07:34:25.891000+00:00,2021-10-10 10:46:00+00:00,78,1EF,63,740CB1CA2BD83B3276B092195A6EB883,103.13303366898147,10,Sunday,7,Tuesday,2021-10-10 00:00:00+00:00,2021-10-17 00:00:00+00:00,True,0,0
3a2e90bb7b4c48fcb11f25d867804d13,OFFLINE,2021-04-24 02:02:21.403000+00:00,2021-10-10 11:35:00+00:00,88,07B,25,294B021232C509826A57AC3136B8ABDD,169.39766894675924,11,Sunday,2,Saturday,2021-10-10 00:00:00+00:00,2021-10-17 00:00:00+00:00,True,0,0
172ba47f52015294a0b77238314c561c,OFFLINE,2021-01-14 16:00:05.172000+00:00,2021-10-10 12:57:00+00:00,78,07B,77,294B021232C509826A57AC3136B8ABDD,268.87285680555556,12,Sunday,16,Thursday,2021-10-10 00:00:00+00:00,2021-10-17 00:00:00+00:00,True,0,0
f2e641ad57052466f176e0d25dcb02e2,OFFLINE,2021-03-30 11:10:58.092000+00:00,2021-10-10 13:46:00+00:00,78,1EF,60,F16CFD7B03D10D346B3B0F11EE2B167C,194.10766097222222,13,Sunday,11,Tuesday,2021-10-10 00:00:00+00:00,2021-10-17 00:00:00+00:00,True,0,0
2a476b448a6618f4628729a164e6cc9a,OFFLINE,2021-04-06 05:33:33.481000+00:00,2021-10-10 13:46:00+00:00,78,1EF,65,7B36B12A4C581DFCF8BF406AECA45564,187.34197359953703,13,Sunday,5,Tuesday,2021-10-10 00:00:00+00:00,2021-10-17 00:00:00+00:00,True,0,0
fcbeedc15721382e42e8773112b5acb6,ONLINE,2021-02-19 05:23:49.170000+00:00,2021-10-10 13:56:00+00:00,78,300,125,C0DD698BE0C1EA71FA3045950BEEC64B,233.35568090277775,13,Sunday,5,Friday,2021-10-10 00:00:00+00:00,2021-10-17 00:00:00+00:00,True,0,0
b43040b8b117f7c3dccd8591b0a112db,OFFLINE,2021-09-12 17:52:01.576000+00:00,2021-10-10 15:11:00+00:00,78,1EF,38,49CA01E7044CB3B65F99673C9C074D16,27.888176203703704,15,Sunday,17,Sunday,2021-10-10 00:00:00+00:00,2021-10-17 00:00:00+00:00,True,0,0
160265dca9d6aee32695ee21e26087fb,ONLINE,2021-04-02 16:14:32.516000+00:00,2021-10-10 15:40:00+00:00,78,07B,77,9F9E66046BADAE5ABE94708CED879416,190.9760125462963,15,Sunday,16,Friday,2021-10-10 00:00:00+00:00,2021-10-17 00:00:00+00:00,True,0,0
970daf17dbc0029ec2b8d6711a235df5,ONLINE,2021-09-15 19:40:04.111000+00:00,2021-10-10 16:06:00+00:00,78,1EF,89,4DF70D744AB4B2076706A37F1EBAC6B9,24.85134130787037,16,Sunday,19,Wednesday,2021-10-10 00:00:00+00:00,2021-10-17 00:00:00+00:00,True,0,0
78b9a7937be344b33dc78b9dcec6c761,OFFLINE,2021-08-18 01:41:09.800000+00:00,2021-10-10 16:46:00+00:00,80,1EF,200,38BB76CCFDD8129EF62B3AF5480605C7,53.6283587962963,16,Sunday,1,Wednesday,2021-10-10 00:00:00+00:00,2021-10-17 00:00:00+00:00,True,0,0
aff2322ce54f928a6467425dc074caba,OFFLINE,2021-05-07 15:28:06.829000+00:00,2021-10-10 17:22:00+00:00,78,07B,173,EE735FFED3A6072D13A30636E658A03A,156.0790876273148,17,Sunday,15,Friday,2021-10-10 00:00:00+00:00,2021-10-17 00:00:00+00:00,True,0,0
ad9e81090d35270e98a8c34448ee1b2e,OFFLINE,2021-01-21 14:21:32.604000+00:00,2021-10-10 18:35:00+00:00,78,07B,61,2D9F8B5DDB0A7BD6F060DBAA34EC0CFF,262.1760115277778,18,Sunday,14,Thursday,2021-10-10 00:00:00+00:00,2021-10-17 00:00:00+00:00,True,0,0
d32d39a7c1bdbe15b4ca126154f14225,OFFLINE,2021-06-25 18:44:13.631000+00:00,2021-10-10 19:04:00+00:00,78,07B,111,4E8E60427140A514537C374BAA698D32,107.0137311226852,19,Sunday,18,Friday,2021-10-10 00:00:00+00:00,2021-10-17 00:00:00+00:00,True,0,0
a99fade9ac0a20859a196ab9c079cb12,ONLINE,2021-09-15 11:42:52.879000+00:00,2021-10-10 20:14:00+00:00,78,1EF,111,14CCC0943D263F0E285A20693E9FD4B1,25.35494353009259,20,Sunday,11,Wednesday,2021-10-10 00:00:00+00:00,2021-10-17 00:00:00+00:00,True,0,0
47282829b202356944c22bb539da1e2f,OFFLINE,2021-09-09 06:47:57.709000+00:00,2021-10-13 00:40:00+00:00,78,1EF,68,5CD6463B9C20BA10DA25A431F2D844A6,33.74447096064815,0,Wednesday,6,Thursday,2021-10-13 00:00:00+00:00,2021-10-20 00:00:00+00:00,True,0,0
ba4806690c1e6f9f20605b79c093cd1a,OFFLINE,2021-06-15 15:02:58.698000+00:00,2021-10-13 01:00:00+00:00,78,07B,133,4E8E60427140A514537C374BAA698D32,119.41459840277777,1,Wednesday,15,Tuesday,2021-10-13 00:00:00+00:00,2021-10-20 00:00:00+00:00,True,0,0
dbebf0814f58948e7a779529f8ace48d,ONLINE,2021-06-13 21:07:13.987000+00:00,2021-10-13 02:45:00+00:00,78,07B,104,9FFABDFED33FB837D72433191B5668D5,121.23456033564815,2,Wednesday,21,Sunday,2021-10-13 00:00:00+00:00,2021-10-20 00:00:00+00:00,True,0,0
fff0159bc8545450165a713728c73738,ONLINE,2021-08-29 09:06:22.216000+00:00,2021-10-13 03:07:00+00:00,78,07B,120,4E8E60427140A514537C374BAA698D32,44.75043731481482,3,Wednesday,9,Sunday,2021-10-13 00:00:00+00:00,2021-10-20 00:00:00+00:00,True,0,0
00f6dd9cf0b3294a94e82642a7c1a58c,OFFLINE,2021-01-29 06:43:08.681000+00:00,2021-10-13 03:09:00+00:00,78,07B,112,F84C47E45A36CBB7374E22F943B1CAA6,256.8512884143518,3,Wednesday,6,Friday,2021-10-13 00:00:00+00:00,2021-10-20 00:00:00+00:00,True,0,0
1405dca898d5d283c8d39202939282fa,ONLINE,2021-03-08 06:44:00.765000+00:00,2021-10-13 03:20:00+00:00,78,07B,93,10D023CEE6CC12F06C576EB33402E56B,218.85832447916667,3,Wednesday,6,Monday,2021-10-13 00:00:00+00:00,2021-10-20 00:00:00+00:00,True,0,0
2b5235a82ee743c9c2f04106f9bb19e7,OFFLINE,2021-01-24 17:49:15.030000+00:00,2021-10-13 03:22:00+00:00,78,07B,110,9F9E66046BADAE5ABE94708CED879416,261.39774270833334,3,Wednesday,17,Sunday,2021-10-13 00:00:00+00:00,2021-10-20 00:00:00+00:00,True,0,0
0d25f29ece759c2e3f9420c618dfcc67,OFFLINE,2021-01-23 04:29:00.006000+00:00,2021-10-13 03:29:00+00:00,78,1EF,150,7B36B12A4C581DFCF8BF406AECA45564,262.9583332638889,3,Wednesday,4,Saturday,2021-10-13 00:00:00+00:00,2021-10-20 00:00:00+00:00,True,1,0
d8358ac40b7dc83842c93cb1ae1ee939,OFFLINE,2021-06-04 10:01:11.456000+00:00,2021-10-13 03:43:00+00:00,78,1EF,278,14CCC0943D263F0E285A20693E9FD4B1,130.73736740740742,3,Wednesday,10,Friday,2021-10-13 00:00:00+00:00,2021-10-20 00:00:00+00:00,True,0,0
d1db51459b0b07abf1d91ab7873231fd,OFFLINE,2021-09-06 18:11:31.881000+00:00,2021-10-13 03:44:00+00:00,78,07B,92,EEDD0125ADF9CD4325E56C39462533F5,36.39754767361111,3,Wednesday,18,Monday,2021-10-13 00:00:00+00:00,2021-10-20 00:00:00+00:00,True,1,0
1772a03a744e5b82c19c7dbffb1881a6,OFFLINE,2021-03-11 17:56:58.219000+00:00,2021-10-13 03:59:00+00:00,78,07B,138,10D023CEE6CC12F06C576EB33402E56B,215.4180761689815,3,Wednesday,17,Thursday,2021-10-13 00:00:00+00:00,2021-10-20 00:00:00+00:00,True,0,0
bb5508140fb51a68a59252aca63a32b6,ONLINE,2021-09-28 11:17:10.636000+00:00,2021-10-13 04:00:00+00:00,78,1EF,215,7B36B12A4C581DFCF8BF406AECA45564,14.696404675925926,4,Wednesday,11,Tuesday,2021-10-13 00:00:00+00:00,2021-10-20 00:00:00+00:00,True,0,0
b3478dc5cc46fa29556c660757c758fb,OFFLINE,2021-05-07 05:17:25.893000+00:00,2021-10-13 04:01:00+00:00,78,1EF,67,14CCC0943D263F0E285A20693E9FD4B1,158.94692253472223,4,Wednesday,5,Friday,2021-10-13 00:00:00+00:00,2021-10-20 00:00:00+00:00,True,0,0
fa7a576b5d8cf79f9f4ec75766ec588a,OFFLINE,2021-04-13 14:28:30.209000+00:00,2021-10-13 04:07:00+00:00,78,07B,179,4E8E60427140A514537C374BAA698D32,182.56840035879628,4,Wednesday,14,Tuesday,2021-10-13 00:00:00+00:00,2021-10-20 00:00:00+00:00,True,0,0
aca9086b09b46e07e01f8ced958f5762,OFFLINE,2021-10-02 11:28:36.390000+00:00,2021-10-13 04:19:00+00:00,78,1EF,262,1162FF15A2450469905B590D62F7746E,10.701662152777777,4,Wednesday,11,Saturday,2021-10-13 00:00:00+00:00,2021-10-20 00:00:00+00:00,True,0,0
06d15741fd1f158a48b6cdff40309659,OFFLINE,2021-05-20 15:10:24.899000+00:00,2021-10-13 04:32:00+00:00,78,300,68,C0DD698BE0C1EA71FA3045950BEEC64B,145.55665626157406,4,Wednesday,15,Thursday,2021-10-13 00:00:00+00:00,2021-10-20 00:00:00+00:00,True,0,0
2c0ece020bec32b28e36792cd2798f18,OFFLINE,2021-05-29 09:53:09.461000+00:00,2021-10-13 04:34:00+00:00,78,1EF,156,96C3C752FA22E3A6918ADE4F355D3F8D,136.77836271990742,4,Wednesday,9,Saturday,2021-10-13 00:00:00+00:00,2021-10-20 00:00:00+00:00,True,0,0
aa6f9030b406091edeaca22e931e187f,ONLINE,2021-07-08 15:43:13.957000+00:00,2021-10-13 04:42:00+00:00,78,07B,85,56129BC950F9E18A9F5DF651D9D267D1,96.54081068287037,4,Wednesday,15,Thursday,2021-10-13 00:00:00+00:00,2021-10-20 00:00:00+00:00,True,0,0
b21fd38cf4239d86bf663f951c0ec7ba,OFFLINE,2021-02-21 16:37:16.694000+00:00,2021-10-13 04:50:00+00:00,78,1EF,67,BB2033CE2FA4822C957B37DEB445B32C,233.5088345601852,4,Wednesday,16,Sunday,2021-10-13 00:00:00+00:00,2021-10-20 00:00:00+00:00,True,0,0
37ad079f9412f82a11a8d103b9d27c1c,OFFLINE,2021-10-06 04:48:17.523000+00:00,2021-10-13 04:56:00+00:00,78,1EF,140,2C10D809ABD31810F4E95F4E500EFA7E,7.005352743055555,4,Wednesday,4,Wednesday,2021-10-13 00:00:00+00:00,2021-10-20 00:00:00+00:00,True,0,0
c42c03579b585ff23ef8d74d74f25e61,OFFLINE,2021-04-01 10:06:51.704000+00:00,2021-10-13 05:14:00+00:00,78,07B,139,C142F51706DA139EC3DCAA250682C61A,194.7966237962963,5,Wednesday,10,Thursday,2021-10-13 00:00:00+00:00,2021-10-20 00:00:00+00:00,True,0,0
8cd61f354ac3f99ec326dcf438b89912,ONLINE,2021-07-05 20:07:04.304000+00:00,2021-10-13 05:36:00+00:00,78,07B,217,EE735FFED3A6072D13A30636E658A03A,99.39508907407408,5,Wednesday,20,Monday,2021-10-13 00:00:00+00:00,2021-10-20 00:00:00+00:00,True,0,0
3317c4358d4073112956492a8e2e7e90,OFFLINE,2021-06-24 09:11:20.842000+00:00,2021-10-13 05:38:00+00:00,78,07B,124,C142F51706DA139EC3DCAA250682C61A,110.85184210648148,5,Wednesday,9,Thursday,2021-10-13 00:00:00+00:00,2021-10-20 00:00:00+00:00,True,0,0
77cb348bdd4fc08cafa8e4a66b021805,ONLINE,2021-01-22 04:34:17.372000+00:00,2021-10-13 05:47:00+00:00,78,300,182,D3CEA8B57F07B785543EDB2058A190CE,264.0504933796296,5,Wednesday,4,Friday,2021-10-13 00:00:00+00:00,2021-10-20 00:00:00+00:00,True,0,0
9bcaf1739e376570738740510925cf54,OFFLINE,2021-04-29 05:46:19.190000+00:00,2021-10-13 06:36:00+00:00,78,07B,127,56129BC950F9E18A9F5DF651D9D267D1,167.03450011574074,6,Wednesday,5,Thursday,2021-10-13 00:00:00+00:00,2021-10-20 00:00:00+00:00,True,0,0
f28e439e7244bf01f2db6ada9a7f3bbc,OFFLINE,2021-04-17 15:01:22.385000+00:00,2021-10-13 06:40:00+00:00,78,300,77,D3CEA8B57F07B785543EDB2058A190CE,178.6518242476852,6,Wednesday,15,Saturday,2021-10-13 00:00:00+00:00,2021-10-20 00:00:00+00:00,True,0,0
9a133375d18b1d745af575d1af480f08,OFFLINE,2021-04-26 04:43:40.275000+00:00,2021-10-13 06:44:00+00:00,78,07B,84,EE735FFED3A6072D13A30636E658A03A,170.08356163194443,6,Wednesday,4,Monday,2021-10-13 00:00:00+00:00,2021-10-20 00:00:00+00:00,True,0,0
9e21d67705ba4f010882d94a9ce2956b,OFFLINE,2021-04-18 15:59:20.493000+00:00,2021-10-13 06:53:00+00:00,78,300,162,89D534629771B04F61D1971C3068D1BD,177.62059614583333,6,Wednesday,15,Sunday,2021-10-13 00:00:00+00:00,2021-10-20 00:00:00+00:00,True,0,0
87328ec30dee8d823f11bd9033837ccd,OFFLINE,2021-01-22 08:42:16.344000+00:00,2021-10-13 06:55:00+00:00,78,07B,104,294B021232C509826A57AC3136B8ABDD,263.92550527777775,6,Wednesday,8,Friday,2021-10-13 00:00:00+00:00,2021-10-20 00:00:00+00:00,True,0,0
f50523baa77ca8f61d7ae9b2e42ba6f2,OFFLINE,2021-05-07 05:22:22.048000+00:00,2021-10-13 08:10:00+00:00,88,07B,250,9FFABDFED33FB837D72433191B5668D5,159.11641148148146,8,Wednesday,5,Friday,2021-10-13 00:00:00+00:00,2021-10-20 00:00:00+00:00,True,0,0
d37948f935aadbe2c56276a497aa4ee0,OFFLINE,2021-10-03 20:16:00.639000+00:00,2021-10-13 08:10:00+00:00,78,07B,153,2CF9D19CE125793D17A0B4C371AB7AFD,9.495825937500001,8,Wednesday,20,Sunday,2021-10-13 00:00:00+00:00,2021-10-20 00:00:00+00:00,True,0,0
f832e4face606149cfe6b67ce56d1163,ONLINE,2021-08-09 08:29:53.120000+00:00,2021-10-13 08:32:00+00:00,78,300,60,08379264459A6EF0F8052CC20B9DD41F,65.00146851851852,8,Wednesday,8,Monday,2021-10-13 00:00:00+00:00,2021-10-20 00:00:00+00:00,True,1,0
6fcec9d124c35bc2714f6a32280b89b1,OFFLINE,2021-08-09 10:33:59.730000+00:00,2021-10-13 08:36:00+00:00,78,1EF,106,FF6F2DDF8AB23F3461E39CE6531C7EAB,64.91805868055555,8,Wednesday,10,Monday,2021-10-13 00:00:00+00:00,2021-10-20 00:00:00+00:00,True,0,0
3db118b0263354c8fd12669b5393ee38,OFFLINE,2021-07-13 11:05:11.955000+00:00,2021-10-13 08:36:00+00:00,78,300,86,4FB52D1F31461850C15CC1C15A02931B,91.89638940972222,8,Wednesday,11,Tuesday,2021-10-13 00:00:00+00:00,2021-10-20 00:00:00+00:00,True,0,0
cd6d44333c02456520d7ade4d848e0aa,OFFLINE,2021-07-19 05:32:00.257000+00:00,2021-10-13 08:41:00+00:00,78,300,138,89D534629771B04F61D1971C3068D1BD,86.13124702546295,8,Wednesday,5,Monday,2021-10-13 00:00:00+00:00,2021-10-20 00:00:00+00:00,True,0,0
016131f5f19291b3b15f6f9ca183c437,OFFLINE,2021-01-22 14:45:33.566000+00:00,2021-10-13 08:49:00+00:00,78,1EF,173,4DF70D744AB4B2076706A37F1EBAC6B9,263.7523892824074,8,Wednesday,14,Friday,2021-10-13 00:00:00+00:00,2021-10-20 00:00:00+00:00,True,0,0
02a1f3d0ab538905031e72df314c1ad9,OFFLINE,2021-06-01 10:12:43.387000+00:00,2021-10-13 09:00:00+00:00,78,1EF,99,38BB76CCFDD8129EF62B3AF5480605C7,133.94949783564815,9,Wednesday,10,Tuesday,2021-10-13 00:00:00+00:00,2021-10-20 00:00:00+00:00,True,0,0
20e38d4f7ab87476a8392431958a5176,OFFLINE,2021-04-07 04:51:55.503000+00:00,2021-10-13 09:10:00+00:00,78,300,106,7E701822D80EF10DEBEA008731637EA3,189.17921871527778,9,Wednesday,4,Wednesday,2021-10-13 00:00:00+00:00,2021-10-20 00:00:00+00:00,True,0,0
77be8367ee39c9fc33951cf76b327001,OFFLINE,2021-06-06 12:21:54.268000+00:00,2021-10-13 09:12:00+00:00,78,300,116,8C9CD2798C922216EC02BD7D1BCD9786,128.86812189814816,9,Wednesday,12,Sunday,2021-10-13 00:00:00+00:00,2021-10-20 00:00:00+00:00,True,0,0
2e3f08986d735e13ba2527b56d09c549,OFFLINE,2021-07-15 07:57:50.300000+00:00,2021-10-13 09:16:00+00:00,78,07B,78,4ECC8B694F4BB262BDD4B0A85952B71A,90.05427893518518,9,Wednesday,7,Thursday,2021-10-13 00:00:00+00:00,2021-10-20 00:00:00+00:00,True,0,0
d0a3f3f6638a79c7c4d8137f95ae04a3,OFFLINE,2021-08-25 22:00:25.504000+00:00,2021-10-13 09:34:00+00:00,78,07B,200,C142F51706DA139EC3DCAA250682C61A,48.48164925925926,9,Wednesday,22,Wednesday,2021-10-13 00:00:00+00:00,2021-10-20 00:00:00+00:00,True,0,0
66c19f2a5c2301193268d8298f9e7d74,OFFLINE,2021-01-17 11:53:39.771000+00:00,2021-10-13 09:40:00+00:00,78,07B,85,3B56EC028568E71AF10B3360787CD0BC,268.90717857638884,9,Wednesday,11,Sunday,2021-10-13 00:00:00+00:00,2021-10-20 00:00:00+00:00,True,0,0
987df94f71b241ce37a4773717d80d39,OFFLINE,2021-02-06 15:23:39.689000+00:00,2021-10-13 10:08:00+00:00,78,07B,86,3B56EC028568E71AF10B3360787CD0BC,248.7807906365741,10,Wednesday,15,Saturday,2021-10-13 00:00:00+00:00,2021-10-20 00:00:00+00:00,True,0,0
f1162b0ef8086006f3029b4a2fae385f,OFFLINE,2021-01-15 17:39:39.740000+00:00,2021-10-13 10:12:00+00:00,78,07B,72,3B56EC028568E71AF10B3360787CD0BC,270.6891233796296,10,Wednesday,17,Friday,2021-10-13 00:00:00+00:00,2021-10-20 00:00:00+00:00,True,0,0
2f1d91915ee4900a06c10663ab013c4e,OFFLINE,2021-01-18 09:53:54.804000+00:00,2021-10-13 10:27:00+00:00,78,1EF,81,08A9B54E00545ECCD369B8E5D2692E9F,268.0229768055555,10,Wednesday,9,Monday,2021-10-13 00:00:00+00:00,2021-10-20 00:00:00+00:00,True,0,0
f97ffd3b42a36aceade2c2acd3714d65,OFFLINE,2021-07-16 03:36:25.316000+00:00,2021-10-13 10:39:00+00:00,78,1EF,61,7B36B12A4C581DFCF8BF406AECA45564,89.29345699074075,10,Wednesday,3,Friday,2021-10-13 00:00:00+00:00,2021-10-20 00:00:00+00:00,True,0,0
76a547a1cdebdcd8288951ab0d9d7b90,OFFLINE,2021-10-01 16:11:00.670000+00:00,2021-10-13 11:00:00+00:00,78,07B,250,4E8E60427140A514537C374BAA698D32,11.784020023148148,11,Wednesday,16,Friday,2021-10-13 00:00:00+00:00,2021-10-20 00:00:00+00:00,True,0,0
20019644e76e5fdbad6f103468dab5bd,OFFLINE,2021-09-22 08:55:02.899000+00:00,2021-10-13 11:25:00+00:00,78,1EF,73,F4C330A3091E324FECCFB7CBE86F44E1,21.104133113425927,11,Wednesday,8,Wednesday,2021-10-13 00:00:00+00:00,2021-10-20 00:00:00+00:00,True,0,0
801012465c3541905b29a4bf147edf59,OFFLINE,2021-04-14 02:42:48.648000+00:00,2021-10-13 11:43:00+00:00,78,07B,146,9F9E66046BADAE5ABE94708CED879416,182.3751313888889,11,Wednesday,2,Wednesday,2021-10-13 00:00:00+00:00,2021-10-20 00:00:00+00:00,True,0,0
e28abf68de0c34200a200ff01ac672e9,OFFLINE,2021-02-22 14:10:45.711000+00:00,2021-10-13 11:48:00+00:00,78,07B,144,2D9F8B5DDB0A7BD6F060DBAA34EC0CFF,232.9008598263889,11,Wednesday,14,Monday,2021-10-13 00:00:00+00:00,2021-10-20 00:00:00+00:00,True,0,0
121f293b817a54280398b7f70d401f15,OFFLINE,2021-05-22 15:49:52.014000+00:00,2021-10-13 11:57:00+00:00,78,07B,123,2D9F8B5DDB0A7BD6F060DBAA34EC0CFF,143.838286875,11,Wednesday,15,Saturday,2021-10-13 00:00:00+00:00,2021-10-20 00:00:00+00:00,True,0,0
4841f9cb8bccdc8f43097aa5d71c33c5,OFFLINE,2021-04-27 22:24:39.365000+00:00,2021-10-13 12:10:00+00:00,78,07B,90,2D9F8B5DDB0A7BD6F060DBAA34EC0CFF,168.57315549768518,12,Wednesday,22,Tuesday,2021-10-13 00:00:00+00:00,2021-10-20 00:00:00+00:00,True,0,0
25c465e0819d355550bfd74e40febb5e,OFFLINE,2021-10-04 11:17:28.334000+00:00,2021-10-13 12:11:00+00:00,78,07B,85,9F9E66046BADAE5ABE94708CED879416,9.037172060185185,12,Wednesday,11,Monday,2021-10-13 00:00:00+00:00,2021-10-20 00:00:00+00:00,True,0,0
cc25124ce36d508a25128a5e2665d025,OFFLINE,2021-02-01 22:35:01.109000+00:00,2021-10-13 12:20:00+00:00,78,07B,77,EEDD0125ADF9CD4325E56C39462533F5,253.5729038310185,12,Wednesday,22,Monday,2021-10-13 00:00:00+00:00,2021-10-20 00:00:00+00:00,True,0,0
bb33d5c7fbd5932c7f18119cd6da45f0,OFFLINE,2021-04-12 15:58:14.962000+00:00,2021-10-13 12:37:00+00:00,78,07B,94,294B021232C509826A57AC3136B8ABDD,183.86024349537038,12,Wednesday,15,Monday,2021-10-13 00:00:00+00:00,2021-10-20 00:00:00+00:00,True,0,0
283c2a331a573ddde8bdf3b4b18cf789,OFFLINE,2021-06-09 11:33:30.974000+00:00,2021-10-13 12:52:00+00:00,78,07B,161,56129BC950F9E18A9F5DF651D9D267D1,126.05450261574074,12,Wednesday,11,Wednesday,2021-10-13 00:00:00+00:00,2021-10-20 00:00:00+00:00,True,0,0
8410b3a83a409fe4dc5b93b8bcc7490d,OFFLINE,2021-07-09 16:51:26.713000+00:00,2021-10-13 13:01:00+00:00,78,1EF,76,08A9B54E00545ECCD369B8E5D2692E9F,95.83996859953703,13,Wednesday,16,Friday,2021-10-13 00:00:00+00:00,2021-10-20 00:00:00+00:00,True,0,0
0356a20581e2de2bf34831a1575c4617,OFFLINE,2021-08-02 11:56:37.825000+00:00,2021-10-13 13:21:00+00:00,78,300,86,08379264459A6EF0F8052CC20B9DD41F,72.05858998842592,13,Wednesday,11,Monday,2021-10-13 00:00:00+00:00,2021-10-20 00:00:00+00:00,True,0,0
966700b5592d3ef35da533fa7cc6830c,OFFLINE,2021-07-02 21:14:27.077000+00:00,2021-10-13 13:30:00+00:00,78,07B,94,4E8E60427140A514537C374BAA698D32,102.67746438657407,13,Wednesday,21,Friday,2021-10-13 00:00:00+00:00,2021-10-20 00:00:00+00:00,True,0,0
7b1b521d8ff22323ea389580b343a71d,OFFLINE,2021-03-03 12:57:46.662000+00:00,2021-10-13 13:39:00+00:00,78,1EF,162,4DF70D744AB4B2076706A37F1EBAC6B9,224.02862659722223,13,Wednesday,12,Wednesday,2021-10-13 00:00:00+00:00,2021-10-20 00:00:00+00:00,True,0,0
692f086ccf1923df24d6e9b61be9970e,OFFLINE,2021-03-18 12:39:38.911000+00:00,2021-10-13 14:17:00+00:00,78,07B,75,4ECC8B694F4BB262BDD4B0A85952B71A,209.06760519675927,14,Wednesday,12,Thursday,2021-10-13 00:00:00+00:00,2021-10-20 00:00:00+00:00,True,0,0
5cfeb200c336900e85de3461ce034055,ONLINE,2021-06-24 11:56:55.209000+00:00,2021-10-13 14:23:00+00:00,78,1EF,260,14CCC0943D263F0E285A20693E9FD4B1,111.10144434027777,14,Wednesday,11,Thursday,2021-10-13 00:00:00+00:00,2021-10-20 00:00:00+00:00,True,0,0
e543fe9d211fb2cedfaf22992286eaab,ONLINE,2021-04-16 12:40:52.791000+00:00,2021-10-13 14:24:00+00:00,78,1EF,67,08A9B54E00545ECCD369B8E5D2692E9F,180.07161121527778,14,Wednesday,12,Friday,2021-10-13 00:00:00+00:00,2021-10-20 00:00:00+00:00,True,0,0
766c8fbd90e705a3f69abb890db4a5e8,OFFLINE,2021-04-24 11:20:47.939000+00:00,2021-10-13 14:32:00+00:00,78,07B,83,EEDD0125ADF9CD4325E56C39462533F5,172.1327784837963,14,Wednesday,11,Saturday,2021-10-13 00:00:00+00:00,2021-10-20 00:00:00+00:00,True,0,0
20a2c80f92d981082403c47b4a866d1b,OFFLINE,2021-01-25 10:56:25.489000+00:00,2021-10-13 15:06:00+00:00,78,1EF,175,4DF70D744AB4B2076706A37F1EBAC6B9,261.17331609953703,15,Wednesday,10,Monday,2021-10-13 00:00:00+00:00,2021-10-20 00:00:00+00:00,True,0,0
ace7bcc76ae6ae613d1095756ff024c3,ONLINE,2021-10-10 07:53:14.432000+00:00,2021-10-13 15:14:00+00:00,78,1EF,125,0668909560B9D2AF8FDA5489BCAA5FFF,3.306082962962963,15,Wednesday,7,Sunday,2021-10-13 00:00:00+00:00,2021-10-20 00:00:00+00:00,True,0,0
685cdf27620c1e2fbf6e1d99e89fb0b1,OFFLINE,2021-06-02 03:24:31.296000+00:00,2021-10-13 15:32:00+00:00,78,07B,91,EEDD0125ADF9CD4325E56C39462533F5,133.50519333333332,15,Wednesday,3,Wednesday,2021-10-13 00:00:00+00:00,2021-10-20 00:00:00+00:00,True,0,0
1e74e6a49a84c2f35ce5c709d21c4f3f,OFFLINE,2021-04-10 06:48:12.936000+00:00,2021-10-13 15:38:00+00:00,78,07B,123,C142F51706DA139EC3DCAA250682C61A,186.36790583333334,15,Wednesday,6,Saturday,2021-10-13 00:00:00+00:00,2021-10-20 00:00:00+00:00,True,0,0
12318555f185bad408e245f3d3b8f0ff,OFFLINE,2021-03-08 02:42:29.475000+00:00,2021-10-13 15:58:00+00:00,78,07B,85,3B56EC028568E71AF10B3360787CD0BC,219.55243663194443,15,Wednesday,2,Monday,2021-10-13 00:00:00+00:00,2021-10-20 00:00:00+00:00,True,0,0
1de330f7d9841df838bee0790c75bb70,OFFLINE,2021-05-22 11:44:41.801000+00:00,2021-10-13 16:09:00+00:00,78,07B,110,2CF9D19CE125793D17A0B4C371AB7AFD,144.1835439699074,16,Wednesday,11,Saturday,2021-10-13 00:00:00+00:00,2021-10-20 00:00:00+00:00,True,0,0
0f7d528ae7e76d504a1bfffb2965eba0,OFFLINE,2021-06-23 12:09:02.399000+00:00,2021-10-13 16:11:00+00:00,78,1EF,85,BB2033CE2FA4822C957B37DEB445B32C,112.16802778935185,16,Wednesday,12,Wednesday,2021-10-13 00:00:00+00:00,2021-10-20 00:00:00+00:00,True,0,0
cf9c90b65e045468e3cb3b3ee1869864,ONLINE,2021-05-09 11:25:06.517000+00:00,2021-10-13 16:13:00+00:00,78,07B,75,BEB712D51701D0787EC236821442EA5C,157.19992457175925,16,Wednesday,11,Sunday,2021-10-13 00:00:00+00:00,2021-10-20 00:00:00+00:00,True,0,0
99bd7e2395d4763d6abb612dc1f82e35,OFFLINE,2021-06-19 17:33:44.532000+00:00,2021-10-13 16:13:00+00:00,78,1EF,104,F5D32DD994477BAC9E1ACC96D65A0972,115.94392902777778,16,Wednesday,17,Saturday,2021-10-13 00:00:00+00:00,2021-10-20 00:00:00+00:00,True,0,0
4c960485430290ecdeb7e7ba181cb94a,OFFLINE,2021-09-04 07:25:22.577000+00:00,2021-10-13 16:31:00+00:00,78,300,50,526A1D40F50BBB44821C0C0FDE8E16B7,39.378905358796295,16,Wednesday,7,Saturday,2021-10-13 00:00:00+00:00,2021-10-20 00:00:00+00:00,True,0,0
29f0ff5e6e375844b25033a825598daa,OFFLINE,2021-04-05 12:26:03.730000+00:00,2021-10-13 16:45:00+00:00,78,07B,65,EEDD0125ADF9CD4325E56C39462533F5,191.1798179398148,16,Wednesday,12,Monday,2021-10-13 00:00:00+00:00,2021-10-20 00:00:00+00:00,True,0,0
da57341dbb786f3cec783eefbedeff77,OFFLINE,2021-05-29 13:38:11.460000+00:00,2021-10-13 16:46:00+00:00,78,1EF,146,FF6F2DDF8AB23F3461E39CE6531C7EAB,137.13042291666665,16,Wednesday,13,Saturday,2021-10-13 00:00:00+00:00,2021-10-20 00:00:00+00:00,True,0,0
9340a897777026adde36cdbd0e1ae4a6,OFFLINE,2021-08-05 18:33:34.599000+00:00,2021-10-13 17:05:00+00:00,78,07B,199,2D9F8B5DDB0A7BD6F060DBAA34EC0CFF,68.9384884375,17,Wednesday,18,Thursday,2021-10-13 00:00:00+00:00,2021-10-20 00:00:00+00:00,True,0,0
a444580a9c154f9d92599f15b9da60ba,OFFLINE,2021-01-27 10:26:02.389000+00:00,2021-10-13 17:13:00+00:00,78,1EF,97,38BB76CCFDD8129EF62B3AF5480605C7,259.28261123842594,17,Wednesday,10,Wednesday,2021-10-13 00:00:00+00:00,2021-10-20 00:00:00+00:00,True,0,0
f2b53a2adc94d7339282f13ff7ccb8f1,OFFLINE,2021-10-06 07:26:46.439000+00:00,2021-10-13 17:16:00+00:00,78,07B,189,4E8E60427140A514537C374BAA698D32,7.409184733796296,17,Wednesday,7,Wednesday,2021-10-13 00:00:00+00:00,2021-10-20 00:00:00+00:00,True,1,0
ec6c9089da8a550734b2421227e6a7ed,ONLINE,2021-09-09 16:31:35.485000+00:00,2021-10-13 17:22:00+00:00,78,300,76,364A975FE43F5678164266B2B0E8A237,34.03500596064815,17,Wednesday,16,Thursday,2021-10-13 00:00:00+00:00,2021-10-20 00:00:00+00:00,True,0,0
e3ed22e9c6f5fd73cda7250f20b3d60d,ONLINE,2021-06-24 05:12:29.423000+00:00,2021-10-13 17:50:00+00:00,78,1EF,132,38BB76CCFDD8129EF62B3AF5480605C7,111.52604834490741,17,Wednesday,5,Thursday,2021-10-13 00:00:00+00:00,2021-10-20 00:00:00+00:00,True,0,0
4474aeb495295257b0bb4dea90db9e8f,ONLINE,2021-06-30 08:11:33.502000+00:00,2021-10-13 18:53:00+00:00,78,1EF,60,7B36B12A4C581DFCF8BF406AECA45564,105.4454455787037,18,Wednesday,8,Wednesday,2021-10-13 00:00:00+00:00,2021-10-20 00:00:00+00:00,True,0,0
56589d534f4a67a5206f126e136b9172,OFFLINE,2021-02-19 16:30:42.581000+00:00,2021-10-13 20:19:00+00:00,88,300,240,526A1D40F50BBB44821C0C0FDE8E16B7,236.15853494212962,20,Wednesday,16,Friday,2021-10-13 00:00:00+00:00,2021-10-20 00:00:00+00:00,True,0,0
e1498607a63df7c59fe89b3b9d6b1580,OFFLINE,2021-05-10 17:51:07.519000+00:00,2021-10-13 20:39:00+00:00,78,300,50,08379264459A6EF0F8052CC20B9DD41F,156.1165796412037,20,Wednesday,17,Monday,2021-10-13 00:00:00+00:00,2021-10-20 00:00:00+00:00,True,0,0
b23d7b3808610a67068439c955deaae2,OFFLINE,2021-04-06 08:43:04.475000+00:00,2021-10-13 21:47:00+00:00,78,300,50,B6563BC197C1D5F0381754909937C28F,190.54439265046298,21,Wednesday,8,Tuesday,2021-10-13 00:00:00+00:00,2021-10-20 00:00:00+00:00,True,0,0
074c94916ca8236113d8d849b8ae5848,ONLINE,2021-07-24 19:19:57.112000+00:00,2021-10-13 23:45:00+00:00,78,1EF,156,2C10D809ABD31810F4E95F4E500EFA7E,81.1840612037037,23,Wednesday,19,Saturday,2021-10-13 00:00:00+00:00,2021-10-20 00:00:00+00:00,True,0,0
66cdb88ef9220e1b17a61f24a6e67682,OFFLINE,2021-03-01 05:09:56.248000+00:00,2021-10-14 01:37:00+00:00,78,1EF,116,08A9B54E00545ECCD369B8E5D2692E9F,226.85212675925925,1,Thursday,5,Monday,2021-10-14 00:00:00+00:00,2021-10-21 00:00:00+00:00,True,0,0
9ca3ef58d7398343304bbed9b4b03de3,ONLINE,2021-05-02 17:07:50.648000+00:00,2021-10-14 02:01:00+00:00,78,07B,86,4E8E60427140A514537C374BAA698D32,164.37024712962963,2,Thursday,17,Sunday,2021-10-14 00:00:00+00:00,2021-10-21 00:00:00+00:00,True,0,0
b23d58b7f625b0682561f01ca9efa086,OFFLINE,2021-02-02 10:14:35.807000+00:00,2021-10-14 02:44:00+00:00,78,07B,82,4ECC8B694F4BB262BDD4B0A85952B71A,253.68708556712963,2,Thursday,10,Tuesday,2021-10-14 00:00:00+00:00,2021-10-21 00:00:00+00:00,True,0,0
cc229c82562b9915efd13bdaab958d51,OFFLINE,2021-10-06 20:26:45.026000+00:00,2021-10-14 02:51:00+00:00,78,07B,91,4E8E60427140A514537C374BAA698D32,7.266839976851853,2,Thursday,20,Wednesday,2021-10-14 00:00:00+00:00,2021-10-21 00:00:00+00:00,True,0,0
92570d87094df02e6a89e651fd320a92,ONLINE,2021-09-06 13:57:16.124000+00:00,2021-10-14 02:59:00+00:00,78,07B,68,EEDD0125ADF9CD4325E56C39462533F5,37.54286893518519,2,Thursday,13,Monday,2021-10-14 00:00:00+00:00,2021-10-21 00:00:00+00:00,True,0,0
1c34884a73638acbcdde0860902d0027,ONLINE,2021-09-30 03:25:22.297000+00:00,2021-10-14 03:02:00+00:00,78,300,50,4FB52D1F31461850C15CC1C15A02931B,13.983769710648147,3,Thursday,3,Thursday,2021-10-14 00:00:00+00:00,2021-10-21 00:00:00+00:00,True,1,0
aa43297d4cfd9ac188ecb676940d2e71,OFFLINE,2021-01-27 13:52:47.182000+00:00,2021-10-14 03:10:00+00:00,78,07B,93,294B021232C509826A57AC3136B8ABDD,259.5536205787037,3,Thursday,13,Wednesday,2021-10-14 00:00:00+00:00,2021-10-21 00:00:00+00:00,True,1,0
0bd258e33e05d39421fc9dc2da24028b,ONLINE,2021-01-30 10:01:16.319000+00:00,2021-10-14 03:13:00+00:00,78,07B,65,EEDD0125ADF9CD4325E56C39462533F5,256.71647778935187,3,Thursday,10,Saturday,2021-10-14 00:00:00+00:00,2021-10-21 00:00:00+00:00,True,0,0
b88e760550ad6d73eae0c03d98b9af98,OFFLINE,2021-03-12 02:31:58.858000+00:00,2021-10-14 03:24:00+00:00,78,07B,148,56129BC950F9E18A9F5DF651D9D267D1,216.03612432870372,3,Thursday,2,Friday,2021-10-14 00:00:00+00:00,2021-10-21 00:00:00+00:00,True,1,0
f555ef8dce6a108738ae5c6f10fc2201,OFFLINE,2021-03-16 10:56:05.615000+00:00,2021-10-14 03:29:00+00:00,78,07B,131,B79C3A36345A4588BD73EBFFC22B9D01,211.6895183449074,3,Thursday,10,Tuesday,2021-10-14 00:00:00+00:00,2021-10-21 00:00:00+00:00,True,0,0
9acb0d8af07df0d50389a37f856f2819,OFFLINE,2021-02-25 08:44:56.915000+00:00,2021-10-14 03:38:00+00:00,78,07B,137,10D023CEE6CC12F06C576EB33402E56B,230.7868412615741,3,Thursday,8,Thursday,2021-10-14 00:00:00+00:00,2021-10-21 00:00:00+00:00,True,0,0
531e1a5585e29ab9232d948534c89031,OFFLINE,2021-07-02 08:31:29.806000+00:00,2021-10-14 04:03:00+00:00,78,300,246,E2F9517E4B924224FB308023E6149775,103.81354391203703,4,Thursday,8,Friday,2021-10-14 00:00:00+00:00,2021-10-21 00:00:00+00:00,True,0,0
246ddb63961d9d7de38accd268af8fe2,OFFLINE,2021-06-26 09:07:02.708000+00:00,2021-10-14 04:06:00+00:00,78,1EF,67,740CB1CA2BD83B3276B092195A6EB883,109.79094087962962,4,Thursday,9,Saturday,2021-10-14 00:00:00+00:00,2021-10-21 00:00:00+00:00,True,0,0
5a3549b49ca76efc99d7fad61961f70e,OFFLINE,2021-08-12 03:56:44.496000+00:00,2021-10-14 04:23:00+00:00,78,300,50,364A975FE43F5678164266B2B0E8A237,63.018235,4,Thursday,3,Thursday,2021-10-14 00:00:00+00:00,2021-10-21 00:00:00+00:00,True,0,0
ac39e8da85c578d59954a018c820590f,OFFLINE,2021-07-26 03:40:29.171000+00:00,2021-10-14 04:38:00+00:00,78,1EF,173,F4C330A3091E324FECCFB7CBE86F44E1,80.03994015046297,4,Thursday,3,Monday,2021-10-14 00:00:00+00:00,2021-10-21 00:00:00+00:00,True,0,0
4bc494a07ddf2041e0242b3eace49341,OFFLINE,2021-03-12 16:00:51.598000+00:00,2021-10-14 04:49:00+00:00,78,1EF,67,195FD095D9D7F47943113AF2CBCF9A75,215.5334305787037,4,Thursday,16,Friday,2021-10-14 00:00:00+00:00,2021-10-21 00:00:00+00:00,True,0,0
96a2047bf4cd84b5c6cd628fd7e8694a,ONLINE,2021-01-22 12:08:40.790000+00:00,2021-10-14 05:09:00+00:00,78,07B,61,EEDD0125ADF9CD4325E56C39462533F5,264.7085556712963,5,Thursday,12,Friday,2021-10-14 00:00:00+00:00,2021-10-21 00:00:00+00:00,True,0,0
f4f6942c10aefd66caa69d5ad4b5cf1f,ONLINE,2021-08-09 08:34:58.182000+00:00,2021-10-14 05:12:00+00:00,78,300,50,7E701822D80EF10DEBEA008731637EA3,65.85904881944444,5,Thursday,8,Monday,2021-10-14 00:00:00+00:00,2021-10-21 00:00:00+00:00,True,1,0
fd763275e6cf15e8400b34f264f0cb9d,ONLINE,2021-08-30 16:54:51.508000+00:00,2021-10-14 05:22:00+00:00,78,07B,207,C142F51706DA139EC3DCAA250682C61A,44.51884828703704,5,Thursday,16,Monday,2021-10-14 00:00:00+00:00,2021-10-21 00:00:00+00:00,True,0,0
deda2336c4c86943939a4121f5ed4c39,OFFLINE,2021-04-26 17:32:13.874000+00:00,2021-10-14 05:24:00+00:00,78,07B,89,294B021232C509826A57AC3136B8ABDD,170.49428386574075,5,Thursday,17,Monday,2021-10-14 00:00:00+00:00,2021-10-21 00:00:00+00:00,True,0,0
83d488b46d070fb26d67f8670e30a520,OFFLINE,2021-02-01 12:46:50.731000+00:00,2021-10-14 05:41:00+00:00,78,07B,135,4E8E60427140A514537C374BAA698D32,254.7042739467593,5,Thursday,12,Monday,2021-10-14 00:00:00+00:00,2021-10-21 00:00:00+00:00,True,0,0
a75276d92c7043a2120d9c175d46792f,ONLINE,2021-09-24 04:41:45.845000+00:00,2021-10-14 05:47:00+00:00,78,300,188,E56AE16934A0D29EBF24915402A7E5ED,20.045302719907408,5,Thursday,4,Friday,2021-10-14 00:00:00+00:00,2021-10-21 00:00:00+00:00,True,0,0
293ef30ea985ed4416cce1ccc6956d02,ONLINE,2021-07-06 15:47:02.622000+00:00,2021-10-14 05:58:00+00:00,78,1EF,60,08A9B54E00545ECCD369B8E5D2692E9F,99.590941875,5,Thursday,15,Tuesday,2021-10-14 00:00:00+00:00,2021-10-21 00:00:00+00:00,True,0,0
1af39c945e9e4ac4d5b67857901f3eab,OFFLINE,2021-07-19 05:42:25.806000+00:00,2021-10-14 06:04:00+00:00,78,1EF,75,740CB1CA2BD83B3276B092195A6EB883,87.01497909722222,6,Thursday,5,Monday,2021-10-14 00:00:00+00:00,2021-10-21 00:00:00+00:00,True,0,0
2d12ffcefd1e237ff77a4d79164e6a5d,OFFLINE,2021-09-18 11:56:24.995000+00:00,2021-10-14 06:07:00+00:00,78,07B,217,9F9E66046BADAE5ABE94708CED879416,25.757349594907406,6,Thursday,11,Saturday,2021-10-14 00:00:00+00:00,2021-10-21 00:00:00+00:00,True,1,0
5efa32b33d631fb91f11d20929395f46,OFFLINE,2021-06-20 08:46:26.511000+00:00,2021-10-14 06:11:00+00:00,78,1EF,80,93A459F0AC42B4DAE28317297839D393,115.89205427083333,6,Thursday,8,Sunday,2021-10-14 00:00:00+00:00,2021-10-21 00:00:00+00:00,True,0,0
d57d57f024561cac5c4de92ba99a0796,OFFLINE,2021-01-22 08:00:49.883000+00:00,2021-10-14 06:23:00+00:00,78,07B,215,D03E45AE45CAFB97B315F3E4A7C2D615,264.9320615393518,6,Thursday,8,Friday,2021-10-14 00:00:00+00:00,2021-10-21 00:00:00+00:00,True,0,0
4ae075ef955edf1fdc9154671ac2ee0e,OFFLINE,2021-04-13 03:54:09.155000+00:00,2021-10-14 06:31:00+00:00,78,1EF,75,195FD095D9D7F47943113AF2CBCF9A75,184.10892181712964,6,Thursday,3,Tuesday,2021-10-14 00:00:00+00:00,2021-10-21 00:00:00+00:00,True,0,0
fa076ad10646c7bda3d7906f9b1f5653,OFFLINE,2021-06-30 17:16:12.257000+00:00,2021-10-14 06:32:00+00:00,78,1EF,190,1162FF15A2450469905B590D62F7746E,105.55263591435185,6,Thursday,17,Wednesday,2021-10-14 00:00:00+00:00,2021-10-21 00:00:00+00:00,True,0,0
7ebe406cdeaf3f0ad7c5ce6263271492,OFFLINE,2021-02-17 05:59:31.114000+00:00,2021-10-14 06:38:00+00:00,78,1EF,123,38BB76CCFDD8129EF62B3AF5480605C7,239.0267232175926,6,Thursday,5,Wednesday,2021-10-14 00:00:00+00:00,2021-10-21 00:00:00+00:00,True,0,0
0449fc48a5737b045566df37add5f5df,ONLINE,2021-06-25 05:12:10.179000+00:00,2021-10-14 06:43:00+00:00,78,300,121,89D534629771B04F61D1971C3068D1BD,111.06307663194445,6,Thursday,5,Friday,2021-10-14 00:00:00+00:00,2021-10-21 00:00:00+00:00,True,0,0
0e06aa7824337960ada01b9759febcba,OFFLINE,2021-07-31 12:20:35.596000+00:00,2021-10-14 06:50:00+00:00,78,300,109,4FB52D1F31461850C15CC1C15A02931B,74.7704213425926,6,Thursday,12,Saturday,2021-10-14 00:00:00+00:00,2021-10-21 00:00:00+00:00,True,0,0
9a25feab7804376bb1137746f8ddd124,OFFLINE,2021-05-18 19:00:54.059000+00:00,2021-10-14 06:54:00+00:00,78,1EF,113,96C3C752FA22E3A6918ADE4F355D3F8D,148.49520765046296,6,Thursday,19,Tuesday,2021-10-14 00:00:00+00:00,2021-10-21 00:00:00+00:00,True,0,0
594498954af0556463e8935a6cc69e81,OFFLINE,2021-09-15 14:18:33.476000+00:00,2021-10-14 07:03:00+00:00,78,300,56,08379264459A6EF0F8052CC20B9DD41F,28.697529212962966,7,Thursday,14,Wednesday,2021-10-14 00:00:00+00:00,2021-10-21 00:00:00+00:00,True,0,0
9fc0f70cce1c097a971313014030c87b,ONLINE,2021-07-01 10:53:50.441000+00:00,2021-10-14 07:05:00+00:00,78,300,79,4FB52D1F31461850C15CC1C15A02931B,104.8410828587963,7,Thursday,10,Thursday,2021-10-14 00:00:00+00:00,2021-10-21 00:00:00+00:00,True,0,0
5312a8539e2477439b5da7b8bd625cfd,OFFLINE,2021-05-13 01:44:38.728000+00:00,2021-10-14 07:16:00+00:00,78,07B,52,2CF9D19CE125793D17A0B4C371AB7AFD,154.2301073148148,7,Thursday,1,Thursday,2021-10-14 00:00:00+00:00,2021-10-21 00:00:00+00:00,True,0,0
4d52cede2dbfadd5fca2e4db33188eca,OFFLINE,2021-02-26 18:48:05.848000+00:00,2021-10-14 07:18:00+00:00,78,07B,94,B79C3A36345A4588BD73EBFFC22B9D01,229.52076564814814,7,Thursday,18,Friday,2021-10-14 00:00:00+00:00,2021-10-21 00:00:00+00:00,True,0,0
2f7d7f5c5e426a27deeb565176043d94,OFFLINE,2021-05-21 05:45:53.741000+00:00,2021-10-14 07:30:00+00:00,78,1EF,145,D5CECB3D35FF9FEF0E46207CFE4A5F29,146.07229466435186,7,Thursday,5,Friday,2021-10-14 00:00:00+00:00,2021-10-21 00:00:00+00:00,True,0,0
503995d64e23642057e9542d8442fa6e,ONLINE,2021-08-10 06:44:16.990000+00:00,2021-10-14 07:46:00+00:00,78,300,62,C0DD698BE0C1EA71FA3045950BEEC64B,65.04285891203703,7,Thursday,6,Tuesday,2021-10-14 00:00:00+00:00,2021-10-21 00:00:00+00:00,True,0,0
a61074ee46aefb667412e29b97225157,ONLINE,2021-04-22 05:05:18.881000+00:00,2021-10-14 08:27:00+00:00,78,07B,93,EEDD0125ADF9CD4325E56C39462533F5,175.1400592476852,8,Thursday,5,Thursday,2021-10-14 00:00:00+00:00,2021-10-21 00:00:00+00:00,True,0,0
8e793eafd15caede51f013d56cf4ebf4,OFFLINE,2021-04-30 08:23:15.705000+00:00,2021-10-14 08:43:00+00:00,78,07B,156,EEDD0125ADF9CD4325E56C39462533F5,167.01370711805555,8,Thursday,8,Friday,2021-10-14 00:00:00+00:00,2021-10-21 00:00:00+00:00,True,0,0
71bc83170432c452d8f6c78ade57ed02,OFFLINE,2021-02-27 10:36:45.090000+00:00,2021-10-14 08:46:00+00:00,78,1EF,64,38BB76CCFDD8129EF62B3AF5480605C7,228.9230892361111,8,Thursday,10,Saturday,2021-10-14 00:00:00+00:00,2021-10-21 00:00:00+00:00,True,0,0
391bab50a7b343adb60d9df63062700c,ONLINE,2021-03-29 03:10:57.078000+00:00,2021-10-14 08:51:00+00:00,78,07B,111,2D9F8B5DDB0A7BD6F060DBAA34EC0CFF,199.23614493055553,8,Thursday,3,Monday,2021-10-14 00:00:00+00:00,2021-10-21 00:00:00+00:00,True,0,0
5ae84d8e95cb8d9e1b6cae8dfd676f5f,OFFLINE,2021-01-19 11:23:55.900000+00:00,2021-10-14 08:57:00+00:00,78,07B,103,3B56EC028568E71AF10B3360787CD0BC,267.8979641203704,8,Thursday,11,Tuesday,2021-10-14 00:00:00+00:00,2021-10-21 00:00:00+00:00,True,0,0
5a47d6a8966c8e660d613643a10504e7,OFFLINE,2021-06-28 15:19:45.210000+00:00,2021-10-14 09:09:00+00:00,78,1EF,85,F6AD024DDBE30DC433E2D9BE8AB5CBDC,107.74253229166666,9,Thursday,15,Monday,2021-10-14 00:00:00+00:00,2021-10-21 00:00:00+00:00,True,0,0
436e966c407cce4f6dfe46623c6e3371,ONLINE,2021-10-07 09:13:41.394000+00:00,2021-10-14 09:27:00+00:00,78,07B,119,294B021232C509826A57AC3136B8ABDD,7.009243125,9,Thursday,9,Thursday,2021-10-14 00:00:00+00:00,2021-10-21 00:00:00+00:00,True,0,0
e5ad8c20f8e65829d930adc0c97a1d60,OFFLINE,2021-08-09 09:38:46.552000+00:00,2021-10-14 09:35:00+00:00,78,1EF,109,5CD6463B9C20BA10DA25A431F2D844A6,65.99737787037037,9,Thursday,9,Monday,2021-10-14 00:00:00+00:00,2021-10-21 00:00:00+00:00,True,0,0
d7c53b49cf2e7d39bbf9e4c2db124ff8,OFFLINE,2021-06-17 09:57:49.794000+00:00,2021-10-14 09:36:00+00:00,78,07B,161,4E8E60427140A514537C374BAA698D32,118.98484034722223,9,Thursday,9,Thursday,2021-10-14 00:00:00+00:00,2021-10-21 00:00:00+00:00,True,0,0
b53446f23d5f08fdb83231acde77d8a8,ONLINE,2021-10-14 09:57:24.767000+00:00,2021-10-14 10:13:00+00:00,78,1EF,82,38BB76CCFDD8129EF62B3AF5480605C7,0.010824456018518518,10,Thursday,9,Thursday,2021-10-14 00:00:00+00:00,2021-10-21 00:00:00+00:00,True,0,0
5e313b12bd979c1af4fcb5eb3f4abe2e,OFFLINE,2021-02-07 16:43:29.606000+00:00,2021-10-14 10:15:00+00:00,78,300,130,6C95625CBBEF8E86248B347AF84368A0,248.73021289351854,10,Thursday,16,Sunday,2021-10-14 00:00:00+00:00,2021-10-21 00:00:00+00:00,True,0,0
38cca118f00f81386f7a59973b9dd01f,OFFLINE,2021-09-22 13:14:42.193000+00:00,2021-10-14 10:18:00+00:00,78,1EF,70,4DF70D744AB4B2076706A37F1EBAC6B9,21.87728943287037,10,Thursday,13,Wednesday,2021-10-14 00:00:00+00:00,2021-10-21 00:00:00+00:00,True,1,0
eee39368661d86e8fd45a4e3a1478a03,OFFLINE,2021-01-30 11:42:02.344000+00:00,2021-10-14 10:38:00+00:00,78,07B,78,EEDD0125ADF9CD4325E56C39462533F5,256.95552842592593,10,Thursday,11,Saturday,2021-10-14 00:00:00+00:00,2021-10-21 00:00:00+00:00,True,0,0
7fae5bfceb1073217549c9c77ec65e10,OFFLINE,2021-08-11 23:42:58.883000+00:00,2021-10-14 11:12:00+00:00,78,07B,137,EEDD0125ADF9CD4325E56C39462533F5,63.47848515046296,11,Thursday,23,Wednesday,2021-10-14 00:00:00+00:00,2021-10-21 00:00:00+00:00,True,0,0
759cd8352e22ab60431b2f4d972966b1,OFFLINE,2021-04-05 11:57:13.618000+00:00,2021-10-14 11:20:00+00:00,78,1EF,96,38BB76CCFDD8129EF62B3AF5480605C7,191.9741479398148,11,Thursday,11,Monday,2021-10-14 00:00:00+00:00,2021-10-21 00:00:00+00:00,True,0,0
44e58b3e4b6f87047d4ffd17cc194ca0,ONLINE,2021-04-26 12:08:22.086000+00:00,2021-10-14 11:23:00+00:00,78,1EF,66,38BB76CCFDD8129EF62B3AF5480605C7,170.968494375,11,Thursday,12,Monday,2021-10-14 00:00:00+00:00,2021-10-21 00:00:00+00:00,True,0,0
6ef8718073edafebf2b9f2773dafa589,OFFLINE,2021-06-06 12:26:11.959000+00:00,2021-10-14 11:34:00+00:00,78,07B,120,B0B076A3064F0AEA0A2AAC679ECE5F62,129.96375047453702,11,Thursday,12,Sunday,2021-10-14 00:00:00+00:00,2021-10-21 00:00:00+00:00,True,0,0
891c35ccbd3ab2cd806c4c25cb2e3e16,OFFLINE,2021-09-22 14:36:07.166000+00:00,2021-10-14 11:36:00+00:00,78,300,50,F0C8A9D19009F1B76367ED6CFD4FA580,21.874917060185187,11,Thursday,14,Wednesday,2021-10-14 00:00:00+00:00,2021-10-21 00:00:00+00:00,True,0,0
44390d9246c8474feb3e38cb736069eb,OFFLINE,2021-08-12 14:58:26.314000+00:00,2021-10-14 11:37:00+00:00,88,300,150,09B36CB8AB7325477B80E99BE8FB2D02,62.86011210648148,11,Thursday,14,Thursday,2021-10-14 00:00:00+00:00,2021-10-21 00:00:00+00:00,True,0,0
cbee5ce07acc70052761e8ef91f5b002,OFFLINE,2021-03-11 02:59:30.622000+00:00,2021-10-14 11:45:00+00:00,78,1EF,90,BB2033CE2FA4822C957B37DEB445B32C,217.36492335648146,11,Thursday,2,Thursday,2021-10-14 00:00:00+00:00,2021-10-21 00:00:00+00:00,True,0,0
e23ba9ddc482a5c46f601d3323ffec39,ONLINE,2021-03-01 10:03:30.081000+00:00,2021-10-14 11:54:00+00:00,78,1EF,60,195FD095D9D7F47943113AF2CBCF9A75,227.0767351736111,11,Thursday,10,Monday,2021-10-14 00:00:00+00:00,2021-10-21 00:00:00+00:00,True,0,0
8868935cb8791fdccdbb01f69482a81f,OFFLINE,2021-06-18 13:40:32.293000+00:00,2021-10-14 12:08:00+00:00,78,300,121,E56AE16934A0D29EBF24915402A7E5ED,117.93573734953704,12,Thursday,13,Friday,2021-10-14 00:00:00+00:00,2021-10-21 00:00:00+00:00,True,1,0
1f61f7fa458926c8c0a1f7a6a6592641,OFFLINE,2021-04-20 18:06:35.991000+00:00,2021-10-14 12:15:00+00:00,78,300,50,C0DD698BE0C1EA71FA3045950BEEC64B,176.7558334375,12,Thursday,18,Tuesday,2021-10-14 00:00:00+00:00,2021-10-21 00:00:00+00:00,True,0,0
13e866cec4e684f2e13d4ff6fb560dcf,OFFLINE,2021-04-06 08:16:44.721000+00:00,2021-10-14 12:15:00+00:00,78,1EF,60,F066DEFF7409FE06BB3F4539FBDF12A4,191.16545461805555,12,Thursday,8,Tuesday,2021-10-14 00:00:00+00:00,2021-10-21 00:00:00+00:00,True,0,0
660d84eb937ba90d785cb6ac711e06b1,ONLINE,2021-02-08 06:35:14.749000+00:00,2021-10-14 12:27:00+00:00,78,1EF,208,F5D32DD994477BAC9E1ACC96D65A0972,248.2442737384259,12,Thursday,6,Monday,2021-10-14 00:00:00+00:00,2021-10-21 00:00:00+00:00,True,0,0
32d94d3b23e9cb022ec3083ff1962ac3,ONLINE,2021-09-13 03:44:15.725000+00:00,2021-10-14 12:37:00+00:00,78,07B,56,2CF9D19CE125793D17A0B4C371AB7AFD,31.369956886574073,12,Thursday,3,Monday,2021-10-14 00:00:00+00:00,2021-10-21 00:00:00+00:00,True,0,0
49e56b5b21d99342a530f33c51deac42,OFFLINE,2021-03-09 02:39:53.726000+00:00,2021-10-14 12:50:00+00:00,78,1EF,136,38BB76CCFDD8129EF62B3AF5480605C7,219.42368372685186,12,Thursday,2,Tuesday,2021-10-14 00:00:00+00:00,2021-10-21 00:00:00+00:00,True,0,0
9681ed6a8e5d50ae73a73d81b2a9c6bc,OFFLINE,2021-06-06 17:56:13.077000+00:00,2021-10-14 12:58:00+00:00,78,07B,91,EEDD0125ADF9CD4325E56C39462533F5,129.7929042013889,12,Thursday,17,Sunday,2021-10-14 00:00:00+00:00,2021-10-21 00:00:00+00:00,True,0,0
ce56f18e6bb96ad1be65ada9665ca389,OFFLINE,2021-01-13 04:07:07.612000+00:00,2021-10-14 13:06:00+00:00,78,07B,105,9F9E66046BADAE5ABE94708CED879416,274.3742174537037,13,Thursday,4,Wednesday,2021-10-14 00:00:00+00:00,2021-10-21 00:00:00+00:00,True,0,0
777ae7b9d132beb1c8d4703735f0438b,OFFLINE,2021-10-05 07:55:14.450000+00:00,2021-10-14 13:13:00+00:00,78,300,50,526A1D40F50BBB44821C0C0FDE8E16B7,9.220666087962963,13,Thursday,7,Tuesday,2021-10-14 00:00:00+00:00,2021-10-21 00:00:00+00:00,True,0,0
8ec5212d1604751e24931b7039248cc5,ONLINE,2021-05-07 06:12:21.902000+00:00,2021-10-14 13:16:00+00:00,78,300,113,7E701822D80EF10DEBEA008731637EA3,160.29419094907408,13,Thursday,6,Friday,2021-10-14 00:00:00+00:00,2021-10-21 00:00:00+00:00,True,0,0
482e88443e191f59da82f784209f55cf,OFFLINE,2021-08-11 03:59:19.763000+00:00,2021-10-14 13:32:00+00:00,78,300,71,1BA53B5BBB76E9903A2CF8FF02C37293,64.39768792824074,13,Thursday,3,Wednesday,2021-10-14 00:00:00+00:00,2021-10-21 00:00:00+00:00,True,0,0
583688e00d943b6ef67b8fff49f9550b,OFFLINE,2021-02-07 00:02:31.639000+00:00,2021-10-14 13:35:00+00:00,78,07B,57,5CBAE575834E2A0026B9C318B4104DF0,249.56421714120373,13,Thursday,0,Sunday,2021-10-14 00:00:00+00:00,2021-10-21 00:00:00+00:00,True,0,0
371be45cb38474fd7f345d38916043ec,OFFLINE,2021-02-16 11:20:50.303000+00:00,2021-10-14 14:03:00+00:00,78,07B,122,3B56EC028568E71AF10B3360787CD0BC,240.1126122337963,14,Thursday,11,Tuesday,2021-10-14 00:00:00+00:00,2021-10-21 00:00:00+00:00,True,0,0
a477be66a212b9eb2ebfbbf9fbfa5abd,OFFLINE,2021-06-20 14:49:49.863000+00:00,2021-10-14 14:07:00+00:00,78,1EF,115,BB2033CE2FA4822C957B37DEB445B32C,115.97025621527779,14,Thursday,14,Sunday,2021-10-14 00:00:00+00:00,2021-10-21 00:00:00+00:00,True,0,0
1cfa5f752e78dc20ee791f7238643b00,ONLINE,2021-09-02 15:08:50.423000+00:00,2021-10-14 14:16:00+00:00,78,07B,92,B79C3A36345A4588BD73EBFFC22B9D01,41.96330528935185,14,Thursday,15,Thursday,2021-10-14 00:00:00+00:00,2021-10-21 00:00:00+00:00,True,0,0
bd4bd59bfa7a5e3b6300dbde7643ab35,OFFLINE,2021-06-12 14:22:04.057000+00:00,2021-10-14 14:20:00+00:00,78,07B,139,294B021232C509826A57AC3136B8ABDD,123.9985641550926,14,Thursday,14,Saturday,2021-10-14 00:00:00+00:00,2021-10-21 00:00:00+00:00,True,0,0
b14d8e25d874c554385aaa94ecd3edf3,OFFLINE,2021-05-07 15:54:34.432000+00:00,2021-10-14 14:32:00+00:00,78,07B,66,2CF9D19CE125793D17A0B4C371AB7AFD,159.94265703703704,14,Thursday,15,Friday,2021-10-14 00:00:00+00:00,2021-10-21 00:00:00+00:00,True,0,0
485c652687210f5ac3dea6471f660a15,OFFLINE,2021-07-28 02:49:12.801000+00:00,2021-10-14 14:32:00+00:00,78,300,96,D3CEA8B57F07B785543EDB2058A190CE,78.48804628472222,14,Thursday,2,Wednesday,2021-10-14 00:00:00+00:00,2021-10-21 00:00:00+00:00,True,0,0
66890687e27a82ff6be77a030927eb17,OFFLINE,2021-06-18 11:01:28.608000+00:00,2021-10-14 14:48:00+00:00,76,300,285,09B36CB8AB7325477B80E99BE8FB2D02,118.15730777777779,14,Thursday,11,Friday,2021-10-14 00:00:00+00:00,2021-10-21 00:00:00+00:00,True,0,0
0b84f06690089e832515a8200b2c28bb,ONLINE,2021-02-25 15:19:16.727000+00:00,2021-10-14 14:53:00+00:00,78,1EF,104,740CB1CA2BD83B3276B092195A6EB883,230.9817508449074,14,Thursday,15,Thursday,2021-10-14 00:00:00+00:00,2021-10-21 00:00:00+00:00,True,0,0
e2247bdb64fc4792c73f6037f5921db6,OFFLINE,2021-03-04 14:10:55.879000+00:00,2021-10-14 15:06:00+00:00,78,07B,50,4E8E60427140A514537C374BAA698D32,224.03824214120368,15,Thursday,14,Thursday,2021-10-14 00:00:00+00:00,2021-10-21 00:00:00+00:00,True,0,0
c88bcb52f370cf9bd9415874914d502c,ONLINE,2021-08-25 05:24:49.248000+00:00,2021-10-14 15:14:00+00:00,78,300,103,E56AE16934A0D29EBF24915402A7E5ED,50.409152222222225,15,Thursday,5,Wednesday,2021-10-14 00:00:00+00:00,2021-10-21 00:00:00+00:00,True,0,0
d2e2be200980a7324d0798c74909965e,ONLINE,2021-04-12 08:47:39.369000+00:00,2021-10-14 15:24:00+00:00,78,07B,82,4ECC8B694F4BB262BDD4B0A85952B71A,185.2752387847222,15,Thursday,8,Monday,2021-10-14 00:00:00+00:00,2021-10-21 00:00:00+00:00,True,0,0
b1cdc78fbfc6ba864ffe8d1d4b0bb3ed,OFFLINE,2021-06-15 18:28:18.399000+00:00,2021-10-14 15:41:00+00:00,78,1EF,218,F066DEFF7409FE06BB3F4539FBDF12A4,120.88381482638889,15,Thursday,18,Tuesday,2021-10-14 00:00:00+00:00,2021-10-21 00:00:00+00:00,True,0,0
c945337a1613e53604ae265e42253fc1,OFFLINE,2021-04-29 17:28:24.576000+00:00,2021-10-14 16:17:00+00:00,78,07B,47,4575953E5DD96D9E301B05E12FB12540,167.95041,16,Thursday,17,Thursday,2021-10-14 00:00:00+00:00,2021-10-21 00:00:00+00:00,True,0,0
c5482ac40161d8f8b62881871dc2e01d,OFFLINE,2021-08-08 16:53:10.257000+00:00,2021-10-14 16:26:00+00:00,78,07B,158,4575953E5DD96D9E301B05E12FB12540,66.98113128472222,16,Thursday,16,Sunday,2021-10-14 00:00:00+00:00,2021-10-21 00:00:00+00:00,True,0,0
d18cb5a1e1e4c78fbd08755ef66adc34,OFFLINE,2021-05-17 04:13:44.869000+00:00,2021-10-14 16:59:00+00:00,78,07B,128,EEDD0125ADF9CD4325E56C39462533F5,150.5314251273148,16,Thursday,4,Monday,2021-10-14 00:00:00+00:00,2021-10-21 00:00:00+00:00,True,0,0
6645444d89284795c19994d617a83d31,OFFLINE,2021-03-09 04:36:35.513000+00:00,2021-10-14 17:17:00+00:00,78,07B,153,C142F51706DA139EC3DCAA250682C61A,219.52806119212963,17,Thursday,4,Tuesday,2021-10-14 00:00:00+00:00,2021-10-21 00:00:00+00:00,True,0,0
82dfd5e503e9d4f974765040d3874c9c,OFFLINE,2021-08-06 16:02:26.888000+00:00,2021-10-14 17:57:00+00:00,78,300,89,08379264459A6EF0F8052CC20B9DD41F,69.0795499074074,17,Thursday,16,Friday,2021-10-14 00:00:00+00:00,2021-10-21 00:00:00+00:00,True,0,0
8ffe73abd421ae7b3b7a81bc14d59a75,OFFLINE,2021-06-24 16:16:50.123000+00:00,2021-10-14 18:30:00+00:00,78,300,148,1BA53B5BBB76E9903A2CF8FF02C37293,112.09247542824075,18,Thursday,16,Thursday,2021-10-14 00:00:00+00:00,2021-10-21 00:00:00+00:00,True,0,0
347e0a5a100aae589e39370480396cb2,OFFLINE,2021-10-14 17:32:43.732000+00:00,2021-10-14 18:40:00+00:00,78,1EF,60,7B36B12A4C581DFCF8BF406AECA45564,0.046716064814814814,18,Thursday,17,Thursday,2021-10-14 00:00:00+00:00,2021-10-21 00:00:00+00:00,True,0,0
be7790309efe361c83e838240f7c230d,OFFLINE,2021-04-28 06:10:24.262000+00:00,2021-10-14 18:53:00+00:00,78,300,59,C0DD698BE0C1EA71FA3045950BEEC64B,169.52958030092591,18,Thursday,6,Wednesday,2021-10-14 00:00:00+00:00,2021-10-21 00:00:00+00:00,True,2,0
4fb8505bbb5452c07f63bd2af6bc84de,ONLINE,2021-10-08 23:07:12.870000+00:00,2021-10-14 19:14:00+00:00,78,300,134,D3CEA8B57F07B785543EDB2058A190CE,5.8380454861111115,19,Thursday,23,Friday,2021-10-14 00:00:00+00:00,2021-10-21 00:00:00+00:00,True,0,0
a2fb3a822147d9849fedf71bafef7c66,ONLINE,2021-09-30 13:22:41.197000+00:00,2021-10-14 20:45:00+00:00,78,07B,57,294B021232C509826A57AC3136B8ABDD,14.30716207175926,20,Thursday,13,Thursday,2021-10-14 00:00:00+00:00,2021-10-21 00:00:00+00:00,True,0,0
fc8327c9f9b5c784829d724246efaf2f,ONLINE,2021-04-22 00:28:38.532000+00:00,2021-10-14 20:58:00+00:00,78,07B,139,EE735FFED3A6072D13A30636E658A03A,175.85372069444446,20,Thursday,0,Thursday,2021-10-14 00:00:00+00:00,2021-10-21 00:00:00+00:00,True,0,0
28b5db7bc00f57ae39ffbf09a03c85f5,OFFLINE,2021-06-11 08:18:01.227000+00:00,2021-10-14 21:34:00+00:00,78,07B,85,EE735FFED3A6072D13A30636E658A03A,125.55276357638888,21,Thursday,8,Friday,2021-10-14 00:00:00+00:00,2021-10-21 00:00:00+00:00,True,0,0
6f2f0ed5242b5d9093e067b064ea18a6,ONLINE,2021-09-15 02:24:15.146000+00:00,2021-10-14 22:15:00+00:00,78,300,75,7E701822D80EF10DEBEA008731637EA3,29.826908032407406,22,Thursday,2,Wednesday,2021-10-14 00:00:00+00:00,2021-10-21 00:00:00+00:00,True,1,0
5676f9b8dae1365e53fda4f304e6d48f,OFFLINE,2021-01-13 02:06:47.462000+00:00,2021-10-15 01:44:00+00:00,78,07B,122,2D9F8B5DDB0A7BD6F060DBAA34EC0CFF,274.9841728935185,1,Friday,2,Wednesday,2021-10-15 00:00:00+00:00,2021-10-22 00:00:00+00:00,True,0,0
f2059e5514c63392ee0d90b4325f1899,OFFLINE,2021-07-10 13:46:09.702000+00:00,2021-10-15 02:41:00+00:00,78,07B,63,294B021232C509826A57AC3136B8ABDD,96.53808215277779,2,Friday,13,Saturday,2021-10-15 00:00:00+00:00,2021-10-22 00:00:00+00:00,True,0,0
aa33b600a36f7e0a3c61e61c84a586ec,OFFLINE,2021-04-21 23:19:01.598000+00:00,2021-10-15 02:46:00+00:00,78,300,128,7E701822D80EF10DEBEA008731637EA3,176.14373150462964,2,Friday,23,Wednesday,2021-10-15 00:00:00+00:00,2021-10-22 00:00:00+00:00,True,0,0
ce9db9dabff41061b04406bf799d1d0c,OFFLINE,2021-05-23 15:57:54.193000+00:00,2021-10-15 03:12:00+00:00,78,1EF,60,4DBE83E28F1DFA3ED9C79A2C577BFBDE,144.4681227662037,3,Friday,15,Sunday,2021-10-15 00:00:00+00:00,2021-10-22 00:00:00+00:00,True,0,0
25acf147174c255486133fe66d9297ce,OFFLINE,2021-07-31 10:21:53.357000+00:00,2021-10-15 03:38:00+00:00,78,1EF,60,740CB1CA2BD83B3276B092195A6EB883,75.71952133101853,3,Friday,10,Saturday,2021-10-15 00:00:00+00:00,2021-10-22 00:00:00+00:00,True,0,0
888a4c0e80bfe5ad96a5924d82844dca,ONLINE,2021-09-15 18:12:25.806000+00:00,2021-10-15 03:52:00+00:00,78,1EF,77,195FD095D9D7F47943113AF2CBCF9A75,29.402479097222223,3,Friday,18,Wednesday,2021-10-15 00:00:00+00:00,2021-10-22 00:00:00+00:00,True,0,0
4d813e679d0d57f85786d95333f19f13,OFFLINE,2021-08-19 10:51:43.456000+00:00,2021-10-15 04:00:00+00:00,78,1EF,60,BB2033CE2FA4822C957B37DEB445B32C,56.71408037037037,4,Friday,10,Thursday,2021-10-15 00:00:00+00:00,2021-10-22 00:00:00+00:00,True,0,0
93b34d84078d92d994848ade03fd5ca7,OFFLINE,2021-01-29 14:37:47.772000+00:00,2021-10-15 04:09:00+00:00,78,1EF,162,F5D32DD994477BAC9E1ACC96D65A0972,258.5633359722222,4,Friday,14,Friday,2021-10-15 00:00:00+00:00,2021-10-22 00:00:00+00:00,True,0,0
6bb4545ad129b0cf4e985b0b24bd7bf2,ONLINE,2021-05-27 09:58:46.380000+00:00,2021-10-15 04:14:00+00:00,78,1EF,108,08A9B54E00545ECCD369B8E5D2692E9F,140.76057430555554,4,Friday,9,Thursday,2021-10-15 00:00:00+00:00,2021-10-22 00:00:00+00:00,True,0,0
3f3d3364db38d5250b9939dc0d8d9072,OFFLINE,2021-03-21 18:14:38.509000+00:00,2021-10-15 04:40:00+00:00,78,1EF,112,38BB76CCFDD8129EF62B3AF5480605C7,207.4342765162037,4,Friday,18,Sunday,2021-10-15 00:00:00+00:00,2021-10-22 00:00:00+00:00,True,0,0
5c0df23be016cf871d3e577e52dab069,OFFLINE,2021-08-20 09:52:45.630000+00:00,2021-10-15 04:48:00+00:00,78,300,68,526A1D40F50BBB44821C0C0FDE8E16B7,55.78836076388889,4,Friday,9,Friday,2021-10-15 00:00:00+00:00,2021-10-22 00:00:00+00:00,True,0,0
b2e1cde966e9f43c3250a0721f13f54f,OFFLINE,2021-07-30 15:00:29.428000+00:00,2021-10-15 04:51:00+00:00,78,07B,93,4ECC8B694F4BB262BDD4B0A85952B71A,76.57674273148147,4,Friday,15,Friday,2021-10-15 00:00:00+00:00,2021-10-22 00:00:00+00:00,True,0,0
6b98d900f6df9cfe7d0ca9a6c18ac602,ONLINE,2021-06-26 05:21:14.111000+00:00,2021-10-15 04:57:00+00:00,78,1EF,66,7B36B12A4C581DFCF8BF406AECA45564,110.98317001157407,4,Friday,5,Saturday,2021-10-15 00:00:00+00:00,2021-10-22 00:00:00+00:00,True,0,0
35fe22647a6ed37d0378f16d1107e61c,OFFLINE,2021-01-22 08:20:13.688000+00:00,2021-10-15 05:03:00+00:00,78,07B,115,C142F51706DA139EC3DCAA250682C61A,265.8630360185185,5,Friday,8,Friday,2021-10-15 00:00:00+00:00,2021-10-22 00:00:00+00:00,True,0,0
9fcc2a1260d42adbd1355c77b7e1a1b5,OFFLINE,2021-08-05 06:03:50.987000+00:00,2021-10-15 05:05:00+00:00,78,07B,146,EE735FFED3A6072D13A30636E658A03A,70.95913209490742,5,Friday,6,Thursday,2021-10-15 00:00:00+00:00,2021-10-22 00:00:00+00:00,True,0,0
2331732d05bb8f8ee9f3243342377725,ONLINE,2021-08-29 12:02:24.904000+00:00,2021-10-15 05:07:00+00:00,78,300,96,D3CEA8B57F07B785543EDB2058A190CE,46.71151731481481,5,Friday,12,Sunday,2021-10-15 00:00:00+00:00,2021-10-22 00:00:00+00:00,True,0,0
727b201cf8f844c6b7c4177a62e08954,ONLINE,2021-03-10 19:50:11.760000+00:00,2021-10-15 05:16:00+00:00,78,300,94,E72C918BA3470A8671982E069981B9C8,218.39291944444443,5,Friday,19,Wednesday,2021-10-15 00:00:00+00:00,2021-10-22 00:00:00+00:00,True,0,0
521234209f2c31e95f8db7b85e4a0530,OFFLINE,2021-06-12 14:29:32.584000+00:00,2021-10-15 05:33:00+00:00,78,1EF,108,7B36B12A4C581DFCF8BF406AECA45564,124.62740064814814,5,Friday,14,Saturday,2021-10-15 00:00:00+00:00,2021-10-22 00:00:00+00:00,True,0,0
0eb39932b338514eb635b5fb9ff33365,OFFLINE,2021-06-14 01:14:06.976000+00:00,2021-10-15 05:52:00+00:00,78,07B,104,9F9E66046BADAE5ABE94708CED879416,123.19297481481482,5,Friday,1,Monday,2021-10-15 00:00:00+00:00,2021-10-22 00:00:00+00:00,True,0,0
9ff4c4eb143b1b93cc101fe0f12c66df,OFFLINE,2021-09-06 08:33:42.881000+00:00,2021-10-15 06:13:00+00:00,78,1EF,177,195FD095D9D7F47943113AF2CBCF9A75,38.90228146990741,6,Friday,8,Monday,2021-10-15 00:00:00+00:00,2021-10-22 00:00:00+00:00,True,0,0
af1c3673eea7549e15abd87867c96bbf,OFFLINE,2021-03-11 09:23:55.298000+00:00,2021-10-15 06:20:00+00:00,78,07B,97,EEDD0125ADF9CD4325E56C39462533F5,217.87227664351852,6,Friday,9,Thursday,2021-10-15 00:00:00+00:00,2021-10-22 00:00:00+00:00,True,0,0
f29aaf14d71429a82f617acd926fccaf,OFFLINE,2021-07-28 01:21:06.114000+00:00,2021-10-15 06:25:00+00:00,78,300,50,A85A33858C7BB0DCE962E99B2E79BBC4,79.21104034722222,6,Friday,1,Wednesday,2021-10-15 00:00:00+00:00,2021-10-22 00:00:00+00:00,True,0,0
0336b6e561cc7f7a3ad38b7d46c413cb,OFFLINE,2021-10-04 03:26:15.924000+00:00,2021-10-15 07:18:00+00:00,78,07B,143,EEDD0125ADF9CD4325E56C39462533F5,11.160926805555556,7,Friday,3,Monday,2021-10-15 00:00:00+00:00,2021-10-22 00:00:00+00:00,True,0,0
fc6f601841f912f904690a44aab0eb5f,OFFLINE,2021-05-25 01:57:14.159000+00:00,2021-10-15 07:24:00+00:00,78,300,120,08379264459A6EF0F8052CC20B9DD41F,143.22691945601852,7,Friday,1,Tuesday,2021-10-15 00:00:00+00:00,2021-10-22 00:00:00+00:00,True,0,0
9db8336b373c33def8b986b603ee8519,OFFLINE,2021-03-01 06:50:36.859000+00:00,2021-10-15 08:39:00+00:00,78,07B,132,4E8E60427140A514537C374BAA698D32,228.07526783564813,8,Friday,6,Monday,2021-10-15 00:00:00+00:00,2021-10-22 00:00:00+00:00,True,0,0
e37371ab618dc522dc5841d612f20a57,OFFLINE,2021-07-20 08:44:20.733000+00:00,2021-10-15 08:51:00+00:00,78,300,102,7E701822D80EF10DEBEA008731637EA3,87.00462114583334,8,Friday,8,Tuesday,2021-10-15 00:00:00+00:00,2021-10-22 00:00:00+00:00,True,0,0
02218fbb6e0b6dc3f3285f2298826397,OFFLINE,2021-07-26 14:39:43.678000+00:00,2021-10-15 09:07:00+00:00,78,300,50,C0DD698BE0C1EA71FA3045950BEEC64B,80.76893891203703,9,Friday,14,Monday,2021-10-15 00:00:00+00:00,2021-10-22 00:00:00+00:00,True,0,0
c5d58c78324493e493d1ae594965207b,OFFLINE,2021-01-27 10:37:54.809000+00:00,2021-10-15 09:29:00+00:00,78,07B,65,EE735FFED3A6072D13A30636E658A03A,260.95214341435184,9,Friday,10,Wednesday,2021-10-15 00:00:00+00:00,2021-10-22 00:00:00+00:00,True,0,0
708eda419a55e2d546b106519366d3df,ONLINE,2021-09-01 10:28:53.148000+00:00,2021-10-15 09:30:00+00:00,78,300,200,F0C8A9D19009F1B76367ED6CFD4FA580,43.959107083333336,9,Friday,10,Wednesday,2021-10-15 00:00:00+00:00,2021-10-22 00:00:00+00:00,True,0,0
b0b94edde59767ec15e312c8ad2a6089,ONLINE,2021-08-10 13:50:34.509000+00:00,2021-10-15 09:38:00+00:00,78,300,50,09B36CB8AB7325477B80E99BE8FB2D02,65.82460059027778,9,Friday,13,Tuesday,2021-10-15 00:00:00+00:00,2021-10-22 00:00:00+00:00,True,0,0
048af277930ed37510ef03988ec7b594,OFFLINE,2021-05-09 16:21:26.982000+00:00,2021-10-15 09:42:00+00:00,78,07B,50,3B56EC028568E71AF10B3360787CD0BC,158.722604375,9,Friday,16,Sunday,2021-10-15 00:00:00+00:00,2021-10-22 00:00:00+00:00,True,0,0
52e3f6fe7c57a0d7c274aabbc02c45f7,OFFLINE,2021-04-12 15:01:51.588000+00:00,2021-10-15 09:54:00+00:00,78,07B,132,2CF9D19CE125793D17A0B4C371AB7AFD,185.78620847222223,9,Friday,15,Monday,2021-10-15 00:00:00+00:00,2021-10-22 00:00:00+00:00,True,0,0
79ff9dc91865131eb08891ecc2a187cd,OFFLINE,2021-03-28 12:51:08.245000+00:00,2021-10-15 09:56:00+00:00,78,07B,262,B0B076A3064F0AEA0A2AAC679ECE5F62,200.87837679398146,9,Friday,12,Sunday,2021-10-15 00:00:00+00:00,2021-10-22 00:00:00+00:00,True,0,0
5ba5802da657c0ff8bb5d46db95bd72f,ONLINE,2021-01-22 05:22:03.900000+00:00,2021-10-15 10:05:00+00:00,78,07B,95,10D023CEE6CC12F06C576EB33402E56B,266.1964826388889,10,Friday,5,Friday,2021-10-15 00:00:00+00:00,2021-10-22 00:00:00+00:00,True,0,0
dbe5c4a88f964529d18772ee8484ec98,OFFLINE,2021-01-31 19:04:20.890000+00:00,2021-10-15 10:13:00+00:00,78,07B,50,4E8E60427140A514537C374BAA698D32,256.6310082175926,10,Friday,19,Sunday,2021-10-15 00:00:00+00:00,2021-10-22 00:00:00+00:00,True,0,0
d87fe5b61b70631fee549b4b93be4d5d,OFFLINE,2021-06-19 09:30:17.823000+00:00,2021-10-15 10:23:00+00:00,78,07B,158,B5BC37462B0785F740436790AE41D171,118.03659927083332,10,Friday,9,Saturday,2021-10-15 00:00:00+00:00,2021-10-22 00:00:00+00:00,True,0,0
61be1905d326f0e0c817f66b52386ff6,OFFLINE,2021-06-04 05:06:35.429000+00:00,2021-10-15 10:43:00+00:00,78,1EF,116,4DF70D744AB4B2076706A37F1EBAC6B9,133.23361771990741,10,Friday,5,Friday,2021-10-15 00:00:00+00:00,2021-10-22 00:00:00+00:00,True,0,0
a7e33d5f96d7cd00f4c8a20d358c3c2c,ONLINE,2021-04-28 05:46:51.707000+00:00,2021-10-15 10:51:00+00:00,78,300,50,526A1D40F50BBB44821C0C0FDE8E16B7,170.2112070949074,10,Friday,5,Wednesday,2021-10-15 00:00:00+00:00,2021-10-22 00:00:00+00:00,True,0,0
cc00c6b9ba6e0dad8e428f193d6d4dff,ONLINE,2021-05-03 06:04:51.455000+00:00,2021-10-15 10:58:00+00:00,78,1EF,120,BB2033CE2FA4822C957B37DEB445B32C,165.2035711226852,10,Friday,6,Monday,2021-10-15 00:00:00+00:00,2021-10-22 00:00:00+00:00,True,0,0
650438b69b4ff9fc06e2a50466e36eab,ONLINE,2021-05-02 15:06:49.627000+00:00,2021-10-15 11:02:00+00:00,78,1EF,188,0668909560B9D2AF8FDA5489BCAA5FFF,165.82998116898148,11,Friday,15,Sunday,2021-10-15 00:00:00+00:00,2021-10-22 00:00:00+00:00,True,0,0
b33171d8fb911199dd50417fee4c2267,ONLINE,2021-10-06 10:11:03.565000+00:00,2021-10-15 12:02:00+00:00,78,300,72,09B36CB8AB7325477B80E99BE8FB2D02,9.07704207175926,12,Friday,10,Wednesday,2021-10-15 00:00:00+00:00,2021-10-22 00:00:00+00:00,True,0,0
0d487a7d53d77229538146ee7ab9dcd4,ONLINE,2021-08-05 06:22:04.288000+00:00,2021-10-15 12:03:00+00:00,78,1EF,104,08A9B54E00545ECCD369B8E5D2692E9F,71.23675592592593,12,Friday,6,Thursday,2021-10-15 00:00:00+00:00,2021-10-22 00:00:00+00:00,True,0,0
65ad39bf0b241bc7fe5bf4af32ac4c3b,OFFLINE,2021-02-02 13:51:14.382000+00:00,2021-10-15 12:38:00+00:00,78,07B,86,4ECC8B694F4BB262BDD4B0A85952B71A,254.94913909722223,12,Friday,13,Tuesday,2021-10-15 00:00:00+00:00,2021-10-22 00:00:00+00:00,True,0,0
34490d352e023874cfdcae11d020811a,ONLINE,2021-01-18 02:41:58.672000+00:00,2021-10-15 13:04:00+00:00,78,07B,156,294B021232C509826A57AC3136B8ABDD,270.43195981481483,13,Friday,2,Monday,2021-10-15 00:00:00+00:00,2021-10-22 00:00:00+00:00,True,0,0
5f898bb7441c8750d6a641cb25e0fdbc,ONLINE,2021-09-22 12:16:50.286000+00:00,2021-10-15 13:25:00+00:00,78,1EF,63,0668909560B9D2AF8FDA5489BCAA5FFF,23.047334652777778,13,Friday,12,Wednesday,2021-10-15 00:00:00+00:00,2021-10-22 00:00:00+00:00,True,0,0
288341fc8a5667645cb787104465534d,OFFLINE,2021-06-29 06:12:52.394000+00:00,2021-10-15 13:33:00+00:00,78,07B,82,EE735FFED3A6072D13A30636E658A03A,108.30564358796298,13,Friday,6,Tuesday,2021-10-15 00:00:00+00:00,2021-10-22 00:00:00+00:00,True,0,0
3abcbfc8e1ef5d88688e818e5a5c6437,OFFLINE,2021-08-07 09:33:53.549000+00:00,2021-10-15 13:44:00+00:00,78,1EF,221,0668909560B9D2AF8FDA5489BCAA5FFF,69.17368577546297,13,Friday,9,Saturday,2021-10-15 00:00:00+00:00,2021-10-22 00:00:00+00:00,True,0,0
c974b9d8bfb3584569860b35e3850b98,OFFLINE,2021-03-28 16:28:17.427000+00:00,2021-10-15 13:47:00+00:00,78,07B,141,294B021232C509826A57AC3136B8ABDD,200.88799274305555,13,Friday,16,Sunday,2021-10-15 00:00:00+00:00,2021-10-22 00:00:00+00:00,True,0,0
2f166e3c70ef0cca8216ab74fa63aefe,ONLINE,2021-09-02 20:53:24.686000+00:00,2021-10-15 14:06:00+00:00,78,07B,96,294B021232C509826A57AC3136B8ABDD,42.71707539351851,14,Friday,20,Thursday,2021-10-15 00:00:00+00:00,2021-10-22 00:00:00+00:00,True,0,0
1f66584313b2b4cfe676d9125ad9e449,ONLINE,2021-07-01 12:43:57.809000+00:00,2021-10-15 14:19:00+00:00,78,1EF,234,A00AF20362FBDDE9E3869D787E4693AF,106.06599758101851,14,Friday,12,Thursday,2021-10-15 00:00:00+00:00,2021-10-22 00:00:00+00:00,True,0,0
cbe8a61ccf5b0e27ad3c219986fdfd6b,ONLINE,2021-04-28 09:25:08.670000+00:00,2021-10-15 14:27:00+00:00,78,07B,64,4ECC8B694F4BB262BDD4B0A85952B71A,170.209621875,14,Friday,9,Wednesday,2021-10-15 00:00:00+00:00,2021-10-22 00:00:00+00:00,True,0,0
4f07bfce554214d086e5feec111cf0a5,ONLINE,2021-09-13 13:53:25.042000+00:00,2021-10-15 14:28:00+00:00,78,07B,161,C142F51706DA139EC3DCAA250682C61A,32.0240157175926,14,Friday,13,Monday,2021-10-15 00:00:00+00:00,2021-10-22 00:00:00+00:00,True,0,0
5c08097a023d90299dd5f76c4700b275,OFFLINE,2021-06-13 09:04:46.210000+00:00,2021-10-15 14:31:00+00:00,78,1EF,92,FF6F2DDF8AB23F3461E39CE6531C7EAB,124.22654849537037,14,Friday,9,Sunday,2021-10-15 00:00:00+00:00,2021-10-22 00:00:00+00:00,True,0,0
576fbd48059f3effc2f44d8e0831fdcf,OFFLINE,2021-04-21 05:25:19.301000+00:00,2021-10-15 15:11:00+00:00,78,07B,217,4575953E5DD96D9E301B05E12FB12540,177.40672105324074,15,Friday,5,Wednesday,2021-10-15 00:00:00+00:00,2021-10-22 00:00:00+00:00,True,0,0
3a0859a87a7c4e297ea41f7c7badffe3,OFFLINE,2021-08-28 10:38:33.656000+00:00,2021-10-15 15:44:00+00:00,78,1EF,169,FF6F2DDF8AB23F3461E39CE6531C7EAB,48.21211046296296,15,Friday,10,Saturday,2021-10-15 00:00:00+00:00,2021-10-22 00:00:00+00:00,True,0,0
c0a119862fa107c3e9b3d780a17f1895,OFFLINE,2021-01-30 05:16:56.249000+00:00,2021-10-15 16:10:00+00:00,78,1EF,94,1162FF15A2450469905B590D62F7746E,258.4535156365741,16,Friday,5,Saturday,2021-10-15 00:00:00+00:00,2021-10-22 00:00:00+00:00,True,0,0
7e2781b8c6f6d8b65979ea2c524c7032,OFFLINE,2021-04-12 19:52:02.312000+00:00,2021-10-15 16:12:00+00:00,78,300,68,D3CEA8B57F07B785543EDB2058A190CE,185.84719546296296,16,Friday,19,Monday,2021-10-15 00:00:00+00:00,2021-10-22 00:00:00+00:00,True,0,0
833c69cbc42fca42bf51e376dd91d4d1,ONLINE,2021-05-11 09:02:02.577000+00:00,2021-10-15 16:13:00+00:00,78,1EF,92,740CB1CA2BD83B3276B092195A6EB883,157.29927572916668,16,Friday,9,Tuesday,2021-10-15 00:00:00+00:00,2021-10-22 00:00:00+00:00,True,0,0
49a67d8ce98d73d24fe7cc9c1866d06c,OFFLINE,2021-04-07 02:28:58.170000+00:00,2021-10-15 16:15:00+00:00,78,1EF,85,0668909560B9D2AF8FDA5489BCAA5FFF,191.57363229166666,16,Friday,2,Wednesday,2021-10-15 00:00:00+00:00,2021-10-22 00:00:00+00:00,True,0,0
c19b60408d79fca8b41a33b9c750d92b,ONLINE,2021-05-04 02:39:09.484000+00:00,2021-10-15 16:20:00+00:00,78,07B,86,0788D330C960376CA8EF0D842E5443A4,164.57002912037038,16,Friday,2,Tuesday,2021-10-15 00:00:00+00:00,2021-10-22 00:00:00+00:00,True,0,0
604c081d7288b1b8c662f7d2e518f4ca,OFFLINE,2021-05-07 16:47:51.283000+00:00,2021-10-15 17:13:00+00:00,78,1EF,77,740CB1CA2BD83B3276B092195A6EB883,161.01746200231483,17,Friday,16,Friday,2021-10-15 00:00:00+00:00,2021-10-22 00:00:00+00:00,True,0,0
0667e7772502a3c265d169b49e4989b0,OFFLINE,2021-03-30 13:11:52.618000+00:00,2021-10-15 18:10:00+00:00,78,07B,87,10D023CEE6CC12F06C576EB33402E56B,199.20702988425924,18,Friday,13,Tuesday,2021-10-15 00:00:00+00:00,2021-10-22 00:00:00+00:00,True,0,0
d01d0a70dfefe6acead73b0aa8b877f5,OFFLINE,2021-10-05 18:47:22.877000+00:00,2021-10-15 18:25:00+00:00,78,300,63,1BA53B5BBB76E9903A2CF8FF02C37293,9.98445744212963,18,Friday,18,Tuesday,2021-10-15 00:00:00+00:00,2021-10-22 00:00:00+00:00,True,0,0
6ab8e7b8f9b34a6d96506cd255ffd570,OFFLINE,2021-08-23 05:40:07.292000+00:00,2021-10-15 18:51:00+00:00,78,07B,85,EE735FFED3A6072D13A30636E658A03A,53.5492211574074,18,Friday,5,Monday,2021-10-15 00:00:00+00:00,2021-10-22 00:00:00+00:00,True,0,0
10d17860ada27388df1f046bd5c1cace,OFFLINE,2021-04-28 04:43:31.852000+00:00,2021-10-15 22:12:00+00:00,78,300,95,C0DD698BE0C1EA71FA3045950BEEC64B,170.7281035648148,22,Friday,4,Wednesday,2021-10-15 00:00:00+00:00,2021-10-22 00:00:00+00:00,True,0,0
23de39545f119277ea3b4bae1a4ce791,OFFLINE,2021-01-22 09:06:24.391000+00:00,2021-10-16 02:01:00+00:00,78,07B,123,EEDD0125ADF9CD4325E56C39462533F5,266.7045788078704,2,Saturday,9,Friday,2021-10-16 00:00:00+00:00,2021-10-23 00:00:00+00:00,True,0,0
12a30962e5159cf8330dc70a028b8e89,ONLINE,2021-09-20 15:41:22+00:00,2021-10-16 02:27:00+00:00,78,07B,50,294B021232C509826A57AC3136B8ABDD,25.448356481481483,2,Saturday,15,Monday,2021-10-16 00:00:00+00:00,2021-10-23 00:00:00+00:00,True,0,0
baa2eef8003929573ff9463f974ead9e,OFFLINE,2021-08-22 20:48:31.732000+00:00,2021-10-16 02:54:00+00:00,78,07B,86,4E8E60427140A514537C374BAA698D32,54.25379939814815,2,Saturday,20,Sunday,2021-10-16 00:00:00+00:00,2021-10-23 00:00:00+00:00,True,0,0
14b146a74ac7b4ed87221aee8516bdf7,OFFLINE,2021-05-09 13:25:47.091000+00:00,2021-10-16 04:22:00+00:00,78,07B,173,EE735FFED3A6072D13A30636E658A03A,159.62237163194445,4,Saturday,13,Sunday,2021-10-16 00:00:00+00:00,2021-10-23 00:00:00+00:00,True,0,0
a0cfb0cbc2781c32370aa1df6f0d77b9,OFFLINE,2021-05-07 04:28:44.025000+00:00,2021-10-16 04:49:00+00:00,78,07B,135,10D023CEE6CC12F06C576EB33402E56B,162.01407378472223,4,Saturday,4,Friday,2021-10-16 00:00:00+00:00,2021-10-23 00:00:00+00:00,True,0,0
35227ccb5551764465bec37c26a7ddd2,OFFLINE,2021-10-03 06:20:08.009000+00:00,2021-10-16 05:12:00+00:00,78,07B,108,294B021232C509826A57AC3136B8ABDD,12.952685081018517,5,Saturday,6,Sunday,2021-10-16 00:00:00+00:00,2021-10-23 00:00:00+00:00,True,0,0
a6abb58b9f9ccee6f46c6d2b6ee20b5d,OFFLINE,2021-09-07 16:02:45.573000+00:00,2021-10-16 05:23:00+00:00,78,07B,98,294B021232C509826A57AC3136B8ABDD,38.55572253472222,5,Saturday,16,Tuesday,2021-10-16 00:00:00+00:00,2021-10-23 00:00:00+00:00,True,0,0
38e66f53c2a7e88d1c8ed06ab967eb00,OFFLINE,2021-09-29 04:02:43.172000+00:00,2021-10-16 06:02:00+00:00,78,07B,165,10D023CEE6CC12F06C576EB33402E56B,17.082833657407406,6,Saturday,4,Wednesday,2021-10-16 00:00:00+00:00,2021-10-23 00:00:00+00:00,True,0,0
508b08f6b7baca9cfa045ebc729c8fad,OFFLINE,2021-10-11 03:06:19.184000+00:00,2021-10-16 07:06:00+00:00,78,1EF,164,1162FF15A2450469905B590D62F7746E,5.16644462962963,7,Saturday,3,Monday,2021-10-16 00:00:00+00:00,2021-10-23 00:00:00+00:00,True,0,0
a3552a8454a1d66126c5c84e72f11cfe,OFFLINE,2021-05-27 17:21:23.702000+00:00,2021-10-16 07:22:00+00:00,78,07B,129,C142F51706DA139EC3DCAA250682C61A,141.58375344907407,7,Saturday,17,Thursday,2021-10-16 00:00:00+00:00,2021-10-23 00:00:00+00:00,True,0,0
d4677c149c903a72e2f66c5534d845c3,OFFLINE,2021-06-23 06:57:45.186000+00:00,2021-10-16 07:45:00+00:00,78,300,68,08379264459A6EF0F8052CC20B9DD41F,115.03281034722221,7,Saturday,6,Wednesday,2021-10-16 00:00:00+00:00,2021-10-23 00:00:00+00:00,True,0,0
6008d919965a1a0a81c83c33bad849cd,OFFLINE,2021-08-08 05:23:50.611000+00:00,2021-10-16 08:00:00+00:00,78,07B,136,DD376FF59EF0C31FA62DB40BEAE7C619,69.10844200231482,8,Saturday,5,Sunday,2021-10-16 00:00:00+00:00,2021-10-23 00:00:00+00:00,True,0,0
1eb3bc50e77f4e99622b6f283b8a28a4,OFFLINE,2021-02-28 18:15:51.054000+00:00,2021-10-16 08:02:00+00:00,78,1EF,245,2C10D809ABD31810F4E95F4E500EFA7E,229.57371465277777,8,Saturday,18,Sunday,2021-10-16 00:00:00+00:00,2021-10-23 00:00:00+00:00,True,0,0
b11349850c178d290129d0e5f2735359,ONLINE,2021-09-30 16:22:33.013000+00:00,2021-10-16 08:02:00+00:00,78,1EF,208,0668909560B9D2AF8FDA5489BCAA5FFF,15.65239568287037,8,Saturday,16,Thursday,2021-10-16 00:00:00+00:00,2021-10-23 00:00:00+00:00,True,0,0
93cf718cc90b1b026b2b0b948722ea1d,OFFLINE,2021-07-09 11:05:57.826000+00:00,2021-10-16 08:05:00+00:00,78,1EF,90,96C3C752FA22E3A6918ADE4F355D3F8D,98.8743307175926,8,Saturday,11,Friday,2021-10-16 00:00:00+00:00,2021-10-23 00:00:00+00:00,True,0,0
843b2051ffbe076a18519ebf7c8d7fc2,ONLINE,2021-01-28 09:48:52.179000+00:00,2021-10-16 08:58:00+00:00,78,1EF,60,740CB1CA2BD83B3276B092195A6EB883,260.9646738541667,8,Saturday,9,Thursday,2021-10-16 00:00:00+00:00,2021-10-23 00:00:00+00:00,True,0,0
4ef05844117ecf23e6bc655d9f68418a,OFFLINE,2021-03-12 10:14:48.746000+00:00,2021-10-16 09:20:00+00:00,78,07B,120,EE735FFED3A6072D13A30636E658A03A,217.9619358101852,9,Saturday,10,Friday,2021-10-16 00:00:00+00:00,2021-10-23 00:00:00+00:00,True,0,0
c2cebe1072d6082ca2b2a884a5bc9ec2,OFFLINE,2021-06-06 07:17:23.552000+00:00,2021-10-16 09:23:00+00:00,78,1EF,285,38BB76CCFDD8129EF62B3AF5480605C7,132.08722740740743,9,Saturday,7,Sunday,2021-10-16 00:00:00+00:00,2021-10-23 00:00:00+00:00,True,0,0
f3d1761721fa8f12e48c3d41918c49ee,OFFLINE,2021-04-25 12:10:05.856000+00:00,2021-10-16 09:30:00+00:00,78,07B,228,C142F51706DA139EC3DCAA250682C61A,173.8888211111111,9,Saturday,12,Sunday,2021-10-16 00:00:00+00:00,2021-10-23 00:00:00+00:00,True,0,0
41aeefda89748e2fb2cb8f4b45b232f2,OFFLINE,2021-09-11 18:13:38.023000+00:00,2021-10-16 09:32:00+00:00,78,300,50,612D21728D2539ECADF40493AACAF39A,34.63775436342593,9,Saturday,18,Saturday,2021-10-16 00:00:00+00:00,2021-10-23 00:00:00+00:00,True,0,0
2c4e84cedced02c9bb5db050f082b222,ONLINE,2021-04-19 23:28:51.899000+00:00,2021-10-16 09:36:00+00:00,78,07B,75,4ECC8B694F4BB262BDD4B0A85952B71A,179.42162153935186,9,Saturday,23,Monday,2021-10-16 00:00:00+00:00,2021-10-23 00:00:00+00:00,True,0,0
16b10af9bc11ed3eba528028f1883bbb,OFFLINE,2021-08-26 05:29:54.679000+00:00,2021-10-16 09:47:00+00:00,78,07B,94,294B021232C509826A57AC3136B8ABDD,51.17853380787037,9,Saturday,5,Thursday,2021-10-16 00:00:00+00:00,2021-10-23 00:00:00+00:00,True,1,0
22e9cc83b223d0c229850da4e29063fd,ONLINE,2021-10-08 19:58:57.470000+00:00,2021-10-16 09:56:00+00:00,78,07B,120,BEB712D51701D0787EC236821442EA5C,7.581279282407408,9,Saturday,19,Friday,2021-10-16 00:00:00+00:00,2021-10-23 00:00:00+00:00,True,0,0
f8632f917b3b45e3a810ebef7b7e83bb,OFFLINE,2021-05-31 08:05:35.585000+00:00,2021-10-16 10:13:00+00:00,78,300,83,56C3843EA0BAA7B2438B58CFC2BBD0FF,138.08847702546296,10,Saturday,8,Monday,2021-10-16 00:00:00+00:00,2021-10-23 00:00:00+00:00,True,0,0
d6a00e56e2ea15ce3f92a2a1104b8578,ONLINE,2021-03-23 10:41:29.114000+00:00,2021-10-16 10:21:00+00:00,78,07B,82,294B021232C509826A57AC3136B8ABDD,206.9857741435185,10,Saturday,10,Tuesday,2021-10-16 00:00:00+00:00,2021-10-23 00:00:00+00:00,True,0,0
c8308064040b95159559ac1b0fffbdce,OFFLINE,2021-09-07 09:41:06.051000+00:00,2021-10-16 10:21:00+00:00,78,300,95,D3CEA8B57F07B785543EDB2058A190CE,39.02770774305556,10,Saturday,9,Tuesday,2021-10-16 00:00:00+00:00,2021-10-23 00:00:00+00:00,True,0,0
e3adf07c7c100a8dfb800b5f0b3bd625,ONLINE,2021-10-12 09:13:01.411000+00:00,2021-10-16 10:24:00+00:00,78,07B,116,9F9E66046BADAE5ABE94708CED879416,4.049289224537037,10,Saturday,9,Tuesday,2021-10-16 00:00:00+00:00,2021-10-23 00:00:00+00:00,True,0,0
f0984c24513137b46ae61a8c6bdafae0,ONLINE,2021-04-20 13:38:33.728000+00:00,2021-10-16 10:31:00+00:00,78,1EF,60,D5CECB3D35FF9FEF0E46207CFE4A5F29,178.86974851851852,10,Saturday,13,Tuesday,2021-10-16 00:00:00+00:00,2021-10-23 00:00:00+00:00,True,0,0
34f2c0f6a9488486ca1fb61b500c037b,OFFLINE,2021-04-29 12:50:54.843000+00:00,2021-10-16 10:49:00+00:00,78,1EF,122,BB2033CE2FA4822C957B37DEB445B32C,169.9153374652778,10,Saturday,12,Thursday,2021-10-16 00:00:00+00:00,2021-10-23 00:00:00+00:00,True,0,0
f63d574e7e3f62dc251d2f5a013016bc,OFFLINE,2021-01-12 04:27:38.976000+00:00,2021-10-16 11:00:00+00:00,78,1EF,105,195FD095D9D7F47943113AF2CBCF9A75,277.2724655555556,11,Saturday,4,Tuesday,2021-10-16 00:00:00+00:00,2021-10-23 00:00:00+00:00,True,0,0
7ee8b9962603387e35bdcd503ec4f7e2,OFFLINE,2021-07-24 05:59:07.753000+00:00,2021-10-16 11:08:00+00:00,78,07B,87,10D023CEE6CC12F06C576EB33402E56B,84.21449359953704,11,Saturday,5,Saturday,2021-10-16 00:00:00+00:00,2021-10-23 00:00:00+00:00,True,0,0
e7dfdd5daee240659546e5de6191b710,OFFLINE,2021-09-18 02:51:39.331000+00:00,2021-10-16 11:33:00+00:00,78,300,115,E56AE16934A0D29EBF24915402A7E5ED,28.362044780092596,11,Saturday,2,Saturday,2021-10-16 00:00:00+00:00,2021-10-23 00:00:00+00:00,True,0,0
71f79500fe8ffdf04d9a3314117b16dc,OFFLINE,2021-02-20 14:35:09.928000+00:00,2021-10-16 11:33:00+00:00,78,07B,87,294B021232C509826A57AC3136B8ABDD,237.87349620370372,11,Saturday,14,Saturday,2021-10-16 00:00:00+00:00,2021-10-23 00:00:00+00:00,True,0,0
cc70b1fadb6ffcda9093545e44e2ca72,ONLINE,2021-04-13 14:15:29.857000+00:00,2021-10-16 11:45:00+00:00,78,1EF,148,4DF70D744AB4B2076706A37F1EBAC6B9,185.8954877662037,11,Saturday,14,Tuesday,2021-10-16 00:00:00+00:00,2021-10-23 00:00:00+00:00,True,0,0
4e981a4424a3deaaa485c08efa0406b3,ONLINE,2021-07-09 21:43:05.184000+00:00,2021-10-16 11:46:00+00:00,78,07B,98,EEDD0125ADF9CD4325E56C39462533F5,98.58535666666667,11,Saturday,21,Friday,2021-10-16 00:00:00+00:00,2021-10-23 00:00:00+00:00,True,0,0
d80e25bdd7a9dd5970d53810992f5fc4,OFFLINE,2021-01-22 17:06:05.876000+00:00,2021-10-16 12:21:00+00:00,78,07B,154,4ECC8B694F4BB262BDD4B0A85952B71A,266.8020153240741,12,Saturday,17,Friday,2021-10-16 00:00:00+00:00,2021-10-23 00:00:00+00:00,True,0,0
6467e2529ac70da270927dbaffd8f6cd,ONLINE,2021-10-09 20:22:32.353000+00:00,2021-10-16 12:26:00+00:00,78,1EF,72,740CB1CA2BD83B3276B092195A6EB883,6.6690699884259255,12,Saturday,20,Saturday,2021-10-16 00:00:00+00:00,2021-10-23 00:00:00+00:00,True,0,0
842ad45f153caf728df594c1ac68cedf,OFFLINE,2021-03-28 19:26:56.003000+00:00,2021-10-16 12:37:00+00:00,78,07B,66,294B021232C509826A57AC3136B8ABDD,201.71532403935186,12,Saturday,19,Sunday,2021-10-16 00:00:00+00:00,2021-10-23 00:00:00+00:00,True,0,0
8a8cbb8d325e909d10857cc91042746c,ONLINE,2021-07-09 15:19:49.165000+00:00,2021-10-16 12:44:00+00:00,78,1EF,112,F23ABF889C244499ACA33B5CE1A7C848,98.89179207175927,12,Saturday,15,Friday,2021-10-16 00:00:00+00:00,2021-10-23 00:00:00+00:00,True,0,0
6a43145cd910fa38784291b58734a155,OFFLINE,2021-10-12 09:48:51.465000+00:00,2021-10-16 12:52:00+00:00,78,300,60,E56AE16934A0D29EBF24915402A7E5ED,4.127182118055555,12,Saturday,9,Tuesday,2021-10-16 00:00:00+00:00,2021-10-23 00:00:00+00:00,True,0,0
1426031fefeea14307ebd65045035ce9,ONLINE,2021-06-22 02:19:38.069000+00:00,2021-10-16 12:53:00+00:00,78,07B,50,294B021232C509826A57AC3136B8ABDD,116.43983716435186,12,Saturday,2,Tuesday,2021-10-16 00:00:00+00:00,2021-10-23 00:00:00+00:00,True,0,0
5b27cdfdccdeca1ed6bc262958d9289d,OFFLINE,2021-03-12 12:07:05.802000+00:00,2021-10-16 13:02:00+00:00,78,07B,110,294B021232C509826A57AC3136B8ABDD,218.03812729166665,13,Saturday,12,Friday,2021-10-16 00:00:00+00:00,2021-10-23 00:00:00+00:00,True,0,0
b14648321a3753edcf3813d36bf7e6aa,ONLINE,2021-02-05 17:10:06.632000+00:00,2021-10-16 13:30:00+00:00,78,07B,56,2CF9D19CE125793D17A0B4C371AB7AFD,252.84714546296297,13,Saturday,17,Friday,2021-10-16 00:00:00+00:00,2021-10-23 00:00:00+00:00,True,0,0
f71025dc5c15da3cc34d4cd57da97be6,OFFLINE,2021-04-03 17:37:52.291000+00:00,2021-10-16 13:33:00+00:00,78,1EF,98,2C10D809ABD31810F4E95F4E500EFA7E,195.82995033564814,13,Saturday,17,Saturday,2021-10-16 00:00:00+00:00,2021-10-23 00:00:00+00:00,True,0,0
6a08d0879435671a3c2323a3fab94b81,OFFLINE,2021-01-11 14:05:21.123000+00:00,2021-10-16 13:33:00+00:00,78,07B,77,9F9E66046BADAE5ABE94708CED879416,277.9775332986111,13,Saturday,14,Monday,2021-10-16 00:00:00+00:00,2021-10-23 00:00:00+00:00,True,0,0
763109e783976a67ff90d9b1e252b155,ONLINE,2021-02-09 15:45:03.799000+00:00,2021-10-16 14:37:00+00:00,78,1EF,60,1162FF15A2450469905B590D62F7746E,248.95273380787037,14,Saturday,15,Tuesday,2021-10-16 00:00:00+00:00,2021-10-23 00:00:00+00:00,True,0,0
4ec760ca30280f24470b6e8fca055e72,OFFLINE,2021-01-20 06:58:14.156000+00:00,2021-10-16 14:45:00+00:00,78,1EF,231,F5D32DD994477BAC9E1ACC96D65A0972,269.32414171296296,14,Saturday,6,Wednesday,2021-10-16 00:00:00+00:00,2021-10-23 00:00:00+00:00,True,0,0
bc7bec530c6a4de9e16ddb08946c7bea,ONLINE,2021-03-14 16:14:54.815000+00:00,2021-10-16 14:56:00+00:00,78,07B,77,56129BC950F9E18A9F5DF651D9D267D1,215.94519890046294,14,Saturday,16,Sunday,2021-10-16 00:00:00+00:00,2021-10-23 00:00:00+00:00,True,0,0
319693a65f1f3d80598765851b383ff2,OFFLINE,2021-04-10 14:29:52.879000+00:00,2021-10-16 15:11:00+00:00,78,07B,239,4E8E60427140A514537C374BAA698D32,189.0285546412037,15,Saturday,14,Saturday,2021-10-16 00:00:00+00:00,2021-10-23 00:00:00+00:00,True,0,0
b1c13294dccfaf504e7ee2e814996d84,OFFLINE,2021-03-05 22:06:30.004000+00:00,2021-10-16 15:36:00+00:00,78,300,127,15DEDC3B645D743B528945FFB129B0EC,224.72881939814815,15,Saturday,22,Friday,2021-10-16 00:00:00+00:00,2021-10-23 00:00:00+00:00,True,0,0
026643d7726acdbf16b181b6c6c3cd67,OFFLINE,2021-07-01 14:38:54.647000+00:00,2021-10-16 15:36:00+00:00,78,300,130,7E701822D80EF10DEBEA008731637EA3,107.03964528935185,15,Saturday,14,Thursday,2021-10-16 00:00:00+00:00,2021-10-23 00:00:00+00:00,True,0,0
8ef050ab5076c5a5cb15ae358527f1b1,OFFLINE,2021-04-17 15:26:54.769000+00:00,2021-10-16 15:39:00+00:00,78,07B,89,4ECC8B694F4BB262BDD4B0A85952B71A,182.00839387731483,15,Saturday,15,Saturday,2021-10-16 00:00:00+00:00,2021-10-23 00:00:00+00:00,True,0,0
4c7216155c7c65ad7cd9b69019eb0474,ONLINE,2021-03-09 15:00:18.817000+00:00,2021-10-16 15:52:00+00:00,78,1EF,234,FF6F2DDF8AB23F3461E39CE6531C7EAB,221.03589332175923,15,Saturday,15,Tuesday,2021-10-16 00:00:00+00:00,2021-10-23 00:00:00+00:00,True,0,0
68c95e4ada8e127780d502545a6ff418,ONLINE,2021-08-11 04:55:46.320000+00:00,2021-10-16 16:04:00+00:00,78,07B,50,2CF9D19CE125793D17A0B4C371AB7AFD,66.46404722222222,16,Saturday,4,Wednesday,2021-10-16 00:00:00+00:00,2021-10-23 00:00:00+00:00,True,0,0
a8a3c16b532e54ebafe5577452187f88,OFFLINE,2021-01-28 09:37:21.339000+00:00,2021-10-16 16:44:00+00:00,78,07B,177,4E8E60427140A514537C374BAA698D32,261.2962807986111,16,Saturday,9,Thursday,2021-10-16 00:00:00+00:00,2021-10-23 00:00:00+00:00,True,0,0
0103b4e83c0096a5480a9d66165e89f4,ONLINE,2021-01-31 15:31:05.824000+00:00,2021-10-16 17:17:00+00:00,78,07B,78,EE735FFED3A6072D13A30636E658A03A,258.0735437037037,17,Saturday,15,Sunday,2021-10-16 00:00:00+00:00,2021-10-23 00:00:00+00:00,True,1,0
4d3b6f7f06c04df77a52a73e856eb84c,OFFLINE,2021-05-07 08:48:18.081000+00:00,2021-10-16 17:36:00+00:00,78,07B,190,EEDD0125ADF9CD4325E56C39462533F5,162.36645739583332,17,Saturday,8,Friday,2021-10-16 00:00:00+00:00,2021-10-23 00:00:00+00:00,True,0,0
1c70ee99578d3e047369cba30df3dc71,OFFLINE,2021-08-12 08:43:35.845000+00:00,2021-10-16 17:39:00+00:00,78,07B,50,EE735FFED3A6072D13A30636E658A03A,65.37180734953704,17,Saturday,8,Thursday,2021-10-16 00:00:00+00:00,2021-10-23 00:00:00+00:00,True,0,0
7a35f7a3ebf563bf8087ea2afd1c84a2,OFFLINE,2021-05-27 15:28:14.436000+00:00,2021-10-16 18:00:00+00:00,78,300,50,C0DD698BE0C1EA71FA3045950BEEC64B,142.10538847222222,18,Saturday,15,Thursday,2021-10-16 00:00:00+00:00,2021-10-23 00:00:00+00:00,True,0,0
2c41b7a5ddd0c3d48c5786fd0b1d2044,OFFLINE,2021-09-22 04:48:56.291000+00:00,2021-10-16 18:06:00+00:00,78,1EF,100,96C3C752FA22E3A6918ADE4F355D3F8D,24.55351515046296,18,Saturday,4,Wednesday,2021-10-16 00:00:00+00:00,2021-10-23 00:00:00+00:00,True,0,0
b9e74fefc97a40211913ef29ef33f202,OFFLINE,2021-07-24 14:08:16.295000+00:00,2021-10-16 18:41:00+00:00,78,300,95,08379264459A6EF0F8052CC20B9DD41F,84.18939473379629,18,Saturday,14,Saturday,2021-10-16 00:00:00+00:00,2021-10-23 00:00:00+00:00,True,0,0
51f0c027449b1c7d76a151455d7d5ca8,ONLINE,2021-02-20 17:55:59.018000+00:00,2021-10-16 20:24:00+00:00,78,07B,84,9F9E66046BADAE5ABE94708CED879416,238.10278914351852,20,Saturday,17,Saturday,2021-10-16 00:00:00+00:00,2021-10-23 00:00:00+00:00,True,0,0
91c479f585661d271b24c27bfc8f187c,ONLINE,2021-09-06 18:21:07.996000+00:00,2021-10-17 00:19:00+00:00,78,1EF,65,7B36B12A4C581DFCF8BF406AECA45564,40.248518564814816,0,Sunday,18,Monday,2021-10-17 00:00:00+00:00,2021-10-24 00:00:00+00:00,True,0,0
dd0e33e2f0b192d119c9350ae44c4270,OFFLINE,2021-10-15 17:11:56.675000+00:00,2021-10-17 02:13:00+00:00,78,1EF,66,195FD095D9D7F47943113AF2CBCF9A75,1.3757329282407407,2,Sunday,17,Friday,2021-10-17 00:00:00+00:00,2021-10-24 00:00:00+00:00,True,0,0
7a2dca63977f2a254b8abbefb1b4402d,ONLINE,2021-02-17 04:28:50.328000+00:00,2021-10-17 02:19:00+00:00,78,1EF,60,5CD6463B9C20BA10DA25A431F2D844A6,241.90983416666666,2,Sunday,4,Wednesday,2021-10-17 00:00:00+00:00,2021-10-24 00:00:00+00:00,True,0,0
f625d911fbc9eac298c92282a645e5ae,ONLINE,2021-06-09 10:19:57.821000+00:00,2021-10-17 02:50:00+00:00,78,300,78,E56AE16934A0D29EBF24915402A7E5ED,129.6875252199074,2,Sunday,10,Wednesday,2021-10-17 00:00:00+00:00,2021-10-24 00:00:00+00:00,True,0,0
c78afb7df1601de31c8262ebd7007f7e,OFFLINE,2021-02-25 15:03:16.658000+00:00,2021-10-17 03:20:00+00:00,78,07B,75,4E8E60427140A514537C374BAA698D32,233.51161275462962,3,Sunday,15,Thursday,2021-10-17 00:00:00+00:00,2021-10-24 00:00:00+00:00,True,0,0
fbe4685099c6111d1bd066661cb99fd4,OFFLINE,2021-10-05 10:04:54.755000+00:00,2021-10-17 05:33:00+00:00,78,07B,75,EEDD0125ADF9CD4325E56C39462533F5,11.81117181712963,5,Sunday,10,Tuesday,2021-10-17 00:00:00+00:00,2021-10-24 00:00:00+00:00,True,0,0
330b26cfaea13ea6cde276bbb4e9b160,ONLINE,2021-02-25 15:20:25.300000+00:00,2021-10-17 05:54:00+00:00,78,300,50,2630D6FC6433A9A4C1C906C0D64BDDE1,233.60665162037037,5,Sunday,15,Thursday,2021-10-17 00:00:00+00:00,2021-10-24 00:00:00+00:00,True,0,0
fc51973676ff496dffcae2737b6b4a72,OFFLINE,2021-10-01 19:42:28.370000+00:00,2021-10-17 06:53:00+00:00,78,300,67,7E701822D80EF10DEBEA008731637EA3,15.46564386574074,6,Sunday,19,Friday,2021-10-17 00:00:00+00:00,2021-10-24 00:00:00+00:00,True,0,0
d438bb3339e4fa1b6478f2bc5f8c3088,OFFLINE,2021-03-09 03:46:24.870000+00:00,2021-10-17 06:55:00+00:00,78,300,194,E56AE16934A0D29EBF24915402A7E5ED,222.13096215277776,6,Sunday,3,Tuesday,2021-10-17 00:00:00+00:00,2021-10-24 00:00:00+00:00,True,0,0
5bbd02e1265418d065045b258877d121,OFFLINE,2021-05-31 14:59:41.414000+00:00,2021-10-17 07:03:00+00:00,78,300,124,D3CEA8B57F07B785543EDB2058A190CE,138.66896511574072,7,Sunday,14,Monday,2021-10-17 00:00:00+00:00,2021-10-24 00:00:00+00:00,True,0,0
b4dce4db9d097c22d3923b6e5a703333,OFFLINE,2021-07-10 10:55:10.246000+00:00,2021-10-17 07:27:00+00:00,78,07B,95,EEDD0125ADF9CD4325E56C39462533F5,98.8554369675926,7,Sunday,10,Saturday,2021-10-17 00:00:00+00:00,2021-10-24 00:00:00+00:00,True,0,0
b7d439b6d7dbefa0d066c0402d95b0f2,OFFLINE,2021-03-23 13:14:25.674000+00:00,2021-10-17 08:12:00+00:00,78,07B,146,EE735FFED3A6072D13A30636E658A03A,207.78998062500003,8,Sunday,13,Tuesday,2021-10-17 00:00:00+00:00,2021-10-24 00:00:00+00:00,True,0,0
66ccd144d96e72dfeaac5fcd9c929f83,OFFLINE,2021-04-12 07:11:27.975000+00:00,2021-10-17 08:30:00+00:00,78,1EF,155,FF6F2DDF8AB23F3461E39CE6531C7EAB,188.0545373263889,8,Sunday,7,Monday,2021-10-17 00:00:00+00:00,2021-10-24 00:00:00+00:00,True,0,0
084d0be68fa4cba3d583243522ca4ad0,OFFLINE,2021-07-16 19:17:53.320000+00:00,2021-10-17 08:56:00+00:00,78,300,71,E56AE16934A0D29EBF24915402A7E5ED,92.56813287037036,8,Sunday,19,Friday,2021-10-17 00:00:00+00:00,2021-10-24 00:00:00+00:00,True,0,0
91c96ad394a819fad3d3137ff360d694,OFFLINE,2021-09-21 20:11:01.491000+00:00,2021-10-17 10:14:00+00:00,78,1EF,112,2C10D809ABD31810F4E95F4E500EFA7E,25.585399409722225,10,Sunday,20,Tuesday,2021-10-17 00:00:00+00:00,2021-10-24 00:00:00+00:00,True,0,0
fc4afb8f00e3a63174962a22b746a099,ONLINE,2021-03-19 16:25:53.504000+00:00,2021-10-17 11:08:00+00:00,78,300,89,A85A33858C7BB0DCE962E99B2E79BBC4,211.77924185185185,11,Sunday,16,Friday,2021-10-17 00:00:00+00:00,2021-10-24 00:00:00+00:00,True,0,0
c453666a522a76826e9d72c9b8f538df,OFFLINE,2021-05-16 11:19:37.789000+00:00,2021-10-17 11:18:00+00:00,78,1EF,128,5CD6463B9C20BA10DA25A431F2D844A6,153.99886818287035,11,Sunday,11,Sunday,2021-10-17 00:00:00+00:00,2021-10-24 00:00:00+00:00,True,0,0
2dc875a1266f0c9d0191510196016e7b,OFFLINE,2021-06-02 06:39:32.351000+00:00,2021-10-17 11:33:00+00:00,78,07B,141,B79C3A36345A4588BD73EBFFC22B9D01,137.2037922337963,11,Sunday,6,Wednesday,2021-10-17 00:00:00+00:00,2021-10-24 00:00:00+00:00,True,1,0
ae4a8fc55bdc51da936bbe72209f8648,OFFLINE,2021-10-01 14:00:51.887000+00:00,2021-10-17 12:39:00+00:00,78,1EF,75,F23ABF889C244499ACA33B5CE1A7C848,15.943149456018517,12,Sunday,14,Friday,2021-10-17 00:00:00+00:00,2021-10-24 00:00:00+00:00,True,0,0
a51540785a843cd2f89bfc5f3fc68bfe,ONLINE,2021-04-29 15:20:49.864000+00:00,2021-10-17 13:02:00+00:00,78,07B,94,EE735FFED3A6072D13A30636E658A03A,170.90358953703705,13,Sunday,15,Thursday,2021-10-17 00:00:00+00:00,2021-10-24 00:00:00+00:00,True,0,0
df6ee1ed59984c5e1ff8c802502105ae,ONLINE,2021-03-26 07:26:51.309000+00:00,2021-10-17 13:08:00+00:00,78,07B,153,56129BC950F9E18A9F5DF651D9D267D1,205.23690614583333,13,Sunday,7,Friday,2021-10-17 00:00:00+00:00,2021-10-24 00:00:00+00:00,True,0,0
18048d10178fa6e3302784f3a3a3e5e8,ONLINE,2021-08-03 03:34:34.609000+00:00,2021-10-17 13:31:00+00:00,78,07B,66,4ECC8B694F4BB262BDD4B0A85952B71A,75.41418276620371,13,Sunday,3,Tuesday,2021-10-17 00:00:00+00:00,2021-10-24 00:00:00+00:00,True,0,0
7a409f2da25b7bdfbf52fbbe9e094a03,OFFLINE,2021-02-15 16:15:47.572000+00:00,2021-10-17 13:42:00+00:00,78,07B,349,6A804DC7A1AB77B75CC9D844BFAB338E,243.89319939814814,13,Sunday,16,Monday,2021-10-17 00:00:00+00:00,2021-10-24 00:00:00+00:00,True,0,0
104c3b275665fb7da45623b71d1763de,OFFLINE,2021-07-26 06:32:35.722000+00:00,2021-10-17 13:46:00+00:00,78,07B,103,9FFABDFED33FB837D72433191B5668D5,83.30097543981482,13,Sunday,6,Monday,2021-10-17 00:00:00+00:00,2021-10-24 00:00:00+00:00,True,0,0
64ca88c8c5a6bbfcdbe67d0149b49ef5,OFFLINE,2021-04-10 04:14:08.637000+00:00,2021-10-17 14:03:00+00:00,78,07B,77,294B021232C509826A57AC3136B8ABDD,190.4089278125,14,Sunday,4,Saturday,2021-10-17 00:00:00+00:00,2021-10-24 00:00:00+00:00,True,0,0
34f22201af7e87d94d21e4b4bf8c8faa,OFFLINE,2021-05-04 08:47:06.963000+00:00,2021-10-17 14:28:00+00:00,78,1EF,85,195FD095D9D7F47943113AF2CBCF9A75,166.23672496527777,14,Sunday,8,Tuesday,2021-10-17 00:00:00+00:00,2021-10-24 00:00:00+00:00,True,1,0
6fbb8d8fdd8e2e140fb25245847ff397,OFFLINE,2021-08-21 07:17:44.672000+00:00,2021-10-17 14:36:00+00:00,78,07B,118,10D023CEE6CC12F06C576EB33402E56B,57.30434407407407,14,Sunday,7,Saturday,2021-10-17 00:00:00+00:00,2021-10-24 00:00:00+00:00,True,0,0
afc915ec61c7eb1f541fbc2aafbe24ce,OFFLINE,2021-10-07 08:16:53.946000+00:00,2021-10-17 14:36:00+00:00,78,300,50,E72C918BA3470A8671982E069981B9C8,10.263264513888888,14,Sunday,8,Thursday,2021-10-17 00:00:00+00:00,2021-10-24 00:00:00+00:00,True,0,0
fffcdbf464922d98e5d2ed787b517931,OFFLINE,2021-08-23 15:50:38.336000+00:00,2021-10-17 14:41:00+00:00,78,1EF,60,38BB76CCFDD8129EF62B3AF5480605C7,54.951639629629625,14,Sunday,15,Monday,2021-10-17 00:00:00+00:00,2021-10-24 00:00:00+00:00,True,0,0
723c2fd981c8abdc543b8a0c8c71d195,OFFLINE,2021-01-20 04:33:25.164000+00:00,2021-10-17 15:07:00+00:00,78,07B,147,3DCC8B4086B582DDB2E5481A5D44CAB4,270.43998652777776,15,Sunday,4,Wednesday,2021-10-17 00:00:00+00:00,2021-10-24 00:00:00+00:00,True,0,0
ce89d45a6384e1550a26d364c1600418,OFFLINE,2021-09-21 13:34:48.554000+00:00,2021-10-17 15:34:00+00:00,78,300,142,7E701822D80EF10DEBEA008731637EA3,26.08277136574074,15,Sunday,13,Tuesday,2021-10-17 00:00:00+00:00,2021-10-24 00:00:00+00:00,True,0,0
80e2808a6226bdad4caadd64d47672d1,OFFLINE,2021-08-26 13:13:16.270000+00:00,2021-10-17 15:39:00+00:00,78,07B,108,EEDD0125ADF9CD4325E56C39462533F5,52.10120057870371,15,Sunday,13,Thursday,2021-10-17 00:00:00+00:00,2021-10-24 00:00:00+00:00,True,0,0
e6098103fb9b2d6b359f0ec5967bf5d2,OFFLINE,2021-08-24 04:38:15.578000+00:00,2021-10-17 15:50:00+00:00,78,1EF,177,740CB1CA2BD83B3276B092195A6EB883,54.46648636574074,15,Sunday,4,Tuesday,2021-10-17 00:00:00+00:00,2021-10-24 00:00:00+00:00,True,0,0
8d25f7dc739aaafd1dbab45aa2656c04,ONLINE,2021-01-10 14:21:38.820000+00:00,2021-10-17 16:31:00+00:00,78,1EF,60,740CB1CA2BD83B3276B092195A6EB883,280.0898284722222,16,Sunday,14,Sunday,2021-10-17 00:00:00+00:00,2021-10-24 00:00:00+00:00,True,0,0
ab67f7d94589b8d732535d82db7a04de,OFFLINE,2021-06-13 11:48:54.401000+00:00,2021-10-17 17:05:00+00:00,78,300,50,89D534629771B04F61D1971C3068D1BD,126.21950924768518,17,Sunday,11,Sunday,2021-10-17 00:00:00+00:00,2021-10-24 00:00:00+00:00,True,0,0
e573efb772fdc4843eda66d12510f12e,OFFLINE,2021-06-09 05:26:02.439000+00:00,2021-10-17 17:38:00+00:00,78,300,63,E56AE16934A0D29EBF24915402A7E5ED,130.50830510416668,17,Sunday,5,Wednesday,2021-10-17 00:00:00+00:00,2021-10-24 00:00:00+00:00,True,0,0
8d2cfe5753843aff4e6f352704fd0eb1,OFFLINE,2021-08-31 19:25:29.573000+00:00,2021-10-17 18:39:00+00:00,78,07B,53,10D023CEE6CC12F06C576EB33402E56B,46.96771327546296,18,Sunday,19,Tuesday,2021-10-17 00:00:00+00:00,2021-10-24 00:00:00+00:00,True,0,0
7bd5101f385b3f47f2574e01c26cb6f0,OFFLINE,2021-06-14 06:38:00.221000+00:00,2021-10-17 19:16:00+00:00,78,07B,208,B4FC534828E371E11BC989991238B1D4,125.52638633101851,19,Sunday,6,Monday,2021-10-17 00:00:00+00:00,2021-10-24 00:00:00+00:00,True,0,0
c8c7bc76c5da57e48e37967dfb6c77e8,OFFLINE,2021-09-10 10:51:17.353000+00:00,2021-10-17 19:51:00+00:00,78,300,50,2CFC40A84BB49F39102A60211ED177E8,37.37479915509259,19,Sunday,10,Friday,2021-10-17 00:00:00+00:00,2021-10-24 00:00:00+00:00,True,0,0
995a93dce69c78787fcfb6746f9fdf18,OFFLINE,2021-03-05 20:58:46.255000+00:00,2021-10-17 21:25:00+00:00,78,07B,210,3BA1172F566EDC7D37511BBF59F34142,226.0182146412037,21,Sunday,20,Friday,2021-10-17 00:00:00+00:00,2021-10-24 00:00:00+00:00,True,0,0
21b4bc0310b3cfc233e28e2caffee308,OFFLINE,2021-08-29 14:53:52.455000+00:00,2021-10-18 02:36:00+00:00,78,07B,85,EE735FFED3A6072D13A30636E658A03A,49.48758732638889,2,Monday,14,Sunday,2021-10-18 00:00:00+00:00,2021-10-25 00:00:00+00:00,True,0,0
d44c304848fb0bceea230425470f544e,OFFLINE,2021-04-28 17:02:38.678000+00:00,2021-10-18 02:47:00+00:00,78,300,113,E56AE16934A0D29EBF24915402A7E5ED,172.40580233796297,2,Monday,17,Wednesday,2021-10-18 00:00:00+00:00,2021-10-25 00:00:00+00:00,True,0,0
b86ad10816f7f986004344d86e55f600,OFFLINE,2021-08-24 12:08:50.483000+00:00,2021-10-18 03:07:00+00:00,78,300,50,E2F9517E4B924224FB308023E6149775,54.623721261574076,3,Monday,12,Tuesday,2021-10-18 00:00:00+00:00,2021-10-25 00:00:00+00:00,True,0,0
d70f1f0771f88f5916159d54a3994ba4,OFFLINE,2021-10-11 04:53:23.305000+00:00,2021-10-18 03:41:00+00:00,78,300,99,89D534629771B04F61D1971C3068D1BD,6.949730266203703,3,Monday,4,Monday,2021-10-18 00:00:00+00:00,2021-10-25 00:00:00+00:00,True,0,0
dc3d0fbc92c79e319b9e1671b8c2e644,ONLINE,2021-02-07 13:12:14.453000+00:00,2021-10-18 03:56:00+00:00,78,07B,105,2D9F8B5DDB0A7BD6F060DBAA34EC0CFF,252.61372160879628,3,Monday,13,Sunday,2021-10-18 00:00:00+00:00,2021-10-25 00:00:00+00:00,True,0,0
cc599c0eaf45d98874324a78ee0a160f,OFFLINE,2021-08-31 04:20:04.655000+00:00,2021-10-18 04:07:00+00:00,78,07B,188,9F9E66046BADAE5ABE94708CED879416,47.990918344907406,4,Monday,4,Tuesday,2021-10-18 00:00:00+00:00,2021-10-25 00:00:00+00:00,True,0,0
83f82bb4fc144bd372b0afd22698980f,OFFLINE,2021-10-07 09:38:03.438000+00:00,2021-10-18 04:29:00+00:00,78,300,70,2630D6FC6433A9A4C1C906C0D64BDDE1,10.785376875,4,Monday,9,Thursday,2021-10-18 00:00:00+00:00,2021-10-25 00:00:00+00:00,True,0,0
7824453010550d0c925dda52b495257c,ONLINE,2021-01-26 19:50:29.751000+00:00,2021-10-18 04:44:00+00:00,78,07B,66,294B021232C509826A57AC3136B8ABDD,264.3704889930556,4,Monday,19,Tuesday,2021-10-18 00:00:00+00:00,2021-10-25 00:00:00+00:00,True,0,0
21ff8f698c6f34fdc8e432521a1b32f4,OFFLINE,2021-01-26 06:27:37.267000+00:00,2021-10-18 05:09:00+00:00,78,07B,224,10D023CEE6CC12F06C576EB33402E56B,264.9454020023148,5,Monday,6,Tuesday,2021-10-18 00:00:00+00:00,2021-10-25 00:00:00+00:00,True,0,0
46549d28d2e207c59fb36a2144d1995e,OFFLINE,2021-03-22 09:59:17.531000+00:00,2021-10-18 05:12:00+00:00,76,300,237,C0DD698BE0C1EA71FA3045950BEEC64B,209.80049153935187,5,Monday,9,Monday,2021-10-18 00:00:00+00:00,2021-10-25 00:00:00+00:00,True,0,0
939ec9489bbf769283802d947fdccec9,ONLINE,2021-07-28 06:46:48.477000+00:00,2021-10-18 05:19:00+00:00,78,07B,213,B4FC534828E371E11BC989991238B1D4,81.93902225694444,5,Monday,6,Wednesday,2021-10-18 00:00:00+00:00,2021-10-25 00:00:00+00:00,True,0,0
e10d13ac0016657341958b006a9600c8,OFFLINE,2021-10-03 19:35:25.769000+00:00,2021-10-18 05:26:00+00:00,78,07B,113,9FFABDFED33FB837D72433191B5668D5,14.410118414351851,5,Monday,19,Sunday,2021-10-18 00:00:00+00:00,2021-10-25 00:00:00+00:00,True,0,0
d067e05d9848b60600079a7cbf05643c,OFFLINE,2021-01-29 02:46:58.706000+00:00,2021-10-18 05:29:00+00:00,78,07B,75,EE735FFED3A6072D13A30636E658A03A,262.11251497685186,5,Monday,2,Friday,2021-10-18 00:00:00+00:00,2021-10-25 00:00:00+00:00,True,0,0
8ed21a768f10cd329b490006206dae2e,OFFLINE,2021-04-17 10:30:44.212000+00:00,2021-10-18 05:30:00+00:00,78,300,124,D3CEA8B57F07B785543EDB2058A190CE,183.7911549537037,5,Monday,10,Saturday,2021-10-18 00:00:00+00:00,2021-10-25 00:00:00+00:00,True,0,0
905ff446bb49db9ee047f4427e2b3029,OFFLINE,2021-03-31 08:59:13.668000+00:00,2021-10-18 05:45:00+00:00,78,07B,85,C142F51706DA139EC3DCAA250682C61A,200.86511958333332,5,Monday,8,Wednesday,2021-10-18 00:00:00+00:00,2021-10-25 00:00:00+00:00,True,1,0
fbeeace186fee8a2ea0a4638919c34e3,OFFLINE,2021-10-16 10:32:48.131000+00:00,2021-10-18 05:55:00+00:00,78,300,50,C0DD698BE0C1EA71FA3045950BEEC64B,1.8070818171296297,5,Monday,10,Saturday,2021-10-18 00:00:00+00:00,2021-10-25 00:00:00+00:00,True,0,0
d58e2e7fe85d692ca5746ecc063cba84,OFFLINE,2021-03-24 19:17:47.381000+00:00,2021-10-18 05:59:00+00:00,78,1EF,75,4DBE83E28F1DFA3ED9C79A2C577BFBDE,207.44528494212963,5,Monday,19,Wednesday,2021-10-18 00:00:00+00:00,2021-10-25 00:00:00+00:00,True,0,0
cf8f698e6c5be9b55c3afdc6a51cabd7,OFFLINE,2021-02-21 18:54:23.050000+00:00,2021-10-18 06:07:00+00:00,78,07B,94,4E8E60427140A514537C374BAA698D32,238.4670943287037,6,Monday,18,Sunday,2021-10-18 00:00:00+00:00,2021-10-25 00:00:00+00:00,True,0,0
8c522771f878dbf231aa8f0cae2f649f,OFFLINE,2021-06-15 17:49:13.024000+00:00,2021-10-18 06:10:00+00:00,78,1EF,165,740CB1CA2BD83B3276B092195A6EB883,124.51443259259258,6,Monday,17,Tuesday,2021-10-18 00:00:00+00:00,2021-10-25 00:00:00+00:00,True,0,0
9ad5bb0218ef8a3dc60c575263a38a35,OFFLINE,2021-03-01 11:13:15.559000+00:00,2021-10-18 06:42:00+00:00,78,07B,124,EEDD0125ADF9CD4325E56C39462533F5,230.81162547453704,6,Monday,11,Monday,2021-10-18 00:00:00+00:00,2021-10-25 00:00:00+00:00,True,0,0
9d3021d3505789e13cfe1078f2275883,OFFLINE,2021-05-06 07:09:39.070000+00:00,2021-10-18 07:01:00+00:00,78,1EF,174,96C3C752FA22E3A6918ADE4F355D3F8D,164.99399224537038,7,Monday,7,Thursday,2021-10-18 00:00:00+00:00,2021-10-25 00:00:00+00:00,True,0,0
db456690ed5648dd637d8e8e3d2ce928,OFFLINE,2021-07-10 14:56:14.290000+00:00,2021-10-18 07:05:00+00:00,90,07B,140,294B021232C509826A57AC3136B8ABDD,99.67275127314817,7,Monday,14,Saturday,2021-10-18 00:00:00+00:00,2021-10-25 00:00:00+00:00,True,0,0
b129c64b9d4c7a2e7ece6a696f5d1c7b,ONLINE,2021-09-01 17:25:25.147000+00:00,2021-10-18 07:30:00+00:00,78,07B,146,294B021232C509826A57AC3136B8ABDD,46.58651450231481,7,Monday,17,Wednesday,2021-10-18 00:00:00+00:00,2021-10-25 00:00:00+00:00,True,0,0
f7f33b7eec63b06e503a0c7b3d7a710c,ONLINE,2021-03-28 14:07:11.870000+00:00,2021-10-18 07:35:00+00:00,78,07B,68,294B021232C509826A57AC3136B8ABDD,203.7276403935185,7,Monday,14,Sunday,2021-10-18 00:00:00+00:00,2021-10-25 00:00:00+00:00,True,0,0
c06a2c9d813f93d086d2dcdc2f03bc6a,OFFLINE,2021-02-11 14:50:56.444000+00:00,2021-10-18 08:39:00+00:00,78,07B,103,4E8E60427140A514537C374BAA698D32,248.7417078240741,8,Monday,14,Thursday,2021-10-18 00:00:00+00:00,2021-10-25 00:00:00+00:00,True,0,0
4774686fa9a719de5f7fdf4ca2bffdf3,ONLINE,2021-07-02 08:17:21.831000+00:00,2021-10-18 09:10:00+00:00,78,07B,303,B79C3A36345A4588BD73EBFFC22B9D01,108.03655288194444,9,Monday,8,Friday,2021-10-18 00:00:00+00:00,2021-10-25 00:00:00+00:00,True,0,0
c6f62b19c54d960c5c02ac97726ebd09,OFFLINE,2021-04-21 18:27:30.803000+00:00,2021-10-18 09:25:00+00:00,78,07B,150,4E8E60427140A514537C374BAA698D32,179.62325459490742,9,Monday,18,Wednesday,2021-10-18 00:00:00+00:00,2021-10-25 00:00:00+00:00,True,0,0
10c513e48064a6746665161426e3a029,ONLINE,2021-08-14 15:37:45.006000+00:00,2021-10-18 09:29:00+00:00,78,300,61,B6563BC197C1D5F0381754909937C28F,64.74392354166666,9,Monday,15,Saturday,2021-10-18 00:00:00+00:00,2021-10-25 00:00:00+00:00,True,0,0
65bcfaa7ad3a74683fe0bab15ea5485c,OFFLINE,2021-03-09 08:35:19.002000+00:00,2021-10-18 09:30:00+00:00,78,1EF,176,08A9B54E00545ECCD369B8E5D2692E9F,223.03797451388888,9,Monday,8,Tuesday,2021-10-18 00:00:00+00:00,2021-10-25 00:00:00+00:00,True,0,0
5a3cb12d0a13003e101a32ea9acd5b03,ONLINE,2021-08-18 20:33:51.260000+00:00,2021-10-18 09:31:00+00:00,78,07B,113,294B021232C509826A57AC3136B8ABDD,60.53968449074074,9,Monday,20,Wednesday,2021-10-18 00:00:00+00:00,2021-10-25 00:00:00+00:00,True,0,0
9918ff177474b7c86f9696eecb94385f,OFFLINE,2021-04-01 15:32:28.273000+00:00,2021-10-18 09:44:00+00:00,78,1EF,176,4DBE83E28F1DFA3ED9C79A2C577BFBDE,199.75800609953706,9,Monday,15,Thursday,2021-10-18 00:00:00+00:00,2021-10-25 00:00:00+00:00,True,0,0
07b9bcf3766d934c07c967c3f4f89763,ONLINE,2021-08-17 09:31:58.935000+00:00,2021-10-18 09:53:00+00:00,78,07B,87,294B021232C509826A57AC3136B8ABDD,62.014595659722225,9,Monday,9,Tuesday,2021-10-18 00:00:00+00:00,2021-10-25 00:00:00+00:00,True,0,0
fee0e17958cd4bb281ae4cc5600d22f9,OFFLINE,2021-03-29 01:53:59.360000+00:00,2021-10-18 10:07:00+00:00,78,07B,56,10D023CEE6CC12F06C576EB33402E56B,203.34236851851853,10,Monday,1,Monday,2021-10-18 00:00:00+00:00,2021-10-25 00:00:00+00:00,True,0,0
5e6e483739ffbb4267d8705def89501b,OFFLINE,2021-01-18 14:22:24.526000+00:00,2021-10-18 10:10:00+00:00,78,07B,104,3DCC8B4086B582DDB2E5481A5D44CAB4,272.82471613425923,10,Monday,14,Monday,2021-10-18 00:00:00+00:00,2021-10-25 00:00:00+00:00,True,0,0
485ad40193967156f4d3b0870243b286,OFFLINE,2021-04-27 05:12:13.753000+00:00,2021-10-18 10:14:00+00:00,78,1EF,60,F53472DBCC26A0D6A6D02DDAAB396785,174.2095630439815,10,Monday,5,Tuesday,2021-10-18 00:00:00+00:00,2021-10-25 00:00:00+00:00,True,0,0
b2d164709dc77b0f1dfda6c9e87fab34,OFFLINE,2021-04-13 11:27:48.323000+00:00,2021-10-18 10:26:00+00:00,78,07B,156,4E8E60427140A514537C374BAA698D32,187.9570795949074,10,Monday,11,Tuesday,2021-10-18 00:00:00+00:00,2021-10-25 00:00:00+00:00,True,0,0
9c261f4b7e21a043506e0daf50aa261f,OFFLINE,2021-06-01 07:04:10.270000+00:00,2021-10-18 10:51:00+00:00,78,07B,50,4E8E60427140A514537C374BAA698D32,139.15752002314815,10,Monday,7,Tuesday,2021-10-18 00:00:00+00:00,2021-10-25 00:00:00+00:00,True,0,0
1170918c2c59a94e89da02125dbb7740,OFFLINE,2021-08-15 15:20:51.313000+00:00,2021-10-18 10:57:00+00:00,78,300,50,2630D6FC6433A9A4C1C906C0D64BDDE1,63.816767210648145,10,Monday,15,Sunday,2021-10-18 00:00:00+00:00,2021-10-25 00:00:00+00:00,True,0,0
9b3c6948146e7c52b691847e47779275,ONLINE,2021-05-23 17:47:16.207000+00:00,2021-10-18 11:07:00+00:00,78,07B,89,EEDD0125ADF9CD4325E56C39462533F5,147.7220346412037,11,Monday,17,Sunday,2021-10-18 00:00:00+00:00,2021-10-25 00:00:00+00:00,True,0,0
edfa65d5aa5c3792b64a7ff533f7efa2,OFFLINE,2021-07-05 19:56:04.196000+00:00,2021-10-18 11:09:00+00:00,78,07B,50,EEDD0125ADF9CD4325E56C39462533F5,104.63397921296296,11,Monday,19,Monday,2021-10-18 00:00:00+00:00,2021-10-25 00:00:00+00:00,True,0,0
d71b8db7f37dd5c5ba925c5eea14f2d7,ONLINE,2021-01-27 02:47:25.152000+00:00,2021-10-18 11:20:00+00:00,78,07B,98,2CF9D19CE125793D17A0B4C371AB7AFD,264.3559588888889,11,Monday,2,Wednesday,2021-10-18 00:00:00+00:00,2021-10-25 00:00:00+00:00,True,0,0
12f144819a158b132ce6e1b504f01aec,OFFLINE,2021-03-09 03:20:46.495000+00:00,2021-10-18 11:40:00+00:00,78,1EF,79,38BB76CCFDD8129EF62B3AF5480605C7,223.34668408564815,11,Monday,3,Tuesday,2021-10-18 00:00:00+00:00,2021-10-25 00:00:00+00:00,True,0,0
f1bdf8ceaa165bce4ac3ce2f54331f24,OFFLINE,2021-03-12 10:30:43.503000+00:00,2021-10-18 12:10:00+00:00,78,07B,79,10D023CEE6CC12F06C576EB33402E56B,220.0689409375,12,Monday,10,Friday,2021-10-18 00:00:00+00:00,2021-10-25 00:00:00+00:00,True,0,0
50ec99c63765c2e8e1e24bc642e6d318,ONLINE,2021-03-05 03:03:40.124000+00:00,2021-10-18 12:40:00+00:00,78,1EF,118,0668909560B9D2AF8FDA5489BCAA5FFF,227.4002300462963,12,Monday,3,Friday,2021-10-18 00:00:00+00:00,2021-10-25 00:00:00+00:00,True,1,0
f7e65e956ff8702715db5ced4cb11536,ONLINE,2021-09-03 14:09:00.539000+00:00,2021-10-18 12:44:00+00:00,78,07B,165,EEDD0125ADF9CD4325E56C39462533F5,44.940965983796296,12,Monday,14,Friday,2021-10-18 00:00:00+00:00,2021-10-25 00:00:00+00:00,True,0,0
f01452fe04b052c5015085444d182287,OFFLINE,2021-10-06 05:53:55.309000+00:00,2021-10-18 12:55:00+00:00,78,1EF,98,4DF70D744AB4B2076706A37F1EBAC6B9,12.292415405092594,12,Monday,5,Wednesday,2021-10-18 00:00:00+00:00,2021-10-25 00:00:00+00:00,True,0,0
bbc2d4bb89768145471e2c0a969df60d,ONLINE,2021-09-22 02:35:35.373000+00:00,2021-10-18 13:07:00+00:00,78,1EF,60,7B36B12A4C581DFCF8BF406AECA45564,26.438479479166666,13,Monday,2,Wednesday,2021-10-18 00:00:00+00:00,2021-10-25 00:00:00+00:00,True,0,0
4498c771cc0dc7aa3253b014df7da4f2,OFFLINE,2021-02-11 03:36:49.556000+00:00,2021-10-18 13:41:00+00:00,78,07B,293,F84C47E45A36CBB7374E22F943B1CAA6,249.41956532407406,13,Monday,3,Thursday,2021-10-18 00:00:00+00:00,2021-10-25 00:00:00+00:00,True,0,0
607296829a63e8b4f7ea4c00dee75462,OFFLINE,2021-06-29 08:20:29.440000+00:00,2021-10-18 13:56:00+00:00,78,300,76,08379264459A6EF0F8052CC20B9DD41F,111.2329925925926,13,Monday,8,Tuesday,2021-10-18 00:00:00+00:00,2021-10-25 00:00:00+00:00,True,0,0
90855106df83b9adbec027e14fe74647,OFFLINE,2021-07-15 02:10:24.917000+00:00,2021-10-18 14:01:00+00:00,78,1EF,67,740CB1CA2BD83B3276B092195A6EB883,95.4934616087963,14,Monday,2,Thursday,2021-10-18 00:00:00+00:00,2021-10-25 00:00:00+00:00,True,0,0
a9f4e7561fa7ed7744d2c36936e9f1d6,ONLINE,2021-02-02 03:55:42.933000+00:00,2021-10-18 14:03:00+00:00,78,300,73,08379264459A6EF0F8052CC20B9DD41F,258.42172531250003,14,Monday,3,Tuesday,2021-10-18 00:00:00+00:00,2021-10-25 00:00:00+00:00,True,0,0
e4e811811a1de9637c76578e45e3d762,OFFLINE,2021-03-08 10:00:33.807000+00:00,2021-10-18 14:06:00+00:00,78,1EF,112,FF6F2DDF8AB23F3461E39CE6531C7EAB,224.1704420486111,14,Monday,10,Monday,2021-10-18 00:00:00+00:00,2021-10-25 00:00:00+00:00,True,0,0
a8c015972162ed75842a772a3f062bee,OFFLINE,2021-07-23 09:24:29.002000+00:00,2021-10-18 14:27:00+00:00,78,07B,335,4ECC8B694F4BB262BDD4B0A85952B71A,87.21008099537036,14,Monday,9,Friday,2021-10-18 00:00:00+00:00,2021-10-25 00:00:00+00:00,True,0,0
4f0ee49d1017c4604a1495ac1ff5421e,ONLINE,2021-06-11 13:55:51.974000+00:00,2021-10-18 14:40:00+00:00,78,300,59,2630D6FC6433A9A4C1C906C0D64BDDE1,129.03064844907408,14,Monday,13,Friday,2021-10-18 00:00:00+00:00,2021-10-25 00:00:00+00:00,True,0,0
b824df1b2c0a0591c601794df33fae4b,OFFLINE,2021-01-11 08:44:47.983000+00:00,2021-10-18 14:49:00+00:00,78,1EF,60,740CB1CA2BD83B3276B092195A6EB883,280.2529168634259,14,Monday,8,Monday,2021-10-18 00:00:00+00:00,2021-10-25 00:00:00+00:00,True,0,0
64044ce9cd0bc315b600ea212c38ab88,OFFLINE,2021-01-22 13:58:30.011000+00:00,2021-10-18 15:02:00+00:00,78,07B,201,4E8E60427140A514537C374BAA698D32,269.0440970949074,15,Monday,13,Friday,2021-10-18 00:00:00+00:00,2021-10-25 00:00:00+00:00,True,0,0
a18c7273b15457b416da943c86838d96,OFFLINE,2021-09-23 03:26:54.179000+00:00,2021-10-18 15:13:00+00:00,78,07B,182,F84C47E45A36CBB7374E22F943B1CAA6,25.490345150462964,15,Monday,3,Thursday,2021-10-18 00:00:00+00:00,2021-10-25 00:00:00+00:00,True,0,0
0f6d86aa16dc86edb640bc5d28238c59,OFFLINE,2021-09-06 17:18:55.194000+00:00,2021-10-18 15:19:00+00:00,78,300,50,7E701822D80EF10DEBEA008731637EA3,41.916722291666666,15,Monday,17,Monday,2021-10-18 00:00:00+00:00,2021-10-25 00:00:00+00:00,True,0,0
239c872cc44d571e074bc9ed91005da6,OFFLINE,2021-01-20 10:54:07.300000+00:00,2021-10-18 15:20:00+00:00,78,07B,96,EEDD0125ADF9CD4325E56C39462533F5,271.1846377314815,15,Monday,10,Wednesday,2021-10-18 00:00:00+00:00,2021-10-25 00:00:00+00:00,True,0,0
dfb7bcf09d40fb364f9dabccf17dd911,OFFLINE,2021-09-02 12:53:41.659000+00:00,2021-10-18 15:49:00+00:00,78,07B,56,EEDD0125ADF9CD4325E56C39462533F5,46.12174005787037,15,Monday,12,Thursday,2021-10-18 00:00:00+00:00,2021-10-25 00:00:00+00:00,True,0,0
4c135cbb980459960db40357e932f8b3,OFFLINE,2021-06-08 06:12:10.662000+00:00,2021-10-18 16:24:00+00:00,78,1EF,122,38BB76CCFDD8129EF62B3AF5480605C7,132.4248765972222,16,Monday,6,Tuesday,2021-10-18 00:00:00+00:00,2021-10-25 00:00:00+00:00,True,0,0
d72e8068ae446c60d5a1056f6cd2b3a0,OFFLINE,2021-02-18 04:23:19.936000+00:00,2021-10-18 16:37:00+00:00,78,07B,172,4E8E60427140A514537C374BAA698D32,242.50949148148146,16,Monday,4,Thursday,2021-10-18 00:00:00+00:00,2021-10-25 00:00:00+00:00,True,0,0
44c2141961c23ad86bbd511ca308225a,OFFLINE,2021-02-28 19:46:03.115000+00:00,2021-10-18 16:38:00+00:00,78,07B,68,C142F51706DA139EC3DCAA250682C61A,231.86940839120373,16,Monday,19,Sunday,2021-10-18 00:00:00+00:00,2021-10-25 00:00:00+00:00,True,0,0
00bf6e75784cb8456c9ff2ae7b204d47,OFFLINE,2021-02-05 14:43:39.174000+00:00,2021-10-18 16:47:00+00:00,78,1EF,61,F5D32DD994477BAC9E1ACC96D65A0972,255.08565770833334,16,Monday,14,Friday,2021-10-18 00:00:00+00:00,2021-10-25 00:00:00+00:00,True,0,0
2178d6e77d33f3c46607214f4fc40e03,OFFLINE,2021-01-18 16:04:48.727000+00:00,2021-10-18 18:24:00+00:00,78,1EF,106,96C3C752FA22E3A6918ADE4F355D3F8D,273.0966582523148,18,Monday,16,Monday,2021-10-18 00:00:00+00:00,2021-10-25 00:00:00+00:00,True,0,0
dc80ce37052b86745d7d2948f19950ca,OFFLINE,2021-02-12 16:41:17.097000+00:00,2021-10-18 19:03:00+00:00,78,07B,130,EEDD0125ADF9CD4325E56C39462533F5,248.09841322916668,19,Monday,16,Friday,2021-10-18 00:00:00+00:00,2021-10-25 00:00:00+00:00,True,0,0
2a226ef9aafd6fcee0a7618066a2e3c6,OFFLINE,2021-08-01 15:52:36.121000+00:00,2021-10-18 19:08:00+00:00,78,1EF,149,08A9B54E00545ECCD369B8E5D2692E9F,78.13569304398148,19,Monday,15,Sunday,2021-10-18 00:00:00+00:00,2021-10-25 00:00:00+00:00,True,0,0
bca26653eb1642bda42143328b18042c,OFFLINE,2021-02-26 06:25:06.865000+00:00,2021-10-18 20:01:00+00:00,78,300,187,2630D6FC6433A9A4C1C906C0D64BDDE1,234.56658721064818,20,Monday,6,Friday,2021-10-18 00:00:00+00:00,2021-10-25 00:00:00+00:00,True,0,0
b5609b714e100f53d42100c3886e067b,OFFLINE,2021-09-21 20:34:00.132000+00:00,2021-10-18 21:31:00+00:00,78,300,113,09B36CB8AB7325477B80E99BE8FB2D02,27.039581805555553,21,Monday,20,Tuesday,2021-10-18 00:00:00+00:00,2021-10-25 00:00:00+00:00,True,0,0
a4c0317156f480074a27c483e54234af,OFFLINE,2021-04-08 05:53:35.781000+00:00,2021-10-19 02:36:00+00:00,78,300,152,E56AE16934A0D29EBF24915402A7E5ED,193.8627803125,2,Tuesday,5,Thursday,2021-10-19 00:00:00+00:00,2021-10-26 00:00:00+00:00,True,0,0
0ed4e8d4cce54bdbd377660eba1b971c,OFFLINE,2021-04-18 03:43:12.315000+00:00,2021-10-19 04:27:00+00:00,78,07B,102,294B021232C509826A57AC3136B8ABDD,184.03041302083335,4,Tuesday,3,Sunday,2021-10-19 00:00:00+00:00,2021-10-26 00:00:00+00:00,True,0,0
01deefe1947a6427f5dfd6a083abfb46,OFFLINE,2021-07-05 15:52:10.317000+00:00,2021-10-19 05:17:00+00:00,78,1EF,253,2C10D809ABD31810F4E95F4E500EFA7E,105.55890836805555,5,Tuesday,15,Monday,2021-10-19 00:00:00+00:00,2021-10-26 00:00:00+00:00,True,0,0
de99eb2a5132bfc32a07b4cdc1fe4593,OFFLINE,2021-07-31 15:37:59.291000+00:00,2021-10-19 05:55:00+00:00,78,1EF,189,2C10D809ABD31810F4E95F4E500EFA7E,79.5951470949074,5,Tuesday,15,Saturday,2021-10-19 00:00:00+00:00,2021-10-26 00:00:00+00:00,True,0,0
71922ab3ea5e777d0a5c1b62943b3659,OFFLINE,2021-04-28 08:16:29.090000+00:00,2021-10-19 06:13:00+00:00,78,07B,156,EEDD0125ADF9CD4325E56C39462533F5,173.9142466435185,6,Tuesday,8,Wednesday,2021-10-19 00:00:00+00:00,2021-10-26 00:00:00+00:00,True,0,0
1bd7bcdff0d59c8b6e14c6a81ed40590,ONLINE,2021-07-15 05:22:21.623000+00:00,2021-10-19 06:57:00+00:00,78,300,109,56C3843EA0BAA7B2438B58CFC2BBD0FF,96.06572195601852,6,Tuesday,5,Thursday,2021-10-19 00:00:00+00:00,2021-10-26 00:00:00+00:00,True,0,0
ffba952fa8d6ee6e8ff8395c37ef181e,ONLINE,2021-08-27 18:19:33.452000+00:00,2021-10-19 07:38:00+00:00,78,1EF,149,96C3C752FA22E3A6918ADE4F355D3F8D,52.55447393518519,7,Tuesday,18,Friday,2021-10-19 00:00:00+00:00,2021-10-26 00:00:00+00:00,True,0,0
5c27cda48139f0a2f8d2607be5dcbf7c,ONLINE,2021-04-26 09:33:03.459000+00:00,2021-10-19 07:45:00+00:00,78,1EF,161,7B36B12A4C581DFCF8BF406AECA45564,175.92495996527776,7,Tuesday,9,Monday,2021-10-19 00:00:00+00:00,2021-10-26 00:00:00+00:00,True,0,0
3ceb660c07def59c8b3ff2bef07f5000,OFFLINE,2021-05-17 15:54:20.370000+00:00,2021-10-19 07:53:00+00:00,78,1EF,117,0668909560B9D2AF8FDA5489BCAA5FFF,154.66573645833336,7,Tuesday,15,Monday,2021-10-19 00:00:00+00:00,2021-10-26 00:00:00+00:00,True,0,0
683d5cc862b48edc67f652f185ecb4c3,OFFLINE,2021-03-09 05:58:48.376000+00:00,2021-10-19 09:31:00+00:00,78,1EF,118,740CB1CA2BD83B3276B092195A6EB883,224.14735675925928,9,Tuesday,5,Tuesday,2021-10-19 00:00:00+00:00,2021-10-26 00:00:00+00:00,True,0,0
f0486b063c5230cf37f552f86fdb8742,OFFLINE,2021-08-05 14:28:23.754000+00:00,2021-10-19 10:23:00+00:00,78,300,50,08379264459A6EF0F8052CC20B9DD41F,74.82958618055555,10,Tuesday,14,Thursday,2021-10-19 00:00:00+00:00,2021-10-26 00:00:00+00:00,True,0,0
434ddc76172a9f14818262e37937c411,OFFLINE,2021-02-10 08:51:12.815000+00:00,2021-10-19 10:30:00+00:00,78,1EF,141,A00AF20362FBDDE9E3869D787E4693AF,251.06860167824073,10,Tuesday,8,Wednesday,2021-10-19 00:00:00+00:00,2021-10-26 00:00:00+00:00,True,0,0
a58a0970322bdce66efd43cc5fa0c368,ONLINE,2021-07-31 07:55:31.111000+00:00,2021-10-19 11:03:00+00:00,78,1EF,123,D5CECB3D35FF9FEF0E46207CFE4A5F29,80.13019547453705,11,Tuesday,7,Saturday,2021-10-19 00:00:00+00:00,2021-10-26 00:00:00+00:00,True,0,0
b7bf20d17a576b65fac6ff0315fcd7cc,ONLINE,2021-05-07 09:13:38.448000+00:00,2021-10-19 11:12:00+00:00,78,1EF,170,49CA01E7044CB3B65F99673C9C074D16,165.08219388888887,11,Tuesday,9,Friday,2021-10-19 00:00:00+00:00,2021-10-26 00:00:00+00:00,True,0,0
e8457f4c07eef6f144d025ce4b944c2f,OFFLINE,2021-07-25 14:53:17.859000+00:00,2021-10-19 11:35:00+00:00,78,300,67,A85A33858C7BB0DCE962E99B2E79BBC4,85.8622932986111,11,Tuesday,14,Sunday,2021-10-19 00:00:00+00:00,2021-10-26 00:00:00+00:00,True,0,0
e4a896e50965b96014e8820a934c1896,OFFLINE,2021-06-09 19:47:53.665000+00:00,2021-10-19 11:41:00+00:00,78,300,50,526A1D40F50BBB44821C0C0FDE8E16B7,131.66187887731482,11,Tuesday,19,Wednesday,2021-10-19 00:00:00+00:00,2021-10-26 00:00:00+00:00,True,0,0
c61667a775ed6a8381138b5a518b9cf2,ONLINE,2021-02-10 13:10:16.539000+00:00,2021-10-19 12:43:00+00:00,78,07B,50,EE735FFED3A6072D13A30636E658A03A,250.98105857638888,12,Tuesday,13,Wednesday,2021-10-19 00:00:00+00:00,2021-10-26 00:00:00+00:00,True,0,0
7e204cc0f800d99716c89ea53c1edf1a,OFFLINE,2021-03-10 07:18:29.045000+00:00,2021-10-19 13:26:00+00:00,78,1EF,74,08A9B54E00545ECCD369B8E5D2692E9F,223.25521938657405,13,Tuesday,7,Wednesday,2021-10-19 00:00:00+00:00,2021-10-26 00:00:00+00:00,True,0,0
6e80040386ba8f362b0f2179fba2b89c,OFFLINE,2021-06-20 12:51:27.003000+00:00,2021-10-19 13:34:00+00:00,78,1EF,70,1162FF15A2450469905B590D62F7746E,121.02954857638888,13,Tuesday,12,Sunday,2021-10-19 00:00:00+00:00,2021-10-26 00:00:00+00:00,True,0,0
3ed3e8ac1ffbbbef8a7e53a3a11772fb,OFFLINE,2021-09-23 16:05:05.055000+00:00,2021-10-19 14:37:00+00:00,78,1EF,143,4DF70D744AB4B2076706A37F1EBAC6B9,25.93883038194444,14,Tuesday,16,Thursday,2021-10-19 00:00:00+00:00,2021-10-26 00:00:00+00:00,True,0,0
6b8a4bdc30bd705913e4bb45f70036ef,OFFLINE,2021-05-03 08:09:51.977000+00:00,2021-10-19 15:15:00+00:00,88,300,15,2630D6FC6433A9A4C1C906C0D64BDDE1,169.2952317476852,15,Tuesday,8,Monday,2021-10-19 00:00:00+00:00,2021-10-26 00:00:00+00:00,True,0,0
360feac46a660ddd35bd0ba5c81276f1,ONLINE,2021-02-06 14:37:05.046000+00:00,2021-10-19 15:39:00+00:00,78,07B,115,2D9F8B5DDB0A7BD6F060DBAA34EC0CFF,255.0429971527778,15,Tuesday,14,Saturday,2021-10-19 00:00:00+00:00,2021-10-26 00:00:00+00:00,True,0,0
0751d61700d8e2454c0bb5e3d175dde6,OFFLINE,2021-10-07 18:36:02.960000+00:00,2021-10-19 16:19:00+00:00,78,300,109,1BA53B5BBB76E9903A2CF8FF02C37293,11.904826851851853,16,Tuesday,18,Thursday,2021-10-19 00:00:00+00:00,2021-10-26 00:00:00+00:00,True,0,0
153ff45214cccfbfc92a6d6c1dd83748,OFFLINE,2021-07-08 13:23:37.740000+00:00,2021-10-19 17:41:00+00:00,78,07B,66,294B021232C509826A57AC3136B8ABDD,103.17872986111111,17,Tuesday,13,Thursday,2021-10-19 00:00:00+00:00,2021-10-26 00:00:00+00:00,True,0,0
1fde811f93dcaed6cfd4972173f5f4f6,ONLINE,2021-10-17 16:34:59.213000+00:00,2021-10-19 17:47:00+00:00,78,07B,132,C142F51706DA139EC3DCAA250682C61A,2.0500091087962966,17,Tuesday,16,Sunday,2021-10-19 00:00:00+00:00,2021-10-26 00:00:00+00:00,True,0,0
477cbf01d2c5aba05dd135e587c527a7,ONLINE,2021-06-29 17:32:09.569000+00:00,2021-10-19 17:48:00+00:00,78,1EF,172,BB2033CE2FA4822C957B37DEB445B32C,112.0110003587963,17,Tuesday,17,Tuesday,2021-10-19 00:00:00+00:00,2021-10-26 00:00:00+00:00,True,0,0
2dfe8e82aead4f8babb4d252e4497600,ONLINE,2021-02-09 18:27:58.991000+00:00,2021-10-19 18:21:00+00:00,78,300,86,7E701822D80EF10DEBEA008731637EA3,251.99515056712963,18,Tuesday,18,Tuesday,2021-10-19 00:00:00+00:00,2021-10-26 00:00:00+00:00,True,0,0
4337cda757ecd46b7ce936c01d5273b4,OFFLINE,2021-09-14 15:43:20.953000+00:00,2021-10-19 18:45:00+00:00,78,07B,97,294B021232C509826A57AC3136B8ABDD,35.12614637731481,18,Tuesday,15,Tuesday,2021-10-19 00:00:00+00:00,2021-10-26 00:00:00+00:00,True,0,0
966e0fb541cc6e092c41698b4cc21eea,OFFLINE,2021-06-16 13:57:27.871000+00:00,2021-10-19 18:53:00+00:00,78,1EF,79,38BB76CCFDD8129EF62B3AF5480605C7,125.20523297453704,18,Tuesday,13,Wednesday,2021-10-19 00:00:00+00:00,2021-10-26 00:00:00+00:00,True,0,0
a0c7ad202c599feee3011bddbf806699,OFFLINE,2021-09-12 16:44:04.763000+00:00,2021-10-19 21:30:00+00:00,78,07B,116,294B021232C509826A57AC3136B8ABDD,37.1985559837963,21,Tuesday,16,Sunday,2021-10-19 00:00:00+00:00,2021-10-26 00:00:00+00:00,True,0,0
8e016c54f4a808d3c7f058bff3175665,OFFLINE,2021-03-20 00:06:50.783000+00:00,2021-10-20 01:32:00+00:00,78,07B,84,EE735FFED3A6072D13A30636E658A03A,214.0591344560185,1,Wednesday,0,Saturday,2021-10-20 00:00:00+00:00,2021-10-27 00:00:00+00:00,True,0,0
536aea4d77993cd81815ac9538aba20e,OFFLINE,2021-09-26 09:30:19.837000+00:00,2021-10-20 02:41:00+00:00,78,07B,84,4E8E60427140A514537C374BAA698D32,23.715742627314814,2,Wednesday,9,Sunday,2021-10-20 00:00:00+00:00,2021-10-27 00:00:00+00:00,True,0,0
ed6be6738e0e2fbf67c6ec64d952e40e,OFFLINE,2021-01-11 11:30:58.747000+00:00,2021-10-20 02:51:00+00:00,78,07B,137,EEDD0125ADF9CD4325E56C39462533F5,281.6389033912037,2,Wednesday,11,Monday,2021-10-20 00:00:00+00:00,2021-10-27 00:00:00+00:00,True,0,0
58d505e6947917645eadccfc71b739cd,OFFLINE,2021-07-18 11:18:54.308000+00:00,2021-10-20 03:00:00+00:00,78,07B,75,294B021232C509826A57AC3136B8ABDD,93.65353810185185,3,Wednesday,11,Sunday,2021-10-20 00:00:00+00:00,2021-10-27 00:00:00+00:00,True,0,0
8bd857a879cb7fb833cc8f120095abc2,OFFLINE,2021-06-02 19:06:08.135000+00:00,2021-10-20 03:03:00+00:00,78,1EF,96,1162FF15A2450469905B590D62F7746E,139.3311558449074,3,Wednesday,19,Wednesday,2021-10-20 00:00:00+00:00,2021-10-27 00:00:00+00:00,True,0,0
98a7ae2764ed627ea2c053e7f3eaae9c,ONLINE,2021-06-28 11:17:48.091000+00:00,2021-10-20 03:21:00+00:00,78,300,71,E56AE16934A0D29EBF24915402A7E5ED,113.66888783564815,3,Wednesday,11,Monday,2021-10-20 00:00:00+00:00,2021-10-27 00:00:00+00:00,True,0,0
d6b8cc2f55836a0a77202676655123e6,OFFLINE,2021-06-02 03:00:24.943000+00:00,2021-10-20 03:52:00+00:00,78,1EF,68,740CB1CA2BD83B3276B092195A6EB883,140.03582241898147,3,Wednesday,3,Wednesday,2021-10-20 00:00:00+00:00,2021-10-27 00:00:00+00:00,True,0,0
a448f98b389d1e06d9c1d280afcf5555,OFFLINE,2021-01-16 14:37:15.617000+00:00,2021-10-20 04:04:00+00:00,78,1EF,141,9EA9D0D3FE1AE487F016FBEA8CFD7731,276.5602359143519,4,Wednesday,14,Saturday,2021-10-20 00:00:00+00:00,2021-10-27 00:00:00+00:00,True,0,0
8abef4a31888632ed70d43886289d940,OFFLINE,2021-02-05 04:32:46.898000+00:00,2021-10-20 04:19:00+00:00,78,07B,169,9FFABDFED33FB837D72433191B5668D5,256.9904294212963,4,Wednesday,4,Friday,2021-10-20 00:00:00+00:00,2021-10-27 00:00:00+00:00,True,0,0
cf459389e9ddbe202aaadf00fae5ce3b,OFFLINE,2021-05-31 03:55:49.750000+00:00,2021-10-20 04:23:00+00:00,78,300,138,D3CEA8B57F07B785543EDB2058A190CE,142.01886863425926,4,Wednesday,3,Monday,2021-10-20 00:00:00+00:00,2021-10-27 00:00:00+00:00,True,0,0
71f5a746224bd62ad5729be4465232bb,ONLINE,2021-06-07 04:30:42.006000+00:00,2021-10-20 04:25:00+00:00,78,07B,117,EEDD0125ADF9CD4325E56C39462533F5,134.99604159722224,4,Wednesday,4,Monday,2021-10-20 00:00:00+00:00,2021-10-27 00:00:00+00:00,True,0,0
453b763225c95a3642587fb8ad7e7256,ONLINE,2021-02-25 03:38:56.493000+00:00,2021-10-20 04:36:00+00:00,78,07B,203,10D023CEE6CC12F06C576EB33402E56B,237.0396239236111,4,Wednesday,3,Thursday,2021-10-20 00:00:00+00:00,2021-10-27 00:00:00+00:00,True,0,0
d7d8ba911769572d7596131ef9e207c3,OFFLINE,2021-10-07 15:59:59.431000+00:00,2021-10-20 04:40:00+00:00,78,07B,122,EE735FFED3A6072D13A30636E658A03A,12.527784363425924,4,Wednesday,15,Thursday,2021-10-20 00:00:00+00:00,2021-10-27 00:00:00+00:00,True,0,0
47ea87f86cbba482f32a9c3a5dc459a7,OFFLINE,2021-02-09 09:38:50.332000+00:00,2021-10-20 04:41:00+00:00,78,07B,103,B0B076A3064F0AEA0A2AAC679ECE5F62,252.79316745370372,4,Wednesday,9,Tuesday,2021-10-20 00:00:00+00:00,2021-10-27 00:00:00+00:00,True,0,0
ff7039ebf5cea18c3dc31f6ae9ae5c76,OFFLINE,2021-07-01 08:51:11.867000+00:00,2021-10-20 04:49:00+00:00,78,07B,93,294B021232C509826A57AC3136B8ABDD,110.8318070949074,4,Wednesday,8,Thursday,2021-10-20 00:00:00+00:00,2021-10-27 00:00:00+00:00,True,0,0
a115a1734ca1074a1b629395f38d9518,OFFLINE,2021-10-14 18:29:29.653000+00:00,2021-10-20 04:55:00+00:00,78,1EF,92,7B36B12A4C581DFCF8BF406AECA45564,5.434379016203704,4,Wednesday,18,Thursday,2021-10-20 00:00:00+00:00,2021-10-27 00:00:00+00:00,True,0,0
b214de7f2cf1155e08fae7109d97c5d6,ONLINE,2021-09-14 03:58:08.787000+00:00,2021-10-20 05:15:00+00:00,78,300,96,E56AE16934A0D29EBF24915402A7E5ED,36.05337052083333,5,Wednesday,3,Tuesday,2021-10-20 00:00:00+00:00,2021-10-27 00:00:00+00:00,True,0,0
cb6eb8f31ae31e17c278c5be95600bc6,OFFLINE,2021-01-20 11:34:00.165000+00:00,2021-10-20 05:17:00+00:00,78,1EF,106,F5D32DD994477BAC9E1ACC96D65A0972,272.73819253472226,5,Wednesday,11,Wednesday,2021-10-20 00:00:00+00:00,2021-10-27 00:00:00+00:00,True,0,0
52b7f2143e05130702743941be8378c0,ONLINE,2021-03-16 06:02:42.948000+00:00,2021-10-20 05:22:00+00:00,78,07B,85,4E8E60427140A514537C374BAA698D32,217.9717251388889,5,Wednesday,6,Tuesday,2021-10-20 00:00:00+00:00,2021-10-27 00:00:00+00:00,True,1,0
dc884927e6e213bc0a2f8321d68dd1d0,OFFLINE,2021-03-11 04:39:45.958000+00:00,2021-10-20 05:38:00+00:00,78,300,78,7E701822D80EF10DEBEA008731637EA3,223.04044030092592,5,Wednesday,4,Thursday,2021-10-20 00:00:00+00:00,2021-10-27 00:00:00+00:00,True,0,0
a822c165d095f74e525caccde75333c0,OFFLINE,2021-05-31 05:45:03.944000+00:00,2021-10-20 05:50:00+00:00,78,1EF,176,BB2033CE2FA4822C957B37DEB445B32C,142.00342657407407,5,Wednesday,5,Monday,2021-10-20 00:00:00+00:00,2021-10-27 00:00:00+00:00,True,0,0
3d6d76dba5cc21d535f9a191df2afc54,OFFLINE,2021-01-18 06:32:22.525000+00:00,2021-10-20 05:55:00+00:00,78,1EF,215,13E10362E095E01B8474D8E02F873398,274.97404484953705,5,Wednesday,6,Monday,2021-10-20 00:00:00+00:00,2021-10-27 00:00:00+00:00,True,0,0
fe76d70f363f03c60a8a4ffe5306aedd,OFFLINE,2021-09-02 13:57:24.233000+00:00,2021-10-20 05:58:00+00:00,78,300,50,89D534629771B04F61D1971C3068D1BD,47.66708063657408,5,Wednesday,13,Thursday,2021-10-20 00:00:00+00:00,2021-10-27 00:00:00+00:00,True,0,0
0c6a2b5dae8d762ad38795d325a9b119,OFFLINE,2021-10-07 07:39:38.672000+00:00,2021-10-20 05:59:00+00:00,78,300,79,09B36CB8AB7325477B80E99BE8FB2D02,12.930107962962962,5,Wednesday,7,Thursday,2021-10-20 00:00:00+00:00,2021-10-27 00:00:00+00:00,True,0,0
248436cf7c9ce5612550456307640eed,OFFLINE,2021-07-09 14:15:45.893000+00:00,2021-10-20 06:00:00+00:00,78,300,156,15DEDC3B645D743B528945FFB129B0EC,102.65571883101853,6,Wednesday,14,Friday,2021-10-20 00:00:00+00:00,2021-10-27 00:00:00+00:00,True,0,0
97851e487e37ee4f8665ec56d91a9235,OFFLINE,2021-09-01 09:29:57.339000+00:00,2021-10-20 06:02:00+00:00,78,1EF,165,9EA9D0D3FE1AE487F016FBEA8CFD7731,48.85558635416667,6,Wednesday,9,Wednesday,2021-10-20 00:00:00+00:00,2021-10-27 00:00:00+00:00,True,0,0
a1b548d73f24cb30414773cc7059ac86,OFFLINE,2021-06-04 05:02:08.673000+00:00,2021-10-20 06:05:00+00:00,78,1EF,210,5CD6463B9C20BA10DA25A431F2D844A6,138.04364961805555,6,Wednesday,5,Friday,2021-10-20 00:00:00+00:00,2021-10-27 00:00:00+00:00,True,0,0
f622e7e7f29085b7c88260f141caef95,OFFLINE,2021-10-07 05:36:18.024000+00:00,2021-10-20 06:42:00+00:00,78,300,50,B6563BC197C1D5F0381754909937C28F,13.045624722222222,6,Wednesday,5,Thursday,2021-10-20 00:00:00+00:00,2021-10-27 00:00:00+00:00,True,0,0
20ad73d52be82934ea57b5aef236e29e,OFFLINE,2021-07-02 14:59:25.376000+00:00,2021-10-20 06:47:00+00:00,78,300,127,E56AE16934A0D29EBF24915402A7E5ED,109.65803962962963,6,Wednesday,14,Friday,2021-10-20 00:00:00+00:00,2021-10-27 00:00:00+00:00,True,0,0
ab24ff3bdd01e95fc0a2fb201b51de52,ONLINE,2021-05-05 13:55:30.550000+00:00,2021-10-20 06:48:00+00:00,78,07B,155,2D9F8B5DDB0A7BD6F060DBAA34EC0CFF,167.70311863425925,6,Wednesday,13,Wednesday,2021-10-20 00:00:00+00:00,2021-10-27 00:00:00+00:00,True,0,0
3edc083a39c279d12b6245596256b918,OFFLINE,2021-07-21 17:53:41.057000+00:00,2021-10-20 06:51:00+00:00,78,07B,58,EEDD0125ADF9CD4325E56C39462533F5,90.53980258101852,6,Wednesday,17,Wednesday,2021-10-20 00:00:00+00:00,2021-10-27 00:00:00+00:00,True,0,0
a986f52e7bf63235c870243306283b37,OFFLINE,2021-03-09 05:41:13.265000+00:00,2021-10-20 06:54:00+00:00,78,300,151,89D534629771B04F61D1971C3068D1BD,225.05054091435184,6,Wednesday,5,Tuesday,2021-10-20 00:00:00+00:00,2021-10-27 00:00:00+00:00,True,0,0
1359b7d46a2dd46550e08b8422e74933,OFFLINE,2021-09-06 06:50:12.569000+00:00,2021-10-20 07:20:00+00:00,78,07B,66,4E8E60427140A514537C374BAA698D32,44.02068785879629,7,Wednesday,6,Monday,2021-10-20 00:00:00+00:00,2021-10-27 00:00:00+00:00,True,0,0
5a704300a53f35d7d4403208809ba607,OFFLINE,2021-03-08 02:09:09.631000+00:00,2021-10-20 07:28:00+00:00,78,07B,184,9F9E66046BADAE5ABE94708CED879416,226.22141630787036,7,Wednesday,2,Monday,2021-10-20 00:00:00+00:00,2021-10-27 00:00:00+00:00,True,0,0
a3b20a0ea2ae7e988b533fa6607af847,OFFLINE,2021-08-08 11:46:25.229000+00:00,2021-10-20 07:59:00+00:00,78,300,171,D3CEA8B57F07B785543EDB2058A190CE,72.8420691087963,7,Wednesday,11,Sunday,2021-10-20 00:00:00+00:00,2021-10-27 00:00:00+00:00,True,0,0
1ba98dcd2900c34a65d16e21a7acebdd,OFFLINE,2021-09-25 18:18:36.837000+00:00,2021-10-20 08:02:00+00:00,88,1EF,40,4DF70D744AB4B2076706A37F1EBAC6B9,24.571795868055556,8,Wednesday,18,Saturday,2021-10-20 00:00:00+00:00,2021-10-27 00:00:00+00:00,True,0,0
28b50b7826b39015e8895bbf87323e4d,OFFLINE,2021-04-08 10:29:12.023000+00:00,2021-10-20 08:12:00+00:00,78,07B,59,294B021232C509826A57AC3136B8ABDD,194.90472195601853,8,Wednesday,10,Thursday,2021-10-20 00:00:00+00:00,2021-10-27 00:00:00+00:00,True,0,0
dd6f2d8a16b115829146ef73a46dcf94,OFFLINE,2021-01-29 16:48:54.694000+00:00,2021-10-20 08:20:00+00:00,78,1EF,60,1162FF15A2450469905B590D62F7746E,263.64658918981485,8,Wednesday,16,Friday,2021-10-20 00:00:00+00:00,2021-10-27 00:00:00+00:00,True,0,0
ba5e9afb4374745eb8b46d5ef4af2f38,ONLINE,2021-03-07 16:12:59.164000+00:00,2021-10-20 08:24:00+00:00,78,07B,87,10D023CEE6CC12F06C576EB33402E56B,226.67431523148147,8,Wednesday,16,Sunday,2021-10-20 00:00:00+00:00,2021-10-27 00:00:00+00:00,True,0,0
5bbce32a33a706023bb2533b7e25205d,OFFLINE,2021-10-09 19:07:54.943000+00:00,2021-10-20 08:25:00+00:00,78,07B,116,4E8E60427140A514537C374BAA698D32,10.553530752314815,8,Wednesday,19,Saturday,2021-10-20 00:00:00+00:00,2021-10-27 00:00:00+00:00,True,0,0
ae499c264a054ce5a61a76ec4b78245b,OFFLINE,2021-01-20 07:59:53.160000+00:00,2021-10-20 08:38:00+00:00,78,07B,92,EEDD0125ADF9CD4325E56C39462533F5,273.02646805555554,8,Wednesday,7,Wednesday,2021-10-20 00:00:00+00:00,2021-10-27 00:00:00+00:00,True,0,0
2d65759d60efdc6cc7efd2d0fce85797,OFFLINE,2021-09-26 17:25:16.701000+00:00,2021-10-20 08:40:00+00:00,78,1EF,93,740CB1CA2BD83B3276B092195A6EB883,23.635223368055556,8,Wednesday,17,Sunday,2021-10-20 00:00:00+00:00,2021-10-27 00:00:00+00:00,True,0,0
5025c001038b7274d93aaabf437f14cf,OFFLINE,2021-06-22 08:10:13.323000+00:00,2021-10-20 08:56:00+00:00,78,07B,101,2D9F8B5DDB0A7BD6F060DBAA34EC0CFF,120.03179024305555,8,Wednesday,8,Tuesday,2021-10-20 00:00:00+00:00,2021-10-27 00:00:00+00:00,True,0,0
98fcff1547c2d8312d3c571fd8788931,ONLINE,2021-09-20 08:29:58.355000+00:00,2021-10-20 09:03:00+00:00,78,300,88,E56AE16934A0D29EBF24915402A7E5ED,30.02293570601852,9,Wednesday,8,Monday,2021-10-20 00:00:00+00:00,2021-10-27 00:00:00+00:00,True,0,0
c4a6c370837db234664969a6e873fc1b,OFFLINE,2021-06-17 09:59:07.685000+00:00,2021-10-20 09:05:00+00:00,78,07B,51,894BFDA44B5ACACDA7F59ED3F3D6AD86,124.96241105324073,9,Wednesday,9,Thursday,2021-10-20 00:00:00+00:00,2021-10-27 00:00:00+00:00,True,0,0
cd9728926d9a50cf77f2d2b7db175e18,OFFLINE,2021-03-08 09:34:01.877000+00:00,2021-10-20 09:31:00+00:00,78,1EF,130,96C3C752FA22E3A6918ADE4F355D3F8D,225.99789494212962,9,Wednesday,9,Monday,2021-10-20 00:00:00+00:00,2021-10-27 00:00:00+00:00,True,0,0
a379346fefe5e8a2016cf46695809801,OFFLINE,2021-03-01 09:49:33.086000+00:00,2021-10-20 09:37:00+00:00,78,07B,186,10D023CEE6CC12F06C576EB33402E56B,232.99128372685186,9,Wednesday,9,Monday,2021-10-20 00:00:00+00:00,2021-10-27 00:00:00+00:00,True,0,0
18660db59254b3cca7a7f6e59a98376a,OFFLINE,2021-09-25 10:00:26.971000+00:00,2021-10-20 09:41:00+00:00,78,07B,65,EEDD0125ADF9CD4325E56C39462533F5,24.986493391203705,9,Wednesday,10,Saturday,2021-10-20 00:00:00+00:00,2021-10-27 00:00:00+00:00,True,0,0
3c561410d1a727a2cdba1b1b807c2761,ONLINE,2021-06-14 06:28:03.029000+00:00,2021-10-20 09:48:00+00:00,78,300,137,56C3843EA0BAA7B2438B58CFC2BBD0FF,128.13885383101854,9,Wednesday,6,Monday,2021-10-20 00:00:00+00:00,2021-10-27 00:00:00+00:00,True,0,0
d16268fe8b324dc074b3d4b5b13484e0,OFFLINE,2021-03-05 04:49:33.756000+00:00,2021-10-20 10:01:00+00:00,78,07B,221,D03E45AE45CAFB97B315F3E4A7C2D615,229.2162759722222,10,Wednesday,4,Friday,2021-10-20 00:00:00+00:00,2021-10-27 00:00:00+00:00,True,0,0
f04232ede3aff5f01f52bb4dd6815e65,ONLINE,2021-03-14 09:10:30.637000+00:00,2021-10-20 10:04:00+00:00,78,1EF,170,33C4EF36C213B6D1E4BBBCDE06C7A745,220.03714540509262,10,Wednesday,9,Sunday,2021-10-20 00:00:00+00:00,2021-10-27 00:00:00+00:00,True,0,0
7595ebe59ef911c33fd60abe133741ed,OFFLINE,2021-09-07 02:50:30.217000+00:00,2021-10-20 10:10:00+00:00,78,1EF,113,08A9B54E00545ECCD369B8E5D2692E9F,43.30520582175926,10,Wednesday,2,Tuesday,2021-10-20 00:00:00+00:00,2021-10-27 00:00:00+00:00,True,0,0
244aa287be69c3112efeff81dc4cb13f,OFFLINE,2021-07-01 04:27:41.320000+00:00,2021-10-20 10:23:00+00:00,78,07B,78,294B021232C509826A57AC3136B8ABDD,111.24674398148147,10,Wednesday,4,Thursday,2021-10-20 00:00:00+00:00,2021-10-27 00:00:00+00:00,True,0,0
665a6f0b150e5bc789a57bcb69db6afe,OFFLINE,2021-06-07 03:47:37.839000+00:00,2021-10-20 10:49:00+00:00,78,1EF,149,4DF70D744AB4B2076706A37F1EBAC6B9,135.29261760416668,10,Wednesday,3,Monday,2021-10-20 00:00:00+00:00,2021-10-27 00:00:00+00:00,True,0,0
d9ccfe7168e941f8f63b52422193dbd2,OFFLINE,2021-08-29 19:59:55.963000+00:00,2021-10-20 11:03:00+00:00,78,07B,61,9FFABDFED33FB837D72433191B5668D5,51.62713005787037,11,Wednesday,19,Sunday,2021-10-20 00:00:00+00:00,2021-10-27 00:00:00+00:00,True,0,0
80a3bf0c034a82bf5e908b2481929e4f,ONLINE,2021-03-06 07:29:14.401000+00:00,2021-10-20 11:09:00+00:00,76,07B,143,294B021232C509826A57AC3136B8ABDD,228.15261109953704,11,Wednesday,7,Saturday,2021-10-20 00:00:00+00:00,2021-10-27 00:00:00+00:00,True,0,0
9b165c36ebb1458ddc9e113b866cb376,ONLINE,2021-06-22 21:18:10.437000+00:00,2021-10-20 11:09:00+00:00,78,300,76,15DEDC3B645D743B528945FFB129B0EC,119.57696253472221,11,Wednesday,21,Tuesday,2021-10-20 00:00:00+00:00,2021-10-27 00:00:00+00:00,True,0,0
c277291fea8ba32920ee03fec7120dc3,ONLINE,2021-05-18 04:33:19.501000+00:00,2021-10-20 11:10:00+00:00,78,1EF,73,38BB76CCFDD8129EF62B3AF5480605C7,155.27546873842593,11,Wednesday,4,Tuesday,2021-10-20 00:00:00+00:00,2021-10-27 00:00:00+00:00,True,0,0
c8e3ecf9e3abfd7dc1c8f2f025af2cb9,OFFLINE,2021-10-12 15:52:16.059000+00:00,2021-10-20 11:22:00+00:00,78,300,113,C0DD698BE0C1EA71FA3045950BEEC64B,7.8123141319444445,11,Wednesday,15,Tuesday,2021-10-20 00:00:00+00:00,2021-10-27 00:00:00+00:00,True,0,0
c5612c91089095604cecf573aa4e0cf1,OFFLINE,2021-06-14 09:29:32.788000+00:00,2021-10-20 11:31:00+00:00,76,07B,208,5D80F97CDC9BD4BCBB7BFA0B329E6A7B,128.08434273148148,11,Wednesday,9,Monday,2021-10-20 00:00:00+00:00,2021-10-27 00:00:00+00:00,True,0,0
934bdcd920d283d47fa3f45641fe0f23,OFFLINE,2021-04-12 23:26:23.215000+00:00,2021-10-20 11:52:00+00:00,78,300,193,08379264459A6EF0F8052CC20B9DD41F,190.51778686342593,11,Wednesday,23,Monday,2021-10-20 00:00:00+00:00,2021-10-27 00:00:00+00:00,True,0,0
9c5be5dc0edbe265b3bcfa15151d5151,OFFLINE,2021-05-26 05:15:47.649000+00:00,2021-10-20 12:05:00+00:00,78,1EF,64,A00AF20362FBDDE9E3869D787E4693AF,147.28417072916668,12,Wednesday,5,Wednesday,2021-10-20 00:00:00+00:00,2021-10-27 00:00:00+00:00,True,0,0
da81653469d8b1508df8124688627aea,ONLINE,2021-05-31 09:08:01.036000+00:00,2021-10-20 12:14:00+00:00,78,300,79,09B36CB8AB7325477B80E99BE8FB2D02,142.12915467592592,12,Wednesday,9,Monday,2021-10-20 00:00:00+00:00,2021-10-27 00:00:00+00:00,True,0,0
4a4c823bb99a59bb1b435fdb1b0ef926,OFFLINE,2021-06-26 02:42:27.744000+00:00,2021-10-20 12:17:00+00:00,78,300,85,09B36CB8AB7325477B80E99BE8FB2D02,116.39898444444444,12,Wednesday,2,Saturday,2021-10-20 00:00:00+00:00,2021-10-27 00:00:00+00:00,True,0,0
c1d468e93b583c8c606122c7f7a3ffca,OFFLINE,2021-02-08 09:56:25.633000+00:00,2021-10-20 12:28:00+00:00,78,1EF,60,38BB76CCFDD8129EF62B3AF5480605C7,254.1052588773148,12,Wednesday,9,Monday,2021-10-20 00:00:00+00:00,2021-10-27 00:00:00+00:00,True,0,0
3976bd84d87cd102ed88b3714b6fe2d0,OFFLINE,2021-03-06 08:39:33.154000+00:00,2021-10-20 12:35:00+00:00,78,1EF,60,F066DEFF7409FE06BB3F4539FBDF12A4,228.16350516203704,12,Wednesday,8,Saturday,2021-10-20 00:00:00+00:00,2021-10-27 00:00:00+00:00,True,0,0
b7829138866830fad2ed71c39865eff6,OFFLINE,2021-08-10 12:03:50.829000+00:00,2021-10-20 12:46:00+00:00,78,1EF,144,A00AF20362FBDDE9E3869D787E4693AF,71.0292728125,12,Wednesday,12,Tuesday,2021-10-20 00:00:00+00:00,2021-10-27 00:00:00+00:00,True,0,0
bc6361aea72df87e9ffa110249c2c4d0,OFFLINE,2021-08-22 11:01:17.561000+00:00,2021-10-20 13:14:00+00:00,78,1EF,108,93A459F0AC42B4DAE28317297839D393,59.0921578587963,13,Wednesday,11,Sunday,2021-10-20 00:00:00+00:00,2021-10-27 00:00:00+00:00,True,0,0
f37bb39ca268930468f7463f30bc05a6,OFFLINE,2021-03-29 15:23:18.241000+00:00,2021-10-20 13:14:00+00:00,78,1EF,60,740CB1CA2BD83B3276B092195A6EB883,204.91020554398148,13,Wednesday,15,Monday,2021-10-20 00:00:00+00:00,2021-10-27 00:00:00+00:00,True,0,0
24e87ab27ec73df4f6ab8f37fd10d422,OFFLINE,2021-03-29 16:59:00.279000+00:00,2021-10-20 13:15:00+00:00,78,300,185,08379264459A6EF0F8052CC20B9DD41F,204.84444121527778,13,Wednesday,16,Monday,2021-10-20 00:00:00+00:00,2021-10-27 00:00:00+00:00,True,0,0
fa91619d9b8d2acd3ff4d650782e9691,OFFLINE,2021-08-27 03:21:18.024000+00:00,2021-10-20 13:17:00+00:00,78,300,133,7E701822D80EF10DEBEA008731637EA3,54.41368027777778,13,Wednesday,3,Friday,2021-10-20 00:00:00+00:00,2021-10-27 00:00:00+00:00,True,0,0
7a25f47e37eb3aff58e2bd07f58e8182,OFFLINE,2021-05-14 16:42:23.567000+00:00,2021-10-20 13:18:00+00:00,78,1EF,89,38BB76CCFDD8129EF62B3AF5480605C7,158.85806056712963,13,Wednesday,16,Friday,2021-10-20 00:00:00+00:00,2021-10-27 00:00:00+00:00,True,0,0
a1a9ff1753ae6ab07a9057548c564c2d,OFFLINE,2021-07-06 09:40:17.283000+00:00,2021-10-20 13:29:00+00:00,78,1EF,167,0668909560B9D2AF8FDA5489BCAA5FFF,106.15882774305555,13,Wednesday,9,Tuesday,2021-10-20 00:00:00+00:00,2021-10-27 00:00:00+00:00,True,0,0
8df0dace2cd3b331623fed71a7377b7c,OFFLINE,2021-06-01 05:29:47.155000+00:00,2021-10-20 13:46:00+00:00,78,07B,53,294B021232C509826A57AC3136B8ABDD,141.34459311342593,13,Wednesday,5,Tuesday,2021-10-20 00:00:00+00:00,2021-10-27 00:00:00+00:00,True,0,0
a96f7d1c9b6bc4e5c726c599bdbe3f76,ONLINE,2021-05-06 13:14:04.809000+00:00,2021-10-20 13:55:00+00:00,78,300,50,526A1D40F50BBB44821C0C0FDE8E16B7,167.02841656249998,13,Wednesday,13,Thursday,2021-10-20 00:00:00+00:00,2021-10-27 00:00:00+00:00,True,0,0
ef211801805eecab7a5b0040848fc46c,ONLINE,2021-01-31 16:16:59.992000+00:00,2021-10-20 13:55:00+00:00,78,07B,89,4E8E60427140A514537C374BAA698D32,261.9013889814815,13,Wednesday,16,Sunday,2021-10-20 00:00:00+00:00,2021-10-27 00:00:00+00:00,True,0,0
a3da130f3a0674d24b0447ca14629ec4,OFFLINE,2021-04-19 08:50:07.290000+00:00,2021-10-20 14:34:00+00:00,78,1EF,151,740CB1CA2BD83B3276B092195A6EB883,184.2388045138889,14,Wednesday,8,Monday,2021-10-20 00:00:00+00:00,2021-10-27 00:00:00+00:00,True,0,0
f4327339c8811b1be3be5671d370adb6,OFFLINE,2021-07-01 07:10:49.868000+00:00,2021-10-20 14:35:00+00:00,78,1EF,60,F16CFD7B03D10D346B3B0F11EE2B167C,111.30845060185185,14,Wednesday,7,Thursday,2021-10-20 00:00:00+00:00,2021-10-27 00:00:00+00:00,True,0,0
57c5fe9b5c0ee8df7e0746d29e6868bd,OFFLINE,2021-02-12 18:11:46.457000+00:00,2021-10-20 14:47:00+00:00,78,300,125,09B36CB8AB7325477B80E99BE8FB2D02,249.85779563657408,14,Wednesday,18,Friday,2021-10-20 00:00:00+00:00,2021-10-27 00:00:00+00:00,True,0,0
03f21e78e47ac4ca6a3992121035cc2d,ONLINE,2021-10-03 15:12:50.813000+00:00,2021-10-20 14:54:00+00:00,78,1EF,95,38BB76CCFDD8129EF62B3AF5480605C7,16.986911886574074,14,Wednesday,15,Sunday,2021-10-20 00:00:00+00:00,2021-10-27 00:00:00+00:00,True,0,0
d3c8418379de9551b67002362adcb753,OFFLINE,2021-05-12 13:18:27.578000+00:00,2021-10-20 15:02:00+00:00,78,1EF,139,740CB1CA2BD83B3276B092195A6EB883,161.07190303240742,15,Wednesday,13,Wednesday,2021-10-20 00:00:00+00:00,2021-10-27 00:00:00+00:00,True,0,0
6ffa673677c0d8df69d17a20f4825ac2,OFFLINE,2021-06-09 15:06:37.007000+00:00,2021-10-20 15:04:00+00:00,78,07B,67,EE735FFED3A6072D13A30636E658A03A,132.99818278935186,15,Wednesday,15,Wednesday,2021-10-20 00:00:00+00:00,2021-10-27 00:00:00+00:00,True,0,0
4a372a56880216545e902fc893efe73d,OFFLINE,2021-02-01 04:35:33.355000+00:00,2021-10-20 15:20:00+00:00,78,07B,96,4E8E60427140A514537C374BAA698D32,261.4475306134259,15,Wednesday,4,Monday,2021-10-20 00:00:00+00:00,2021-10-27 00:00:00+00:00,True,0,0
d971dc4cbbc2e78b5585abc105cd0b25,OFFLINE,2021-09-02 03:01:39.734000+00:00,2021-10-20 15:26:00+00:00,78,1EF,113,BB2033CE2FA4822C957B37DEB445B32C,48.51690122685185,15,Wednesday,3,Thursday,2021-10-20 00:00:00+00:00,2021-10-27 00:00:00+00:00,True,0,0
160414cbc1c55d38e326b27f78436e8a,OFFLINE,2021-06-22 16:41:02.109000+00:00,2021-10-20 15:28:00+00:00,78,07B,125,C142F51706DA139EC3DCAA250682C61A,119.94928114583334,15,Wednesday,16,Tuesday,2021-10-20 00:00:00+00:00,2021-10-27 00:00:00+00:00,True,0,0
040aee9eaef04ce92eac6a2acac9c43e,OFFLINE,2021-10-07 16:51:38.695000+00:00,2021-10-20 15:43:00+00:00,78,07B,99,294B021232C509826A57AC3136B8ABDD,12.95232991898148,15,Wednesday,16,Thursday,2021-10-20 00:00:00+00:00,2021-10-27 00:00:00+00:00,True,0,0
e4e38bb12679ccaaf2b984a816a48a47,OFFLINE,2021-02-23 18:37:25.194000+00:00,2021-10-20 15:59:00+00:00,78,07B,92,C142F51706DA139EC3DCAA250682C61A,238.88998618055558,15,Wednesday,18,Tuesday,2021-10-20 00:00:00+00:00,2021-10-27 00:00:00+00:00,True,1,0
bc0bd9a91853981ec07a6cff3b030ed5,ONLINE,2021-10-10 10:57:04.561000+00:00,2021-10-20 16:27:00+00:00,78,07B,66,EE735FFED3A6072D13A30636E658A03A,10.229113877314814,16,Wednesday,10,Sunday,2021-10-20 00:00:00+00:00,2021-10-27 00:00:00+00:00,True,0,0
21686bbcca93ee66f5e0886d06cb3c59,ONLINE,2021-08-07 15:12:34.590000+00:00,2021-10-20 17:37:00+00:00,78,1EF,101,2C10D809ABD31810F4E95F4E500EFA7E,74.10029409722222,17,Wednesday,15,Saturday,2021-10-20 00:00:00+00:00,2021-10-27 00:00:00+00:00,True,0,0
bb7f6fc5abe80ec9b6015db1b20eebce,OFFLINE,2021-08-26 12:07:44.166000+00:00,2021-10-20 18:13:00+00:00,78,300,50,E2F9517E4B924224FB308023E6149775,55.25365548611111,18,Wednesday,12,Thursday,2021-10-20 00:00:00+00:00,2021-10-27 00:00:00+00:00,True,0,0
61aa173ec5b5fda671b6483e1e39d898,ONLINE,2021-09-23 06:15:10.309000+00:00,2021-10-20 19:21:00+00:00,78,1EF,60,195FD095D9D7F47943113AF2CBCF9A75,27.545714016203704,19,Wednesday,6,Thursday,2021-10-20 00:00:00+00:00,2021-10-27 00:00:00+00:00,True,0,0
4a0d80121f31e2894e0b6438c8055116,OFFLINE,2021-02-12 10:04:08.196000+00:00,2021-10-20 20:00:00+00:00,88,1EF,80,4DF70D744AB4B2076706A37F1EBAC6B9,250.41379402777778,20,Wednesday,10,Friday,2021-10-20 00:00:00+00:00,2021-10-27 00:00:00+00:00,True,0,0
3f8ea1e5385232af18bf3dcf6d2b8501,OFFLINE,2021-01-27 15:19:57.679000+00:00,2021-10-20 20:15:00+00:00,88,1EF,150,7B36B12A4C581DFCF8BF406AECA45564,266.20488797453703,20,Wednesday,15,Wednesday,2021-10-20 00:00:00+00:00,2021-10-27 00:00:00+00:00,True,0,0
ca92c6e7ecce5723681ad596dacd037c,OFFLINE,2021-03-14 13:48:27.634000+00:00,2021-10-20 20:55:00+00:00,78,07B,134,294B021232C509826A57AC3136B8ABDD,220.29620793981482,20,Wednesday,13,Sunday,2021-10-20 00:00:00+00:00,2021-10-27 00:00:00+00:00,True,0,0
3cdfb5076c80f6e7952a852b68f9e685,OFFLINE,2021-03-06 15:32:11.625000+00:00,2021-10-20 23:50:00+00:00,78,07B,172,EEDD0125ADF9CD4325E56C39462533F5,228.34569878472223,23,Wednesday,15,Saturday,2021-10-20 00:00:00+00:00,2021-10-27 00:00:00+00:00,True,0,0
1dcd2eb7c86f055353e2fa08a9e512cf,ONLINE,2021-07-05 05:31:57.758000+00:00,2021-10-21 02:21:00+00:00,78,1EF,137,0668909560B9D2AF8FDA5489BCAA5FFF,107.8673870601852,2,Thursday,5,Monday,2021-10-21 00:00:00+00:00,2021-10-28 00:00:00+00:00,True,0,0
ebffc511a97e3523aafd68ed27594542,OFFLINE,2021-02-06 02:08:40.772000+00:00,2021-10-21 02:32:00+00:00,78,07B,75,9F9E66046BADAE5ABE94708CED879416,257.0161947685185,2,Thursday,2,Saturday,2021-10-21 00:00:00+00:00,2021-10-28 00:00:00+00:00,True,0,0
ca94e1d540547dc0fa86b8a66bcd97b2,ONLINE,2021-06-06 12:15:20.553000+00:00,2021-10-21 02:35:00+00:00,78,1EF,96,740CB1CA2BD83B3276B092195A6EB883,136.59698434027777,2,Thursday,12,Sunday,2021-10-21 00:00:00+00:00,2021-10-28 00:00:00+00:00,True,0,0
b187660902acc9d6cd5558468a7b4fef,OFFLINE,2021-04-14 07:52:33.504000+00:00,2021-10-21 02:58:00+00:00,78,07B,84,294B021232C509826A57AC3136B8ABDD,189.79544555555555,2,Thursday,7,Wednesday,2021-10-21 00:00:00+00:00,2021-10-28 00:00:00+00:00,True,0,0
c07587f4bcc48403fc7ac86119ab95b6,OFFLINE,2021-03-09 01:54:44.122000+00:00,2021-10-21 03:20:00+00:00,78,1EF,122,96C3C752FA22E3A6918ADE4F355D3F8D,226.0592115509259,3,Thursday,1,Tuesday,2021-10-21 00:00:00+00:00,2021-10-28 00:00:00+00:00,True,0,0
d93b7c258f7f0390d4cfd731aacbd95b,ONLINE,2021-02-26 12:54:41.302000+00:00,2021-10-21 03:26:00+00:00,78,07B,78,EEDD0125ADF9CD4325E56C39462533F5,236.60507752314814,3,Thursday,12,Friday,2021-10-21 00:00:00+00:00,2021-10-28 00:00:00+00:00,True,0,0
2ebb63a9815e4f81795c4e73dfcca800,OFFLINE,2021-03-19 13:32:21.105000+00:00,2021-10-21 03:48:00+00:00,78,1EF,141,195FD095D9D7F47943113AF2CBCF9A75,215.5942001736111,3,Thursday,13,Friday,2021-10-21 00:00:00+00:00,2021-10-28 00:00:00+00:00,True,0,0
af43547cfa6ef4effc3d1a4393d07e99,OFFLINE,2021-03-08 05:08:46.375000+00:00,2021-10-21 04:10:00+00:00,78,1EF,82,4DF70D744AB4B2076706A37F1EBAC6B9,226.95918547453704,4,Thursday,5,Monday,2021-10-21 00:00:00+00:00,2021-10-28 00:00:00+00:00,True,0,0
4c2b03f83cdb2b067314f63e86e1b20c,OFFLINE,2021-10-10 10:45:54.831000+00:00,2021-10-21 04:23:00+00:00,78,300,50,343C9BDAF8B30C6FA69625DB245306BD,10.734087604166666,4,Thursday,10,Sunday,2021-10-21 00:00:00+00:00,2021-10-28 00:00:00+00:00,True,0,0
b659ad4e4c1d419f2f0b033298e98ae4,OFFLINE,2021-02-14 19:06:30.232000+00:00,2021-10-21 04:25:00+00:00,78,07B,220,B5BC37462B0785F740436790AE41D171,248.38784453703704,4,Thursday,19,Sunday,2021-10-21 00:00:00+00:00,2021-10-28 00:00:00+00:00,True,0,0
8325c119035a17bb62985e8c104b5ec9,OFFLINE,2021-07-03 04:29:02.158000+00:00,2021-10-21 04:28:00+00:00,78,1EF,149,2C10D809ABD31810F4E95F4E500EFA7E,109.9992805787037,4,Thursday,4,Saturday,2021-10-21 00:00:00+00:00,2021-10-28 00:00:00+00:00,True,0,0
63f6db346b79aa7bb193875b299a2d49,OFFLINE,2021-03-06 04:54:27.487000+00:00,2021-10-21 04:38:00+00:00,78,1EF,60,08A9B54E00545ECCD369B8E5D2692E9F,228.9885707523148,4,Thursday,4,Saturday,2021-10-21 00:00:00+00:00,2021-10-28 00:00:00+00:00,True,0,0
44c17dc86ab9fab0dc4d72e7100ac46a,OFFLINE,2021-06-16 12:36:39.438000+00:00,2021-10-21 04:54:00+00:00,78,07B,74,2CF9D19CE125793D17A0B4C371AB7AFD,126.67871020833334,4,Thursday,12,Wednesday,2021-10-21 00:00:00+00:00,2021-10-28 00:00:00+00:00,True,0,0
aea151d3d2e6cba0527b5e8a01bc0e2a,OFFLINE,2021-07-11 10:46:21.460000+00:00,2021-10-21 04:59:00+00:00,78,1EF,105,740CB1CA2BD83B3276B092195A6EB883,101.75877939814814,4,Thursday,10,Sunday,2021-10-21 00:00:00+00:00,2021-10-28 00:00:00+00:00,True,0,0
6ead8bdb55a15c1540ca333a8cd70be8,OFFLINE,2021-04-12 22:10:10.363000+00:00,2021-10-21 05:29:00+00:00,78,07B,175,4E8E60427140A514537C374BAA698D32,191.30474116898148,5,Thursday,22,Monday,2021-10-21 00:00:00+00:00,2021-10-28 00:00:00+00:00,True,0,0
0d8c17f2c2e4e6d73fe41cbc006f4bb6,OFFLINE,2021-01-19 03:08:47.625000+00:00,2021-10-21 05:42:00+00:00,78,07B,124,B5BC37462B0785F740436790AE41D171,275.10639322916666,5,Thursday,3,Tuesday,2021-10-21 00:00:00+00:00,2021-10-28 00:00:00+00:00,True,0,0
3beec023423321581e833872f1fcbba9,OFFLINE,2021-10-07 15:43:45.162000+00:00,2021-10-21 05:49:00+00:00,78,07B,68,EEDD0125ADF9CD4325E56C39462533F5,13.586977291666667,5,Thursday,15,Thursday,2021-10-21 00:00:00+00:00,2021-10-28 00:00:00+00:00,True,1,0
681d33f6e3cbcd13213b5e94165ec611,ONLINE,2021-03-15 05:38:13.920000+00:00,2021-10-21 06:04:00+00:00,78,300,104,2630D6FC6433A9A4C1C906C0D64BDDE1,220.01789444444444,6,Thursday,5,Monday,2021-10-21 00:00:00+00:00,2021-10-28 00:00:00+00:00,True,0,0
696926fa3f07cfc04e683d8c1b5a032f,OFFLINE,2021-04-15 10:58:17.048000+00:00,2021-10-21 06:27:00+00:00,78,1EF,77,740CB1CA2BD83B3276B092195A6EB883,188.81160824074072,6,Thursday,10,Thursday,2021-10-21 00:00:00+00:00,2021-10-28 00:00:00+00:00,True,0,0
70bfdca7ff393aa2f98bd40653bdd811,ONLINE,2021-01-22 15:44:15.105000+00:00,2021-10-21 06:52:00+00:00,78,07B,103,10D023CEE6CC12F06C576EB33402E56B,271.6303807291667,6,Thursday,15,Friday,2021-10-21 00:00:00+00:00,2021-10-28 00:00:00+00:00,True,0,0
5e8162782784d33b2249ffb47469835d,ONLINE,2021-09-03 13:29:13.738000+00:00,2021-10-21 06:53:00+00:00,78,300,124,08379264459A6EF0F8052CC20B9DD41F,47.72484099537037,6,Thursday,13,Friday,2021-10-21 00:00:00+00:00,2021-10-28 00:00:00+00:00,True,1,0
0a69c6970701068d4061d627c8ae17b3,ONLINE,2021-09-17 05:02:13.575000+00:00,2021-10-21 06:54:00+00:00,78,300,68,E56AE16934A0D29EBF24915402A7E5ED,34.07762065972222,6,Thursday,5,Friday,2021-10-21 00:00:00+00:00,2021-10-28 00:00:00+00:00,True,0,0
d6862b643e0da1bbc357988febd46c0a,OFFLINE,2021-06-08 14:54:34.277000+00:00,2021-10-21 06:58:00+00:00,78,07B,96,3B56EC028568E71AF10B3360787CD0BC,134.6690477199074,6,Thursday,14,Tuesday,2021-10-21 00:00:00+00:00,2021-10-28 00:00:00+00:00,True,0,0
e669095ef5cc8ef6d125cb6dfd8060db,OFFLINE,2021-05-25 10:11:49.620000+00:00,2021-10-21 06:58:00+00:00,78,1EF,92,65BDDE34D53F6A348B44541DD0852538,148.86539791666667,6,Thursday,10,Tuesday,2021-10-21 00:00:00+00:00,2021-10-28 00:00:00+00:00,True,0,0
8f94fe6b797c6be8e6524d519b60d0bd,OFFLINE,2021-06-21 06:09:19.769000+00:00,2021-10-21 07:11:00+00:00,78,1EF,75,08A9B54E00545ECCD369B8E5D2692E9F,122.0428267476852,7,Thursday,6,Monday,2021-10-21 00:00:00+00:00,2021-10-28 00:00:00+00:00,True,0,0
3fa4f0c778b060653e1e87b87c9efdf9,OFFLINE,2021-03-09 05:13:30.173000+00:00,2021-10-21 07:11:00+00:00,78,07B,78,EEDD0125ADF9CD4325E56C39462533F5,226.0815952199074,7,Thursday,5,Tuesday,2021-10-21 00:00:00+00:00,2021-10-28 00:00:00+00:00,True,0,0
b340c0e21a4f34357b9a27f564b00c2a,OFFLINE,2021-06-07 08:43:27.704000+00:00,2021-10-21 07:52:00+00:00,78,1EF,116,38BB76CCFDD8129EF62B3AF5480605C7,135.9642626851852,7,Thursday,8,Monday,2021-10-21 00:00:00+00:00,2021-10-28 00:00:00+00:00,True,0,0
3b59c94ab78d1907d65b5092704fb697,OFFLINE,2021-09-28 08:39:44.066000+00:00,2021-10-21 07:54:00+00:00,78,07B,66,EEDD0125ADF9CD4325E56C39462533F5,22.96823997685185,7,Thursday,8,Tuesday,2021-10-21 00:00:00+00:00,2021-10-28 00:00:00+00:00,True,0,0
b0c96e1c30b92c6ee7b7bb880d313eab,OFFLINE,2021-10-20 18:36:25.438000+00:00,2021-10-21 07:58:00+00:00,78,07B,91,EE735FFED3A6072D13A30636E658A03A,0.5566500231481482,7,Thursday,18,Wednesday,2021-10-21 00:00:00+00:00,2021-10-28 00:00:00+00:00,True,0,0
96244b746bd0e2926f73202214fb959b,OFFLINE,2021-01-11 07:16:09.239000+00:00,2021-10-21 07:59:00+00:00,78,1EF,180,1162FF15A2450469905B590D62F7746E,283.02975417824075,7,Thursday,7,Monday,2021-10-21 00:00:00+00:00,2021-10-28 00:00:00+00:00,True,0,0
b80f46b9850aaba8c57b28ae555053bf,OFFLINE,2021-06-26 11:30:27.591000+00:00,2021-10-21 08:12:00+00:00,78,1EF,121,5CD6463B9C20BA10DA25A431F2D844A6,116.86218065972223,8,Thursday,11,Saturday,2021-10-21 00:00:00+00:00,2021-10-28 00:00:00+00:00,True,0,0
2cf6d50a662bd029426eb058d949888e,ONLINE,2021-05-29 03:16:51.074000+00:00,2021-10-21 08:26:00+00:00,78,07B,178,3B56EC028568E71AF10B3360787CD0BC,145.21468664351852,8,Thursday,3,Saturday,2021-10-21 00:00:00+00:00,2021-10-28 00:00:00+00:00,True,0,0
500b6166beb8d41e5fede88012fe96a1,OFFLINE,2021-04-15 09:40:57.876000+00:00,2021-10-21 08:29:00+00:00,78,07B,70,294B021232C509826A57AC3136B8ABDD,188.95002458333335,8,Thursday,9,Thursday,2021-10-21 00:00:00+00:00,2021-10-28 00:00:00+00:00,True,0,0
cad9833a05c8c98b0ca595f805084ffd,OFFLINE,2021-03-02 09:21:26.913000+00:00,2021-10-21 08:43:00+00:00,78,07B,116,EEDD0125ADF9CD4325E56C39462533F5,232.97329961805556,8,Thursday,9,Tuesday,2021-10-21 00:00:00+00:00,2021-10-28 00:00:00+00:00,True,0,0
8c2aea84a6c580ac573a2c9357e1f035,OFFLINE,2021-10-08 06:22:06.449000+00:00,2021-10-21 08:49:00+00:00,78,300,50,15DEDC3B645D743B528945FFB129B0EC,13.10200869212963,8,Thursday,6,Friday,2021-10-21 00:00:00+00:00,2021-10-28 00:00:00+00:00,True,0,0
21c79747264976728aed5d1b24343b0e,OFFLINE,2021-01-15 06:21:44.298000+00:00,2021-10-21 09:01:00+00:00,78,07B,184,56129BC950F9E18A9F5DF651D9D267D1,279.1105984027778,9,Thursday,6,Friday,2021-10-21 00:00:00+00:00,2021-10-28 00:00:00+00:00,True,0,0
b1b5c3ae90a9a05122aad92ddf3a3bec,OFFLINE,2021-09-21 16:42:26.866000+00:00,2021-10-21 09:10:00+00:00,78,07B,98,10D023CEE6CC12F06C576EB33402E56B,29.685800162037037,9,Thursday,16,Tuesday,2021-10-21 00:00:00+00:00,2021-10-28 00:00:00+00:00,True,0,0
a0077d8a8fe23175c71f154399db36f0,OFFLINE,2021-08-31 16:12:46.710000+00:00,2021-10-21 09:19:00+00:00,78,1EF,85,F5D32DD994477BAC9E1ACC96D65A0972,50.71265381944445,9,Thursday,16,Tuesday,2021-10-21 00:00:00+00:00,2021-10-28 00:00:00+00:00,True,0,0
2b443c0381009ffab7458d19254c764b,OFFLINE,2021-04-08 17:50:29.442000+00:00,2021-10-21 09:19:00+00:00,78,07B,105,D03E45AE45CAFB97B315F3E4A7C2D615,195.644798125,9,Thursday,17,Thursday,2021-10-21 00:00:00+00:00,2021-10-28 00:00:00+00:00,True,0,0
f399ff67f99cf14d508d66c5a0dc8c08,ONLINE,2021-08-09 13:51:34.875000+00:00,2021-10-21 09:33:00+00:00,78,300,117,7E701822D80EF10DEBEA008731637EA3,72.8204296875,9,Thursday,13,Monday,2021-10-21 00:00:00+00:00,2021-10-28 00:00:00+00:00,True,0,0
c55ada8162a123939ef2a2baa9d0f782,ONLINE,2021-06-24 17:53:47.116000+00:00,2021-10-21 09:36:00+00:00,78,1EF,68,38BB76CCFDD8129EF62B3AF5480605C7,118.65431578703704,9,Thursday,17,Thursday,2021-10-21 00:00:00+00:00,2021-10-28 00:00:00+00:00,True,0,0
ed362d0182f08d5b1cad1a054273c9b1,OFFLINE,2021-09-27 13:42:30.057000+00:00,2021-10-21 09:47:00+00:00,78,300,89,4FB52D1F31461850C15CC1C15A02931B,23.83645767361111,9,Thursday,13,Monday,2021-10-21 00:00:00+00:00,2021-10-28 00:00:00+00:00,True,0,0
a5d633ac4c99a4d1eb30a26dfc65eb0a,OFFLINE,2021-10-09 08:51:32.408000+00:00,2021-10-21 09:53:00+00:00,78,1EF,117,38BB76CCFDD8129EF62B3AF5480605C7,12.042680462962963,9,Thursday,8,Saturday,2021-10-21 00:00:00+00:00,2021-10-28 00:00:00+00:00,True,0,0
638a28c453f73dbe9e6be7ac530cdedb,OFFLINE,2021-07-08 19:56:34.732000+00:00,2021-10-21 09:54:00+00:00,78,07B,79,EEDD0125ADF9CD4325E56C39462533F5,104.58154245370369,9,Thursday,19,Thursday,2021-10-21 00:00:00+00:00,2021-10-28 00:00:00+00:00,True,0,0
bee50753f4b3926d3a8398fdc09388ea,OFFLINE,2021-02-04 07:59:19.689000+00:00,2021-10-21 10:22:00+00:00,78,07B,50,294B021232C509826A57AC3136B8ABDD,259.09907767361113,10,Thursday,7,Thursday,2021-10-21 00:00:00+00:00,2021-10-28 00:00:00+00:00,True,0,0
b42c6937363d84c1073d8310d08a1421,OFFLINE,2021-10-11 03:29:32.551000+00:00,2021-10-21 10:31:00+00:00,78,300,127,E56AE16934A0D29EBF24915402A7E5ED,10.29267880787037,10,Thursday,3,Monday,2021-10-21 00:00:00+00:00,2021-10-28 00:00:00+00:00,True,0,0
303916680ef2584a36526e04e60e1af8,OFFLINE,2021-06-29 07:46:40.604000+00:00,2021-10-21 10:41:00+00:00,78,1EF,96,7B36B12A4C581DFCF8BF406AECA45564,114.12105782407407,10,Thursday,7,Tuesday,2021-10-21 00:00:00+00:00,2021-10-28 00:00:00+00:00,True,0,0
e444d191fcf00a3dc8cd1a22c710422f,OFFLINE,2021-08-23 10:31:43.638000+00:00,2021-10-21 10:56:00+00:00,78,1EF,101,96C3C752FA22E3A6918ADE4F355D3F8D,59.016856041666664,10,Thursday,10,Monday,2021-10-21 00:00:00+00:00,2021-10-28 00:00:00+00:00,True,0,0
ab94834e784b432c41dc113abed460ef,ONLINE,2021-04-04 14:31:02.069000+00:00,2021-10-21 11:04:00+00:00,78,1EF,119,4DBE83E28F1DFA3ED9C79A2C577BFBDE,199.85622605324076,11,Thursday,14,Sunday,2021-10-21 00:00:00+00:00,2021-10-28 00:00:00+00:00,True,0,0
a8b8fc3911b28b43d8f898e8e3aded23,ONLINE,2021-03-25 18:23:51.675000+00:00,2021-10-21 12:03:00+00:00,98,300,120,89D534629771B04F61D1971C3068D1BD,209.73551302083334,12,Thursday,18,Thursday,2021-10-21 00:00:00+00:00,2021-10-28 00:00:00+00:00,True,0,0
3fa2c03e847ea92f46608c0a00b6f4a7,OFFLINE,2021-08-21 11:52:45.320000+00:00,2021-10-21 12:23:00+00:00,78,07B,42,9F9E66046BADAE5ABE94708CED879416,61.02100324074074,12,Thursday,11,Saturday,2021-10-21 00:00:00+00:00,2021-10-28 00:00:00+00:00,True,0,0
374adc827c9b17a1e12ba16990e118d8,OFFLINE,2021-08-11 04:09:17.724000+00:00,2021-10-21 12:42:00+00:00,78,300,71,E56AE16934A0D29EBF24915402A7E5ED,71.3560448611111,12,Thursday,4,Wednesday,2021-10-21 00:00:00+00:00,2021-10-28 00:00:00+00:00,True,0,0
e99f92b7ec10601487bf5b0b706e6437,ONLINE,2021-09-23 12:27:39.677000+00:00,2021-10-21 12:44:00+00:00,78,07B,92,EEDD0125ADF9CD4325E56C39462533F5,28.011346331018515,12,Thursday,12,Thursday,2021-10-21 00:00:00+00:00,2021-10-28 00:00:00+00:00,True,0,0
1bc072c0a8f283da2fb32a0d92e4aa75,OFFLINE,2021-06-07 09:23:33.217000+00:00,2021-10-21 12:49:00+00:00,78,1EF,118,2C10D809ABD31810F4E95F4E500EFA7E,136.14267109953704,12,Thursday,9,Monday,2021-10-21 00:00:00+00:00,2021-10-28 00:00:00+00:00,True,0,0
bb208fa83f0ae2804d5437c244e6e53d,OFFLINE,2021-09-08 19:57:39.313000+00:00,2021-10-21 12:54:00+00:00,79,07B,61,3B56EC028568E71AF10B3360787CD0BC,42.70579498842592,12,Thursday,19,Wednesday,2021-10-21 00:00:00+00:00,2021-10-28 00:00:00+00:00,True,0,0
7a19765fb9f3ae829716b2a4564b83de,OFFLINE,2021-05-19 05:38:21.400000+00:00,2021-10-21 13:01:00+00:00,78,1EF,94,FF6F2DDF8AB23F3461E39CE6531C7EAB,155.3073912037037,13,Thursday,5,Wednesday,2021-10-21 00:00:00+00:00,2021-10-28 00:00:00+00:00,True,0,0
b4f2c8e82774f63b90b115ace5a132f0,OFFLINE,2021-09-24 11:37:53.054000+00:00,2021-10-21 13:16:00+00:00,78,07B,87,294B021232C509826A57AC3136B8ABDD,27.068135949074072,13,Thursday,11,Friday,2021-10-21 00:00:00+00:00,2021-10-28 00:00:00+00:00,True,0,0
617890b9549e4e2b35d22e508e41d5cc,ONLINE,2021-06-02 04:07:36.784000+00:00,2021-10-21 13:22:00+00:00,78,07B,80,C142F51706DA139EC3DCAA250682C61A,141.38499092592593,13,Thursday,4,Wednesday,2021-10-21 00:00:00+00:00,2021-10-28 00:00:00+00:00,True,0,0
dca9b446376bb5fed7ae5df8b857debc,OFFLINE,2021-01-18 12:47:37.695000+00:00,2021-10-21 13:24:00+00:00,76,07B,134,EE735FFED3A6072D13A30636E658A03A,276.0252581597222,13,Thursday,12,Monday,2021-10-21 00:00:00+00:00,2021-10-28 00:00:00+00:00,True,0,0
864470fd43a67cdfad39cfda7cd3ded0,OFFLINE,2021-03-09 16:38:53.221000+00:00,2021-10-21 13:35:00+00:00,78,300,97,08379264459A6EF0F8052CC20B9DD41F,225.87230068287036,13,Thursday,16,Tuesday,2021-10-21 00:00:00+00:00,2021-10-28 00:00:00+00:00,True,0,0
a0cdcc761387c3fab96b2c80dc99b2cf,OFFLINE,2021-01-16 10:57:32.237000+00:00,2021-10-21 14:08:00+00:00,78,07B,151,2D9F8B5DDB0A7BD6F060DBAA34EC0CFF,278.13226577546294,14,Thursday,10,Saturday,2021-10-21 00:00:00+00:00,2021-10-28 00:00:00+00:00,True,0,0
26a44dc4118a2e3a9c6277d006592d15,OFFLINE,2021-04-05 19:48:46.692000+00:00,2021-10-21 14:16:00+00:00,78,07B,136,294B021232C509826A57AC3136B8ABDD,198.76890402777775,14,Thursday,19,Monday,2021-10-21 00:00:00+00:00,2021-10-28 00:00:00+00:00,True,1,0
f2503c7969e8969f6e98275336133227,ONLINE,2021-03-27 05:13:17.207000+00:00,2021-10-21 14:30:00+00:00,78,07B,89,0788D330C960376CA8EF0D842E5443A4,208.38660640046297,14,Thursday,5,Saturday,2021-10-21 00:00:00+00:00,2021-10-28 00:00:00+00:00,True,0,0
0a1b995cfa2ef63f091cf563565893e0,OFFLINE,2021-03-10 15:21:32.565000+00:00,2021-10-21 15:04:00+00:00,78,1EF,108,740CB1CA2BD83B3276B092195A6EB883,224.9878175347222,15,Thursday,15,Wednesday,2021-10-21 00:00:00+00:00,2021-10-28 00:00:00+00:00,True,0,0
3f87086df88ab6da066e6c2395782072,OFFLINE,2021-01-10 13:48:08.031000+00:00,2021-10-21 15:16:00+00:00,78,07B,70,EEDD0125ADF9CD4325E56C39462533F5,284.0610181597222,15,Thursday,13,Sunday,2021-10-21 00:00:00+00:00,2021-10-28 00:00:00+00:00,True,0,0
cc99c5beafefbe8265f2298dee8367c2,ONLINE,2021-05-13 03:57:59.999000+00:00,2021-10-21 15:17:00+00:00,78,07B,93,294B021232C509826A57AC3136B8ABDD,161.47152778935185,15,Thursday,3,Thursday,2021-10-21 00:00:00+00:00,2021-10-28 00:00:00+00:00,True,0,0
80b253b24fd159bd0352caca3ec499c1,ONLINE,2021-03-21 06:50:45.590000+00:00,2021-10-21 15:22:00+00:00,78,07B,137,4E8E60427140A514537C374BAA698D32,214.35502789351852,15,Thursday,6,Sunday,2021-10-21 00:00:00+00:00,2021-10-28 00:00:00+00:00,True,0,0
34084268693b7e2af7a66da2d63f031f,OFFLINE,2021-01-29 06:06:38.897000+00:00,2021-10-21 15:29:00+00:00,78,07B,50,3B56EC028568E71AF10B3360787CD0BC,265.390522025463,15,Thursday,6,Friday,2021-10-21 00:00:00+00:00,2021-10-28 00:00:00+00:00,True,0,0
b6b2ed890e7549a3689b11122ff32c9f,OFFLINE,2021-07-31 08:11:16.400000+00:00,2021-10-21 15:45:00+00:00,78,07B,153,D03E45AE45CAFB97B315F3E4A7C2D615,82.31508796296296,15,Thursday,8,Saturday,2021-10-21 00:00:00+00:00,2021-10-28 00:00:00+00:00,True,0,0
76cdabf1bebe688417d6ac9e0f3b2099,ONLINE,2021-06-18 11:26:20.465000+00:00,2021-10-21 15:56:00+00:00,78,07B,67,294B021232C509826A57AC3136B8ABDD,125.18726313657407,15,Thursday,11,Friday,2021-10-21 00:00:00+00:00,2021-10-28 00:00:00+00:00,True,0,0
f483f15440613f69a7797c923985d277,OFFLINE,2021-10-11 05:52:45.951000+00:00,2021-10-21 16:35:00+00:00,78,07B,147,4E8E60427140A514537C374BAA698D32,10.4459959375,16,Thursday,5,Monday,2021-10-21 00:00:00+00:00,2021-10-28 00:00:00+00:00,True,0,0
4b0c7a7079627187060ba4c40b549f63,OFFLINE,2021-08-24 15:57:26.783000+00:00,2021-10-21 16:46:00+00:00,78,300,50,89D534629771B04F61D1971C3068D1BD,58.033717789351854,16,Thursday,15,Tuesday,2021-10-21 00:00:00+00:00,2021-10-28 00:00:00+00:00,True,0,0
5bb20a2b01859ddaa1a5d9c20eaf58c3,ONLINE,2021-10-04 09:09:19.230000+00:00,2021-10-21 16:48:00+00:00,78,1EF,60,A3A64282C716DEA9699FC99619B34948,17.318527430555555,16,Thursday,9,Monday,2021-10-21 00:00:00+00:00,2021-10-28 00:00:00+00:00,True,0,0
15cedfb850b8e4d4def1eb7b036a52f0,OFFLINE,2021-07-11 12:29:19.245000+00:00,2021-10-21 16:56:00+00:00,78,07B,70,4ECC8B694F4BB262BDD4B0A85952B71A,102.18519392361112,16,Thursday,12,Sunday,2021-10-21 00:00:00+00:00,2021-10-28 00:00:00+00:00,True,0,0
f0c4fb30f745e7b89d23003fecba06ee,OFFLINE,2021-02-25 15:12:29.199000+00:00,2021-10-21 17:16:00+00:00,78,1EF,60,93A459F0AC42B4DAE28317297839D393,238.0857731597222,17,Thursday,15,Thursday,2021-10-21 00:00:00+00:00,2021-10-28 00:00:00+00:00,True,0,0
fb4bf7c1e360d54aec9e26371d3a60aa,OFFLINE,2021-09-03 17:26:08.949000+00:00,2021-10-21 17:17:00+00:00,78,300,221,D3CEA8B57F07B785543EDB2058A190CE,47.99364642361111,17,Thursday,17,Friday,2021-10-21 00:00:00+00:00,2021-10-28 00:00:00+00:00,True,0,0
d9b1dc6fc337b12bd68e83fd6a6f5660,OFFLINE,2021-05-13 06:12:34.713000+00:00,2021-10-21 17:19:00+00:00,78,07B,103,9F9E66046BADAE5ABE94708CED879416,161.46279267361112,17,Thursday,6,Thursday,2021-10-21 00:00:00+00:00,2021-10-28 00:00:00+00:00,True,0,0
705254703cded36a5a16a2064918e7f4,OFFLINE,2021-10-02 13:09:09.627000+00:00,2021-10-21 17:52:00+00:00,78,07B,144,2D9F8B5DDB0A7BD6F060DBAA34EC0CFF,19.196416354166665,17,Thursday,13,Saturday,2021-10-21 00:00:00+00:00,2021-10-28 00:00:00+00:00,True,0,0
ce74a6374e2de2235ff0486abc978bd5,ONLINE,2021-03-03 19:08:45.891000+00:00,2021-10-21 17:54:00+00:00,78,1EF,106,740CB1CA2BD83B3276B092195A6EB883,231.9480799652778,17,Thursday,19,Wednesday,2021-10-21 00:00:00+00:00,2021-10-28 00:00:00+00:00,True,0,0
2a55a56d31a4db40f9b5e410c9c81e91,OFFLINE,2021-04-08 08:52:54.927000+00:00,2021-10-21 18:02:00+00:00,78,1EF,82,2C10D809ABD31810F4E95F4E500EFA7E,196.38130871527775,18,Thursday,8,Thursday,2021-10-21 00:00:00+00:00,2021-10-28 00:00:00+00:00,True,0,0
29d2ac68d3a7d6405a30df6fe709de1b,OFFLINE,2021-07-16 09:23:01.451000+00:00,2021-10-21 18:07:00+00:00,78,07B,124,294B021232C509826A57AC3136B8ABDD,97.36387209490742,18,Thursday,9,Friday,2021-10-21 00:00:00+00:00,2021-10-28 00:00:00+00:00,True,0,0
2d0ef2ca6e93b7920f0fa1b4ba825ff7,ONLINE,2021-02-09 17:30:07.876000+00:00,2021-10-21 18:13:00+00:00,78,300,127,4FB52D1F31461850C15CC1C15A02931B,254.02976995370372,18,Thursday,17,Tuesday,2021-10-21 00:00:00+00:00,2021-10-28 00:00:00+00:00,True,0,0
927e2b8419faac3b11c9d71776ddf5b5,OFFLINE,2021-06-17 00:23:04.209000+00:00,2021-10-21 18:18:00+00:00,78,300,59,2630D6FC6433A9A4C1C906C0D64BDDE1,126.74647906249999,18,Thursday,0,Thursday,2021-10-21 00:00:00+00:00,2021-10-28 00:00:00+00:00,True,0,0
37c54ba2d2d7d4fb27b3d961efd1e877,OFFLINE,2021-10-21 17:17:22.833000+00:00,2021-10-21 18:18:00+00:00,78,1EF,60,7B36B12A4C581DFCF8BF406AECA45564,0.042096840277777776,18,Thursday,17,Thursday,2021-10-21 00:00:00+00:00,2021-10-28 00:00:00+00:00,True,0,0
102660d880c57ec3f1fe03e5e341b651,ONLINE,2021-02-26 15:29:34.883000+00:00,2021-10-21 18:36:00+00:00,88,07B,120,2D9F8B5DDB0A7BD6F060DBAA34EC0CFF,237.12945737268518,18,Thursday,15,Friday,2021-10-21 00:00:00+00:00,2021-10-28 00:00:00+00:00,True,0,0
a8f5f6e8327444c5d44e888fcdcffa84,OFFLINE,2021-06-29 15:28:31.901000+00:00,2021-10-21 19:24:00+00:00,78,07B,89,EEDD0125ADF9CD4325E56C39462533F5,114.16351966435185,19,Thursday,15,Tuesday,2021-10-21 00:00:00+00:00,2021-10-28 00:00:00+00:00,True,0,0
d5ef5b60d4c89a4c96de0d08408a428b,OFFLINE,2021-02-12 11:09:58.153000+00:00,2021-10-22 02:45:00+00:00,78,1EF,60,740CB1CA2BD83B3276B092195A6EB883,251.64932693287037,2,Friday,11,Friday,2021-10-22 00:00:00+00:00,2021-10-29 00:00:00+00:00,True,0,0
1f9051e0fa7c5a7429bb6df39341eb87,OFFLINE,2021-03-29 12:55:40.375000+00:00,2021-10-22 02:55:00+00:00,78,07B,103,294B021232C509826A57AC3136B8ABDD,206.5828660300926,2,Friday,12,Monday,2021-10-22 00:00:00+00:00,2021-10-29 00:00:00+00:00,True,0,0
bee98a5a2b24fdcb40142defbb7e885e,OFFLINE,2021-04-14 09:45:52.228000+00:00,2021-10-22 02:55:00+00:00,78,1EF,74,740CB1CA2BD83B3276B092195A6EB883,190.71467328703704,2,Friday,9,Wednesday,2021-10-22 00:00:00+00:00,2021-10-29 00:00:00+00:00,True,1,0
7937bc5a27269c3606c10f0f739c2877,OFFLINE,2021-04-07 10:52:47.853000+00:00,2021-10-22 03:31:00+00:00,78,300,50,E2F9517E4B924224FB308023E6149775,197.69319614583333,3,Friday,10,Wednesday,2021-10-22 00:00:00+00:00,2021-10-29 00:00:00+00:00,True,0,0
0385353005e16a780181497c78b9569f,ONLINE,2021-02-02 09:51:15.574000+00:00,2021-10-22 03:34:00+00:00,78,07B,91,4ECC8B694F4BB262BDD4B0A85952B71A,261.7380141898148,3,Friday,9,Tuesday,2021-10-22 00:00:00+00:00,2021-10-29 00:00:00+00:00,True,0,0
df459024eec793a33285c5055d33efcb,OFFLINE,2021-08-03 14:52:14.855000+00:00,2021-10-22 03:58:00+00:00,78,07B,155,EE735FFED3A6072D13A30636E658A03A,79.54566140046296,3,Friday,14,Tuesday,2021-10-22 00:00:00+00:00,2021-10-29 00:00:00+00:00,True,0,0
99112d171309b4558869714ecd173876,OFFLINE,2021-08-10 12:54:46.266000+00:00,2021-10-22 04:09:00+00:00,78,07B,105,EEDD0125ADF9CD4325E56C39462533F5,72.63488118055555,4,Friday,12,Tuesday,2021-10-22 00:00:00+00:00,2021-10-29 00:00:00+00:00,True,0,0
d8307157799f7f158a83f84dcd7ab977,OFFLINE,2021-04-14 05:17:25.537000+00:00,2021-10-22 04:11:00+00:00,78,07B,71,4ECC8B694F4BB262BDD4B0A85952B71A,190.95387109953703,4,Friday,5,Wednesday,2021-10-22 00:00:00+00:00,2021-10-29 00:00:00+00:00,True,0,0
a658c474d833960f497d152c8616bc9d,OFFLINE,2021-04-19 15:03:39.709000+00:00,2021-10-22 04:48:00+00:00,78,1EF,93,4DF70D744AB4B2076706A37F1EBAC6B9,185.57245707175926,4,Friday,15,Monday,2021-10-22 00:00:00+00:00,2021-10-29 00:00:00+00:00,True,0,0
9eb3f14ff4642299a798700c8be805a9,ONLINE,2021-09-05 14:49:16.905000+00:00,2021-10-22 04:53:00+00:00,78,07B,179,894BFDA44B5ACACDA7F59ED3F3D6AD86,46.58591545138889,4,Friday,14,Sunday,2021-10-22 00:00:00+00:00,2021-10-29 00:00:00+00:00,True,0,0
476aefde101649980b5f173edb952ca3,OFFLINE,2021-03-11 16:56:40.485000+00:00,2021-10-22 05:25:00+00:00,78,1EF,78,38BB76CCFDD8129EF62B3AF5480605C7,224.5196703125,5,Friday,16,Thursday,2021-10-22 00:00:00+00:00,2021-10-29 00:00:00+00:00,True,0,0
a5d2bd03dc435978845338841a694a43,ONLINE,2021-02-12 15:05:38.849000+00:00,2021-10-22 05:51:00+00:00,78,1EF,156,740CB1CA2BD83B3276B092195A6EB883,251.6148281365741,5,Friday,15,Friday,2021-10-22 00:00:00+00:00,2021-10-29 00:00:00+00:00,True,0,0
d382aaa2f232ca82b33640a04b0667b8,OFFLINE,2021-05-05 07:00:33.592000+00:00,2021-10-22 06:04:00+00:00,78,07B,105,4E8E60427140A514537C374BAA698D32,169.9607223148148,6,Friday,7,Wednesday,2021-10-22 00:00:00+00:00,2021-10-29 00:00:00+00:00,True,0,0
7e556f2ac74b77697936bda9b7202614,ONLINE,2021-08-12 08:36:54.268000+00:00,2021-10-22 06:24:00+00:00,78,07B,150,2D9F8B5DDB0A7BD6F060DBAA34EC0CFF,70.90770523148149,6,Friday,8,Thursday,2021-10-22 00:00:00+00:00,2021-10-29 00:00:00+00:00,True,0,0
cf581dca185eb3d3a6975cc2a95bdad4,OFFLINE,2021-06-02 06:18:52.765000+00:00,2021-10-22 06:30:00+00:00,78,07B,131,56129BC950F9E18A9F5DF651D9D267D1,142.00772262731482,6,Friday,6,Wednesday,2021-10-22 00:00:00+00:00,2021-10-29 00:00:00+00:00,True,0,0
eb6492b53c9d344ba338d85d714d3650,ONLINE,2021-02-20 13:28:44.061000+00:00,2021-10-22 06:48:00+00:00,78,07B,87,3B56EC028568E71AF10B3360787CD0BC,243.72171225694444,6,Friday,13,Saturday,2021-10-22 00:00:00+00:00,2021-10-29 00:00:00+00:00,True,0,0
7a6d53a587c645200de4c8d6d3bf4779,OFFLINE,2021-03-13 17:36:24.066000+00:00,2021-10-22 07:01:00+00:00,78,1EF,82,1162FF15A2450469905B590D62F7746E,222.5587492361111,7,Friday,17,Saturday,2021-10-22 00:00:00+00:00,2021-10-29 00:00:00+00:00,True,0,0
a802a61ece703f9df763d5342da03460,ONLINE,2021-06-19 04:59:25.028000+00:00,2021-10-22 07:02:00+00:00,78,07B,61,EEDD0125ADF9CD4325E56C39462533F5,125.08512699074073,7,Friday,4,Saturday,2021-10-22 00:00:00+00:00,2021-10-29 00:00:00+00:00,True,0,0
086f1c4e8d1b10e67ea98aa6c8044e6a,ONLINE,2021-01-25 07:02:22.374000+00:00,2021-10-22 07:27:00+00:00,78,1EF,86,195FD095D9D7F47943113AF2CBCF9A75,270.01710215277774,7,Friday,7,Monday,2021-10-22 00:00:00+00:00,2021-10-29 00:00:00+00:00,True,0,0
4a6584e2d2f5c48fa8118ec7c4680963,ONLINE,2021-04-15 07:58:27.162000+00:00,2021-10-22 08:33:00+00:00,78,07B,68,4E8E60427140A514537C374BAA698D32,190.02399118055556,8,Friday,7,Thursday,2021-10-22 00:00:00+00:00,2021-10-29 00:00:00+00:00,True,0,0
ecd54e7f3ecd98fa3af1d824053c5dce,ONLINE,2021-01-14 14:21:14.927000+00:00,2021-10-22 08:45:00+00:00,78,1EF,255,1162FF15A2450469905B590D62F7746E,280.76649390046293,8,Friday,14,Thursday,2021-10-22 00:00:00+00:00,2021-10-29 00:00:00+00:00,True,0,0
ac0243701f787571d922bddc6c956d93,OFFLINE,2021-07-17 18:26:36.832000+00:00,2021-10-22 09:02:00+00:00,78,1EF,144,740CB1CA2BD83B3276B092195A6EB883,96.60790703703704,9,Friday,18,Saturday,2021-10-22 00:00:00+00:00,2021-10-29 00:00:00+00:00,True,0,0
9ada683ab16be7121c4fa720d662cadc,OFFLINE,2021-09-29 03:05:32.808000+00:00,2021-10-22 09:06:00+00:00,78,07B,121,10D023CEE6CC12F06C576EB33402E56B,23.25031472222222,9,Friday,3,Wednesday,2021-10-22 00:00:00+00:00,2021-10-29 00:00:00+00:00,True,0,0
dc1207837150e3c0d73394df2ab9bc55,OFFLINE,2021-10-21 07:47:36.283000+00:00,2021-10-22 09:12:00+00:00,78,1EF,84,7B36B12A4C581DFCF8BF406AECA45564,1.058607835648148,9,Friday,7,Thursday,2021-10-22 00:00:00+00:00,2021-10-29 00:00:00+00:00,True,0,0
462fb5f4741a1d3b4db4e5b691455613,ONLINE,2021-09-04 07:53:59.117000+00:00,2021-10-22 09:37:00+00:00,78,07B,141,0788D330C960376CA8EF0D842E5443A4,48.07153799768518,9,Friday,7,Saturday,2021-10-22 00:00:00+00:00,2021-10-29 00:00:00+00:00,True,1,0
6cd71bbb5d134db3ffd49dfd088f5d24,ONLINE,2021-02-01 03:02:58.243000+00:00,2021-10-22 09:42:00+00:00,78,07B,123,4ECC8B694F4BB262BDD4B0A85952B71A,263.27710366898145,9,Friday,3,Monday,2021-10-22 00:00:00+00:00,2021-10-29 00:00:00+00:00,True,0,0
c3b21bf7de1b323d72a25dd909a62f84,OFFLINE,2021-09-09 03:15:17.962000+00:00,2021-10-22 09:46:00+00:00,78,1EF,112,08A9B54E00545ECCD369B8E5D2692E9F,43.27131988425926,9,Friday,3,Thursday,2021-10-22 00:00:00+00:00,2021-10-29 00:00:00+00:00,True,0,0
c36ab95df11a63d99ffaf182bbb9e906,ONLINE,2021-06-26 12:20:54.821000+00:00,2021-10-22 09:50:00+00:00,78,300,149,E56AE16934A0D29EBF24915402A7E5ED,117.89519883101852,9,Friday,12,Saturday,2021-10-22 00:00:00+00:00,2021-10-29 00:00:00+00:00,True,0,0
f9eebbb32b70d3400c85eab5ba67147e,OFFLINE,2021-08-25 14:27:42.645000+00:00,2021-10-22 09:52:00+00:00,78,300,58,E2F9517E4B924224FB308023E6149775,57.808534201388895,9,Friday,14,Wednesday,2021-10-22 00:00:00+00:00,2021-10-29 00:00:00+00:00,True,0,0
8046d3bf15c1c31f4fc34e72e6b02ba1,ONLINE,2021-06-27 14:04:58.772000+00:00,2021-10-22 09:54:00+00:00,78,07B,57,EEDD0125ADF9CD4325E56C39462533F5,116.8257086574074,9,Friday,14,Sunday,2021-10-22 00:00:00+00:00,2021-10-29 00:00:00+00:00,True,0,0
5eb00eea6b79b8b7d7a14865579a5041,OFFLINE,2021-01-16 16:17:12.597000+00:00,2021-10-22 10:04:00+00:00,78,1EF,65,A00AF20362FBDDE9E3869D787E4693AF,278.7408264236111,10,Friday,16,Saturday,2021-10-22 00:00:00+00:00,2021-10-29 00:00:00+00:00,True,0,0
eb14d752f287f6c12272057feec905f1,ONLINE,2021-04-07 07:56:51.302000+00:00,2021-10-22 10:21:00+00:00,78,07B,72,4ECC8B694F4BB262BDD4B0A85952B71A,198.10010067129627,10,Friday,7,Wednesday,2021-10-22 00:00:00+00:00,2021-10-29 00:00:00+00:00,True,0,0
d4726d6601581966208af1d4af1711bb,OFFLINE,2021-07-26 01:45:04.452000+00:00,2021-10-22 10:46:00+00:00,78,1EF,130,FF6F2DDF8AB23F3461E39CE6531C7EAB,88.37564291666668,10,Friday,1,Monday,2021-10-22 00:00:00+00:00,2021-10-29 00:00:00+00:00,True,0,0
3d3e89eda7ed138d54d2cc2eb3d8aebd,OFFLINE,2021-10-05 18:44:03.547000+00:00,2021-10-22 11:03:00+00:00,78,300,50,1BA53B5BBB76E9903A2CF8FF02C37293,16.67982005787037,11,Friday,18,Tuesday,2021-10-22 00:00:00+00:00,2021-10-29 00:00:00+00:00,True,0,0
6f7dafe355a303c4694fab6afc8699c5,ONLINE,2021-01-27 14:03:02.986000+00:00,2021-10-22 11:18:00+00:00,78,1EF,60,195FD095D9D7F47943113AF2CBCF9A75,267.8853821064815,11,Friday,14,Wednesday,2021-10-22 00:00:00+00:00,2021-10-29 00:00:00+00:00,True,0,0
982183198484847fd0bb619d420f53e8,OFFLINE,2021-07-08 07:13:07.264000+00:00,2021-10-22 11:24:00+00:00,78,07B,104,B4FC534828E371E11BC989991238B1D4,106.17422148148148,11,Friday,7,Thursday,2021-10-22 00:00:00+00:00,2021-10-29 00:00:00+00:00,True,0,0
df97cd27c8fe2387228f7f0782715755,OFFLINE,2021-08-10 10:35:50.709000+00:00,2021-10-22 11:50:00+00:00,78,300,168,D3CEA8B57F07B785543EDB2058A190CE,73.05149642361111,11,Friday,10,Tuesday,2021-10-22 00:00:00+00:00,2021-10-29 00:00:00+00:00,True,0,0
6d4a0f5b2a684cf6e8fbd381bd14cf23,ONLINE,2021-09-14 13:23:15.321000+00:00,2021-10-22 12:13:00+00:00,78,07B,123,C142F51706DA139EC3DCAA250682C61A,37.9512115625,12,Friday,13,Tuesday,2021-10-22 00:00:00+00:00,2021-10-29 00:00:00+00:00,True,0,0
ca044e43ddd323b77d2669d7147e3e0a,OFFLINE,2021-03-21 13:50:26.940000+00:00,2021-10-22 12:16:00+00:00,78,07B,101,4E8E60427140A514537C374BAA698D32,214.93441041666665,12,Friday,13,Sunday,2021-10-22 00:00:00+00:00,2021-10-29 00:00:00+00:00,True,0,0
4b41a5e48aa8952b0b70f3232c20d2a1,OFFLINE,2021-05-06 12:14:54.731000+00:00,2021-10-22 13:01:00+00:00,78,07B,96,9F9E66046BADAE5ABE94708CED879416,169.03200542824072,13,Friday,12,Thursday,2021-10-22 00:00:00+00:00,2021-10-29 00:00:00+00:00,True,0,0
c83ae05f584d96c4264b450c8890ee2c,OFFLINE,2021-02-04 18:31:38.024000+00:00,2021-10-22 13:05:00+00:00,78,07B,56,3B56EC028568E71AF10B3360787CD0BC,259.7731710185185,13,Friday,18,Thursday,2021-10-22 00:00:00+00:00,2021-10-29 00:00:00+00:00,True,0,0
ea431b34c315281420f52bc60c3795b8,OFFLINE,2021-09-15 11:29:35.737000+00:00,2021-10-22 13:13:00+00:00,78,07B,97,294B021232C509826A57AC3136B8ABDD,37.071808599537036,13,Friday,11,Wednesday,2021-10-22 00:00:00+00:00,2021-10-29 00:00:00+00:00,True,0,0
ab08824aa4d94012d50e1b2218872cab,OFFLINE,2021-04-26 04:29:48.895000+00:00,2021-10-22 13:26:00+00:00,78,300,68,E56AE16934A0D29EBF24915402A7E5ED,179.37235075231482,13,Friday,4,Monday,2021-10-22 00:00:00+00:00,2021-10-29 00:00:00+00:00,True,0,0
f61a73edc5989fc694d5a621769f870c,OFFLINE,2021-04-27 12:01:46.406000+00:00,2021-10-22 13:33:00+00:00,78,1EF,187,F066DEFF7409FE06BB3F4539FBDF12A4,178.0633517824074,13,Friday,12,Tuesday,2021-10-22 00:00:00+00:00,2021-10-29 00:00:00+00:00,True,0,0
16f5575354d48fd4a53ac6a733a4bc67,ONLINE,2021-02-11 12:26:57.154000+00:00,2021-10-22 13:35:00+00:00,78,07B,94,294B021232C509826A57AC3136B8ABDD,253.04725516203703,13,Friday,12,Thursday,2021-10-22 00:00:00+00:00,2021-10-29 00:00:00+00:00,True,0,0
72d108b0788980eeeb82a62f79d9c4d9,OFFLINE,2021-01-18 07:30:20.043000+00:00,2021-10-22 14:04:00+00:00,78,07B,103,2D9F8B5DDB0A7BD6F060DBAA34EC0CFF,277.2733791319444,14,Friday,7,Monday,2021-10-22 00:00:00+00:00,2021-10-29 00:00:00+00:00,True,0,0
672350916d79682ede5c72cda47bfb04,OFFLINE,2021-06-26 08:29:56.596000+00:00,2021-10-22 14:17:00+00:00,78,07B,61,294B021232C509826A57AC3136B8ABDD,118.24101162037036,14,Friday,8,Saturday,2021-10-22 00:00:00+00:00,2021-10-29 00:00:00+00:00,True,0,0
2b20814ef9b693af99152adcd2fd7577,OFFLINE,2021-01-22 11:17:46.308000+00:00,2021-10-22 14:17:00+00:00,78,300,50,1BA53B5BBB76E9903A2CF8FF02C37293,273.1244640277778,14,Friday,11,Friday,2021-10-22 00:00:00+00:00,2021-10-29 00:00:00+00:00,True,0,0
e8c544868fd13d9a5ce06d779c345899,OFFLINE,2021-01-13 16:50:15.574000+00:00,2021-10-22 14:59:00+00:00,78,07B,77,10D023CEE6CC12F06C576EB33402E56B,281.922736412037,14,Friday,16,Wednesday,2021-10-22 00:00:00+00:00,2021-10-29 00:00:00+00:00,True,0,0
aaa7f23892e72fda9aadd8639c2afca4,OFFLINE,2021-08-19 12:43:08.169000+00:00,2021-10-22 15:00:00+00:00,78,1EF,194,740CB1CA2BD83B3276B092195A6EB883,64.09504434027778,15,Friday,12,Thursday,2021-10-22 00:00:00+00:00,2021-10-29 00:00:00+00:00,True,0,0
ccbb696f6fd12840e3235496b32b4643,ONLINE,2021-05-23 07:34:42.619000+00:00,2021-10-22 15:30:00+00:00,78,07B,132,C142F51706DA139EC3DCAA250682C61A,152.3300622800926,15,Friday,7,Sunday,2021-10-22 00:00:00+00:00,2021-10-29 00:00:00+00:00,True,0,0
0ef1c3baf9b3398bed266a95c91a433c,OFFLINE,2021-08-09 19:02:17.509000+00:00,2021-10-22 16:36:00+00:00,78,07B,99,EEDD0125ADF9CD4325E56C39462533F5,73.89840846064816,16,Friday,19,Monday,2021-10-22 00:00:00+00:00,2021-10-29 00:00:00+00:00,True,0,0
f4f2719cab8f7dbf769377caf6ec68b5,OFFLINE,2021-04-09 08:44:03.222000+00:00,2021-10-22 17:21:00+00:00,78,07B,97,5D80F97CDC9BD4BCBB7BFA0B329E6A7B,196.3589904861111,17,Friday,8,Friday,2021-10-22 00:00:00+00:00,2021-10-29 00:00:00+00:00,True,0,0
df0c0bdccbb714b60962aed3ac22efd3,OFFLINE,2021-04-21 07:14:03.541000+00:00,2021-10-22 17:30:00+00:00,78,07B,89,10D023CEE6CC12F06C576EB33402E56B,184.4277367939815,17,Friday,7,Wednesday,2021-10-22 00:00:00+00:00,2021-10-29 00:00:00+00:00,True,0,0
cb035c4faef377685366b9508fc482db,OFFLINE,2021-02-23 09:28:36.213000+00:00,2021-10-23 02:44:00+00:00,78,07B,130,9FFABDFED33FB837D72433191B5668D5,241.7190253125,2,Saturday,9,Tuesday,2021-10-23 00:00:00+00:00,2021-10-30 00:00:00+00:00,False,,
9028b95adae81968cc2d8220620350e4,OFFLINE,2021-07-05 02:05:29.906000+00:00,2021-10-23 02:55:00+00:00,78,07B,106,3B56EC028568E71AF10B3360787CD0BC,110.03437608796297,2,Saturday,2,Monday,2021-10-23 00:00:00+00:00,2021-10-30 00:00:00+00:00,False,,
1ae08a7701077d46169dbcd786bf235a,OFFLINE,2021-02-08 03:59:37.393000+00:00,2021-10-23 03:03:00+00:00,78,07B,131,56129BC950F9E18A9F5DF651D9D267D1,256.96067832175925,3,Saturday,3,Monday,2021-10-23 00:00:00+00:00,2021-10-30 00:00:00+00:00,False,,
466d5ebfae0d0f4603255ef071df6097,OFFLINE,2021-03-01 07:35:56.374000+00:00,2021-10-23 04:22:00+00:00,78,07B,92,4E8E60427140A514537C374BAA698D32,235.86531974537036,4,Saturday,7,Monday,2021-10-23 00:00:00+00:00,2021-10-30 00:00:00+00:00,False,,
62309f6da6d3184d7247472d65b26b17,ONLINE,2021-10-13 03:54:51.482000+00:00,2021-10-23 04:24:00+00:00,78,300,91,7E701822D80EF10DEBEA008731637EA3,10.020237476851852,4,Saturday,3,Wednesday,2021-10-23 00:00:00+00:00,2021-10-30 00:00:00+00:00,False,,
086276b3ed16d241dd475cd7fb8d69b3,OFFLINE,2021-01-27 11:03:01.822000+00:00,2021-10-23 04:35:00+00:00,78,300,95,A85A33858C7BB0DCE962E99B2E79BBC4,268.7305344675926,4,Saturday,11,Wednesday,2021-10-23 00:00:00+00:00,2021-10-30 00:00:00+00:00,False,,
bd2361701b688a290268adbdbe00f468,OFFLINE,2021-06-23 05:18:36.676000+00:00,2021-10-23 04:39:00+00:00,78,300,121,E2F9517E4B924224FB308023E6149775,121.97249217592592,4,Saturday,5,Wednesday,2021-10-23 00:00:00+00:00,2021-10-30 00:00:00+00:00,False,,
9707a9a9dca46e999a46f3f4df549f82,OFFLINE,2021-03-11 04:15:29.958000+00:00,2021-10-23 04:53:00+00:00,78,1EF,119,740CB1CA2BD83B3276B092195A6EB883,226.02604215277776,4,Saturday,4,Thursday,2021-10-23 00:00:00+00:00,2021-10-30 00:00:00+00:00,False,,
c461f1228d5407f0e98dbc5b87638426,OFFLINE,2021-09-28 03:41:30.508000+00:00,2021-10-23 04:54:00+00:00,78,07B,122,4ECC8B694F4BB262BDD4B0A85952B71A,25.050341342592592,4,Saturday,3,Tuesday,2021-10-23 00:00:00+00:00,2021-10-30 00:00:00+00:00,False,,
04c375376d13b1415f922c8e5b7763bd,OFFLINE,2021-09-24 09:00:24.081000+00:00,2021-10-23 05:49:00+00:00,78,07B,101,294B021232C509826A57AC3136B8ABDD,28.867082395833336,5,Saturday,9,Friday,2021-10-23 00:00:00+00:00,2021-10-30 00:00:00+00:00,False,,
228f054405bafd7ea965d33340c75a0a,ONLINE,2021-07-16 06:34:20.164000+00:00,2021-10-23 06:25:00+00:00,78,07B,63,EEDD0125ADF9CD4325E56C39462533F5,98.99351662037036,6,Saturday,6,Friday,2021-10-23 00:00:00+00:00,2021-10-30 00:00:00+00:00,False,,
8b84144c9aad690ac59b2c628a84b01d,OFFLINE,2021-05-28 22:40:30.382000+00:00,2021-10-23 07:24:00+00:00,78,300,112,A85A33858C7BB0DCE962E99B2E79BBC4,147.36353724537037,7,Saturday,22,Friday,2021-10-23 00:00:00+00:00,2021-10-30 00:00:00+00:00,False,,
d01bbbde717e997328a857c7387122b0,OFFLINE,2021-04-12 13:20:36.851000+00:00,2021-10-23 07:24:00+00:00,78,1EF,71,38BB76CCFDD8129EF62B3AF5480605C7,193.75235126157406,7,Saturday,13,Monday,2021-10-23 00:00:00+00:00,2021-10-30 00:00:00+00:00,False,,
578e8ce4ea2e48153ff97d769f714b43,OFFLINE,2021-08-25 07:31:48.217000+00:00,2021-10-23 08:00:00+00:00,78,07B,67,EEDD0125ADF9CD4325E56C39462533F5,59.019580821759256,8,Saturday,7,Wednesday,2021-10-23 00:00:00+00:00,2021-10-30 00:00:00+00:00,False,,
23504642561a4a088f3c5ae6f86da292,OFFLINE,2021-05-18 09:30:29.327000+00:00,2021-10-23 08:09:00+00:00,78,07B,86,2CF9D19CE125793D17A0B4C371AB7AFD,157.94341056712963,8,Saturday,9,Tuesday,2021-10-23 00:00:00+00:00,2021-10-30 00:00:00+00:00,False,,
77274d7d83d23d68edd61ed893e070be,OFFLINE,2021-01-14 16:42:45.010000+00:00,2021-10-23 08:21:00+00:00,78,1EF,75,4DBE83E28F1DFA3ED9C79A2C577BFBDE,281.65156238425925,8,Saturday,16,Thursday,2021-10-23 00:00:00+00:00,2021-10-30 00:00:00+00:00,False,,
ebf71a77266777ef87413dfc80c18996,OFFLINE,2021-06-26 11:34:55.659000+00:00,2021-10-23 08:52:00+00:00,78,07B,122,EE735FFED3A6072D13A30636E658A03A,118.88685579861111,8,Saturday,11,Saturday,2021-10-23 00:00:00+00:00,2021-10-30 00:00:00+00:00,False,,
29ecb4cc327688e3165713af718abbfa,OFFLINE,2021-06-23 15:39:16.908000+00:00,2021-10-23 09:04:00+00:00,78,07B,68,10D023CEE6CC12F06C576EB33402E56B,121.72549875,9,Saturday,15,Wednesday,2021-10-23 00:00:00+00:00,2021-10-30 00:00:00+00:00,False,,
39914e8d1c33de406ea34c41f7aec3d7,OFFLINE,2021-03-09 10:22:51.107000+00:00,2021-10-23 09:06:00+00:00,78,300,154,09B36CB8AB7325477B80E99BE8FB2D02,227.9466307060185,9,Saturday,10,Tuesday,2021-10-23 00:00:00+00:00,2021-10-30 00:00:00+00:00,False,,
2f6755b923a8d6ce0135d3c486b77a14,OFFLINE,2021-09-26 19:18:34.123000+00:00,2021-10-23 09:55:00+00:00,78,300,86,7E701822D80EF10DEBEA008731637EA3,26.608632835648148,9,Saturday,19,Sunday,2021-10-23 00:00:00+00:00,2021-10-30 00:00:00+00:00,False,,
922a3240ebc0658681f2b1db916c9b12,OFFLINE,2021-03-09 17:23:00.603000+00:00,2021-10-23 10:00:00+00:00,78,07B,112,294B021232C509826A57AC3136B8ABDD,227.69235413194446,10,Saturday,17,Tuesday,2021-10-23 00:00:00+00:00,2021-10-30 00:00:00+00:00,False,,
ea1864cd61cef4894de1984ac1f33e30,ONLINE,2021-07-14 05:09:34.415000+00:00,2021-10-23 10:02:00+00:00,78,07B,125,EE735FFED3A6072D13A30636E658A03A,101.20307390046297,10,Saturday,5,Wednesday,2021-10-23 00:00:00+00:00,2021-10-30 00:00:00+00:00,False,,
7257892831505912e6c92f3f7260798e,OFFLINE,2021-02-12 12:00:03.915000+00:00,2021-10-23 10:17:00+00:00,78,1EF,63,740CB1CA2BD83B3276B092195A6EB883,252.92842690972222,10,Saturday,12,Friday,2021-10-23 00:00:00+00:00,2021-10-30 00:00:00+00:00,False,,
aafe78db2277b6e499a2690601cca6e5,OFFLINE,2021-04-03 15:24:48.417000+00:00,2021-10-23 10:19:00+00:00,78,1EF,85,38BB76CCFDD8129EF62B3AF5480605C7,202.78763406250002,10,Saturday,15,Saturday,2021-10-23 00:00:00+00:00,2021-10-30 00:00:00+00:00,False,,
89139a1bcbeef9a0c906d7b8c065e0f3,ONLINE,2021-10-15 11:14:19.724000+00:00,2021-10-23 10:22:00+00:00,78,07B,123,2CF9D19CE125793D17A0B4C371AB7AFD,7.963660601851851,10,Saturday,11,Friday,2021-10-23 00:00:00+00:00,2021-10-30 00:00:00+00:00,False,,
75694ff9bbfbe87fe0ca9e7021eb7b31,OFFLINE,2021-01-23 11:37:21.776000+00:00,2021-10-23 10:26:00+00:00,78,07B,84,294B021232C509826A57AC3136B8ABDD,272.9504424074074,10,Saturday,11,Saturday,2021-10-23 00:00:00+00:00,2021-10-30 00:00:00+00:00,False,,
0d2e850036ef5f27dea1ae64d3322129,ONLINE,2021-03-29 05:48:02.293000+00:00,2021-10-23 10:36:00+00:00,78,07B,56,294B021232C509826A57AC3136B8ABDD,208.19997346064812,10,Saturday,5,Monday,2021-10-23 00:00:00+00:00,2021-10-30 00:00:00+00:00,False,,
b5b51316dcb1879b57781e8ce07ccc1b,ONLINE,2021-03-04 17:04:18.930000+00:00,2021-10-23 10:50:00+00:00,78,300,101,7E701822D80EF10DEBEA008731637EA3,232.74005868055556,10,Saturday,17,Thursday,2021-10-23 00:00:00+00:00,2021-10-30 00:00:00+00:00,False,,
17cfba38e77cfd651911328191ee59ec,ONLINE,2021-01-11 09:28:37.425000+00:00,2021-10-23 11:01:00+00:00,78,07B,97,EEDD0125ADF9CD4325E56C39462533F5,285.0641501736111,11,Saturday,9,Monday,2021-10-23 00:00:00+00:00,2021-10-30 00:00:00+00:00,False,,
e724bb1908b279596dfa98d2c61179d4,OFFLINE,2021-09-21 18:11:29.609000+00:00,2021-10-23 11:10:00+00:00,78,1EF,60,740CB1CA2BD83B3276B092195A6EB883,31.70729619212963,11,Saturday,18,Tuesday,2021-10-23 00:00:00+00:00,2021-10-30 00:00:00+00:00,False,,
981d4a2d78421c3eaad74e55243b5ee9,OFFLINE,2021-06-01 21:47:44.210000+00:00,2021-10-23 11:19:00+00:00,78,07B,129,294B021232C509826A57AC3136B8ABDD,143.56337719907407,11,Saturday,21,Tuesday,2021-10-23 00:00:00+00:00,2021-10-30 00:00:00+00:00,False,,
659b298b4ac37b850b5cf2d05f7e3217,ONLINE,2021-10-11 06:08:48.012000+00:00,2021-10-23 11:20:00+00:00,78,07B,174,EEDD0125ADF9CD4325E56C39462533F5,12.216110972222221,11,Saturday,6,Monday,2021-10-23 00:00:00+00:00,2021-10-30 00:00:00+00:00,False,,
00dddf21461d383a90c9c0d6294f1232,OFFLINE,2021-03-17 10:24:12.717000+00:00,2021-10-23 11:59:00+00:00,78,300,188,4FB52D1F31461850C15CC1C15A02931B,220.06582503472222,11,Saturday,10,Wednesday,2021-10-23 00:00:00+00:00,2021-10-30 00:00:00+00:00,False,,
3c8dcd1a33ec54a8378a8d3f4b4a769a,OFFLINE,2021-10-07 10:30:08.492000+00:00,2021-10-23 12:20:00+00:00,78,07B,109,BEB712D51701D0787EC236821442EA5C,16.076290601851852,12,Saturday,10,Thursday,2021-10-23 00:00:00+00:00,2021-10-30 00:00:00+00:00,False,,
bccd20a12e190b71177d3953f98320ef,OFFLINE,2021-02-07 17:38:46.800000+00:00,2021-10-23 12:24:00+00:00,78,07B,89,EEDD0125ADF9CD4325E56C39462533F5,257.78140277777777,12,Saturday,17,Sunday,2021-10-23 00:00:00+00:00,2021-10-30 00:00:00+00:00,False,,
ebc2ffc928bea265fea0a5167e15036a,OFFLINE,2021-02-13 10:15:56.713000+00:00,2021-10-23 12:54:00+00:00,78,1EF,205,4DF70D744AB4B2076706A37F1EBAC6B9,252.10976026620372,12,Saturday,10,Saturday,2021-10-23 00:00:00+00:00,2021-10-30 00:00:00+00:00,False,,
8310c024373027b9019818a7f977a1e3,ONLINE,2021-09-15 16:48:36.413000+00:00,2021-10-23 12:55:00+00:00,78,07B,115,4575953E5DD96D9E301B05E12FB12540,37.837772997685185,12,Saturday,16,Wednesday,2021-10-23 00:00:00+00:00,2021-10-30 00:00:00+00:00,False,,
b7c509ff53259ec6dc5c4655b4018ad8,OFFLINE,2021-03-01 15:35:06.522000+00:00,2021-10-23 12:58:00+00:00,78,07B,254,9F9E66046BADAE5ABE94708CED879416,235.8908967361111,12,Saturday,15,Monday,2021-10-23 00:00:00+00:00,2021-10-30 00:00:00+00:00,False,,
bc0575663f7a84743968aa392a6581b8,OFFLINE,2021-04-11 12:59:28.942000+00:00,2021-10-23 13:02:00+00:00,78,300,196,E56AE16934A0D29EBF24915402A7E5ED,195.00174835648147,13,Saturday,12,Sunday,2021-10-23 00:00:00+00:00,2021-10-30 00:00:00+00:00,False,,
88c2ae84b3cfb5a944876f15ab686e12,ONLINE,2021-08-28 11:41:25.199000+00:00,2021-10-23 13:07:00+00:00,78,07B,108,4E8E60427140A514537C374BAA698D32,56.05943056712963,13,Saturday,11,Saturday,2021-10-23 00:00:00+00:00,2021-10-30 00:00:00+00:00,False,,
53f8f84f7aa8b7eb5548aed07aa57085,ONLINE,2021-04-28 11:03:20.734000+00:00,2021-10-23 13:29:00+00:00,78,07B,98,294B021232C509826A57AC3136B8ABDD,178.10114891203705,13,Saturday,11,Wednesday,2021-10-23 00:00:00+00:00,2021-10-30 00:00:00+00:00,False,,
64f60c70c35571e51f86a413f6e7e888,OFFLINE,2021-07-21 05:53:11.476000+00:00,2021-10-23 13:43:00+00:00,78,07B,63,EEDD0125ADF9CD4325E56C39462533F5,94.32625606481481,13,Saturday,5,Wednesday,2021-10-23 00:00:00+00:00,2021-10-30 00:00:00+00:00,False,,
7e68d64a043400858fcb02fe12d917f3,ONLINE,2021-07-13 15:58:13.091000+00:00,2021-10-23 13:44:00+00:00,78,07B,66,EE735FFED3A6072D13A30636E658A03A,101.90679292824075,13,Saturday,15,Tuesday,2021-10-23 00:00:00+00:00,2021-10-30 00:00:00+00:00,False,,
b5aec0e8e601305d9583c7f20e92296a,OFFLINE,2021-01-27 18:48:05.648000+00:00,2021-10-23 13:58:00+00:00,78,07B,126,C142F51706DA139EC3DCAA250682C61A,268.79854574074074,13,Saturday,18,Wednesday,2021-10-23 00:00:00+00:00,2021-10-30 00:00:00+00:00,False,,
6479d0b92e693cc59bd9ea9904f3cdfe,OFFLINE,2021-05-25 14:12:05.133000+00:00,2021-10-23 14:19:00+00:00,78,07B,86,10D023CEE6CC12F06C576EB33402E56B,151.00480170138889,14,Saturday,14,Tuesday,2021-10-23 00:00:00+00:00,2021-10-30 00:00:00+00:00,False,,
5c460326073d8be9f8e224a702bfd4f7,OFFLINE,2021-06-21 08:03:25.434000+00:00,2021-10-23 14:20:00+00:00,78,1EF,233,195FD095D9D7F47943113AF2CBCF9A75,124.26151118055554,14,Saturday,8,Monday,2021-10-23 00:00:00+00:00,2021-10-30 00:00:00+00:00,False,,
75a1466e100b02950f66fc87bd59a600,OFFLINE,2021-09-21 17:18:37.181000+00:00,2021-10-23 14:33:00+00:00,78,07B,108,729470E813F48EEAB42A800818FDC08E,31.88498633101852,14,Saturday,17,Tuesday,2021-10-23 00:00:00+00:00,2021-10-30 00:00:00+00:00,False,,
5998bd231655a0d33143e7bc408c12c7,OFFLINE,2021-03-02 02:33:00.152000+00:00,2021-10-23 14:42:00+00:00,78,07B,85,294B021232C509826A57AC3136B8ABDD,235.50624824074075,14,Saturday,2,Tuesday,2021-10-23 00:00:00+00:00,2021-10-30 00:00:00+00:00,False,,
5a4b8f0d6954726a8e998a07d6115b0d,OFFLINE,2021-05-25 12:35:39.520000+00:00,2021-10-23 15:53:00+00:00,78,07B,43,2D9F8B5DDB0A7BD6F060DBAA34EC0CFF,151.1370425925926,15,Saturday,12,Tuesday,2021-10-23 00:00:00+00:00,2021-10-30 00:00:00+00:00,False,,
fbe5e3ea1b9067c2ff179bf9b346f786,OFFLINE,2021-07-02 15:55:12.183000+00:00,2021-10-23 16:12:00+00:00,78,07B,105,BEB712D51701D0787EC236821442EA5C,113.01166454861111,16,Saturday,15,Friday,2021-10-23 00:00:00+00:00,2021-10-30 00:00:00+00:00,False,,
c735c8fe6d4c236bf0e054c88a53878c,ONLINE,2021-06-23 07:29:47.490000+00:00,2021-10-23 16:28:00+00:00,78,1EF,68,96C3C752FA22E3A6918ADE4F355D3F8D,122.37375590277777,16,Saturday,7,Wednesday,2021-10-23 00:00:00+00:00,2021-10-30 00:00:00+00:00,False,,
1ccb5bb771960a13e26990e82977d1ba,OFFLINE,2021-07-05 17:19:12.565000+00:00,2021-10-23 16:31:00+00:00,78,1EF,60,2C10D809ABD31810F4E95F4E500EFA7E,109.96652123842593,16,Saturday,17,Monday,2021-10-23 00:00:00+00:00,2021-10-30 00:00:00+00:00,False,,
3ad96306badcbedd95d4b22c3131dfaf,ONLINE,2021-03-17 13:28:54.841000+00:00,2021-10-23 17:07:00+00:00,78,07B,64,EEDD0125ADF9CD4325E56C39462533F5,220.15144859953705,17,Saturday,13,Wednesday,2021-10-23 00:00:00+00:00,2021-10-30 00:00:00+00:00,False,,
3a59657acd980ba7f8f17d203b7f11b1,OFFLINE,2021-04-07 11:32:13.207000+00:00,2021-10-23 17:24:00+00:00,78,07B,60,3BA1172F566EDC7D37511BBF59F34142,199.24429158564817,17,Saturday,11,Wednesday,2021-10-23 00:00:00+00:00,2021-10-30 00:00:00+00:00,False,,
4b3f277ceaeff069833a6eb811e8b243,ONLINE,2021-04-24 20:09:50.122000+00:00,2021-10-23 17:37:00+00:00,78,07B,96,9F9E66046BADAE5ABE94708CED879416,181.8938643287037,17,Saturday,20,Saturday,2021-10-23 00:00:00+00:00,2021-10-30 00:00:00+00:00,False,,
b13de7cc942b0be5f0ef231c09c13162,OFFLINE,2021-09-24 22:57:47.699000+00:00,2021-10-23 17:50:00+00:00,78,07B,61,4ECC8B694F4BB262BDD4B0A85952B71A,28.786253483796298,17,Saturday,22,Friday,2021-10-23 00:00:00+00:00,2021-10-30 00:00:00+00:00,False,,
9aa3d0a7e9b0fbe7810b51f8daf2df6c,OFFLINE,2021-10-02 07:47:41.002000+00:00,2021-10-23 17:57:00+00:00,78,07B,53,10D023CEE6CC12F06C576EB33402E56B,21.423136550925925,17,Saturday,7,Saturday,2021-10-23 00:00:00+00:00,2021-10-30 00:00:00+00:00,False,,
0aa346521ce5532c0c9b7af5a77b1c86,OFFLINE,2021-08-06 16:23:02.294000+00:00,2021-10-23 18:50:00+00:00,78,07B,131,C142F51706DA139EC3DCAA250682C61A,78.10205678240742,18,Saturday,16,Friday,2021-10-23 00:00:00+00:00,2021-10-30 00:00:00+00:00,False,,
52e2913e3ddc6a5342de21bd846a0c41,OFFLINE,2021-08-03 15:02:24.659000+00:00,2021-10-24 00:03:00+00:00,78,07B,113,3B56EC028568E71AF10B3360787CD0BC,81.37540903935185,0,Sunday,15,Tuesday,2021-10-24 00:00:00+00:00,2021-10-31 00:00:00+00:00,False,,
13e919713288153fd21e240af04ebbd3,ONLINE,2021-03-24 05:39:49.859000+00:00,2021-10-24 04:57:00+00:00,78,07B,124,3B56EC028568E71AF10B3360787CD0BC,213.97025626157406,4,Sunday,5,Wednesday,2021-10-24 00:00:00+00:00,2021-10-31 00:00:00+00:00,False,,
3091d9e9a682ea5468ef77dbefb471a7,OFFLINE,2021-06-01 05:31:09.845000+00:00,2021-10-24 05:22:00+00:00,78,300,60,D3CEA8B57F07B785543EDB2058A190CE,144.99363605324072,5,Sunday,5,Tuesday,2021-10-24 00:00:00+00:00,2021-10-31 00:00:00+00:00,False,,
579b6829ebc19517bef5732a5edcb292,OFFLINE,2021-01-18 07:55:29.766000+00:00,2021-10-24 06:16:00+00:00,78,07B,144,10D023CEE6CC12F06C576EB33402E56B,278.9309054861111,6,Sunday,7,Monday,2021-10-24 00:00:00+00:00,2021-10-31 00:00:00+00:00,False,,
bc7212718c478f9ca6674872d3da9bdb,OFFLINE,2021-06-09 14:51:56.497000+00:00,2021-10-24 06:42:00+00:00,78,1EF,141,740CB1CA2BD83B3276B092195A6EB883,136.6597627662037,6,Sunday,14,Wednesday,2021-10-24 00:00:00+00:00,2021-10-31 00:00:00+00:00,False,,
f663baa1b4da47dd9af242b7e292305a,ONLINE,2021-03-09 06:19:35.166000+00:00,2021-10-24 07:03:00+00:00,78,07B,96,3B56EC028568E71AF10B3360787CD0BC,229.03014854166665,7,Sunday,6,Tuesday,2021-10-24 00:00:00+00:00,2021-10-31 00:00:00+00:00,False,,
e92d148a4e0224a1aaa4ebb7036bec4b,OFFLINE,2021-01-16 14:02:28.017000+00:00,2021-10-24 08:51:00+00:00,78,300,32,C0DD698BE0C1EA71FA3045950BEEC64B,280.78370350694445,8,Sunday,14,Saturday,2021-10-24 00:00:00+00:00,2021-10-31 00:00:00+00:00,False,,
aa172c214c8cd67d66c65edbe986a754,OFFLINE,2021-03-01 14:22:21.298000+00:00,2021-10-24 09:09:00+00:00,78,07B,104,EEDD0125ADF9CD4325E56C39462533F5,236.78239238425925,9,Sunday,14,Monday,2021-10-24 00:00:00+00:00,2021-10-31 00:00:00+00:00,False,,
defe1749daf7b048f2c17c3e8847bfea,ONLINE,2021-03-07 09:20:13.289000+00:00,2021-10-24 09:12:00+00:00,78,07B,67,EEDD0125ADF9CD4325E56C39462533F5,230.99429063657408,9,Sunday,9,Sunday,2021-10-24 00:00:00+00:00,2021-10-31 00:00:00+00:00,False,,
d07a96c67ee83fa7821720aa785d673a,OFFLINE,2021-03-22 15:02:11.923000+00:00,2021-10-24 09:18:00+00:00,78,07B,87,3B56EC028568E71AF10B3360787CD0BC,215.76097311342593,9,Sunday,15,Monday,2021-10-24 00:00:00+00:00,2021-10-31 00:00:00+00:00,False,,
523fb62efca8daed46a3f9b0335b77d0,OFFLINE,2021-10-07 11:53:26.875000+00:00,2021-10-24 09:25:00+00:00,78,07B,194,4ECC8B694F4BB262BDD4B0A85952B71A,16.896911168981482,9,Sunday,11,Thursday,2021-10-24 00:00:00+00:00,2021-10-31 00:00:00+00:00,False,,
0de97f20d85068527a7e0046a5d71188,OFFLINE,2021-03-12 07:49:32.865000+00:00,2021-10-24 09:36:00+00:00,78,07B,114,294B021232C509826A57AC3136B8ABDD,226.07392517361114,9,Sunday,7,Friday,2021-10-24 00:00:00+00:00,2021-10-31 00:00:00+00:00,False,,
6986fab39daafb91079065df4700723a,OFFLINE,2021-03-07 03:30:10.831000+00:00,2021-10-24 10:04:00+00:00,78,07B,134,4E8E60427140A514537C374BAA698D32,231.2734857523148,10,Sunday,3,Sunday,2021-10-24 00:00:00+00:00,2021-10-31 00:00:00+00:00,False,,
3689660dc8856ad30d3de41c54ec99fc,OFFLINE,2021-06-26 02:46:51.902000+00:00,2021-10-24 11:19:00+00:00,78,300,156,7E701822D80EF10DEBEA008731637EA3,120.3556492824074,11,Sunday,2,Saturday,2021-10-24 00:00:00+00:00,2021-10-31 00:00:00+00:00,False,,
c040cc0bab387c508edf9c5076e5712b,ONLINE,2021-07-03 08:41:44.252000+00:00,2021-10-24 11:25:00+00:00,78,07B,61,4ECC8B694F4BB262BDD4B0A85952B71A,113.11337671296296,11,Sunday,8,Saturday,2021-10-24 00:00:00+00:00,2021-10-31 00:00:00+00:00,False,,
c9e16bdc174505aeaad9633769459ca6,OFFLINE,2021-02-27 06:46:13.335000+00:00,2021-10-24 11:26:00+00:00,78,07B,122,458BE78C6F182299E2898B82CC344857,239.19429010416667,11,Sunday,6,Saturday,2021-10-24 00:00:00+00:00,2021-10-31 00:00:00+00:00,False,,
699c8b9c92d9c088b8742875c0df1b10,OFFLINE,2021-10-13 07:37:52.342000+00:00,2021-10-24 11:30:00+00:00,78,300,50,FDDED23F2734BBB8F642ABE582E81ADF,11.161199745370372,11,Sunday,7,Wednesday,2021-10-24 00:00:00+00:00,2021-10-31 00:00:00+00:00,False,,
ab7b30250f8dbfd3f505a7670aa422cd,OFFLINE,2021-08-18 08:40:50.529000+00:00,2021-10-24 11:47:00+00:00,78,300,50,94C983E37A80A8F9558244120E5293B3,67.12927628472222,11,Sunday,8,Wednesday,2021-10-24 00:00:00+00:00,2021-10-31 00:00:00+00:00,False,,
3090b486261f1fe8dda7c16d781b8e1e,OFFLINE,2021-07-25 12:52:12.783000+00:00,2021-10-24 12:04:00+00:00,78,07B,116,EE735FFED3A6072D13A30636E658A03A,90.96651871527779,12,Sunday,12,Sunday,2021-10-24 00:00:00+00:00,2021-10-31 00:00:00+00:00,False,,
22e27fe56a71324a0bb1425ffa85d679,OFFLINE,2021-10-06 06:39:20.732000+00:00,2021-10-24 12:29:00+00:00,78,300,50,1BA53B5BBB76E9903A2CF8FF02C37293,18.242815601851852,12,Sunday,6,Wednesday,2021-10-24 00:00:00+00:00,2021-10-31 00:00:00+00:00,False,,
056a24096f4e0b7079296dea572680d7,ONLINE,2021-03-29 20:36:48.049000+00:00,2021-10-24 12:34:00+00:00,78,07B,196,2D9F8B5DDB0A7BD6F060DBAA34EC0CFF,208.66472165509262,12,Sunday,20,Monday,2021-10-24 00:00:00+00:00,2021-10-31 00:00:00+00:00,False,,
a7e21b9e3a6830630fca7187a49b9cf2,ONLINE,2021-01-28 01:23:10.335000+00:00,2021-10-24 13:06:00+00:00,78,07B,87,294B021232C509826A57AC3136B8ABDD,269.48807482638887,13,Sunday,1,Thursday,2021-10-24 00:00:00+00:00,2021-10-31 00:00:00+00:00,False,,
1727562b9dc135090bba38b92d53fa72,ONLINE,2021-07-04 06:35:07.134000+00:00,2021-10-24 13:37:00+00:00,78,07B,248,0788D330C960376CA8EF0D842E5443A4,112.29297298611111,13,Sunday,6,Sunday,2021-10-24 00:00:00+00:00,2021-10-31 00:00:00+00:00,False,,
24c715a9243297e59b9278ff87101815,OFFLINE,2021-05-19 16:57:47.448000+00:00,2021-10-24 14:46:00+00:00,78,07B,120,EEDD0125ADF9CD4325E56C39462533F5,157.9084786111111,14,Sunday,16,Wednesday,2021-10-24 00:00:00+00:00,2021-10-31 00:00:00+00:00,False,,
aa78d7208cfa509aed0c25c537eb03e4,OFFLINE,2021-01-17 11:34:56.949000+00:00,2021-10-24 16:07:00+00:00,78,07B,97,EEDD0125ADF9CD4325E56C39462533F5,280.1889242013889,16,Sunday,11,Sunday,2021-10-24 00:00:00+00:00,2021-10-31 00:00:00+00:00,False,,
e7b38187e6ee16b28086beafa53868f9,OFFLINE,2021-06-01 15:56:07.936000+00:00,2021-10-24 16:33:00+00:00,78,07B,101,BEB712D51701D0787EC236821442EA5C,145.02560259259258,16,Sunday,15,Tuesday,2021-10-24 00:00:00+00:00,2021-10-31 00:00:00+00:00,False,,
d2812c11e71e0809090c968ef002e756,OFFLINE,2021-10-17 11:11:08.409000+00:00,2021-10-24 16:37:00+00:00,78,300,67,A85A33858C7BB0DCE962E99B2E79BBC4,7.2262915625,16,Sunday,11,Sunday,2021-10-24 00:00:00+00:00,2021-10-31 00:00:00+00:00,False,,
8638de6a698bdbd5543cbed9f447b86c,OFFLINE,2021-10-06 20:03:31.056000+00:00,2021-10-24 16:39:00+00:00,78,300,50,1BA53B5BBB76E9903A2CF8FF02C37293,17.85797388888889,16,Sunday,20,Wednesday,2021-10-24 00:00:00+00:00,2021-10-31 00:00:00+00:00,False,,
1fc991aaeeea40005f1c3a448cfa0dbf,OFFLINE,2021-08-24 13:21:20.515000+00:00,2021-10-24 16:43:00+00:00,78,07B,184,C142F51706DA139EC3DCAA250682C61A,61.14004033564815,16,Sunday,13,Tuesday,2021-10-24 00:00:00+00:00,2021-10-31 00:00:00+00:00,False,,
ca1e3ee3e70f7011376ef21913687cb6,OFFLINE,2021-07-10 07:24:57.160000+00:00,2021-10-24 17:39:00+00:00,78,07B,66,BEB712D51701D0787EC236821442EA5C,106.42642175925926,17,Sunday,7,Saturday,2021-10-24 00:00:00+00:00,2021-10-31 00:00:00+00:00,False,,
ca49ee25d61fdadc5b90477119ae0fa8,OFFLINE,2021-03-04 13:56:38.712000+00:00,2021-10-24 17:49:00+00:00,78,07B,74,294B021232C509826A57AC3136B8ABDD,234.16135749999998,17,Sunday,13,Thursday,2021-10-24 00:00:00+00:00,2021-10-31 00:00:00+00:00,False,,
2e60ee3edcb33d6de47864a57da3f781,OFFLINE,2021-05-05 12:52:32.829000+00:00,2021-10-24 18:17:00+00:00,78,07B,114,4ECC8B694F4BB262BDD4B0A85952B71A,172.22531447916666,18,Sunday,12,Wednesday,2021-10-24 00:00:00+00:00,2021-10-31 00:00:00+00:00,False,,
9d74b27b89156e0291618816008370ee,ONLINE,2021-09-12 13:35:09.518000+00:00,2021-10-24 18:20:00+00:00,78,07B,97,3B56EC028568E71AF10B3360787CD0BC,42.197806504629625,18,Sunday,13,Sunday,2021-10-24 00:00:00+00:00,2021-10-31 00:00:00+00:00,False,,
34fdca84ed9ad1e4546ea1ea3efee4f4,OFFLINE,2021-08-21 19:17:19.276000+00:00,2021-10-24 19:24:00+00:00,78,07B,112,4ECC8B694F4BB262BDD4B0A85952B71A,64.00463800925927,19,Sunday,19,Saturday,2021-10-24 00:00:00+00:00,2021-10-31 00:00:00+00:00,False,,
41dfdaaad3a12e6527d1d0d67d1bc4dc,OFFLINE,2021-10-12 17:04:14.549000+00:00,2021-10-25 03:09:00+00:00,78,300,68,C0DD698BE0C1EA71FA3045950BEEC64B,12.419970497685183,3,Monday,17,Tuesday,2021-10-25 00:00:00+00:00,2021-11-01 00:00:00+00:00,False,,
446b15f3594f7612ccd5ace2e04ef113,OFFLINE,2021-08-10 19:46:26.884000+00:00,2021-10-25 03:12:00+00:00,78,07B,104,4E8E60427140A514537C374BAA698D32,75.30941106481482,3,Monday,19,Tuesday,2021-10-25 00:00:00+00:00,2021-11-01 00:00:00+00:00,False,,
f27852afc8a30e30e4ab0e5be2a3d16a,OFFLINE,2021-01-14 17:10:04.029000+00:00,2021-10-25 03:13:00+00:00,78,07B,165,3B56EC028568E71AF10B3360787CD0BC,283.41870336805556,3,Monday,17,Thursday,2021-10-25 00:00:00+00:00,2021-11-01 00:00:00+00:00,False,,
3b9587c3c877e5004e65b7c10535d84d,OFFLINE,2021-07-20 06:50:52.644000+00:00,2021-10-25 03:25:00+00:00,78,300,71,09B36CB8AB7325477B80E99BE8FB2D02,96.85702958333333,3,Monday,6,Tuesday,2021-10-25 00:00:00+00:00,2021-11-01 00:00:00+00:00,False,,
45fa09ae3d20338c3fe6b81333b629e2,OFFLINE,2021-03-26 09:04:15.939000+00:00,2021-10-25 03:45:00+00:00,78,07B,141,56129BC950F9E18A9F5DF651D9D267D1,212.77828774305556,3,Monday,9,Friday,2021-10-25 00:00:00+00:00,2021-11-01 00:00:00+00:00,False,,
e839d667ffc31f2ef876275c6271e3c7,OFFLINE,2021-06-25 13:03:31.813000+00:00,2021-10-25 03:56:00+00:00,78,300,143,09B36CB8AB7325477B80E99BE8FB2D02,121.61977068287038,3,Monday,13,Friday,2021-10-25 00:00:00+00:00,2021-11-01 00:00:00+00:00,False,,
f2d16651864aec714f6426ae3221921a,OFFLINE,2021-02-09 12:37:17.802000+00:00,2021-10-25 03:57:00+00:00,78,1EF,112,740CB1CA2BD83B3276B092195A6EB883,257.6386828472222,3,Monday,12,Tuesday,2021-10-25 00:00:00+00:00,2021-11-01 00:00:00+00:00,False,,
780a9448aa2390f4ce93b7b153266e9f,ONLINE,2021-10-08 11:03:33.443000+00:00,2021-10-25 04:06:00+00:00,78,300,77,526A1D40F50BBB44821C0C0FDE8E16B7,16.710029594907407,4,Monday,11,Friday,2021-10-25 00:00:00+00:00,2021-11-01 00:00:00+00:00,False,,
70b06bad1821f40e184434a64933b81f,ONLINE,2021-07-21 07:19:42.668000+00:00,2021-10-25 04:25:00+00:00,78,07B,61,4E8E60427140A514537C374BAA698D32,95.87867282407407,4,Monday,7,Wednesday,2021-10-25 00:00:00+00:00,2021-11-01 00:00:00+00:00,False,,
23a8cd8f3269f184b68e5a2eabf7f4b8,OFFLINE,2021-08-02 05:33:27.752000+00:00,2021-10-25 04:48:00+00:00,78,07B,56,2D9F8B5DDB0A7BD6F060DBAA34EC0CFF,83.9684287962963,4,Monday,5,Monday,2021-10-25 00:00:00+00:00,2021-11-01 00:00:00+00:00,False,,
3b383bc0049cbd5f457ebb3e65a77735,OFFLINE,2021-01-13 09:23:38.577000+00:00,2021-10-25 05:16:00+00:00,78,300,68,89D534629771B04F61D1971C3068D1BD,284.82802572916665,5,Monday,9,Wednesday,2021-10-25 00:00:00+00:00,2021-11-01 00:00:00+00:00,False,,
5e130c28dcff83d440ddd387be442e3c,OFFLINE,2021-06-18 10:06:06.919000+00:00,2021-10-25 05:19:00+00:00,78,07B,201,2CF9D19CE125793D17A0B4C371AB7AFD,128.80061436342592,5,Monday,10,Friday,2021-10-25 00:00:00+00:00,2021-11-01 00:00:00+00:00,False,,
f7f74ae0aac0a2ab61be5d6719a14de1,ONLINE,2021-07-17 05:35:46.381000+00:00,2021-10-25 05:26:00+00:00,78,07B,96,4E8E60427140A514537C374BAA698D32,99.99321318287038,5,Monday,5,Saturday,2021-10-25 00:00:00+00:00,2021-11-01 00:00:00+00:00,False,,
74bb55bef8e4e616c337b4e67cd2d52e,OFFLINE,2021-06-23 15:00:40.009000+00:00,2021-10-25 05:46:00+00:00,78,300,178,A85A33858C7BB0DCE962E99B2E79BBC4,123.61481471064815,5,Monday,15,Wednesday,2021-10-25 00:00:00+00:00,2021-11-01 00:00:00+00:00,False,,
4023908f619c9cf652264c7d6ff67f33,ONLINE,2021-02-20 13:27:34.833000+00:00,2021-10-25 05:49:00+00:00,78,07B,86,B79C3A36345A4588BD73EBFFC22B9D01,246.68154128472221,5,Monday,13,Saturday,2021-10-25 00:00:00+00:00,2021-11-01 00:00:00+00:00,False,,
ca9608cd7c5d354f497dfa060953a155,OFFLINE,2021-01-26 11:48:29.459000+00:00,2021-10-25 05:56:00+00:00,78,300,121,08379264459A6EF0F8052CC20B9DD41F,271.75521459490744,5,Monday,11,Tuesday,2021-10-25 00:00:00+00:00,2021-11-01 00:00:00+00:00,False,,
3014a97a611aa3d3f3a0a9ae74729d46,ONLINE,2021-10-24 16:36:33.215000+00:00,2021-10-25 06:10:00+00:00,78,07B,82,4ECC8B694F4BB262BDD4B0A85952B71A,0.5648933449074075,6,Monday,16,Sunday,2021-10-25 00:00:00+00:00,2021-11-01 00:00:00+00:00,False,,
8f62e0691d5504b4f08b9d368b96a99e,OFFLINE,2021-07-26 14:17:34.676000+00:00,2021-10-25 06:13:00+00:00,78,300,174,15DEDC3B645D743B528945FFB129B0EC,90.6634875462963,6,Monday,14,Monday,2021-10-25 00:00:00+00:00,2021-11-01 00:00:00+00:00,False,,
7eeead43bc610c12d6614fe7053e3786,OFFLINE,2021-10-24 06:01:14.393000+00:00,2021-10-25 06:42:00+00:00,78,300,50,94C983E37A80A8F9558244120E5293B3,1.0283056365740741,6,Monday,6,Sunday,2021-10-25 00:00:00+00:00,2021-11-01 00:00:00+00:00,False,,
0008a0d76f85c0ed255ca4b006b8922c,OFFLINE,2021-05-21 03:48:13.461000+00:00,2021-10-25 07:03:00+00:00,78,1EF,112,4DF70D744AB4B2076706A37F1EBAC6B9,157.13526086805555,7,Monday,3,Friday,2021-10-25 00:00:00+00:00,2021-11-01 00:00:00+00:00,False,,
9f67da118ea6cafa2602f7ccac1e8bbf,ONLINE,2021-10-25 06:36:41.534000+00:00,2021-10-25 07:09:00+00:00,78,1EF,60,0668909560B9D2AF8FDA5489BCAA5FFF,0.022435949074074073,7,Monday,6,Monday,2021-10-25 00:00:00+00:00,2021-11-01 00:00:00+00:00,False,,
5db02ac54621f57b9270ec51d6dbedd9,OFFLINE,2021-03-24 03:29:55.558000+00:00,2021-10-25 07:36:00+00:00,78,300,49,08379264459A6EF0F8052CC20B9DD41F,215.1708847453704,7,Monday,3,Wednesday,2021-10-25 00:00:00+00:00,2021-11-01 00:00:00+00:00,False,,
851cab1647da5061313e94f1e360c6ea,ONLINE,2021-08-08 14:33:03.778000+00:00,2021-10-25 07:50:00+00:00,78,07B,159,EE735FFED3A6072D13A30636E658A03A,77.72009516203704,7,Monday,14,Sunday,2021-10-25 00:00:00+00:00,2021-11-01 00:00:00+00:00,False,,
b1e10b361f4f1414fa14ac9cbb9abf1f,ONLINE,2021-01-31 13:50:06.091000+00:00,2021-10-25 07:51:00+00:00,78,1EF,107,96C3C752FA22E3A6918ADE4F355D3F8D,266.7506239467593,7,Monday,13,Sunday,2021-10-25 00:00:00+00:00,2021-11-01 00:00:00+00:00,False,,
5668370d57fc75c6c398955cfd5f059e,OFFLINE,2021-04-13 14:41:45.611000+00:00,2021-10-25 08:00:00+00:00,78,07B,102,9F9E66046BADAE5ABE94708CED879416,194.72099987268516,8,Monday,14,Tuesday,2021-10-25 00:00:00+00:00,2021-11-01 00:00:00+00:00,False,,
2412c3e6180d4cb60e3b808489e16c4e,OFFLINE,2021-08-30 16:52:55.188000+00:00,2021-10-25 08:14:00+00:00,78,07B,97,4ECC8B694F4BB262BDD4B0A85952B71A,55.639639027777775,8,Monday,16,Monday,2021-10-25 00:00:00+00:00,2021-11-01 00:00:00+00:00,False,,
635973246d5acf8adaa8f4c8f5fc7f2d,OFFLINE,2021-08-31 08:47:16.747000+00:00,2021-10-25 08:19:00+00:00,78,07B,116,3B56EC028568E71AF10B3360787CD0BC,54.98036172453703,8,Monday,8,Tuesday,2021-10-25 00:00:00+00:00,2021-11-01 00:00:00+00:00,False,,
f7402452c016c5bce728ebac25735a43,OFFLINE,2021-10-02 12:31:45.147000+00:00,2021-10-25 08:23:00+00:00,90,07B,86,3B56EC028568E71AF10B3360787CD0BC,22.827255243055554,8,Monday,12,Saturday,2021-10-25 00:00:00+00:00,2021-11-01 00:00:00+00:00,False,,
a9859175dd39493ef36274897dd28b5d,OFFLINE,2021-10-08 08:29:43.087000+00:00,2021-10-25 08:26:00+00:00,78,300,58,7E701822D80EF10DEBEA008731637EA3,16.997417974537036,8,Monday,8,Friday,2021-10-25 00:00:00+00:00,2021-11-01 00:00:00+00:00,False,,
510d20ed98d72d425fd845560f4d2722,OFFLINE,2021-07-28 17:16:10.559000+00:00,2021-10-25 08:43:00+00:00,78,07B,92,EEDD0125ADF9CD4325E56C39462533F5,88.64362778935185,8,Monday,17,Wednesday,2021-10-25 00:00:00+00:00,2021-11-01 00:00:00+00:00,False,,
efbf83f7c861a2ab37c47e04dc31aa66,OFFLINE,2021-01-27 12:31:39.279000+00:00,2021-10-25 08:50:00+00:00,78,07B,125,EE735FFED3A6072D13A30636E658A03A,270.8460731597222,8,Monday,12,Wednesday,2021-10-25 00:00:00+00:00,2021-11-01 00:00:00+00:00,False,,
d56337f812d895fbbb72f4a5275f66d9,OFFLINE,2021-03-17 05:34:38.874000+00:00,2021-10-25 08:54:00+00:00,78,07B,208,9F9E66046BADAE5ABE94708CED879416,222.13843895833332,8,Monday,5,Wednesday,2021-10-25 00:00:00+00:00,2021-11-01 00:00:00+00:00,False,,
8b62d97cc0b0cd328bb992bbd0003c5a,ONLINE,2021-01-31 13:33:11.082000+00:00,2021-10-25 09:10:00+00:00,78,07B,87,B4FC534828E371E11BC989991238B1D4,266.8172328472222,9,Monday,13,Sunday,2021-10-25 00:00:00+00:00,2021-11-01 00:00:00+00:00,False,,
b690b5428945769e4a6f90b7ec24ceb9,ONLINE,2021-02-01 02:50:44.039000+00:00,2021-10-25 09:15:00+00:00,78,1EF,137,2C10D809ABD31810F4E95F4E500EFA7E,266.26685140046294,9,Monday,2,Monday,2021-10-25 00:00:00+00:00,2021-11-01 00:00:00+00:00,False,,
cf0071496e77e185c23a3c7f29ca72c4,OFFLINE,2021-03-02 13:17:24.851000+00:00,2021-10-25 09:15:00+00:00,78,07B,50,4ECC8B694F4BB262BDD4B0A85952B71A,236.83165681712964,9,Monday,13,Tuesday,2021-10-25 00:00:00+00:00,2021-11-01 00:00:00+00:00,False,,
f05d5b34b397aaf521d8522e1d45e14b,ONLINE,2021-04-06 14:26:56.171000+00:00,2021-10-25 09:23:00+00:00,78,07B,132,10D023CEE6CC12F06C576EB33402E56B,201.78893320601853,9,Monday,14,Tuesday,2021-10-25 00:00:00+00:00,2021-11-01 00:00:00+00:00,False,,
594cdba2c872ebff332b4cdcc6537d45,OFFLINE,2021-10-20 08:59:32.698000+00:00,2021-10-25 09:44:00+00:00,78,07B,239,C142F51706DA139EC3DCAA250682C61A,5.0308715509259265,9,Monday,8,Wednesday,2021-10-25 00:00:00+00:00,2021-11-01 00:00:00+00:00,False,,
64ce4a6785ec76e6d3f7194ab0fabe95,OFFLINE,2021-06-04 15:44:09.742000+00:00,2021-10-25 09:44:00+00:00,78,1EF,97,BB2033CE2FA4822C957B37DEB445B32C,142.74988724537036,9,Monday,15,Friday,2021-10-25 00:00:00+00:00,2021-11-01 00:00:00+00:00,False,,
9b862b42047ce95286edf6dbc3f3f879,OFFLINE,2021-10-22 05:38:41.168000+00:00,2021-10-25 09:58:00+00:00,78,1EF,113,08A9B54E00545ECCD369B8E5D2692E9F,3.180079074074074,9,Monday,5,Friday,2021-10-25 00:00:00+00:00,2021-11-01 00:00:00+00:00,False,,
ccd6502dbec5f37fb75ed266b41acf46,OFFLINE,2021-07-22 15:42:10.215000+00:00,2021-10-25 10:20:00+00:00,78,1EF,70,195FD095D9D7F47943113AF2CBCF9A75,94.77627065972223,10,Monday,15,Thursday,2021-10-25 00:00:00+00:00,2021-11-01 00:00:00+00:00,False,,
ac6c9e8a31593a2e50fff9514c3bed8c,OFFLINE,2021-04-12 19:40:24.176000+00:00,2021-10-25 10:26:00+00:00,78,1EF,85,08A9B54E00545ECCD369B8E5D2692E9F,195.61499796296297,10,Monday,19,Monday,2021-10-25 00:00:00+00:00,2021-11-01 00:00:00+00:00,False,,
ed3d6b507b74274ff22b44b006e0e14a,OFFLINE,2021-07-09 10:15:10.787000+00:00,2021-10-25 10:29:00+00:00,78,07B,163,56129BC950F9E18A9F5DF651D9D267D1,108.00959737268518,10,Monday,10,Friday,2021-10-25 00:00:00+00:00,2021-11-01 00:00:00+00:00,False,,
43a08c9386a60365172f45952239eafb,OFFLINE,2021-04-25 11:56:42.022000+00:00,2021-10-25 10:37:00+00:00,78,07B,56,EE735FFED3A6072D13A30636E658A03A,182.94465252314814,10,Monday,11,Sunday,2021-10-25 00:00:00+00:00,2021-11-01 00:00:00+00:00,False,,
38f15a05255eddae4aa308314fe04d49,OFFLINE,2021-07-03 15:33:36.477000+00:00,2021-10-25 10:40:00+00:00,78,1EF,126,49CA01E7044CB3B65F99673C9C074D16,113.79610559027778,10,Monday,15,Saturday,2021-10-25 00:00:00+00:00,2021-11-01 00:00:00+00:00,False,,
7661bbc31b01dfc578a845e92d9dcca2,OFFLINE,2021-09-10 09:42:56.286000+00:00,2021-10-25 10:55:00+00:00,78,300,50,C0DD698BE0C1EA71FA3045950BEEC64B,45.050042986111116,10,Monday,9,Friday,2021-10-25 00:00:00+00:00,2021-11-01 00:00:00+00:00,False,,
671309c81ac27de857564d985d5a1724,ONLINE,2021-06-10 06:27:49.719000+00:00,2021-10-25 11:04:00+00:00,78,300,84,08379264459A6EF0F8052CC20B9DD41F,137.19178565972223,11,Monday,6,Thursday,2021-10-25 00:00:00+00:00,2021-11-01 00:00:00+00:00,False,,
77d0459b6c4baac593cf0ea94c77d5cb,OFFLINE,2021-09-15 10:23:26.391000+00:00,2021-10-25 11:16:00+00:00,78,300,50,526A1D40F50BBB44821C0C0FDE8E16B7,40.03650010416667,11,Monday,10,Wednesday,2021-10-25 00:00:00+00:00,2021-11-01 00:00:00+00:00,False,,
4e9b1c577c8b3765fb3505e0cc6835c8,OFFLINE,2021-02-20 11:32:58.789000+00:00,2021-10-25 11:28:00+00:00,78,300,50,526A1D40F50BBB44821C0C0FDE8E16B7,246.99654179398146,11,Monday,11,Saturday,2021-10-25 00:00:00+00:00,2021-11-01 00:00:00+00:00,False,,
cfcb916a5577bd43d75dc1ac69e635b3,OFFLINE,2021-02-19 09:52:54.808000+00:00,2021-10-25 11:30:00+00:00,78,1EF,83,2C10D809ABD31810F4E95F4E500EFA7E,248.06742120370373,11,Monday,9,Friday,2021-10-25 00:00:00+00:00,2021-11-01 00:00:00+00:00,False,,
aa14f9ff00e7de394d93b6a5a9110059,OFFLINE,2021-08-11 16:44:41.865000+00:00,2021-10-25 11:34:00+00:00,78,1EF,94,4DBE83E28F1DFA3ED9C79A2C577BFBDE,74.7842376736111,11,Monday,16,Wednesday,2021-10-25 00:00:00+00:00,2021-11-01 00:00:00+00:00,False,,
154dc757c822823391b869dee1f6cded,OFFLINE,2021-02-05 12:29:31.165000+00:00,2021-10-25 11:37:00+00:00,78,1EF,85,38BB76CCFDD8129EF62B3AF5480605C7,261.9635281828704,11,Monday,12,Friday,2021-10-25 00:00:00+00:00,2021-11-01 00:00:00+00:00,False,,
0e64a18eb2ca228b98e682401729ffa7,ONLINE,2021-10-21 11:50:27.124000+00:00,2021-10-25 11:54:00+00:00,78,300,50,F01C49A6AA0D833D3333DEA9AC883637,4.002463842592593,11,Monday,11,Thursday,2021-10-25 00:00:00+00:00,2021-11-01 00:00:00+00:00,False,,
6b9527b3aa299e3b79453e06cc16174f,OFFLINE,2021-05-27 16:59:42.412000+00:00,2021-10-25 11:58:00+00:00,78,1EF,104,38BB76CCFDD8129EF62B3AF5480605C7,150.79048134259259,11,Monday,16,Thursday,2021-10-25 00:00:00+00:00,2021-11-01 00:00:00+00:00,False,,
d95c32bb3826f37652f134d1ee203361,OFFLINE,2021-03-12 09:43:29.950000+00:00,2021-10-25 12:08:00+00:00,78,1EF,205,1162FF15A2450469905B590D62F7746E,227.10034780092593,12,Monday,9,Friday,2021-10-25 00:00:00+00:00,2021-11-01 00:00:00+00:00,False,,
2cfa542ec3c1995e210c142fd9587ce0,OFFLINE,2021-10-20 18:50:52.029000+00:00,2021-10-25 12:17:00+00:00,78,07B,83,294B021232C509826A57AC3136B8ABDD,4.726481145833334,12,Monday,18,Wednesday,2021-10-25 00:00:00+00:00,2021-11-01 00:00:00+00:00,False,,
86ab320083bcbf04670f4d4bebf56ab2,OFFLINE,2021-10-03 05:10:14.380000+00:00,2021-10-25 12:30:00+00:00,78,300,211,7E701822D80EF10DEBEA008731637EA3,22.30538912037037,12,Monday,5,Sunday,2021-10-25 00:00:00+00:00,2021-11-01 00:00:00+00:00,False,,
0b849e2c53872af32f15aaf5e563f498,OFFLINE,2021-05-19 02:21:24.831000+00:00,2021-10-25 12:41:00+00:00,78,300,63,E56AE16934A0D29EBF24915402A7E5ED,159.43026815972223,12,Monday,2,Wednesday,2021-10-25 00:00:00+00:00,2021-11-01 00:00:00+00:00,False,,
cc1c8082433a052ab879b85b3b0277e3,OFFLINE,2021-07-03 06:30:14.083000+00:00,2021-10-25 12:47:00+00:00,78,1EF,156,740CB1CA2BD83B3276B092195A6EB883,114.26164255787036,12,Monday,6,Saturday,2021-10-25 00:00:00+00:00,2021-11-01 00:00:00+00:00,False,,
0329f652ff2c60b54c36f488dc690310,OFFLINE,2021-06-18 07:36:34.075000+00:00,2021-10-25 12:58:00+00:00,78,07B,172,3DCC8B4086B582DDB2E5481A5D44CAB4,129.22321672453705,12,Monday,7,Friday,2021-10-25 00:00:00+00:00,2021-11-01 00:00:00+00:00,False,,
63d1113ccfe3ddc08ea14b79c55f0738,OFFLINE,2021-03-15 18:24:42.573000+00:00,2021-10-25 13:09:00+00:00,78,300,86,F01C49A6AA0D833D3333DEA9AC883637,223.78075725694447,13,Monday,18,Monday,2021-10-25 00:00:00+00:00,2021-11-01 00:00:00+00:00,False,,
c0c6083ba1b0c47d79512001426ffa0d,ONLINE,2021-04-20 12:10:41.155000+00:00,2021-10-25 13:16:00+00:00,78,07B,94,56129BC950F9E18A9F5DF651D9D267D1,188.04535700231483,13,Monday,12,Tuesday,2021-10-25 00:00:00+00:00,2021-11-01 00:00:00+00:00,False,,
942e4686a075f399a0289cc0b0058fa7,ONLINE,2021-03-16 13:32:46.063000+00:00,2021-10-25 13:35:00+00:00,78,07B,54,EEDD0125ADF9CD4325E56C39462533F5,223.00155019675924,13,Monday,13,Tuesday,2021-10-25 00:00:00+00:00,2021-11-01 00:00:00+00:00,False,,
5259ab8b6e8c5120c86bac07e239e7f7,OFFLINE,2021-09-14 07:25:28.881000+00:00,2021-10-25 13:38:00+00:00,78,300,61,E56AE16934A0D29EBF24915402A7E5ED,41.25869350694445,13,Monday,7,Tuesday,2021-10-25 00:00:00+00:00,2021-11-01 00:00:00+00:00,False,,
98de38a1079f8b8e44831d74f0ad5bd5,OFFLINE,2021-07-05 11:53:34.453000+00:00,2021-10-25 13:45:00+00:00,78,07B,72,294B021232C509826A57AC3136B8ABDD,112.07737901620371,13,Monday,11,Monday,2021-10-25 00:00:00+00:00,2021-11-01 00:00:00+00:00,False,,
0fd4d89a173799e8cf566e3ac7f8f315,OFFLINE,2021-01-26 06:03:36.784000+00:00,2021-10-25 13:47:00+00:00,78,07B,125,C142F51706DA139EC3DCAA250682C61A,272.32179648148144,13,Monday,6,Tuesday,2021-10-25 00:00:00+00:00,2021-11-01 00:00:00+00:00,False,,
3e3055fdfe2719369263e690b2729e4e,ONLINE,2021-10-25 13:03:13.709000+00:00,2021-10-25 13:56:00+00:00,78,1EF,149,195FD095D9D7F47943113AF2CBCF9A75,0.036646886574074077,13,Monday,13,Monday,2021-10-25 00:00:00+00:00,2021-11-01 00:00:00+00:00,False,,
131bd57cf4418f8c4cf1f7a927ad2c85,OFFLINE,2021-04-09 03:07:31.671000+00:00,2021-10-25 14:24:00+00:00,78,07B,187,10D023CEE6CC12F06C576EB33402E56B,199.4697723263889,14,Monday,3,Friday,2021-10-25 00:00:00+00:00,2021-11-01 00:00:00+00:00,False,,
1b67357fb5febde2b83b8aa4a93927bd,OFFLINE,2021-07-11 17:16:00.644000+00:00,2021-10-25 14:29:00+00:00,78,07B,232,4ECC8B694F4BB262BDD4B0A85952B71A,105.88402032407409,14,Monday,17,Sunday,2021-10-25 00:00:00+00:00,2021-11-01 00:00:00+00:00,False,,
43a74b04e924c13e8482bdbc88c4206d,OFFLINE,2021-01-13 07:30:57.964000+00:00,2021-10-25 14:35:00+00:00,78,07B,117,4E8E60427140A514537C374BAA698D32,285.2944680092592,14,Monday,7,Wednesday,2021-10-25 00:00:00+00:00,2021-11-01 00:00:00+00:00,False,,
87e40ac451ea1cf86e857cd719c71c8f,OFFLINE,2021-02-09 08:07:46.502000+00:00,2021-10-25 14:46:00+00:00,78,300,70,D3CEA8B57F07B785543EDB2058A190CE,258.27654511574076,14,Monday,8,Tuesday,2021-10-25 00:00:00+00:00,2021-11-01 00:00:00+00:00,False,,
d2b8c3a2ced84e0f3071c6eef06e384f,OFFLINE,2021-01-28 08:41:21.152000+00:00,2021-10-25 15:08:00+00:00,78,300,175,A85A33858C7BB0DCE962E99B2E79BBC4,270.2685051851852,15,Monday,8,Thursday,2021-10-25 00:00:00+00:00,2021-11-01 00:00:00+00:00,False,,
a26b132cc195272ad3e3f3161af19f01,OFFLINE,2021-08-23 13:08:18.915000+00:00,2021-10-25 15:10:00+00:00,78,300,50,A85A33858C7BB0DCE962E99B2E79BBC4,63.08450329861111,15,Monday,13,Monday,2021-10-25 00:00:00+00:00,2021-11-01 00:00:00+00:00,False,,
7593b8b7c1d57b5fff9d6296b145b31f,OFFLINE,2021-09-06 15:06:34.512000+00:00,2021-10-25 15:18:00+00:00,90,07B,136,4ECC8B694F4BB262BDD4B0A85952B71A,49.007933888888886,15,Monday,15,Monday,2021-10-25 00:00:00+00:00,2021-11-01 00:00:00+00:00,False,,
c8b57eb708a5496054f1d934b33f1ffd,OFFLINE,2021-06-04 14:07:07.764000+00:00,2021-10-25 15:22:00+00:00,78,07B,110,EEDD0125ADF9CD4325E56C39462533F5,143.05199347222222,15,Monday,14,Friday,2021-10-25 00:00:00+00:00,2021-11-01 00:00:00+00:00,False,,
1ae84c2770cc1d9e59b4aa027df5b8b3,OFFLINE,2021-05-01 18:29:13.184000+00:00,2021-10-25 15:41:00+00:00,78,07B,109,EEDD0125ADF9CD4325E56C39462533F5,176.88318074074073,15,Monday,18,Saturday,2021-10-25 00:00:00+00:00,2021-11-01 00:00:00+00:00,False,,
0b1321d4667baa55d776cce4b4d8b1fd,OFFLINE,2021-06-09 16:00:02.324000+00:00,2021-10-25 16:06:00+00:00,78,1EF,85,08A9B54E00545ECCD369B8E5D2692E9F,138.00413976851854,16,Monday,16,Wednesday,2021-10-25 00:00:00+00:00,2021-11-01 00:00:00+00:00,False,,
ac30570451bdf47ae7edd4de49436ab2,ONLINE,2021-08-30 13:48:26.612000+00:00,2021-10-25 16:23:00+00:00,78,07B,78,3B56EC028568E71AF10B3360787CD0BC,56.107330879629636,16,Monday,13,Monday,2021-10-25 00:00:00+00:00,2021-11-01 00:00:00+00:00,False,,
4a9b291ce0229305b735ebddc53503ad,OFFLINE,2021-02-02 08:24:20.535000+00:00,2021-10-25 16:48:00+00:00,78,07B,158,4E8E60427140A514537C374BAA698D32,265.3497623263889,16,Monday,8,Tuesday,2021-10-25 00:00:00+00:00,2021-11-01 00:00:00+00:00,False,,
69c4b32a478e606ad3ad40f85776fad7,OFFLINE,2021-04-15 14:49:12.562000+00:00,2021-10-25 17:28:00+00:00,78,300,121,08379264459A6EF0F8052CC20B9DD41F,193.11027127314813,17,Monday,14,Thursday,2021-10-25 00:00:00+00:00,2021-11-01 00:00:00+00:00,False,,
4e6da1fed048292d9ebf89e47418a63f,OFFLINE,2021-02-10 18:38:04.885000+00:00,2021-10-25 17:34:00+00:00,78,07B,173,2D9F8B5DDB0A7BD6F060DBAA34EC0CFF,256.9554990162037,17,Monday,18,Wednesday,2021-10-25 00:00:00+00:00,2021-11-01 00:00:00+00:00,False,,
80140da7dc96c5e8a08bcf01d7050efa,OFFLINE,2021-06-25 13:59:12.131000+00:00,2021-10-25 17:42:00+00:00,78,300,50,526A1D40F50BBB44821C0C0FDE8E16B7,122.15472070601852,17,Monday,13,Friday,2021-10-25 00:00:00+00:00,2021-11-01 00:00:00+00:00,False,,
d19ea1167af21f5ac5615ac1072708ee,OFFLINE,2021-04-02 13:40:47.932000+00:00,2021-10-25 18:56:00+00:00,78,1EF,112,96C3C752FA22E3A6918ADE4F355D3F8D,206.21888967592594,18,Monday,13,Friday,2021-10-25 00:00:00+00:00,2021-11-01 00:00:00+00:00,False,,
4e62a2566504721ce968ec692fbdc1b2,OFFLINE,2021-07-06 06:53:33.267000+00:00,2021-10-25 23:06:00+00:00,88,07B,105,C142F51706DA139EC3DCAA250682C61A,111.67530940972222,23,Monday,6,Tuesday,2021-10-25 00:00:00+00:00,2021-11-01 00:00:00+00:00,False,,
affdc60918a71d5bc920a0b7c172371c,OFFLINE,2021-02-01 10:37:24.711000+00:00,2021-10-26 02:28:00+00:00,78,07B,151,10D023CEE6CC12F06C576EB33402E56B,266.66013065972226,2,Tuesday,10,Monday,2021-10-26 00:00:00+00:00,2021-11-02 00:00:00+00:00,False,,
366ab02f5ebf3bfcc6c6d2b1ec6cd0be,OFFLINE,2021-07-11 18:24:14.128000+00:00,2021-10-26 02:43:00+00:00,78,07B,85,C142F51706DA139EC3DCAA250682C61A,106.34636425925926,2,Tuesday,18,Sunday,2021-10-26 00:00:00+00:00,2021-11-02 00:00:00+00:00,False,,
10eafa479d952f13d442beedf843f79a,OFFLINE,2021-02-24 12:23:20.345000+00:00,2021-10-26 02:44:00+00:00,78,07B,108,4E8E60427140A514537C374BAA698D32,243.59768119212964,2,Tuesday,12,Wednesday,2021-10-26 00:00:00+00:00,2021-11-02 00:00:00+00:00,False,,
416ecd305130698c53a31937ba4f1383,OFFLINE,2021-08-07 11:19:38.323000+00:00,2021-10-26 03:07:00+00:00,78,07B,80,10D023CEE6CC12F06C576EB33402E56B,79.65788978009259,3,Tuesday,11,Saturday,2021-10-26 00:00:00+00:00,2021-11-02 00:00:00+00:00,False,,
2a2915f761cf9d51d0a2923e201626e8,OFFLINE,2021-05-31 03:46:21.525000+00:00,2021-10-26 03:15:00+00:00,78,07B,145,EEDD0125ADF9CD4325E56C39462533F5,147.97822309027777,3,Tuesday,3,Monday,2021-10-26 00:00:00+00:00,2021-11-02 00:00:00+00:00,False,,
b2bf548cd3eb1020594c33ffa4c0f16b,ONLINE,2021-03-11 06:40:27.885000+00:00,2021-10-26 03:20:00+00:00,78,07B,157,9FFABDFED33FB837D72433191B5668D5,228.86078836805552,3,Tuesday,6,Thursday,2021-10-26 00:00:00+00:00,2021-11-02 00:00:00+00:00,False,,
be0e76223a7fb2bd01e7c07e0a1e1829,OFFLINE,2021-05-25 12:57:43.411000+00:00,2021-10-26 03:20:00+00:00,78,1EF,100,0668909560B9D2AF8FDA5489BCAA5FFF,153.59880311342593,3,Tuesday,12,Tuesday,2021-10-26 00:00:00+00:00,2021-11-02 00:00:00+00:00,False,,
914d05f30647462fa9ad915b0ffc6439,OFFLINE,2021-05-22 14:37:20.040000+00:00,2021-10-26 03:23:00+00:00,78,07B,66,3B56EC028568E71AF10B3360787CD0BC,156.5317125,3,Tuesday,14,Saturday,2021-10-26 00:00:00+00:00,2021-11-02 00:00:00+00:00,False,,
6ab46070558c75c45e1129fbef0c6cd3,OFFLINE,2021-04-02 15:24:32.961000+00:00,2021-10-26 03:30:00+00:00,78,07B,109,4E8E60427140A514537C374BAA698D32,206.5037851736111,3,Tuesday,15,Friday,2021-10-26 00:00:00+00:00,2021-11-02 00:00:00+00:00,False,,
4203283b16719a4f0cd4b78d15fe6214,OFFLINE,2021-03-03 13:06:37.045000+00:00,2021-10-26 03:37:00+00:00,78,07B,152,2D9F8B5DDB0A7BD6F060DBAA34EC0CFF,236.604432349537,3,Tuesday,13,Wednesday,2021-10-26 00:00:00+00:00,2021-11-02 00:00:00+00:00,False,,
06b63d37a909188904e0438bb2e374f3,OFFLINE,2021-06-11 11:57:18.598000+00:00,2021-10-26 04:19:00+00:00,78,1EF,163,740CB1CA2BD83B3276B092195A6EB883,136.68172918981483,4,Tuesday,11,Friday,2021-10-26 00:00:00+00:00,2021-11-02 00:00:00+00:00,False,,
d9ed600d0fc4ed684568b584294f84e6,OFFLINE,2021-01-13 14:32:16.128000+00:00,2021-10-26 04:24:00+00:00,78,07B,155,EEDD0125ADF9CD4325E56C39462533F5,285.57759111111113,4,Tuesday,14,Wednesday,2021-10-26 00:00:00+00:00,2021-11-02 00:00:00+00:00,False,,
8f78326d04e81b2fcabef0a9eb5bbff1,OFFLINE,2021-07-04 15:59:45.020000+00:00,2021-10-26 04:33:00+00:00,78,1EF,113,740CB1CA2BD83B3276B092195A6EB883,113.5230900462963,4,Tuesday,15,Sunday,2021-10-26 00:00:00+00:00,2021-11-02 00:00:00+00:00,False,,
ec03dfe11b6f34eeb93e6a69f68462c9,OFFLINE,2021-08-30 02:39:27.688000+00:00,2021-10-26 04:42:00+00:00,78,07B,74,EE735FFED3A6072D13A30636E658A03A,57.0850962037037,4,Tuesday,2,Monday,2021-10-26 00:00:00+00:00,2021-11-02 00:00:00+00:00,False,,
90daf9bb33379329f5360152f0e571d3,ONLINE,2021-10-20 14:12:38.788000+00:00,2021-10-26 04:42:00+00:00,78,07B,138,EE735FFED3A6072D13A30636E658A03A,5.603717731481481,4,Tuesday,14,Wednesday,2021-10-26 00:00:00+00:00,2021-11-02 00:00:00+00:00,False,,
a0774b767f956fd7a4f6aa98fe984965,OFFLINE,2021-07-17 18:21:25.368000+00:00,2021-10-26 04:53:00+00:00,78,07B,54,EEDD0125ADF9CD4325E56C39462533F5,100.43859527777776,4,Tuesday,18,Saturday,2021-10-26 00:00:00+00:00,2021-11-02 00:00:00+00:00,False,,
57f4d10af816e54f530302ce9e6b2739,OFFLINE,2021-06-20 06:13:56.710000+00:00,2021-10-26 04:54:00+00:00,78,1EF,168,38BB76CCFDD8129EF62B3AF5480605C7,127.94448252314814,4,Tuesday,6,Sunday,2021-10-26 00:00:00+00:00,2021-11-02 00:00:00+00:00,False,,
09e7e7cebd96fd57721844799bae43b0,OFFLINE,2021-10-20 05:59:10.810000+00:00,2021-10-26 05:01:00+00:00,78,300,50,94C983E37A80A8F9558244120E5293B3,5.959597106481482,5,Tuesday,5,Wednesday,2021-10-26 00:00:00+00:00,2021-11-02 00:00:00+00:00,False,,
f38112325d39467527bb9305cb1c35ba,ONLINE,2021-02-09 06:03:41.471000+00:00,2021-10-26 05:04:00+00:00,78,07B,144,2D9F8B5DDB0A7BD6F060DBAA34EC0CFF,258.9585477893518,5,Tuesday,6,Tuesday,2021-10-26 00:00:00+00:00,2021-11-02 00:00:00+00:00,False,,
97187d43f968d26edb9535b270ea3e1f,OFFLINE,2021-10-05 14:52:43.737000+00:00,2021-10-26 05:06:00+00:00,78,07B,68,EEDD0125ADF9CD4325E56C39462533F5,20.592549340277778,5,Tuesday,14,Tuesday,2021-10-26 00:00:00+00:00,2021-11-02 00:00:00+00:00,False,,
a4e5bd3b72ed7c2a173e0bddf2c07e89,ONLINE,2021-03-24 11:32:28.511000+00:00,2021-10-26 05:06:00+00:00,78,07B,177,3B56EC028568E71AF10B3360787CD0BC,215.73161445601852,5,Tuesday,11,Wednesday,2021-10-26 00:00:00+00:00,2021-11-02 00:00:00+00:00,False,,
16f699ad8863f1f1ae294901b6ef1ae8,OFFLINE,2021-07-12 04:48:26.878000+00:00,2021-10-26 05:17:00+00:00,78,1EF,156,0668909560B9D2AF8FDA5489BCAA5FFF,106.01982780092592,5,Tuesday,4,Monday,2021-10-26 00:00:00+00:00,2021-11-02 00:00:00+00:00,False,,
2808554697514220bb666a32a605bec2,ONLINE,2021-05-15 16:52:45.378000+00:00,2021-10-26 05:19:00+00:00,78,07B,267,EEDD0125ADF9CD4325E56C39462533F5,163.51822479166665,5,Tuesday,16,Saturday,2021-10-26 00:00:00+00:00,2021-11-02 00:00:00+00:00,False,,
762bf34f110c9b85f1e598643d24a234,ONLINE,2021-07-13 06:25:31.675000+00:00,2021-10-26 05:21:00+00:00,78,300,85,09B36CB8AB7325477B80E99BE8FB2D02,104.95518894675925,5,Tuesday,6,Tuesday,2021-10-26 00:00:00+00:00,2021-11-02 00:00:00+00:00,False,,
64e178e360371721c9dfbe578ccd6534,ONLINE,2021-02-25 07:05:01.443000+00:00,2021-10-26 05:26:00+00:00,78,1EF,117,4DF70D744AB4B2076706A37F1EBAC6B9,242.93123329861112,5,Tuesday,7,Thursday,2021-10-26 00:00:00+00:00,2021-11-02 00:00:00+00:00,False,,
1fc46c0d0ae3b37c381a73cf534f06db,OFFLINE,2021-07-28 13:46:11.140000+00:00,2021-10-26 05:26:00+00:00,78,1EF,73,08A9B54E00545ECCD369B8E5D2692E9F,89.6526488425926,5,Tuesday,13,Wednesday,2021-10-26 00:00:00+00:00,2021-11-02 00:00:00+00:00,False,,
8012a813f8c3421d331febcc8b086d36,OFFLINE,2021-10-12 19:42:47.847000+00:00,2021-10-26 05:27:00+00:00,78,300,52,7E701822D80EF10DEBEA008731637EA3,13.405696215277777,5,Tuesday,19,Tuesday,2021-10-26 00:00:00+00:00,2021-11-02 00:00:00+00:00,False,,
c40f3471bda54d09320fddd80ad579ed,OFFLINE,2021-03-09 04:33:25.942000+00:00,2021-10-26 05:40:00+00:00,78,07B,141,10D023CEE6CC12F06C576EB33402E56B,231.04622752314813,5,Tuesday,4,Tuesday,2021-10-26 00:00:00+00:00,2021-11-02 00:00:00+00:00,False,,
17bc8ec9eb3215287f72284859c1384d,OFFLINE,2021-07-08 09:51:27.755000+00:00,2021-10-26 05:47:00+00:00,78,1EF,132,38BB76CCFDD8129EF62B3AF5480605C7,109.83023431712962,5,Tuesday,9,Thursday,2021-10-26 00:00:00+00:00,2021-11-02 00:00:00+00:00,False,,
f4264ce40eabd7299f1102d39e354d45,OFFLINE,2021-07-02 12:51:00.155000+00:00,2021-10-26 05:59:00+00:00,78,07B,143,3B56EC028568E71AF10B3360787CD0BC,115.71388709490742,5,Tuesday,12,Friday,2021-10-26 00:00:00+00:00,2021-11-02 00:00:00+00:00,False,,
78cf15441b46fc2f3d33c9fd4eefca10,OFFLINE,2021-07-01 11:05:44.445000+00:00,2021-10-26 06:34:00+00:00,78,1EF,112,7B36B12A4C581DFCF8BF406AECA45564,116.81129114583332,6,Tuesday,11,Thursday,2021-10-26 00:00:00+00:00,2021-11-02 00:00:00+00:00,False,,
91c7c9b1272c35872fbf297577e24695,OFFLINE,2021-03-10 03:08:36.805000+00:00,2021-10-26 06:37:00+00:00,78,07B,175,B0B076A3064F0AEA0A2AAC679ECE5F62,230.1447129050926,6,Tuesday,3,Wednesday,2021-10-26 00:00:00+00:00,2021-11-02 00:00:00+00:00,False,,
572b479d72698e9a0d7ad056176bc26d,OFFLINE,2021-07-19 02:02:22.451000+00:00,2021-10-26 06:41:00+00:00,78,300,50,269CB18F9DAC7649B08410B51621225E,99.19349015046296,6,Tuesday,2,Monday,2021-10-26 00:00:00+00:00,2021-11-02 00:00:00+00:00,False,,
e3e46c7fc48d921cb889c410f6f1dc9b,ONLINE,2021-07-03 08:20:11.016000+00:00,2021-10-26 06:50:00+00:00,78,1EF,63,38BB76CCFDD8129EF62B3AF5480605C7,114.9373725,6,Tuesday,8,Saturday,2021-10-26 00:00:00+00:00,2021-11-02 00:00:00+00:00,False,,
1b3609146beb6d5a80cb96b0095e62e0,ONLINE,2021-08-02 08:35:00.279000+00:00,2021-10-26 07:11:00+00:00,78,07B,97,10D023CEE6CC12F06C576EB33402E56B,84.9416634375,7,Tuesday,8,Monday,2021-10-26 00:00:00+00:00,2021-11-02 00:00:00+00:00,False,,
7a1b7eba3b17b37ff9f2729122c0a242,ONLINE,2021-09-15 05:24:27.128000+00:00,2021-10-26 07:14:00+00:00,78,07B,77,C142F51706DA139EC3DCAA250682C61A,41.07607490740741,7,Tuesday,5,Wednesday,2021-10-26 00:00:00+00:00,2021-11-02 00:00:00+00:00,False,,
8735d9a064bb170b8cfc846bf62af5be,OFFLINE,2021-03-05 01:25:22.187000+00:00,2021-10-26 07:14:00+00:00,78,1EF,84,740CB1CA2BD83B3276B092195A6EB883,235.24210431712964,7,Tuesday,1,Friday,2021-10-26 00:00:00+00:00,2021-11-02 00:00:00+00:00,False,,
a5f70688bdb264de16dcf884bbb6eb2a,OFFLINE,2021-02-02 14:58:57.924000+00:00,2021-10-26 07:18:00+00:00,78,07B,103,4E8E60427140A514537C374BAA698D32,265.6798851388889,7,Tuesday,14,Tuesday,2021-10-26 00:00:00+00:00,2021-11-02 00:00:00+00:00,False,,
0396a3dfa0838c77204d3004e131c51c,OFFLINE,2021-03-09 10:23:47.029000+00:00,2021-10-26 07:26:00+00:00,78,1EF,77,4DF70D744AB4B2076706A37F1EBAC6B9,230.8765390162037,7,Tuesday,10,Tuesday,2021-10-26 00:00:00+00:00,2021-11-02 00:00:00+00:00,False,,
681f1fb3e4a6b15af7d8a5ea1ba30fdf,ONLINE,2021-08-30 09:22:46.460000+00:00,2021-10-26 07:49:00+00:00,78,07B,68,EEDD0125ADF9CD4325E56C39462533F5,56.93487893518519,7,Tuesday,9,Monday,2021-10-26 00:00:00+00:00,2021-11-02 00:00:00+00:00,False,,
0995e19c239c0a8b9acf153d55704127,ONLINE,2021-10-07 17:53:01.815000+00:00,2021-10-26 07:58:00+00:00,78,07B,100,EEDD0125ADF9CD4325E56C39462533F5,18.58678454861111,7,Tuesday,17,Thursday,2021-10-26 00:00:00+00:00,2021-11-02 00:00:00+00:00,False,,
ea0cc0d57f5e0e77b364e7d342353d2a,OFFLINE,2021-06-18 11:34:04.949000+00:00,2021-10-26 08:29:00+00:00,78,07B,89,EE735FFED3A6072D13A30636E658A03A,129.8714704976852,8,Tuesday,11,Friday,2021-10-26 00:00:00+00:00,2021-11-02 00:00:00+00:00,False,,
013a4c33014249df804849046a7a3b9d,OFFLINE,2021-07-09 09:49:45.332000+00:00,2021-10-26 08:41:00+00:00,78,07B,103,2CF9D19CE125793D17A0B4C371AB7AFD,108.95225310185185,8,Tuesday,9,Friday,2021-10-26 00:00:00+00:00,2021-11-02 00:00:00+00:00,False,,
5da90da3c21a7f3f4edd13362feadf6c,OFFLINE,2021-06-04 12:26:38.184000+00:00,2021-10-26 08:49:00+00:00,78,07B,235,4ECC8B694F4BB262BDD4B0A85952B71A,143.8488636111111,8,Tuesday,12,Friday,2021-10-26 00:00:00+00:00,2021-11-02 00:00:00+00:00,False,,
3277b304e6901f187841aee5a98ec8ed,OFFLINE,2021-06-06 07:06:50.038000+00:00,2021-10-26 08:53:00+00:00,78,1EF,90,38BB76CCFDD8129EF62B3AF5480605C7,142.07372641203702,8,Tuesday,7,Sunday,2021-10-26 00:00:00+00:00,2021-11-02 00:00:00+00:00,False,,
bee873e7aa24a1f3906820d3eecf0a98,OFFLINE,2021-04-13 02:10:11.812000+00:00,2021-10-26 09:00:00+00:00,78,300,70,89D534629771B04F61D1971C3068D1BD,196.28458550925927,9,Tuesday,2,Tuesday,2021-10-26 00:00:00+00:00,2021-11-02 00:00:00+00:00,False,,
6f31978f59330cc8cbc3303fd0b0af99,OFFLINE,2021-02-01 20:23:18.239000+00:00,2021-10-26 09:13:00+00:00,78,07B,70,294B021232C509826A57AC3136B8ABDD,266.53451112268516,9,Tuesday,20,Monday,2021-10-26 00:00:00+00:00,2021-11-02 00:00:00+00:00,False,,
626aa004382e457141284bfa2d081474,OFFLINE,2021-03-01 04:24:32.462000+00:00,2021-10-26 09:20:00+00:00,78,07B,71,EEDD0125ADF9CD4325E56C39462533F5,239.20517983796296,9,Tuesday,4,Monday,2021-10-26 00:00:00+00:00,2021-11-02 00:00:00+00:00,False,,
2323eec4759b9717c583bf8985ea7550,OFFLINE,2021-07-30 18:05:22.949000+00:00,2021-10-26 09:38:00+00:00,78,1EF,61,740CB1CA2BD83B3276B092195A6EB883,87.64765105324074,9,Tuesday,18,Friday,2021-10-26 00:00:00+00:00,2021-11-02 00:00:00+00:00,False,,
2e61fa7591447cf8e54ccca266eee132,ONLINE,2021-09-07 09:13:13.330000+00:00,2021-10-26 09:53:00+00:00,78,07B,101,10D023CEE6CC12F06C576EB33402E56B,49.02762349537037,9,Tuesday,9,Tuesday,2021-10-26 00:00:00+00:00,2021-11-02 00:00:00+00:00,False,,
edfe40743c889651e6bf81d85fda96c3,OFFLINE,2021-06-08 14:46:56.754000+00:00,2021-10-26 09:55:00+00:00,78,1EF,68,BB2033CE2FA4822C957B37DEB445B32C,139.79725979166665,9,Tuesday,14,Tuesday,2021-10-26 00:00:00+00:00,2021-11-02 00:00:00+00:00,False,,
5af4e2b65f1e91bad02fe2edd1131398,OFFLINE,2021-02-27 08:32:51.767000+00:00,2021-10-26 10:02:00+00:00,78,07B,88,4E8E60427140A514537C374BAA698D32,241.0619008449074,10,Tuesday,8,Saturday,2021-10-26 00:00:00+00:00,2021-11-02 00:00:00+00:00,False,,
175a76539d214a9098ab7c0893ad57d9,OFFLINE,2021-04-27 09:59:23.617000+00:00,2021-10-26 10:20:00+00:00,78,1EF,97,740CB1CA2BD83B3276B092195A6EB883,182.0143099884259,10,Tuesday,9,Tuesday,2021-10-26 00:00:00+00:00,2021-11-02 00:00:00+00:00,False,,
09be897ad5c687a6ea668357efe64b1e,OFFLINE,2021-03-11 09:37:48.692000+00:00,2021-10-26 10:26:00+00:00,78,1EF,145,195FD095D9D7F47943113AF2CBCF9A75,229.03346421296294,10,Tuesday,9,Thursday,2021-10-26 00:00:00+00:00,2021-11-02 00:00:00+00:00,False,,
80a0742d35b26a3d77182f533ee269fc,OFFLINE,2021-02-27 06:45:06.338000+00:00,2021-10-26 10:27:00+00:00,78,07B,63,EEDD0125ADF9CD4325E56C39462533F5,241.1540933101852,10,Tuesday,6,Saturday,2021-10-26 00:00:00+00:00,2021-11-02 00:00:00+00:00,False,,
65e938e32a0e218caa30f1e19f6d2c13,OFFLINE,2021-02-15 05:51:40.132000+00:00,2021-10-26 10:35:00+00:00,78,07B,118,EE735FFED3A6072D13A30636E658A03A,253.19675773148148,10,Tuesday,5,Monday,2021-10-26 00:00:00+00:00,2021-11-02 00:00:00+00:00,False,,
596218120c0a6b1f4e73309bfc7cac51,OFFLINE,2021-04-01 19:07:02.248000+00:00,2021-10-26 10:50:00+00:00,78,1EF,68,38BB76CCFDD8129EF62B3AF5480605C7,207.6548350925926,10,Tuesday,19,Thursday,2021-10-26 00:00:00+00:00,2021-11-02 00:00:00+00:00,False,,
32ec42a682e79f3802c2f1b431f57a6e,OFFLINE,2021-03-27 16:26:35.855000+00:00,2021-10-26 10:50:00+00:00,78,300,50,C0DD698BE0C1EA71FA3045950BEEC64B,212.76625167824074,10,Tuesday,16,Saturday,2021-10-26 00:00:00+00:00,2021-11-02 00:00:00+00:00,False,,
6884e2196dfdc849b97ccd40b8021102,OFFLINE,2021-08-11 16:53:14.425000+00:00,2021-10-26 11:24:00+00:00,78,300,50,526A1D40F50BBB44821C0C0FDE8E16B7,75.77136082175926,11,Tuesday,16,Wednesday,2021-10-26 00:00:00+00:00,2021-11-02 00:00:00+00:00,False,,
986de98d2d5c01e3830557fc5cacac94,OFFLINE,2021-05-04 17:08:36.114000+00:00,2021-10-26 11:46:00+00:00,78,07B,200,10D023CEE6CC12F06C576EB33402E56B,174.77597090277777,11,Tuesday,17,Tuesday,2021-10-26 00:00:00+00:00,2021-11-02 00:00:00+00:00,False,,
af7c5e01801c488be8423b5699c648c4,OFFLINE,2021-04-24 17:50:07.643000+00:00,2021-10-26 12:10:00+00:00,78,07B,105,294B021232C509826A57AC3136B8ABDD,184.76380042824076,12,Tuesday,17,Saturday,2021-10-26 00:00:00+00:00,2021-11-02 00:00:00+00:00,False,,
f3b70f69a1e82f3c88ff1c46b0d792db,OFFLINE,2021-08-30 12:04:32.773000+00:00,2021-10-26 12:30:00+00:00,78,300,85,7E701822D80EF10DEBEA008731637EA3,57.01767623842593,12,Tuesday,12,Monday,2021-10-26 00:00:00+00:00,2021-11-02 00:00:00+00:00,False,,
791fb70e1062c20bc62422ed7a015704,ONLINE,2021-08-25 12:19:58.555000+00:00,2021-10-26 12:36:00+00:00,78,1EF,122,740CB1CA2BD83B3276B092195A6EB883,62.01112783564815,12,Tuesday,12,Wednesday,2021-10-26 00:00:00+00:00,2021-11-02 00:00:00+00:00,False,,
8326b85d5f11b4ff1fbd52c756d1114d,OFFLINE,2021-06-29 08:26:58.213000+00:00,2021-10-26 12:46:00+00:00,78,07B,156,294B021232C509826A57AC3136B8ABDD,119.1798817939815,12,Tuesday,8,Tuesday,2021-10-26 00:00:00+00:00,2021-11-02 00:00:00+00:00,False,,
6053e37870ad0dbe337bb6196578a5f2,ONLINE,2021-10-01 04:37:12.713000+00:00,2021-10-26 12:53:00+00:00,78,07B,90,EEDD0125ADF9CD4325E56C39462533F5,25.34429730324074,12,Tuesday,4,Friday,2021-10-26 00:00:00+00:00,2021-11-02 00:00:00+00:00,False,,
b6c425c362ec659055b78e1755496e55,ONLINE,2021-07-27 04:00:30.011000+00:00,2021-10-26 13:06:00+00:00,78,300,119,7E701822D80EF10DEBEA008731637EA3,91.37881931712963,13,Tuesday,4,Tuesday,2021-10-26 00:00:00+00:00,2021-11-02 00:00:00+00:00,False,,
4dc3a656aa780866b591abf7a184b949,OFFLINE,2021-04-22 00:52:39.865000+00:00,2021-10-26 13:10:00+00:00,78,07B,67,4E8E60427140A514537C374BAA698D32,187.51203859953702,13,Tuesday,0,Thursday,2021-10-26 00:00:00+00:00,2021-11-02 00:00:00+00:00,False,,
a786036c886afadb6cae99a6a5ab1044,OFFLINE,2021-09-07 12:10:46.725000+00:00,2021-10-26 13:23:00+00:00,78,07B,70,9F9E66046BADAE5ABE94708CED879416,49.05015364583334,13,Tuesday,12,Tuesday,2021-10-26 00:00:00+00:00,2021-11-02 00:00:00+00:00,False,,
aa433caee98e429ceb2d4c5722601640,OFFLINE,2021-10-04 09:26:46.011000+00:00,2021-10-26 13:40:00+00:00,78,07B,63,294B021232C509826A57AC3136B8ABDD,22.17585635416667,13,Tuesday,9,Monday,2021-10-26 00:00:00+00:00,2021-11-02 00:00:00+00:00,False,,
8a5d3e0708fb092ce2bd5af14b5e1e52,OFFLINE,2021-10-12 03:39:49.150000+00:00,2021-10-26 13:44:00+00:00,78,07B,80,EEDD0125ADF9CD4325E56C39462533F5,14.419570023148149,13,Tuesday,3,Tuesday,2021-10-26 00:00:00+00:00,2021-11-02 00:00:00+00:00,False,,
16cdb16828d784dfea60c3736b06729d,OFFLINE,2021-06-16 08:12:00.937000+00:00,2021-10-26 14:35:00+00:00,78,1EF,60,F4C330A3091E324FECCFB7CBE86F44E1,132.2659613773148,14,Tuesday,8,Wednesday,2021-10-26 00:00:00+00:00,2021-11-02 00:00:00+00:00,False,,
5fbb1efc9942c56362702d78ee3c0d7b,OFFLINE,2021-06-10 14:20:22.168000+00:00,2021-10-26 14:40:00+00:00,78,07B,50,4ECC8B694F4BB262BDD4B0A85952B71A,138.01363231481483,14,Tuesday,14,Thursday,2021-10-26 00:00:00+00:00,2021-11-02 00:00:00+00:00,False,,
3dde20586ab04d0af1fe1f9233e82333,ONLINE,2021-10-20 14:31:35.192000+00:00,2021-10-26 14:41:00+00:00,78,300,95,08379264459A6EF0F8052CC20B9DD41F,6.0065371296296295,14,Tuesday,14,Wednesday,2021-10-26 00:00:00+00:00,2021-11-02 00:00:00+00:00,False,,
6999a4fdafdad4c75b6aac36f589f995,ONLINE,2021-05-26 16:36:36.305000+00:00,2021-10-26 14:42:00+00:00,78,07B,174,3B56EC028568E71AF10B3360787CD0BC,152.92041313657407,14,Tuesday,16,Wednesday,2021-10-26 00:00:00+00:00,2021-11-02 00:00:00+00:00,False,,
737b2e50eafdad1d5ede663ede2d0c82,OFFLINE,2021-08-17 08:33:02.338000+00:00,2021-10-26 15:00:00+00:00,78,300,67,08379264459A6EF0F8052CC20B9DD41F,70.26872293981481,15,Tuesday,8,Tuesday,2021-10-26 00:00:00+00:00,2021-11-02 00:00:00+00:00,False,,
9382aff5d0b1592b1e65b82bee256c23,ONLINE,2021-03-20 16:24:46.167000+00:00,2021-10-26 15:20:00+00:00,78,07B,125,3B56EC028568E71AF10B3360787CD0BC,219.95502121527778,15,Tuesday,16,Saturday,2021-10-26 00:00:00+00:00,2021-11-02 00:00:00+00:00,False,,
75043f496f325f3ccc60e2c4a8a61a8a,ONLINE,2021-09-01 12:11:10.913000+00:00,2021-10-26 15:29:00+00:00,78,1EF,199,38BB76CCFDD8129EF62B3AF5480605C7,55.137373692129636,15,Tuesday,12,Wednesday,2021-10-26 00:00:00+00:00,2021-11-02 00:00:00+00:00,False,,
8a6432a997a1a580c330281d7b602e26,ONLINE,2021-03-17 20:10:47.299000+00:00,2021-10-26 16:06:00+00:00,78,07B,110,EE735FFED3A6072D13A30636E658A03A,222.83000811342595,16,Tuesday,20,Wednesday,2021-10-26 00:00:00+00:00,2021-11-02 00:00:00+00:00,False,,
dcfc8fff05c160fad12c8cfbae4f874a,OFFLINE,2021-02-21 12:31:41.953000+00:00,2021-10-26 16:17:00+00:00,78,1EF,128,A00AF20362FBDDE9E3869D787E4693AF,247.1564588773148,16,Tuesday,12,Sunday,2021-10-26 00:00:00+00:00,2021-11-02 00:00:00+00:00,False,,
56966dccc97b1102a639d6d3a1e170a3,OFFLINE,2021-10-07 17:57:58.937000+00:00,2021-10-26 16:44:00+00:00,78,1EF,136,4DF70D744AB4B2076706A37F1EBAC6B9,18.948623414351854,16,Tuesday,17,Thursday,2021-10-26 00:00:00+00:00,2021-11-02 00:00:00+00:00,False,,
b03c3372c111da361f3f61a5286320c8,OFFLINE,2021-05-08 16:17:41.957000+00:00,2021-10-26 16:45:00+00:00,90,07B,192,EEDD0125ADF9CD4325E56C39462533F5,171.01895883101852,16,Tuesday,16,Saturday,2021-10-26 00:00:00+00:00,2021-11-02 00:00:00+00:00,False,,
e3bb226b76e8b0cc326c95d67d9742c5,OFFLINE,2021-05-19 01:41:59.527000+00:00,2021-10-26 16:46:00+00:00,78,1EF,70,38BB76CCFDD8129EF62B3AF5480605C7,160.6277832523148,16,Tuesday,1,Wednesday,2021-10-26 00:00:00+00:00,2021-11-02 00:00:00+00:00,False,,
82c52f6c4a7224fdbd13aec39c3d37e3,OFFLINE,2021-06-03 05:17:00.346000+00:00,2021-10-26 17:08:00+00:00,78,1EF,120,BB2033CE2FA4822C957B37DEB445B32C,145.49374599537035,17,Tuesday,5,Thursday,2021-10-26 00:00:00+00:00,2021-11-02 00:00:00+00:00,False,,
a90de8770ac171328ae0821b7de5e20f,OFFLINE,2021-04-25 19:22:59.513000+00:00,2021-10-26 17:12:00+00:00,78,1EF,136,38BB76CCFDD8129EF62B3AF5480605C7,183.90903341435185,17,Tuesday,19,Sunday,2021-10-26 00:00:00+00:00,2021-11-02 00:00:00+00:00,False,,
b63400bb0c5275376597082c552365da,OFFLINE,2021-01-25 08:30:13.954000+00:00,2021-10-26 17:37:00+00:00,78,07B,80,EEDD0125ADF9CD4325E56C39462533F5,274.3796996064815,17,Tuesday,8,Monday,2021-10-26 00:00:00+00:00,2021-11-02 00:00:00+00:00,False,,
2dcbc94b459a703db676affe1fa6259b,OFFLINE,2021-08-29 10:07:13.223000+00:00,2021-10-26 18:17:00+00:00,78,07B,50,2CF9D19CE125793D17A0B4C371AB7AFD,58.340124733796294,18,Tuesday,10,Sunday,2021-10-26 00:00:00+00:00,2021-11-02 00:00:00+00:00,False,,
0da3e0b9465b852717764404074a6081,OFFLINE,2021-05-29 17:18:50.327000+00:00,2021-10-26 18:53:00+00:00,78,07B,124,294B021232C509826A57AC3136B8ABDD,150.0653897337963,18,Tuesday,17,Saturday,2021-10-26 00:00:00+00:00,2021-11-02 00:00:00+00:00,False,,
a6858d440b08fdec6ff0f0080acacaa3,OFFLINE,2021-03-20 15:54:15.374000+00:00,2021-10-26 19:09:00+00:00,78,07B,62,2D9F8B5DDB0A7BD6F060DBAA34EC0CFF,220.13523872685184,19,Tuesday,15,Saturday,2021-10-26 00:00:00+00:00,2021-11-02 00:00:00+00:00,False,,
0d1cd29baa96d7599febbd14fc5ae85d,OFFLINE,2021-01-29 16:28:56.774000+00:00,2021-10-26 19:15:00+00:00,78,07B,163,2CF9D19CE125793D17A0B4C371AB7AFD,270.1153151157407,19,Tuesday,16,Friday,2021-10-26 00:00:00+00:00,2021-11-02 00:00:00+00:00,False,,
d1838dc4063d193c4613092a0e9604be,ONLINE,2021-09-02 09:05:58.601000+00:00,2021-10-26 19:51:00+00:00,78,1EF,60,740CB1CA2BD83B3276B092195A6EB883,54.4479328587963,19,Tuesday,9,Thursday,2021-10-26 00:00:00+00:00,2021-11-02 00:00:00+00:00,False,,
de3e74819d9b25114843d766a04ba715,OFFLINE,2021-10-20 21:34:44.270000+00:00,2021-10-26 20:12:00+00:00,78,300,70,09B36CB8AB7325477B80E99BE8FB2D02,5.942543171296296,20,Tuesday,21,Wednesday,2021-10-26 00:00:00+00:00,2021-11-02 00:00:00+00:00,False,,
326bf9dbceca714559bc08c58c84268b,ONLINE,2021-09-22 07:30:25.388000+00:00,2021-10-26 20:17:00+00:00,78,07B,88,2D9F8B5DDB0A7BD6F060DBAA34EC0CFF,34.5323450462963,20,Tuesday,7,Wednesday,2021-10-26 00:00:00+00:00,2021-11-02 00:00:00+00:00,False,,
53ce6475a07863d6b8da23b20c7df289,OFFLINE,2021-02-19 05:14:30.058000+00:00,2021-10-26 20:42:00+00:00,78,07B,124,EE735FFED3A6072D13A30636E658A03A,249.64409655092595,20,Tuesday,5,Friday,2021-10-26 00:00:00+00:00,2021-11-02 00:00:00+00:00,False,,
ceb9131adfa394ed039d9e6fd53e8559,OFFLINE,2021-06-08 02:07:07.058000+00:00,2021-10-27 02:36:00+00:00,78,07B,67,EEDD0125ADF9CD4325E56C39462533F5,141.02005719907407,2,Wednesday,2,Tuesday,2021-10-27 00:00:00+00:00,2021-11-03 00:00:00+00:00,False,,
e6777448ab6204546ae07f1ce482caba,ONLINE,2021-02-28 03:06:47.895000+00:00,2021-10-27 02:56:00+00:00,78,07B,61,2D9F8B5DDB0A7BD6F060DBAA34EC0CFF,240.99250121527777,2,Wednesday,3,Sunday,2021-10-27 00:00:00+00:00,2021-11-03 00:00:00+00:00,False,,
d61677a40285e9c0e48cb1d80f5a77a2,OFFLINE,2021-06-15 07:36:57.631000+00:00,2021-10-27 03:32:00+00:00,78,07B,135,C142F51706DA139EC3DCAA250682C61A,133.8298885300926,3,Wednesday,7,Tuesday,2021-10-27 00:00:00+00:00,2021-11-03 00:00:00+00:00,False,,
f32c4b3670591c618907d4e4e09ab28f,OFFLINE,2021-07-27 04:28:08.682000+00:00,2021-10-27 03:51:00+00:00,78,07B,140,294B021232C509826A57AC3136B8ABDD,91.97420506944444,3,Wednesday,4,Tuesday,2021-10-27 00:00:00+00:00,2021-11-03 00:00:00+00:00,False,,
d81fb696c0c3917270c6bd336d74adce,ONLINE,2021-10-06 08:52:56.809000+00:00,2021-10-27 04:06:00+00:00,78,07B,158,10D023CEE6CC12F06C576EB33402E56B,20.800731377314815,4,Wednesday,8,Wednesday,2021-10-27 00:00:00+00:00,2021-11-03 00:00:00+00:00,False,,
d69f19890bb26f0c9686b1ab9a6470de,OFFLINE,2021-04-26 07:17:34.716000+00:00,2021-10-27 04:13:00+00:00,78,1EF,88,08A9B54E00545ECCD369B8E5D2692E9F,183.87182041666668,4,Wednesday,7,Monday,2021-10-27 00:00:00+00:00,2021-11-03 00:00:00+00:00,False,,
1ba2d4bcdb1a8425f803f2e373e94873,OFFLINE,2021-10-16 06:30:47.539000+00:00,2021-10-27 04:19:00+00:00,78,1EF,124,A00AF20362FBDDE9E3869D787E4693AF,10.90847755787037,4,Wednesday,6,Saturday,2021-10-27 00:00:00+00:00,2021-11-03 00:00:00+00:00,False,,
aa7fcb30fd7eda86fe9b2d8617743b7f,ONLINE,2021-10-04 13:24:14.083000+00:00,2021-10-27 04:39:00+00:00,78,300,88,D3CEA8B57F07B785543EDB2058A190CE,22.63525366898148,4,Wednesday,13,Monday,2021-10-27 00:00:00+00:00,2021-11-03 00:00:00+00:00,False,,
8ee2dc4426d2e068d5be61258805448d,OFFLINE,2021-01-11 04:51:19.995000+00:00,2021-10-27 04:43:00+00:00,78,07B,98,C142F51706DA139EC3DCAA250682C61A,288.99421302083334,4,Wednesday,4,Monday,2021-10-27 00:00:00+00:00,2021-11-03 00:00:00+00:00,False,,
c796d761b3d18dc99f038866ff8322c3,ONLINE,2021-09-12 06:44:35.992000+00:00,2021-10-27 04:58:00+00:00,78,300,270,269CB18F9DAC7649B08410B51621225E,44.925972314814814,4,Wednesday,6,Sunday,2021-10-27 00:00:00+00:00,2021-11-03 00:00:00+00:00,False,,
f0eb1895ea72bf56fd95ded1b5a18a0f,ONLINE,2021-03-15 04:18:26.888000+00:00,2021-10-27 04:59:00+00:00,78,1EF,95,D5CECB3D35FF9FEF0E46207CFE4A5F29,226.02816101851852,4,Wednesday,4,Monday,2021-10-27 00:00:00+00:00,2021-11-03 00:00:00+00:00,False,,
9f61527765533173192f46d9abb9ebd6,OFFLINE,2021-05-18 09:05:12.593000+00:00,2021-10-27 05:02:00+00:00,78,07B,144,C142F51706DA139EC3DCAA250682C61A,161.83110424768518,5,Wednesday,9,Tuesday,2021-10-27 00:00:00+00:00,2021-11-03 00:00:00+00:00,False,,
4fd2b6b9e4ceb660e80673ef0ec5c9ac,ONLINE,2021-07-19 04:41:30.128000+00:00,2021-10-27 05:08:00+00:00,78,1EF,142,14CCC0943D263F0E285A20693E9FD4B1,100.01840129629629,5,Wednesday,4,Monday,2021-10-27 00:00:00+00:00,2021-11-03 00:00:00+00:00,False,,
350ed3974c46e98126effc7c88250e97,OFFLINE,2021-04-07 03:03:55.169000+00:00,2021-10-27 05:20:00+00:00,78,07B,154,9F9E66046BADAE5ABE94708CED879416,203.0945003587963,5,Wednesday,3,Wednesday,2021-10-27 00:00:00+00:00,2021-11-03 00:00:00+00:00,False,,
f6b8b3de5183b65b855bb65eb416c4ea,OFFLINE,2021-06-18 13:36:01.897000+00:00,2021-10-27 05:21:00+00:00,78,300,139,C0DD698BE0C1EA71FA3045950BEEC64B,130.65622804398149,5,Wednesday,13,Friday,2021-10-27 00:00:00+00:00,2021-11-03 00:00:00+00:00,False,,
e54d5e54474878d8a0b75e842d2a2d80,ONLINE,2021-08-16 09:17:48.036000+00:00,2021-10-27 05:27:00+00:00,78,300,162,D3CEA8B57F07B785543EDB2058A190CE,71.83972180555556,5,Wednesday,9,Monday,2021-10-27 00:00:00+00:00,2021-11-03 00:00:00+00:00,False,,
9d359ba12d8e86814524001580582cb7,ONLINE,2021-05-24 05:29:58.417000+00:00,2021-10-27 05:30:00+00:00,78,1EF,91,1162FF15A2450469905B590D62F7746E,156.00001832175926,5,Wednesday,5,Monday,2021-10-27 00:00:00+00:00,2021-11-03 00:00:00+00:00,False,,
afda435ff803879d7fde51ed792fedce,ONLINE,2021-02-26 12:38:38.171000+00:00,2021-10-27 05:38:00+00:00,78,300,50,4FB52D1F31461850C15CC1C15A02931B,242.70789153935186,5,Wednesday,12,Friday,2021-10-27 00:00:00+00:00,2021-11-03 00:00:00+00:00,False,,
9c42225c8304cfa1c453bbd28bb28204,ONLINE,2021-07-16 12:34:38.663000+00:00,2021-10-27 05:57:00+00:00,78,07B,129,C142F51706DA139EC3DCAA250682C61A,102.72385806712963,5,Wednesday,12,Friday,2021-10-27 00:00:00+00:00,2021-11-03 00:00:00+00:00,False,,
2662d2f2b07d63afa198969b7b382577,ONLINE,2021-09-05 17:58:39.074000+00:00,2021-10-27 05:59:00+00:00,78,07B,60,EEDD0125ADF9CD4325E56C39462533F5,51.50024219907407,5,Wednesday,17,Sunday,2021-10-27 00:00:00+00:00,2021-11-03 00:00:00+00:00,False,,
479c38967f74c77e5f72fc3b9ba555d5,OFFLINE,2021-05-14 15:32:31.335000+00:00,2021-10-27 06:02:00+00:00,78,300,148,269CB18F9DAC7649B08410B51621225E,165.60380399305555,6,Wednesday,15,Friday,2021-10-27 00:00:00+00:00,2021-11-03 00:00:00+00:00,False,,
56ecd72334bc2f0a40b8f5ff50a11be5,OFFLINE,2021-03-04 18:59:03.580000+00:00,2021-10-27 06:04:00+00:00,78,300,92,E56AE16934A0D29EBF24915402A7E5ED,236.4617641203704,6,Wednesday,18,Thursday,2021-10-27 00:00:00+00:00,2021-11-03 00:00:00+00:00,False,,
3eca5b7115dbdd1e234389ead9895a12,OFFLINE,2021-04-23 12:08:57.548000+00:00,2021-10-27 06:40:00+00:00,78,07B,192,10D023CEE6CC12F06C576EB33402E56B,186.7715561574074,6,Wednesday,12,Friday,2021-10-27 00:00:00+00:00,2021-11-03 00:00:00+00:00,False,,
bbe0f6f5c6cb870a12fb5626d7616070,OFFLINE,2021-02-10 08:59:31.247000+00:00,2021-10-27 06:44:00+00:00,78,07B,141,294B021232C509826A57AC3136B8ABDD,258.9058883449074,6,Wednesday,8,Wednesday,2021-10-27 00:00:00+00:00,2021-11-03 00:00:00+00:00,False,,
5107b29f13e9e507528ac41ea6da290d,OFFLINE,2021-09-01 11:11:39.876000+00:00,2021-10-27 06:49:00+00:00,78,300,50,269CB18F9DAC7649B08410B51621225E,55.81759402777777,6,Wednesday,11,Wednesday,2021-10-27 00:00:00+00:00,2021-11-03 00:00:00+00:00,False,,
6f55d95db96abd7918207a19563bf544,OFFLINE,2021-03-27 12:39:36.530000+00:00,2021-10-27 06:50:00+00:00,78,300,94,56C3843EA0BAA7B2438B58CFC2BBD0FF,213.75721608796295,6,Wednesday,12,Saturday,2021-10-27 00:00:00+00:00,2021-11-03 00:00:00+00:00,False,,
5efaee8e1ae6fff72b7bf0c5093f9a40,OFFLINE,2021-05-17 09:22:41.492000+00:00,2021-10-27 06:52:00+00:00,78,07B,135,B5BC37462B0785F740436790AE41D171,162.89535310185184,6,Wednesday,9,Monday,2021-10-27 00:00:00+00:00,2021-11-03 00:00:00+00:00,False,,
e30813b55f63603040e5a8afb688ddc9,ONLINE,2021-07-26 03:58:49.461000+00:00,2021-10-27 07:05:00+00:00,78,07B,113,3B56EC028568E71AF10B3360787CD0BC,93.12928864583333,7,Wednesday,3,Monday,2021-10-27 00:00:00+00:00,2021-11-03 00:00:00+00:00,False,,
cff145cd0675c0e29bed102c4e6d8528,ONLINE,2021-08-12 09:30:17.067000+00:00,2021-10-27 07:23:00+00:00,78,1EF,198,38BB76CCFDD8129EF62B3AF5480605C7,75.91160802083334,7,Wednesday,9,Thursday,2021-10-27 00:00:00+00:00,2021-11-03 00:00:00+00:00,False,,
2d3af4de0cc00aaf4dabefefec88ea61,OFFLINE,2021-04-17 18:37:11.629000+00:00,2021-10-27 07:54:00+00:00,78,07B,88,EEDD0125ADF9CD4325E56C39462533F5,192.55333762731482,7,Wednesday,18,Saturday,2021-10-27 00:00:00+00:00,2021-11-03 00:00:00+00:00,False,,
add3aee516a6b67b2cae930cec92b109,OFFLINE,2021-09-10 09:38:23.835000+00:00,2021-10-27 07:59:00+00:00,78,300,50,364A975FE43F5678164266B2B0E8A237,46.930974131944446,7,Wednesday,9,Friday,2021-10-27 00:00:00+00:00,2021-11-03 00:00:00+00:00,False,,
3210d0b6ffc4131d4125e9f73e725de0,OFFLINE,2021-10-03 05:55:36.349000+00:00,2021-10-27 08:15:00+00:00,78,1EF,140,38BB76CCFDD8129EF62B3AF5480605C7,24.096801516203705,8,Wednesday,5,Sunday,2021-10-27 00:00:00+00:00,2021-11-03 00:00:00+00:00,False,,
99fd6dd712cc36c1b30479c6a4451e57,OFFLINE,2021-01-17 18:12:55.866000+00:00,2021-10-27 08:35:00+00:00,78,07B,87,EE735FFED3A6072D13A30636E658A03A,282.5986589583333,8,Wednesday,18,Sunday,2021-10-27 00:00:00+00:00,2021-11-03 00:00:00+00:00,False,,
5bce7dd65cd958a84511131ed28f4607,OFFLINE,2021-04-02 12:41:45.473000+00:00,2021-10-27 09:21:00+00:00,78,07B,317,2D9F8B5DDB0A7BD6F060DBAA34EC0CFF,207.86058480324073,9,Wednesday,12,Friday,2021-10-27 00:00:00+00:00,2021-11-03 00:00:00+00:00,False,,
57473eb19fbe0b82c747105fcd2047e6,OFFLINE,2021-07-05 13:52:01.306000+00:00,2021-10-27 09:25:00+00:00,78,1EF,125,A00AF20362FBDDE9E3869D787E4693AF,113.8145682175926,9,Wednesday,13,Monday,2021-10-27 00:00:00+00:00,2021-11-03 00:00:00+00:00,False,,
28748506ae01da1e944ea13dfa6c3214,OFFLINE,2021-09-04 14:41:35.702000+00:00,2021-10-27 09:25:00+00:00,78,07B,89,294B021232C509826A57AC3136B8ABDD,52.78014233796297,9,Wednesday,14,Saturday,2021-10-27 00:00:00+00:00,2021-11-03 00:00:00+00:00,False,,
1a48ea3f195171571cb15f9fff2aeede,OFFLINE,2021-07-23 05:48:34.048000+00:00,2021-10-27 09:41:00+00:00,78,300,72,526A1D40F50BBB44821C0C0FDE8E16B7,96.16141148148148,9,Wednesday,5,Friday,2021-10-27 00:00:00+00:00,2021-11-03 00:00:00+00:00,False,,
75dee57995a7918c1cc64ba20709e51d,OFFLINE,2021-10-13 09:44:43.382000+00:00,2021-10-27 09:45:00+00:00,78,300,50,09B36CB8AB7325477B80E99BE8FB2D02,14.000192337962963,9,Wednesday,9,Wednesday,2021-10-27 00:00:00+00:00,2021-11-03 00:00:00+00:00,False,,
9ad51f0166f8e051c9ad03a17b7b52de,ONLINE,2021-10-26 18:44:10.289000+00:00,2021-10-27 09:46:00+00:00,78,07B,58,294B021232C509826A57AC3136B8ABDD,0.6262698032407408,9,Wednesday,18,Tuesday,2021-10-27 00:00:00+00:00,2021-11-03 00:00:00+00:00,False,,
44dd1a4cd1929a7d80918bf5126f0dc0,OFFLINE,2021-01-10 13:21:36.264000+00:00,2021-10-27 10:09:00+00:00,78,07B,140,4ECC8B694F4BB262BDD4B0A85952B71A,289.86624694444447,10,Wednesday,13,Sunday,2021-10-27 00:00:00+00:00,2021-11-03 00:00:00+00:00,False,,
c636059399bd5adfc8d7ce95b829603b,OFFLINE,2021-07-12 12:06:01.611000+00:00,2021-10-27 10:25:00+00:00,78,1EF,110,38BB76CCFDD8129EF62B3AF5480605C7,106.92984246527779,10,Wednesday,12,Monday,2021-10-27 00:00:00+00:00,2021-11-03 00:00:00+00:00,False,,
8d7da3cc8dc086ef49af97cf72b5c056,OFFLINE,2021-08-10 03:12:45.154000+00:00,2021-10-27 10:25:00+00:00,78,07B,138,B5BC37462B0785F740436790AE41D171,78.3001718287037,10,Wednesday,3,Tuesday,2021-10-27 00:00:00+00:00,2021-11-03 00:00:00+00:00,False,,
a5dbd4ded7df1e4021c98877773abfd3,ONLINE,2021-07-26 08:46:47.473000+00:00,2021-10-27 10:32:00+00:00,78,1EF,232,F53472DBCC26A0D6A6D02DDAAB396785,93.07306165509259,10,Wednesday,8,Monday,2021-10-27 00:00:00+00:00,2021-11-03 00:00:00+00:00,False,,
f230aed217ff8278e645dfc9dabf4372,OFFLINE,2021-02-18 09:52:11.590000+00:00,2021-10-27 10:32:00+00:00,78,300,50,09B36CB8AB7325477B80E99BE8FB2D02,251.02764363425925,10,Wednesday,9,Thursday,2021-10-27 00:00:00+00:00,2021-11-03 00:00:00+00:00,False,,
054893be8af9ba5f38ad2ba050fea2d0,OFFLINE,2021-02-01 19:19:52.811000+00:00,2021-10-27 10:39:00+00:00,78,07B,100,894BFDA44B5ACACDA7F59ED3F3D6AD86,267.63827765046295,10,Wednesday,19,Monday,2021-10-27 00:00:00+00:00,2021-11-03 00:00:00+00:00,False,,
e92e026450cc479afae22f33019ad0a3,OFFLINE,2021-08-02 11:24:35.558000+00:00,2021-10-27 10:48:00+00:00,78,300,76,89D534629771B04F61D1971C3068D1BD,85.97458844907408,10,Wednesday,11,Monday,2021-10-27 00:00:00+00:00,2021-11-03 00:00:00+00:00,False,,
344c888af217d9850c09c535221bf559,OFFLINE,2021-05-23 05:11:55.601000+00:00,2021-10-27 10:53:00+00:00,78,07B,68,2D9F8B5DDB0A7BD6F060DBAA34EC0CFF,157.23685646990742,10,Wednesday,5,Sunday,2021-10-27 00:00:00+00:00,2021-11-03 00:00:00+00:00,False,,
f745191b09865d2be771eb27f0968b5f,OFFLINE,2021-04-08 17:40:32.351000+00:00,2021-10-27 11:05:00+00:00,88,07B,60,BEB712D51701D0787EC236821442EA5C,201.72532001157407,11,Wednesday,17,Thursday,2021-10-27 00:00:00+00:00,2021-11-03 00:00:00+00:00,False,,
c5b66e51cc41ed5cb37ff021e58241c6,OFFLINE,2021-06-01 06:08:14.756000+00:00,2021-10-27 11:10:00+00:00,78,07B,65,C142F51706DA139EC3DCAA250682C61A,148.2095514351852,11,Wednesday,6,Tuesday,2021-10-27 00:00:00+00:00,2021-11-03 00:00:00+00:00,False,,
8f9c00aab1b5b0c3470d9b1cd60bf07b,ONLINE,2021-06-07 12:41:00.012000+00:00,2021-10-27 11:10:00+00:00,78,07B,215,EEDD0125ADF9CD4325E56C39462533F5,141.93680541666666,11,Wednesday,12,Monday,2021-10-27 00:00:00+00:00,2021-11-03 00:00:00+00:00,False,,
eb0b8165a32e751497a8f378f5beb30b,ONLINE,2021-09-18 06:02:58.824000+00:00,2021-10-27 11:14:00+00:00,78,1EF,188,FF6F2DDF8AB23F3461E39CE6531C7EAB,39.215985833333335,11,Wednesday,6,Saturday,2021-10-27 00:00:00+00:00,2021-11-03 00:00:00+00:00,False,,
8379332ed6492550219d395f7c435e54,OFFLINE,2021-03-03 07:30:05.475000+00:00,2021-10-27 11:16:00+00:00,78,07B,163,4E8E60427140A514537C374BAA698D32,238.15688107638888,11,Wednesday,7,Wednesday,2021-10-27 00:00:00+00:00,2021-11-03 00:00:00+00:00,False,,
bddcbff0bd35c21c2700f7ce54c2d63b,OFFLINE,2021-10-05 03:13:09.957000+00:00,2021-10-27 11:32:00+00:00,78,1EF,97,BB2033CE2FA4822C957B37DEB445B32C,22.346412534722223,11,Wednesday,3,Tuesday,2021-10-27 00:00:00+00:00,2021-11-03 00:00:00+00:00,False,,
6a14f1fd462aefbc394c4f3b4e98e2fb,ONLINE,2021-08-01 23:31:47.157000+00:00,2021-10-27 11:33:00+00:00,78,07B,212,EEDD0125ADF9CD4325E56C39462533F5,86.50084309027778,11,Wednesday,23,Sunday,2021-10-27 00:00:00+00:00,2021-11-03 00:00:00+00:00,False,,
dd69d807c4a7517ec8befae89b8c1c58,ONLINE,2021-09-11 20:46:58.465000+00:00,2021-10-27 11:36:00+00:00,78,07B,65,EEDD0125ADF9CD4325E56C39462533F5,45.61737887731481,11,Wednesday,20,Saturday,2021-10-27 00:00:00+00:00,2021-11-03 00:00:00+00:00,False,,
d77ebf0ffe4ca774f3f26c2ae3581df5,OFFLINE,2021-01-13 13:02:44.882000+00:00,2021-10-27 12:04:00+00:00,78,07B,54,7A4560119B1440F826F97B91B425DABC,286.95920275462964,12,Wednesday,13,Wednesday,2021-10-27 00:00:00+00:00,2021-11-03 00:00:00+00:00,False,,
7a5d4c02facfbd05a1c034f24eaa8080,OFFLINE,2021-03-03 18:20:37.342000+00:00,2021-10-27 12:15:00+00:00,78,07B,224,4E8E60427140A514537C374BAA698D32,237.7460955787037,12,Wednesday,18,Wednesday,2021-10-27 00:00:00+00:00,2021-11-03 00:00:00+00:00,False,,
bd2a3a09c324bf82d9f23fb3064f4d25,OFFLINE,2021-04-11 05:00:05.538000+00:00,2021-10-27 12:18:00+00:00,78,1EF,85,A00AF20362FBDDE9E3869D787E4693AF,199.30410256944447,12,Wednesday,5,Sunday,2021-10-27 00:00:00+00:00,2021-11-03 00:00:00+00:00,False,,
fb5027810171e050fc4f05f30ee4572b,OFFLINE,2021-08-12 03:12:49.261000+00:00,2021-10-27 12:36:00+00:00,78,300,109,C0DD698BE0C1EA71FA3045950BEEC64B,76.3910965162037,12,Wednesday,3,Thursday,2021-10-27 00:00:00+00:00,2021-11-03 00:00:00+00:00,False,,
8dfb6d2075cf01224476858f4021c9cc,OFFLINE,2021-07-03 14:28:59.826000+00:00,2021-10-27 12:41:00+00:00,78,07B,167,4E8E60427140A514537C374BAA698D32,115.9250020138889,12,Wednesday,14,Saturday,2021-10-27 00:00:00+00:00,2021-11-03 00:00:00+00:00,False,,
ed17768cdec5530a4fa6181f94350201,OFFLINE,2021-04-28 10:39:50.084000+00:00,2021-10-27 12:53:00+00:00,78,1EF,221,1162FF15A2450469905B590D62F7746E,182.09247587962963,12,Wednesday,10,Wednesday,2021-10-27 00:00:00+00:00,2021-11-03 00:00:00+00:00,False,,
e0a37add29c2dd2e5ad2d412f13cd97a,OFFLINE,2021-01-10 03:51:36.115000+00:00,2021-10-27 12:53:00+00:00,78,07B,100,294B021232C509826A57AC3136B8ABDD,290.37597089120374,12,Wednesday,3,Sunday,2021-10-27 00:00:00+00:00,2021-11-03 00:00:00+00:00,False,,
57603534ffd9cf1bdb95a164ebb752d6,ONLINE,2021-10-07 12:25:35.031000+00:00,2021-10-27 13:01:00+00:00,78,1EF,60,38BB76CCFDD8129EF62B3AF5480605C7,20.024594548611113,13,Wednesday,12,Thursday,2021-10-27 00:00:00+00:00,2021-11-03 00:00:00+00:00,False,,
ad676ed1ac42c0f7ee8edb54e2dc118d,OFFLINE,2021-07-21 05:22:09.373000+00:00,2021-10-27 13:05:00+00:00,78,300,50,4FB52D1F31461850C15CC1C15A02931B,98.32141929398149,13,Wednesday,5,Wednesday,2021-10-27 00:00:00+00:00,2021-11-03 00:00:00+00:00,False,,
fb7f106e285b96ce2f827d99c73576f1,OFFLINE,2021-02-07 21:33:58.733000+00:00,2021-10-27 13:28:00+00:00,78,300,154,E56AE16934A0D29EBF24915402A7E5ED,261.6625146643519,13,Wednesday,21,Sunday,2021-10-27 00:00:00+00:00,2021-11-03 00:00:00+00:00,False,,
96f40d9caaf76b338717359a16d45854,ONLINE,2021-07-27 17:08:19.592000+00:00,2021-10-27 13:36:00+00:00,78,07B,102,2D9F8B5DDB0A7BD6F060DBAA34EC0CFF,91.85255101851851,13,Wednesday,17,Tuesday,2021-10-27 00:00:00+00:00,2021-11-03 00:00:00+00:00,False,,
12c0af6352818d77c4b6a28e26090808,OFFLINE,2021-01-25 02:16:22.792000+00:00,2021-10-27 13:38:00+00:00,78,1EF,121,38BB76CCFDD8129EF62B3AF5480605C7,275.4733473148148,13,Wednesday,2,Monday,2021-10-27 00:00:00+00:00,2021-11-03 00:00:00+00:00,False,,
8af08ee169f1892a211a689b25afaaa4,OFFLINE,2021-02-04 06:07:04.231000+00:00,2021-10-27 13:39:00+00:00,78,300,183,C0DD698BE0C1EA71FA3045950BEEC64B,265.3138399189815,13,Wednesday,6,Thursday,2021-10-27 00:00:00+00:00,2021-11-03 00:00:00+00:00,False,,
af73fd7936aadaa5e98bf007c72cd9ed,OFFLINE,2021-10-07 12:58:25.466000+00:00,2021-10-27 13:41:00+00:00,78,07B,70,3B56EC028568E71AF10B3360787CD0BC,20.02956636574074,13,Wednesday,12,Thursday,2021-10-27 00:00:00+00:00,2021-11-03 00:00:00+00:00,False,,
91d4f79f252a62b106623bf2040eb1ae,ONLINE,2021-09-21 12:41:07.523000+00:00,2021-10-27 13:48:00+00:00,78,07B,180,EEDD0125ADF9CD4325E56C39462533F5,36.046440706018515,13,Wednesday,12,Tuesday,2021-10-27 00:00:00+00:00,2021-11-03 00:00:00+00:00,False,,
c80bd85d92bf8d3589d83bfa770f7647,ONLINE,2021-10-27 13:24:42.459000+00:00,2021-10-27 14:07:00+00:00,78,07B,122,4ECC8B694F4BB262BDD4B0A85952B71A,0.0293696875,14,Wednesday,13,Wednesday,2021-10-27 00:00:00+00:00,2021-11-03 00:00:00+00:00,False,,
c3ca59bbd981e88de59b1f68f80a4e8f,OFFLINE,2021-08-20 18:48:49.731000+00:00,2021-10-27 14:23:00+00:00,78,1EF,60,2DC9C6F96F7C1E555E05A620F600C545,67.81539663194445,14,Wednesday,18,Friday,2021-10-27 00:00:00+00:00,2021-11-03 00:00:00+00:00,False,,
2036a08b0c479e18eb9ec2cc429e466e,OFFLINE,2021-10-26 11:39:18.075000+00:00,2021-10-27 14:32:00+00:00,78,07B,100,294B021232C509826A57AC3136B8ABDD,1.1199296875,14,Wednesday,11,Tuesday,2021-10-27 00:00:00+00:00,2021-11-03 00:00:00+00:00,False,,
2f4a1c69e3b2735b59d90501b35b0b8f,OFFLINE,2021-02-17 13:38:47.733000+00:00,2021-10-27 14:39:00+00:00,78,1EF,252,93A459F0AC42B4DAE28317297839D393,252.04180864583336,14,Wednesday,13,Wednesday,2021-10-27 00:00:00+00:00,2021-11-03 00:00:00+00:00,False,,
473a472b3e967aac3d5bcef0cf1cbd0e,OFFLINE,2021-02-23 16:21:51.551000+00:00,2021-10-27 14:50:00+00:00,78,07B,61,EE735FFED3A6072D13A30636E658A03A,245.936208900463,14,Wednesday,16,Tuesday,2021-10-27 00:00:00+00:00,2021-11-03 00:00:00+00:00,False,,
e19b003f7df7855b5799476c29cff7f2,ONLINE,2021-08-11 04:20:24.235000+00:00,2021-10-27 14:56:00+00:00,78,1EF,162,FF6F2DDF8AB23F3461E39CE6531C7EAB,77.44138616898148,14,Wednesday,4,Wednesday,2021-10-27 00:00:00+00:00,2021-11-03 00:00:00+00:00,False,,
26ca27d9d12094af692a36fccbe62f8d,OFFLINE,2021-08-03 15:07:37.012000+00:00,2021-10-27 15:04:00+00:00,78,300,147,D3CEA8B57F07B785543EDB2058A190CE,84.99748828703703,15,Wednesday,15,Tuesday,2021-10-27 00:00:00+00:00,2021-11-03 00:00:00+00:00,False,,
28ccb2934f935fb23cf52296f7f679ce,ONLINE,2021-09-18 16:41:28.407000+00:00,2021-10-27 15:08:00+00:00,78,07B,78,3B56EC028568E71AF10B3360787CD0BC,38.93508788194444,15,Wednesday,16,Saturday,2021-10-27 00:00:00+00:00,2021-11-03 00:00:00+00:00,False,,
aa15dc799a93cf0ec7521a5177ffde24,OFFLINE,2021-03-20 08:22:06.143000+00:00,2021-10-27 15:23:00+00:00,78,1EF,154,0668909560B9D2AF8FDA5489BCAA5FFF,221.2922900115741,15,Wednesday,8,Saturday,2021-10-27 00:00:00+00:00,2021-11-03 00:00:00+00:00,False,,
42d59e4104eea9d63e9c1812f3f70a27,OFFLINE,2021-09-02 11:37:46.463000+00:00,2021-10-27 15:38:00+00:00,78,300,68,E56AE16934A0D29EBF24915402A7E5ED,55.1668233449074,15,Wednesday,11,Thursday,2021-10-27 00:00:00+00:00,2021-11-03 00:00:00+00:00,False,,
935e6f21b03c085265ba37666730f53b,ONLINE,2021-02-23 08:12:38.286000+00:00,2021-10-27 15:47:00+00:00,78,1EF,170,33C4EF36C213B6D1E4BBBCDE06C7A745,246.31552909722225,15,Wednesday,8,Tuesday,2021-10-27 00:00:00+00:00,2021-11-03 00:00:00+00:00,False,,
d08b016a698cea07c3218cfe5d49cd68,ONLINE,2021-06-06 19:34:57.979000+00:00,2021-10-27 16:13:00+00:00,78,1EF,200,96C3C752FA22E3A6918ADE4F355D3F8D,142.85974561342593,16,Wednesday,19,Sunday,2021-10-27 00:00:00+00:00,2021-11-03 00:00:00+00:00,False,,
6416c27465faddc84024395858139485,OFFLINE,2021-07-12 12:21:20.133000+00:00,2021-10-27 16:44:00+00:00,78,300,50,08379264459A6EF0F8052CC20B9DD41F,107.18240586805557,16,Wednesday,12,Monday,2021-10-27 00:00:00+00:00,2021-11-03 00:00:00+00:00,False,,
a1bbac5cd2ae30bf127207ba3bd88171,ONLINE,2021-03-27 01:54:18.079000+00:00,2021-10-27 16:50:00+00:00,78,07B,188,EE735FFED3A6072D13A30636E658A03A,214.62201297453703,16,Wednesday,1,Saturday,2021-10-27 00:00:00+00:00,2021-11-03 00:00:00+00:00,False,,
7b4aa0f616b68176f89ef0efa5714aac,ONLINE,2021-08-08 09:03:27.254000+00:00,2021-10-27 17:32:00+00:00,78,1EF,78,D5CECB3D35FF9FEF0E46207CFE4A5F29,80.35315678240741,17,Wednesday,9,Sunday,2021-10-27 00:00:00+00:00,2021-11-03 00:00:00+00:00,False,,
47e3abadf0811d197f8c5a0dd122028f,OFFLINE,2021-04-14 05:27:57.504000+00:00,2021-10-27 17:37:00+00:00,78,07B,78,4ECC8B694F4BB262BDD4B0A85952B71A,196.5062788888889,17,Wednesday,5,Wednesday,2021-10-27 00:00:00+00:00,2021-11-03 00:00:00+00:00,False,,
0b03d974604917699c4880522f9ab717,OFFLINE,2021-08-26 14:37:34.695000+00:00,2021-10-27 17:38:00+00:00,78,300,50,E2F9517E4B924224FB308023E6149775,62.12529288194444,17,Wednesday,14,Thursday,2021-10-27 00:00:00+00:00,2021-11-03 00:00:00+00:00,False,,
330a010a08d737d1b595b911988c2388,OFFLINE,2021-01-14 21:13:34.131000+00:00,2021-10-27 17:59:00+00:00,78,07B,85,4ECC8B694F4BB262BDD4B0A85952B71A,285.86488274305555,17,Wednesday,21,Thursday,2021-10-27 00:00:00+00:00,2021-11-03 00:00:00+00:00,False,,
67535c1d59f6c6b8f46b3a7d58c57a98,OFFLINE,2021-08-28 06:17:14.839000+00:00,2021-10-27 18:10:00+00:00,78,300,50,08379264459A6EF0F8052CC20B9DD41F,60.49496714120371,18,Wednesday,6,Saturday,2021-10-27 00:00:00+00:00,2021-11-03 00:00:00+00:00,False,,
0f93acc423cfae7606595738a42d65fd,OFFLINE,2021-10-23 06:50:48.096000+00:00,2021-10-27 18:13:00+00:00,78,300,50,FE36AB62B577062A120ECAC46197F080,4.473748888888888,18,Wednesday,6,Saturday,2021-10-27 00:00:00+00:00,2021-11-03 00:00:00+00:00,False,,
eab11f1ef7bf81fde6f56c6f4b83326a,OFFLINE,2021-03-17 14:21:27.116000+00:00,2021-10-27 18:17:00+00:00,78,300,120,D3CEA8B57F07B785543EDB2058A190CE,224.1635750462963,18,Wednesday,14,Wednesday,2021-10-27 00:00:00+00:00,2021-11-03 00:00:00+00:00,False,,
ec9260e29a60e208f5d7b7c6b3364b9e,OFFLINE,2021-01-18 12:24:54.752000+00:00,2021-10-27 19:56:00+00:00,78,07B,57,9F9E66046BADAE5ABE94708CED879416,282.3132551851852,19,Wednesday,12,Monday,2021-10-27 00:00:00+00:00,2021-11-03 00:00:00+00:00,False,,
0289b02d1a424210a6d05cf38c7721da,OFFLINE,2021-04-02 09:44:44.262000+00:00,2021-10-27 20:32:00+00:00,78,07B,104,2CF9D19CE125793D17A0B4C371AB7AFD,208.44948770833335,20,Wednesday,9,Friday,2021-10-27 00:00:00+00:00,2021-11-03 00:00:00+00:00,False,,
09363349d2369163e449723406562e99,OFFLINE,2021-10-20 15:45:36.361000+00:00,2021-10-27 22:15:00+00:00,78,07B,105,EE735FFED3A6072D13A30636E658A03A,7.270412488425926,22,Wednesday,15,Wednesday,2021-10-27 00:00:00+00:00,2021-11-03 00:00:00+00:00,False,,
2b17cd104bfa14d8b5940bbba9850d17,OFFLINE,2021-09-21 21:07:08.626000+00:00,2021-10-27 23:23:00+00:00,78,07B,65,4ECC8B694F4BB262BDD4B0A85952B71A,36.09434460648148,23,Wednesday,21,Tuesday,2021-10-27 00:00:00+00:00,2021-11-03 00:00:00+00:00,False,,
3912b48f32f87e02994facd6603f0336,OFFLINE,2021-09-18 21:43:44.105000+00:00,2021-10-28 00:48:00+00:00,78,300,71,09B36CB8AB7325477B80E99BE8FB2D02,39.127961747685184,0,Thursday,21,Saturday,2021-10-28 00:00:00+00:00,2021-11-04 00:00:00+00:00,False,,
110ae903272323fbd063b3401f9f10a4,OFFLINE,2021-10-06 07:06:08.246000+00:00,2021-10-28 02:20:00+00:00,78,300,76,269CB18F9DAC7649B08410B51621225E,21.801293449074073,2,Thursday,7,Wednesday,2021-10-28 00:00:00+00:00,2021-11-04 00:00:00+00:00,False,,
faefe87bfb729293dc3a881fabc07d3c,ONLINE,2021-04-01 19:06:57.828000+00:00,2021-10-28 02:32:00+00:00,78,07B,97,2CF9D19CE125793D17A0B4C371AB7AFD,209.30905291666664,2,Thursday,19,Thursday,2021-10-28 00:00:00+00:00,2021-11-04 00:00:00+00:00,False,,
5cd03a4118834c13ecfddd3260701cd4,OFFLINE,2021-10-07 03:44:16.675000+00:00,2021-10-28 02:52:00+00:00,78,07B,66,EEDD0125ADF9CD4325E56C39462533F5,20.963695891203702,2,Thursday,3,Thursday,2021-10-28 00:00:00+00:00,2021-11-04 00:00:00+00:00,False,,
20d9f3e2dcab521e59062e43431a653d,OFFLINE,2021-03-01 02:48:31.266000+00:00,2021-10-28 03:05:00+00:00,78,300,79,08379264459A6EF0F8052CC20B9DD41F,241.01144368055557,3,Thursday,2,Monday,2021-10-28 00:00:00+00:00,2021-11-04 00:00:00+00:00,False,,
dd385e1af0b0f491dae51aecf06a4815,OFFLINE,2021-06-02 10:49:01.134000+00:00,2021-10-28 03:13:00+00:00,78,07B,77,4E8E60427140A514537C374BAA698D32,147.68332020833333,3,Thursday,10,Wednesday,2021-10-28 00:00:00+00:00,2021-11-04 00:00:00+00:00,False,,
c0857ef6200e1bf10c33fd79f48e5386,ONLINE,2021-09-09 13:40:05.594000+00:00,2021-10-28 03:16:00+00:00,78,07B,86,294B021232C509826A57AC3136B8ABDD,48.566601921296304,3,Thursday,13,Thursday,2021-10-28 00:00:00+00:00,2021-11-04 00:00:00+00:00,False,,
918951f8ba0a4ded880a57a3a202b8ac,OFFLINE,2021-09-28 03:27:34.802000+00:00,2021-10-28 03:57:00+00:00,78,07B,145,2CF9D19CE125793D17A0B4C371AB7AFD,30.020430532407406,3,Thursday,3,Tuesday,2021-10-28 00:00:00+00:00,2021-11-04 00:00:00+00:00,False,,
c63f3159fc2fcde423ed4b485e8d284e,OFFLINE,2021-08-16 04:09:23.226000+00:00,2021-10-28 04:01:00+00:00,78,300,66,7E701822D80EF10DEBEA008731637EA3,72.994175625,4,Thursday,4,Monday,2021-10-28 00:00:00+00:00,2021-11-04 00:00:00+00:00,False,,
2bbee1af610b338c1884143de7fad2f2,OFFLINE,2021-03-05 12:11:32.728000+00:00,2021-10-28 04:10:00+00:00,78,07B,90,4ECC8B694F4BB262BDD4B0A85952B71A,236.66559342592592,4,Thursday,12,Friday,2021-10-28 00:00:00+00:00,2021-11-04 00:00:00+00:00,False,,
27d4e84f0c5fb8097ab5198118d474f2,ONLINE,2021-05-13 00:18:51.051000+00:00,2021-10-28 04:17:00+00:00,78,1EF,68,740CB1CA2BD83B3276B092195A6EB883,168.16538135416667,4,Thursday,0,Thursday,2021-10-28 00:00:00+00:00,2021-11-04 00:00:00+00:00,False,,
aa4120f57483523194b10fde6dc4ac6e,ONLINE,2021-06-08 04:28:26.084000+00:00,2021-10-28 04:32:00+00:00,78,300,188,8D785C8A0E17605C658D2A6599E653DA,142.00247587962963,4,Thursday,4,Tuesday,2021-10-28 00:00:00+00:00,2021-11-04 00:00:00+00:00,False,,
5f9aa18a9ce41468c9bd95456142091b,OFFLINE,2021-04-14 12:18:27.851000+00:00,2021-10-28 04:43:00+00:00,78,1EF,87,1162FF15A2450469905B590D62F7746E,196.68370542824076,4,Thursday,12,Wednesday,2021-10-28 00:00:00+00:00,2021-11-04 00:00:00+00:00,False,,
674f412209f749e5d335ba5752c1ee1f,ONLINE,2021-08-09 05:57:13.753000+00:00,2021-10-28 04:46:00+00:00,78,1EF,88,7B36B12A4C581DFCF8BF406AECA45564,79.95053526620372,4,Thursday,5,Monday,2021-10-28 00:00:00+00:00,2021-11-04 00:00:00+00:00,False,,
df2c78e653153a14e665e328207c691e,OFFLINE,2021-09-08 05:51:49.795000+00:00,2021-10-28 04:55:00+00:00,78,1EF,77,4DF70D744AB4B2076706A37F1EBAC6B9,49.960534780092594,4,Thursday,5,Wednesday,2021-10-28 00:00:00+00:00,2021-11-04 00:00:00+00:00,False,,
c8ee20de22de79aa9ecc31eca43b5339,OFFLINE,2021-05-20 06:16:06.141000+00:00,2021-10-28 05:04:00+00:00,78,07B,58,10D023CEE6CC12F06C576EB33402E56B,160.9499289236111,5,Thursday,6,Thursday,2021-10-28 00:00:00+00:00,2021-11-04 00:00:00+00:00,False,,
b746c3c2eaf2ec89e49400bcd5ff3e52,OFFLINE,2021-04-10 04:32:15.206000+00:00,2021-10-28 05:10:00+00:00,78,07B,204,4E8E60427140A514537C374BAA698D32,201.0262128935185,5,Thursday,4,Saturday,2021-10-28 00:00:00+00:00,2021-11-04 00:00:00+00:00,False,,
db7899a482d6529c033bcc974d513bba,OFFLINE,2021-10-27 03:29:16.410000+00:00,2021-10-28 05:23:00+00:00,78,1EF,60,4DF70D744AB4B2076706A37F1EBAC6B9,1.0789767361111111,5,Thursday,3,Wednesday,2021-10-28 00:00:00+00:00,2021-11-04 00:00:00+00:00,False,,
2216b6f37b93655dac78088bb9e56bc5,OFFLINE,2021-05-29 23:56:57.348000+00:00,2021-10-28 05:33:00+00:00,78,07B,83,2D9F8B5DDB0A7BD6F060DBAA34EC0CFF,151.23336402777778,5,Thursday,23,Saturday,2021-10-28 00:00:00+00:00,2021-11-04 00:00:00+00:00,False,,
24ee8f3b0137e260515e79e24f4b8ff7,OFFLINE,2021-02-05 07:27:45.031000+00:00,2021-10-28 05:35:00+00:00,78,1EF,130,BB2033CE2FA4822C957B37DEB445B32C,264.9217010300926,5,Thursday,7,Friday,2021-10-28 00:00:00+00:00,2021-11-04 00:00:00+00:00,False,,
c24c1770f866dfa9992507214731b812,OFFLINE,2021-05-31 19:51:46.683000+00:00,2021-10-28 05:39:00+00:00,78,07B,147,EEDD0125ADF9CD4325E56C39462533F5,149.40779302083334,5,Thursday,19,Monday,2021-10-28 00:00:00+00:00,2021-11-04 00:00:00+00:00,False,,
32ccea761f38950d0432838ccd13b060,OFFLINE,2021-03-11 15:21:18.797000+00:00,2021-10-28 05:39:00+00:00,78,07B,108,294B021232C509826A57AC3136B8ABDD,230.595615775463,5,Thursday,15,Thursday,2021-10-28 00:00:00+00:00,2021-11-04 00:00:00+00:00,False,,
a68e0d47b3cc7b6c7323c34e9befea7f,OFFLINE,2021-07-24 10:32:11.113000+00:00,2021-10-28 05:40:00+00:00,78,07B,88,894BFDA44B5ACACDA7F59ED3F3D6AD86,95.79709359953704,5,Thursday,10,Saturday,2021-10-28 00:00:00+00:00,2021-11-04 00:00:00+00:00,False,,
c712262cdd65d00c43fa562283df1781,OFFLINE,2021-03-31 14:02:28.811000+00:00,2021-10-28 05:41:00+00:00,78,1EF,75,49CA01E7044CB3B65F99673C9C074D16,210.65174987268517,5,Thursday,14,Wednesday,2021-10-28 00:00:00+00:00,2021-11-04 00:00:00+00:00,False,,
6f090eb700cbde996434d5ddf43f6a58,ONLINE,2021-10-08 15:04:43.414000+00:00,2021-10-28 05:41:00+00:00,78,1EF,123,740CB1CA2BD83B3276B092195A6EB883,19.608525300925926,5,Thursday,15,Friday,2021-10-28 00:00:00+00:00,2021-11-04 00:00:00+00:00,False,,
bdbb87b8acc5771a158295182234cb11,OFFLINE,2021-05-15 13:54:33.631000+00:00,2021-10-28 05:51:00+00:00,78,300,126,09B36CB8AB7325477B80E99BE8FB2D02,165.66419408564815,5,Thursday,13,Saturday,2021-10-28 00:00:00+00:00,2021-11-04 00:00:00+00:00,False,,
1540625434fdd3f1b118795c49dcbf18,OFFLINE,2021-02-25 14:00:20.535000+00:00,2021-10-28 05:52:00+00:00,78,07B,88,2CF9D19CE125793D17A0B4C371AB7AFD,244.6608734375,5,Thursday,14,Thursday,2021-10-28 00:00:00+00:00,2021-11-04 00:00:00+00:00,False,,
def6a1cec3baec024eee5b9647ac82fa,OFFLINE,2021-10-02 06:27:37.506000+00:00,2021-10-28 06:08:00+00:00,78,07B,108,4E8E60427140A514537C374BAA698D32,25.986371458333334,6,Thursday,6,Saturday,2021-10-28 00:00:00+00:00,2021-11-04 00:00:00+00:00,False,,
a520b13f1dd09ffe88f593a7ab749371,ONLINE,2021-04-28 23:34:38.593000+00:00,2021-10-28 06:10:00+00:00,78,1EF,98,4DF70D744AB4B2076706A37F1EBAC6B9,182.27455332175924,6,Thursday,23,Wednesday,2021-10-28 00:00:00+00:00,2021-11-04 00:00:00+00:00,False,,
59497e63958ecd39bd0bde98dc254f1f,OFFLINE,2021-10-12 16:25:05.335000+00:00,2021-10-28 06:14:00+00:00,78,07B,251,EE735FFED3A6072D13A30636E658A03A,15.575632696759259,6,Thursday,16,Tuesday,2021-10-28 00:00:00+00:00,2021-11-04 00:00:00+00:00,False,,
cf8fdaeaffca2b429dccf05a364aee44,OFFLINE,2021-01-21 04:11:13.716000+00:00,2021-10-28 06:17:00+00:00,78,07B,136,9F9E66046BADAE5ABE94708CED879416,280.08734125,6,Thursday,4,Thursday,2021-10-28 00:00:00+00:00,2021-11-04 00:00:00+00:00,False,,
86426389a9f08b7d0b21fbe9b8aac2f9,ONLINE,2021-01-28 03:54:23.263000+00:00,2021-10-28 06:21:00+00:00,78,07B,62,4E8E60427140A514537C374BAA698D32,273.10181408564813,6,Thursday,3,Thursday,2021-10-28 00:00:00+00:00,2021-11-04 00:00:00+00:00,False,,
b5f68d197963f311e4eaf39530646f45,OFFLINE,2021-09-17 09:10:38.467000+00:00,2021-10-28 06:29:00+00:00,78,07B,99,EEDD0125ADF9CD4325E56C39462533F5,40.88774922453703,6,Thursday,9,Friday,2021-10-28 00:00:00+00:00,2021-11-04 00:00:00+00:00,False,,
1ef33a2e959684338f504c92e430d299,OFFLINE,2021-04-10 22:16:35.319000+00:00,2021-10-28 06:57:00+00:00,78,300,50,364A975FE43F5678164266B2B0E8A237,200.36139677083335,6,Thursday,22,Saturday,2021-10-28 00:00:00+00:00,2021-11-04 00:00:00+00:00,False,,
02558e53bca475c4df48b868b5f79fb5,OFFLINE,2021-03-06 05:27:22.907000+00:00,2021-10-28 07:05:00+00:00,78,1EF,147,195FD095D9D7F47943113AF2CBCF9A75,236.06779042824073,7,Thursday,5,Saturday,2021-10-28 00:00:00+00:00,2021-11-04 00:00:00+00:00,False,,
84462e077413569a5966f565d118292c,OFFLINE,2021-08-29 14:21:32.320000+00:00,2021-10-28 07:06:00+00:00,78,1EF,121,F6AD024DDBE30DC433E2D9BE8AB5CBDC,59.69754259259259,7,Thursday,14,Sunday,2021-10-28 00:00:00+00:00,2021-11-04 00:00:00+00:00,False,,
32b4b3a198473365af45f323affedc59,OFFLINE,2021-03-17 10:10:35.370000+00:00,2021-10-28 07:10:00+00:00,78,300,146,08379264459A6EF0F8052CC20B9DD41F,224.874590625,7,Thursday,10,Wednesday,2021-10-28 00:00:00+00:00,2021-11-04 00:00:00+00:00,False,,
958c44d1eddd47b76fd42bef316d32bf,OFFLINE,2021-04-03 13:05:56.414000+00:00,2021-10-28 07:10:00+00:00,80,300,200,A85A33858C7BB0DCE962E99B2E79BBC4,207.7528192824074,7,Thursday,13,Saturday,2021-10-28 00:00:00+00:00,2021-11-04 00:00:00+00:00,False,,
8965888466d03bd08a9f7749a638fd07,ONLINE,2021-05-07 10:11:50.082000+00:00,2021-10-28 07:53:00+00:00,78,07B,129,EEDD0125ADF9CD4325E56C39462533F5,173.90358701388888,7,Thursday,10,Friday,2021-10-28 00:00:00+00:00,2021-11-04 00:00:00+00:00,False,,
f864172a40e714684d735118abbe5e38,OFFLINE,2021-04-26 18:27:19.789000+00:00,2021-10-28 07:59:00+00:00,78,300,50,E2F9517E4B924224FB308023E6149775,184.56365984953703,7,Thursday,18,Monday,2021-10-28 00:00:00+00:00,2021-11-04 00:00:00+00:00,False,,
dc9093925073ab898d9e8fd9301ab7dc,OFFLINE,2021-01-28 09:08:25.625000+00:00,2021-10-28 08:02:00+00:00,76,07B,132,10D023CEE6CC12F06C576EB33402E56B,272.9538700810185,8,Thursday,9,Thursday,2021-10-28 00:00:00+00:00,2021-11-04 00:00:00+00:00,False,,
36ddea9d4ca721d5485c7a9be25b73d2,ONLINE,2021-09-15 10:51:37.327000+00:00,2021-10-28 08:04:00+00:00,78,07B,88,294B021232C509826A57AC3136B8ABDD,42.88359575231481,8,Thursday,10,Wednesday,2021-10-28 00:00:00+00:00,2021-11-04 00:00:00+00:00,False,,
34de3ddcfecddac4dcc5a3d453977491,ONLINE,2021-06-17 09:06:27.506000+00:00,2021-10-28 08:26:00+00:00,78,07B,53,294B021232C509826A57AC3136B8ABDD,132.97190386574076,8,Thursday,9,Thursday,2021-10-28 00:00:00+00:00,2021-11-04 00:00:00+00:00,False,,
b603fc3f843c66ea9a7792e53d02acc6,ONLINE,2021-10-15 08:38:57.107000+00:00,2021-10-28 08:30:00+00:00,78,300,77,09B36CB8AB7325477B80E99BE8FB2D02,12.993783483796296,8,Thursday,8,Friday,2021-10-28 00:00:00+00:00,2021-11-04 00:00:00+00:00,False,,
bce6d85ef69c4d0ba4ab45fcf63cb25b,OFFLINE,2021-03-08 03:20:10.761000+00:00,2021-10-28 08:38:00+00:00,78,1EF,135,65BDDE34D53F6A348B44541DD0852538,234.22070878472223,8,Thursday,3,Monday,2021-10-28 00:00:00+00:00,2021-11-04 00:00:00+00:00,False,,
637f2cd5665edc02e19be88bfdd3bcfd,OFFLINE,2021-02-17 14:39:14.808000+00:00,2021-10-28 09:04:00+00:00,78,07B,113,EEDD0125ADF9CD4325E56C39462533F5,252.76718972222224,9,Thursday,14,Wednesday,2021-10-28 00:00:00+00:00,2021-11-04 00:00:00+00:00,False,,
c46c1def281e76cd4a59ca413993c6ce,ONLINE,2021-06-27 15:19:27.501000+00:00,2021-10-28 09:23:00+00:00,78,07B,86,10D023CEE6CC12F06C576EB33402E56B,122.75245947916666,9,Thursday,15,Sunday,2021-10-28 00:00:00+00:00,2021-11-04 00:00:00+00:00,False,,
57d2cc6f3ed774c7aa50f996d2b69dd2,OFFLINE,2021-07-22 19:18:10.275000+00:00,2021-10-28 09:37:00+00:00,78,1EF,90,38BB76CCFDD8129EF62B3AF5480605C7,97.59640885416667,9,Thursday,19,Thursday,2021-10-28 00:00:00+00:00,2021-11-04 00:00:00+00:00,False,,
f2842c6619d1e1b659d8ec3bb5955494,OFFLINE,2021-07-31 11:08:41.122000+00:00,2021-10-28 09:42:00+00:00,78,07B,80,9F9E66046BADAE5ABE94708CED879416,88.9398018287037,9,Thursday,11,Saturday,2021-10-28 00:00:00+00:00,2021-11-04 00:00:00+00:00,False,,
9c7b38244e3e3cc7c4c9dc17835c053c,OFFLINE,2021-09-02 12:53:59.462000+00:00,2021-10-28 09:52:00+00:00,78,1EF,80,5CD6463B9C20BA10DA25A431F2D844A6,55.87361733796296,9,Thursday,12,Thursday,2021-10-28 00:00:00+00:00,2021-11-04 00:00:00+00:00,False,,
805782395d39023c743c4867e5243585,OFFLINE,2021-04-05 05:58:22.444000+00:00,2021-10-28 09:58:00+00:00,78,1EF,118,740CB1CA2BD83B3276B092195A6EB883,206.16640689814818,9,Thursday,5,Monday,2021-10-28 00:00:00+00:00,2021-11-04 00:00:00+00:00,False,,
9a7d6c990e590f7da8c33096d04e3a97,OFFLINE,2021-04-05 06:10:03.248000+00:00,2021-10-28 10:10:00+00:00,78,07B,123,4ECC8B694F4BB262BDD4B0A85952B71A,206.16662907407408,10,Thursday,6,Monday,2021-10-28 00:00:00+00:00,2021-11-04 00:00:00+00:00,False,,
80ab85e023988dd09de28bad0f4fbe24,ONLINE,2021-08-18 07:44:05.561000+00:00,2021-10-28 10:12:00+00:00,78,07B,142,EEDD0125ADF9CD4325E56C39462533F5,71.10271341435185,10,Thursday,7,Wednesday,2021-10-28 00:00:00+00:00,2021-11-04 00:00:00+00:00,False,,
2c158c579193e003165399dde8e5e3b4,OFFLINE,2021-08-24 06:50:05.723000+00:00,2021-10-28 10:12:00+00:00,78,300,119,7E701822D80EF10DEBEA008731637EA3,65.14021153935185,10,Thursday,6,Tuesday,2021-10-28 00:00:00+00:00,2021-11-04 00:00:00+00:00,False,,
663012916c1b04224e9f03ca526d07f0,OFFLINE,2021-09-16 01:08:12.945000+00:00,2021-10-28 10:32:00+00:00,78,1EF,60,A00AF20362FBDDE9E3869D787E4693AF,42.39151684027778,10,Thursday,1,Thursday,2021-10-28 00:00:00+00:00,2021-11-04 00:00:00+00:00,False,,
2c235906cff57ad06d65c1edec8741a9,ONLINE,2021-08-12 02:17:25.009000+00:00,2021-10-28 10:49:00+00:00,78,1EF,74,740CB1CA2BD83B3276B092195A6EB883,77.35526609953705,10,Thursday,2,Thursday,2021-10-28 00:00:00+00:00,2021-11-04 00:00:00+00:00,False,,
8e3060d47e5a295738c9a0d008fed018,OFFLINE,2021-07-25 07:32:36.734000+00:00,2021-10-28 11:11:00+00:00,78,07B,81,3B56EC028568E71AF10B3360787CD0BC,95.15165817129629,11,Thursday,7,Sunday,2021-10-28 00:00:00+00:00,2021-11-04 00:00:00+00:00,False,,
ee4edd5bf678fd933301e7f443e80df2,OFFLINE,2021-03-30 06:33:56.733000+00:00,2021-10-28 11:11:00+00:00,78,1EF,104,1162FF15A2450469905B590D62F7746E,212.1923989236111,11,Thursday,6,Tuesday,2021-10-28 00:00:00+00:00,2021-11-04 00:00:00+00:00,False,,
6b8d341914cdfd2a14911446dcb3b6be,OFFLINE,2021-09-25 09:57:48.815000+00:00,2021-10-28 11:12:00+00:00,78,1EF,67,5CD6463B9C20BA10DA25A431F2D844A6,33.05151834490741,11,Thursday,9,Saturday,2021-10-28 00:00:00+00:00,2021-11-04 00:00:00+00:00,False,,
8c63fe94b3a2d1ca3dc503dced84eb76,ONLINE,2021-08-24 14:35:13.537000+00:00,2021-10-28 11:13:00+00:00,78,300,125,4FB52D1F31461850C15CC1C15A02931B,64.85956554398149,11,Thursday,14,Tuesday,2021-10-28 00:00:00+00:00,2021-11-04 00:00:00+00:00,False,,
37d3f006828af813eb8c94f201afe8fb,OFFLINE,2021-04-26 10:43:01.528000+00:00,2021-10-28 11:16:00+00:00,78,300,81,15DEDC3B645D743B528945FFB129B0EC,185.02289898148146,11,Thursday,10,Monday,2021-10-28 00:00:00+00:00,2021-11-04 00:00:00+00:00,False,,
da1901b5547cf86b6eb4832dc289b06c,OFFLINE,2021-03-02 15:42:55.299000+00:00,2021-10-28 11:39:00+00:00,78,07B,98,EEDD0125ADF9CD4325E56C39462533F5,239.8306099652778,11,Thursday,15,Tuesday,2021-10-28 00:00:00+00:00,2021-11-04 00:00:00+00:00,False,,
6648e0d636c33aa3ebe5e2f33ad1dc39,OFFLINE,2021-10-11 09:52:29.565000+00:00,2021-10-28 11:47:00+00:00,78,07B,132,EE735FFED3A6072D13A30636E658A03A,17.07951892361111,11,Thursday,9,Monday,2021-10-28 00:00:00+00:00,2021-11-04 00:00:00+00:00,False,,
29b9a962e4b7166344bd9344f41a8ed4,OFFLINE,2021-08-07 07:56:51.236000+00:00,2021-10-28 11:56:00+00:00,78,1EF,130,195FD095D9D7F47943113AF2CBCF9A75,82.16607365740741,11,Thursday,7,Saturday,2021-10-28 00:00:00+00:00,2021-11-04 00:00:00+00:00,False,,
d171e30a1b74802b292aa1720c98fe50,OFFLINE,2021-05-31 02:18:36.045000+00:00,2021-10-28 12:09:00+00:00,78,1EF,72,A00AF20362FBDDE9E3869D787E4693AF,150.40999947916666,12,Thursday,2,Monday,2021-10-28 00:00:00+00:00,2021-11-04 00:00:00+00:00,False,,
5a2f4578b12092ce7fb43b74b34d00b0,ONLINE,2021-03-02 02:47:40.309000+00:00,2021-10-28 12:30:00+00:00,78,07B,222,294B021232C509826A57AC3136B8ABDD,240.40439457175927,12,Thursday,2,Tuesday,2021-10-28 00:00:00+00:00,2021-11-04 00:00:00+00:00,False,,
54accc6a90670809e4a384ba3e3fcef4,ONLINE,2021-06-07 03:26:37.350000+00:00,2021-10-28 12:41:00+00:00,78,07B,103,3B56EC028568E71AF10B3360787CD0BC,143.38498437500002,12,Thursday,3,Monday,2021-10-28 00:00:00+00:00,2021-11-04 00:00:00+00:00,False,,
30f16922395e78df5b3bee6e2af2923d,OFFLINE,2021-03-11 10:55:07.939000+00:00,2021-10-28 12:53:00+00:00,78,07B,122,4ECC8B694F4BB262BDD4B0A85952B71A,231.08185255787038,12,Thursday,10,Thursday,2021-10-28 00:00:00+00:00,2021-11-04 00:00:00+00:00,False,,
35903b9d0541d6b9a769f771d93d2a2c,OFFLINE,2021-07-27 15:01:06.889000+00:00,2021-10-28 12:59:00+00:00,78,300,85,4FB52D1F31461850C15CC1C15A02931B,92.91519804398148,12,Thursday,15,Tuesday,2021-10-28 00:00:00+00:00,2021-11-04 00:00:00+00:00,False,,
4d882d282767632ac514286ae5b8a892,OFFLINE,2021-07-16 14:16:01.266000+00:00,2021-10-28 13:00:00+00:00,78,300,77,4FB52D1F31461850C15CC1C15A02931B,103.94720756944443,13,Thursday,14,Friday,2021-10-28 00:00:00+00:00,2021-11-04 00:00:00+00:00,False,,
b411da6e487e46f195150074769885bb,OFFLINE,2021-02-21 22:18:10.781000+00:00,2021-10-28 13:05:00+00:00,78,1EF,125,0668909560B9D2AF8FDA5489BCAA5FFF,248.61584744212965,13,Thursday,22,Sunday,2021-10-28 00:00:00+00:00,2021-11-04 00:00:00+00:00,False,,
d1a44c1d9d70b1ed095b313e629b8442,OFFLINE,2021-04-08 11:55:13.055000+00:00,2021-10-28 13:10:00+00:00,78,07B,167,2CF9D19CE125793D17A0B4C371AB7AFD,203.0519322337963,13,Thursday,11,Thursday,2021-10-28 00:00:00+00:00,2021-11-04 00:00:00+00:00,False,,
d8dea564bce37db368ca21754e086b88,OFFLINE,2021-06-14 19:42:40.983000+00:00,2021-10-28 13:18:00+00:00,78,07B,141,4E8E60427140A514537C374BAA698D32,135.73285899305557,13,Thursday,19,Monday,2021-10-28 00:00:00+00:00,2021-11-04 00:00:00+00:00,False,,
e0ac895349e6953bd3ec7e35a034aef6,OFFLINE,2021-10-13 06:13:36.881000+00:00,2021-10-28 13:25:00+00:00,78,300,50,96078472290D9ED559D7609E6E16E9E0,15.299573136574073,13,Thursday,6,Wednesday,2021-10-28 00:00:00+00:00,2021-11-04 00:00:00+00:00,False,,
d7cded9e41b5f4e0d2799bdaf1e2f33b,OFFLINE,2021-10-13 06:12:23.399000+00:00,2021-10-28 13:25:00+00:00,78,300,50,96078472290D9ED559D7609E6E16E9E0,15.300423622685186,13,Thursday,6,Wednesday,2021-10-28 00:00:00+00:00,2021-11-04 00:00:00+00:00,False,,
282192e22f89f634affbb5a7cee7e8e0,OFFLINE,2021-02-04 11:05:10.940000+00:00,2021-10-28 13:46:00+00:00,78,07B,113,EEDD0125ADF9CD4325E56C39462533F5,266.1116789351852,13,Thursday,11,Thursday,2021-10-28 00:00:00+00:00,2021-11-04 00:00:00+00:00,False,,
9061366f7fb2de461c26586087affc71,OFFLINE,2021-03-09 11:09:02.286000+00:00,2021-10-28 13:50:00+00:00,78,300,126,2630D6FC6433A9A4C1C906C0D64BDDE1,233.11177909722224,13,Thursday,11,Tuesday,2021-10-28 00:00:00+00:00,2021-11-04 00:00:00+00:00,False,,
9af85c7e331f8767a2c04ccb31dfca4a,ONLINE,2021-08-17 12:30:58.475000+00:00,2021-10-28 13:50:00+00:00,78,300,143,89D534629771B04F61D1971C3068D1BD,72.05487876157407,13,Thursday,12,Tuesday,2021-10-28 00:00:00+00:00,2021-11-04 00:00:00+00:00,False,,
cff1888acc7af558ab802ebba799cf72,OFFLINE,2021-01-10 15:52:13.894000+00:00,2021-10-28 13:51:00+00:00,78,1EF,87,195FD095D9D7F47943113AF2CBCF9A75,290.91581141203704,13,Thursday,15,Sunday,2021-10-28 00:00:00+00:00,2021-11-04 00:00:00+00:00,False,,
b191a565dfcd0739fa892cafc6fa6942,OFFLINE,2021-06-19 13:59:10.579000+00:00,2021-10-28 14:09:00+00:00,78,1EF,68,4DF70D744AB4B2076706A37F1EBAC6B9,131.0068220023148,14,Thursday,13,Saturday,2021-10-28 00:00:00+00:00,2021-11-04 00:00:00+00:00,False,,
fd041c2b8b8e74b6288414cd8c5467b8,OFFLINE,2021-09-21 12:51:34.693000+00:00,2021-10-28 14:20:00+00:00,78,300,50,1BA53B5BBB76E9903A2CF8FF02C37293,37.0614040162037,14,Thursday,12,Tuesday,2021-10-28 00:00:00+00:00,2021-11-04 00:00:00+00:00,False,,
8b4026cde5182a4a3c9265027e7faf19,OFFLINE,2021-03-26 15:20:32.948000+00:00,2021-10-28 14:22:00+00:00,78,07B,113,EEDD0125ADF9CD4325E56C39462533F5,215.95934087962965,14,Thursday,15,Friday,2021-10-28 00:00:00+00:00,2021-11-04 00:00:00+00:00,False,,
69d37aab09511a797d964575713e65bb,OFFLINE,2021-07-01 22:02:34.837000+00:00,2021-10-28 14:23:00+00:00,78,07B,81,2CF9D19CE125793D17A0B4C371AB7AFD,118.68084679398149,14,Thursday,22,Thursday,2021-10-28 00:00:00+00:00,2021-11-04 00:00:00+00:00,False,,
47b7530b6baaf3690d9300a8627ad5c8,ONLINE,2021-09-06 11:06:27.782000+00:00,2021-10-28 14:25:00+00:00,78,07B,85,4ECC8B694F4BB262BDD4B0A85952B71A,52.13787289351852,14,Thursday,11,Monday,2021-10-28 00:00:00+00:00,2021-11-04 00:00:00+00:00,False,,
d7f11b6969c3c304e819906801bd1454,ONLINE,2021-02-16 13:38:21.995000+00:00,2021-10-28 14:50:00+00:00,78,300,260,364A975FE43F5678164266B2B0E8A237,254.04974542824073,14,Thursday,13,Tuesday,2021-10-28 00:00:00+00:00,2021-11-04 00:00:00+00:00,False,,
5baf325ecae7eb7a07f740228fec7e2b,OFFLINE,2021-02-23 11:48:01.108000+00:00,2021-10-28 14:55:00+00:00,78,07B,50,2D9F8B5DDB0A7BD6F060DBAA34EC0CFF,247.12984828703705,14,Thursday,11,Tuesday,2021-10-28 00:00:00+00:00,2021-11-04 00:00:00+00:00,False,,
122f446c66fe86f7de8b168a3371a07d,ONLINE,2021-05-28 02:04:32.040000+00:00,2021-10-28 14:58:00+00:00,78,07B,174,D03E45AE45CAFB97B315F3E4A7C2D615,153.5371291666667,14,Thursday,2,Friday,2021-10-28 00:00:00+00:00,2021-11-04 00:00:00+00:00,False,,
9240f61bbc2e06bebad5335209a2b0a7,OFFLINE,2021-06-19 06:26:26.394000+00:00,2021-10-28 15:04:00+00:00,78,07B,167,9F9E66046BADAE5ABE94708CED879416,131.35941673611111,15,Thursday,6,Saturday,2021-10-28 00:00:00+00:00,2021-11-04 00:00:00+00:00,False,,
1df85fb352a5f110dac0d19da2b6ecd7,OFFLINE,2021-06-28 09:08:10.016000+00:00,2021-10-28 15:25:00+00:00,78,07B,177,4E8E60427140A514537C374BAA698D32,122.26168962962961,15,Thursday,9,Monday,2021-10-28 00:00:00+00:00,2021-11-04 00:00:00+00:00,False,,
27cb2b7a92dd19c8eb4783d4bc2df2bb,ONLINE,2021-03-31 18:38:26.925000+00:00,2021-10-28 15:32:00+00:00,78,1EF,143,FF6F2DDF8AB23F3461E39CE6531C7EAB,210.87052170138887,15,Thursday,18,Wednesday,2021-10-28 00:00:00+00:00,2021-11-04 00:00:00+00:00,False,,
b7e33fd2354896220b9a50cb62fbe329,OFFLINE,2021-10-21 14:03:16.759000+00:00,2021-10-28 15:43:00+00:00,78,300,127,2630D6FC6433A9A4C1C906C0D64BDDE1,7.0692504745370375,15,Thursday,14,Thursday,2021-10-28 00:00:00+00:00,2021-11-04 00:00:00+00:00,False,,
3ec253fdc7fbc1d25b64b0808f89f60e,ONLINE,2021-10-23 10:47:32.011000+00:00,2021-10-28 15:51:00+00:00,78,07B,141,EE735FFED3A6072D13A30636E658A03A,5.2107406134259255,15,Thursday,10,Saturday,2021-10-28 00:00:00+00:00,2021-11-04 00:00:00+00:00,False,,
6284c0f5693af41974976ea8d00fb5d7,OFFLINE,2021-02-05 12:56:27.969000+00:00,2021-10-28 16:06:00+00:00,78,07B,69,56129BC950F9E18A9F5DF651D9D267D1,265.1316207291667,16,Thursday,12,Friday,2021-10-28 00:00:00+00:00,2021-11-04 00:00:00+00:00,False,,
40ca5e1f3eca32c27d5a6a1ce71087c9,OFFLINE,2021-02-14 00:15:38.894000+00:00,2021-10-28 16:16:00+00:00,78,300,90,7E701822D80EF10DEBEA008731637EA3,256.66691094907407,16,Thursday,0,Sunday,2021-10-28 00:00:00+00:00,2021-11-04 00:00:00+00:00,False,,
4cd76945dbad6adc563ec5f2901e03d6,OFFLINE,2021-05-31 00:09:40.475000+00:00,2021-10-28 16:29:00+00:00,78,1EF,187,FF6F2DDF8AB23F3461E39CE6531C7EAB,150.6800870949074,16,Thursday,0,Monday,2021-10-28 00:00:00+00:00,2021-11-04 00:00:00+00:00,False,,
ba0e9816a782f38f2e42e2d801ccded0,OFFLINE,2021-10-20 15:40:58.371000+00:00,2021-10-28 16:33:00+00:00,78,300,78,C0DD698BE0C1EA71FA3045950BEEC64B,8.036129965277777,16,Thursday,15,Wednesday,2021-10-28 00:00:00+00:00,2021-11-04 00:00:00+00:00,False,,
f5dc692af96b6d2e77394a892d044f84,OFFLINE,2021-10-04 13:22:16.563000+00:00,2021-10-28 16:38:00+00:00,78,1EF,121,38BB76CCFDD8129EF62B3AF5480605C7,24.13591940972222,16,Thursday,13,Monday,2021-10-28 00:00:00+00:00,2021-11-04 00:00:00+00:00,False,,
c42109417212bf841eb0e40144697801,OFFLINE,2021-05-05 16:55:51.438000+00:00,2021-10-28 17:04:00+00:00,78,07B,65,10D023CEE6CC12F06C576EB33402E56B,176.0056546527778,17,Thursday,16,Wednesday,2021-10-28 00:00:00+00:00,2021-11-04 00:00:00+00:00,False,,
4cd718a8eac49f163c9468c41b8e4d79,OFFLINE,2021-04-14 16:19:15.061000+00:00,2021-10-28 17:06:00+00:00,78,07B,85,4ECC8B694F4BB262BDD4B0A85952B71A,197.03246457175925,17,Thursday,16,Wednesday,2021-10-28 00:00:00+00:00,2021-11-04 00:00:00+00:00,False,,
fea707c6d7477ac6420671dc17b8ac64,ONLINE,2021-04-15 07:20:31.398000+00:00,2021-10-28 17:13:00+00:00,78,07B,75,3B56EC028568E71AF10B3360787CD0BC,196.4114421527778,17,Thursday,7,Thursday,2021-10-28 00:00:00+00:00,2021-11-04 00:00:00+00:00,False,,
eae701bce0e858c4ac463b05a5ad0926,OFFLINE,2021-08-19 17:29:51.543000+00:00,2021-10-28 17:27:00+00:00,79,1EF,110,A00AF20362FBDDE9E3869D787E4693AF,69.99801454861111,17,Thursday,17,Thursday,2021-10-28 00:00:00+00:00,2021-11-04 00:00:00+00:00,False,,
5a56cd676ff27edbbf0389bcd2751da9,OFFLINE,2021-04-10 10:01:54.230000+00:00,2021-10-28 17:29:00+00:00,78,07B,50,4575953E5DD96D9E301B05E12FB12540,201.31048344907407,17,Thursday,10,Saturday,2021-10-28 00:00:00+00:00,2021-11-04 00:00:00+00:00,False,,
bede1d3cf9d394561bd03a2484c6772a,OFFLINE,2021-10-21 14:15:40.802000+00:00,2021-10-28 17:34:00+00:00,78,1EF,60,7B36B12A4C581DFCF8BF406AECA45564,7.137722199074074,17,Thursday,14,Thursday,2021-10-28 00:00:00+00:00,2021-11-04 00:00:00+00:00,False,,
53f71954f177e6d99e3c65ec2f4f5bf6,OFFLINE,2021-02-01 04:54:28.313000+00:00,2021-10-28 18:02:00+00:00,78,07B,80,EEDD0125ADF9CD4325E56C39462533F5,269.54689452546296,18,Thursday,4,Monday,2021-10-28 00:00:00+00:00,2021-11-04 00:00:00+00:00,False,,
6de01d7cb15e4f8db75741b5c5fc1741,ONLINE,2021-09-06 13:03:25.692000+00:00,2021-10-28 18:47:00+00:00,78,1EF,60,38BB76CCFDD8129EF62B3AF5480605C7,52.23859152777778,18,Thursday,13,Monday,2021-10-28 00:00:00+00:00,2021-11-04 00:00:00+00:00,False,,
338cc8cc9670cdeebadd09865f768ad3,OFFLINE,2021-05-04 15:55:01.779000+00:00,2021-10-28 18:55:00+00:00,78,1EF,57,FF6F2DDF8AB23F3461E39CE6531C7EAB,177.12497940972224,18,Thursday,15,Tuesday,2021-10-28 00:00:00+00:00,2021-11-04 00:00:00+00:00,False,,
b8f8f7c98eeeeea922e5b7944f64e7bd,OFFLINE,2021-01-17 15:25:30.553000+00:00,2021-10-28 19:30:00+00:00,78,300,130,89D534629771B04F61D1971C3068D1BD,284.1697852662037,19,Thursday,15,Sunday,2021-10-28 00:00:00+00:00,2021-11-04 00:00:00+00:00,False,,
71047d0deba5d1c0e761ba9c79f7c3e9,ONLINE,2021-09-18 12:33:46.225000+00:00,2021-10-29 03:15:00+00:00,78,07B,96,294B021232C509826A57AC3136B8ABDD,40.611964988425925,3,Friday,12,Saturday,2021-10-29 00:00:00+00:00,2021-11-05 00:00:00+00:00,False,,
331a27b904f3ff7cc43d24f8c70ab965,ONLINE,2021-10-12 13:44:41.026000+00:00,2021-10-29 03:42:00+00:00,78,1EF,258,A3A64282C716DEA9699FC99619B34948,16.58146960648148,3,Friday,13,Tuesday,2021-10-29 00:00:00+00:00,2021-11-05 00:00:00+00:00,False,,
24c9180b20303443d82947b8a86c6581,OFFLINE,2021-07-02 03:05:19.403000+00:00,2021-10-29 03:45:00+00:00,78,300,173,E72C918BA3470A8671982E069981B9C8,119.02755320601851,3,Friday,3,Friday,2021-10-29 00:00:00+00:00,2021-11-05 00:00:00+00:00,False,,
8162452918c2cbf170299e58620e6ed0,OFFLINE,2021-04-04 16:51:16.054000+00:00,2021-10-29 03:49:00+00:00,78,300,67,08379264459A6EF0F8052CC20B9DD41F,207.45675863425924,3,Friday,16,Sunday,2021-10-29 00:00:00+00:00,2021-11-05 00:00:00+00:00,False,,
dbcd4aeb01ace395156a6dc5c78e8ad0,OFFLINE,2021-03-11 04:39:29.803000+00:00,2021-10-29 03:55:00+00:00,78,300,97,C0DD698BE0C1EA71FA3045950BEEC64B,231.96909950231483,3,Friday,4,Thursday,2021-10-29 00:00:00+00:00,2021-11-05 00:00:00+00:00,False,,
8103f37da28e2aede94dabc693ea4fac,OFFLINE,2021-07-24 06:35:10.514000+00:00,2021-10-29 03:58:00+00:00,78,300,115,E56AE16934A0D29EBF24915402A7E5ED,96.8908505324074,3,Friday,6,Saturday,2021-10-29 00:00:00+00:00,2021-11-05 00:00:00+00:00,False,,
8d429d95c3813ea90d21c01321597ca8,OFFLINE,2021-05-24 13:02:57.828000+00:00,2021-10-29 04:04:00+00:00,78,300,155,F0C8A9D19009F1B76367ED6CFD4FA580,157.62571958333334,4,Friday,13,Monday,2021-10-29 00:00:00+00:00,2021-11-05 00:00:00+00:00,False,,
231abb77f1d88ac1d7be558d66890f41,ONLINE,2021-04-08 04:42:17.180000+00:00,2021-10-29 04:19:00+00:00,78,07B,103,4ECC8B694F4BB262BDD4B0A85952B71A,203.9838289351852,4,Friday,4,Thursday,2021-10-29 00:00:00+00:00,2021-11-05 00:00:00+00:00,False,,
9c325892d7d3b5aa0bf42cdff7a86080,OFFLINE,2021-08-05 03:39:40.737000+00:00,2021-10-29 04:20:00+00:00,78,300,122,7E701822D80EF10DEBEA008731637EA3,85.02800072916666,4,Friday,3,Thursday,2021-10-29 00:00:00+00:00,2021-11-05 00:00:00+00:00,False,,
e8ca7f13b92dac2d498490a6dc7061ce,OFFLINE,2021-01-28 10:41:17.800000+00:00,2021-10-29 04:46:00+00:00,78,1EF,165,FF6F2DDF8AB23F3461E39CE6531C7EAB,273.7532662037037,4,Friday,10,Thursday,2021-10-29 00:00:00+00:00,2021-11-05 00:00:00+00:00,False,,
9f6856a7daf14d07274ff7f830227edc,OFFLINE,2021-08-05 04:07:04.311000+00:00,2021-10-29 04:48:00+00:00,88,300,580,08379264459A6EF0F8052CC20B9DD41F,85.02842232638889,4,Friday,4,Thursday,2021-10-29 00:00:00+00:00,2021-11-05 00:00:00+00:00,False,,
f947bf9ae6e82ca6b0b03a49d1a890d1,OFFLINE,2021-09-02 15:42:19.265000+00:00,2021-10-29 04:56:00+00:00,78,1EF,153,1162FF15A2450469905B590D62F7746E,56.551165914351856,4,Friday,15,Thursday,2021-10-29 00:00:00+00:00,2021-11-05 00:00:00+00:00,False,,
7fddcb9a27ba27378213f0bfdc6b62fc,OFFLINE,2021-09-09 16:36:58.685000+00:00,2021-10-29 05:16:00+00:00,78,300,86,7E701822D80EF10DEBEA008731637EA3,49.52709855324075,5,Friday,16,Thursday,2021-10-29 00:00:00+00:00,2021-11-05 00:00:00+00:00,False,,
57fd67d27ac5c17c2f834d9e29770e72,OFFLINE,2021-07-21 07:28:43.621000+00:00,2021-10-29 05:31:00+00:00,78,1EF,136,F23ABF889C244499ACA33B5CE1A7C848,99.91824512731482,5,Friday,7,Wednesday,2021-10-29 00:00:00+00:00,2021-11-05 00:00:00+00:00,False,,
d82f68d687a7f0b4ef1e63894d10ce52,ONLINE,2021-09-30 19:15:40.884000+00:00,2021-10-29 05:37:00+00:00,78,07B,165,10D023CEE6CC12F06C576EB33402E56B,28.431471249999998,5,Friday,19,Thursday,2021-10-29 00:00:00+00:00,2021-11-05 00:00:00+00:00,False,,
a52b17ff4a76947054cb48d148ec9f14,OFFLINE,2021-03-08 21:11:54.887000+00:00,2021-10-29 05:44:00+00:00,78,300,95,C0DD698BE0C1EA71FA3045950BEEC64B,234.35561473379633,5,Friday,21,Monday,2021-10-29 00:00:00+00:00,2021-11-05 00:00:00+00:00,False,,
fe66834410b31c82506d1462fa23bb96,ONLINE,2021-04-15 04:45:43.857000+00:00,2021-10-29 05:45:00+00:00,78,07B,76,4E8E60427140A514537C374BAA698D32,197.0411590625,5,Friday,4,Thursday,2021-10-29 00:00:00+00:00,2021-11-05 00:00:00+00:00,False,,
7017b18b5ad8cb10e2eac1e2afb1e51d,ONLINE,2021-04-09 05:51:38.335000+00:00,2021-10-29 05:54:00+00:00,78,300,142,08379264459A6EF0F8052CC20B9DD41F,203.0016396412037,5,Friday,5,Friday,2021-10-29 00:00:00+00:00,2021-11-05 00:00:00+00:00,False,,
9682dc050fa764ab6f365700c93ef385,OFFLINE,2021-09-01 03:59:59.938000+00:00,2021-10-29 05:54:00+00:00,78,1EF,240,1162FF15A2450469905B590D62F7746E,58.07916738425926,5,Friday,3,Wednesday,2021-10-29 00:00:00+00:00,2021-11-05 00:00:00+00:00,False,,
474c6fde33f8665b6d26ee19b637bd9a,ONLINE,2021-08-30 18:14:18.484000+00:00,2021-10-29 06:02:00+00:00,78,1EF,128,BB2033CE2FA4822C957B37DEB445B32C,59.49145273148148,6,Friday,18,Monday,2021-10-29 00:00:00+00:00,2021-11-05 00:00:00+00:00,False,,
fd05100bc8b3105f5294328ffdf78e6e,OFFLINE,2021-08-27 06:01:26.510000+00:00,2021-10-29 06:10:00+00:00,78,1EF,238,41BFBFEC8183E56CB413CDC32B3A4949,63.0059431712963,6,Friday,6,Friday,2021-10-29 00:00:00+00:00,2021-11-05 00:00:00+00:00,False,,
4c447216fac389642dbf3e701394996c,ONLINE,2021-07-26 15:24:14.879000+00:00,2021-10-29 06:20:00+00:00,78,1EF,129,96C3C752FA22E3A6918ADE4F355D3F8D,94.62205001157407,6,Friday,15,Monday,2021-10-29 00:00:00+00:00,2021-11-05 00:00:00+00:00,False,,
5e002b4e25c152564941a71094fb6931,OFFLINE,2021-10-04 14:07:24.756000+00:00,2021-10-29 06:41:00+00:00,78,07B,86,9F9E66046BADAE5ABE94708CED879416,24.68999125,6,Friday,14,Monday,2021-10-29 00:00:00+00:00,2021-11-05 00:00:00+00:00,False,,
83287d62c306d9c342db314e4d33723b,OFFLINE,2021-08-14 15:49:09.235000+00:00,2021-10-29 06:47:00+00:00,78,07B,93,EEDD0125ADF9CD4325E56C39462533F5,75.62350422453703,6,Friday,15,Saturday,2021-10-29 00:00:00+00:00,2021-11-05 00:00:00+00:00,False,,
8550d430e58ca858a9f9884604e5325a,ONLINE,2021-10-06 04:40:55.723000+00:00,2021-10-29 06:48:00+00:00,78,300,185,C0DD698BE0C1EA71FA3045950BEEC64B,23.08824394675926,6,Friday,4,Wednesday,2021-10-29 00:00:00+00:00,2021-11-05 00:00:00+00:00,False,,
0707327a6127ef28e01c98c9675659dc,OFFLINE,2021-05-31 06:40:11.022000+00:00,2021-10-29 07:25:00+00:00,78,07B,256,4ECC8B694F4BB262BDD4B0A85952B71A,151.03112243055557,7,Friday,6,Monday,2021-10-29 00:00:00+00:00,2021-11-05 00:00:00+00:00,False,,
34767a15fad3ca2c73e52d4cfbf2c4af,OFFLINE,2021-05-20 05:10:17.135000+00:00,2021-10-29 07:31:00+00:00,78,300,68,08379264459A6EF0F8052CC20B9DD41F,162.0977183449074,7,Friday,5,Thursday,2021-10-29 00:00:00+00:00,2021-11-05 00:00:00+00:00,False,,
cf61379f71f2c2c2dc0009e1ecfa28da,OFFLINE,2021-03-06 14:05:54.876000+00:00,2021-10-29 07:52:00+00:00,78,300,103,7E701822D80EF10DEBEA008731637EA3,236.74033708333334,7,Friday,14,Saturday,2021-10-29 00:00:00+00:00,2021-11-05 00:00:00+00:00,False,,
90334e87a9cf138a189cb91d1038f32d,OFFLINE,2021-01-17 16:44:11.331000+00:00,2021-10-29 08:05:00+00:00,78,1EF,81,740CB1CA2BD83B3276B092195A6EB883,284.6394521875,8,Friday,16,Sunday,2021-10-29 00:00:00+00:00,2021-11-05 00:00:00+00:00,False,,
8463bacd7e3ba33d9bab6af40c005480,OFFLINE,2021-05-10 09:35:37.842000+00:00,2021-10-29 08:40:00+00:00,78,300,50,526A1D40F50BBB44821C0C0FDE8E16B7,171.96136756944443,8,Friday,9,Monday,2021-10-29 00:00:00+00:00,2021-11-05 00:00:00+00:00,False,,
7c13b3c93763e8676e163537239b0cc3,OFFLINE,2021-02-02 07:31:24.786000+00:00,2021-10-29 08:52:00+00:00,78,1EF,137,4DF70D744AB4B2076706A37F1EBAC6B9,269.055963125,8,Friday,7,Tuesday,2021-10-29 00:00:00+00:00,2021-11-05 00:00:00+00:00,False,,
ff9bb5212d8968264e77d3254376c38d,OFFLINE,2021-06-14 13:17:08.440000+00:00,2021-10-29 09:00:00+00:00,78,07B,69,EEDD0125ADF9CD4325E56C39462533F5,136.8214300925926,9,Friday,13,Monday,2021-10-29 00:00:00+00:00,2021-11-05 00:00:00+00:00,False,,
e99d1c283a86b727d260aa47f061f91c,OFFLINE,2021-08-09 16:38:41.959000+00:00,2021-10-29 09:36:00+00:00,78,1EF,60,0668909560B9D2AF8FDA5489BCAA5FFF,80.70645880787038,9,Friday,16,Monday,2021-10-29 00:00:00+00:00,2021-11-05 00:00:00+00:00,False,,
03bcb429059fffc222d1a98c41641e56,OFFLINE,2021-02-19 13:28:31.957000+00:00,2021-10-29 09:45:00+00:00,78,07B,172,294B021232C509826A57AC3136B8ABDD,251.8447690162037,9,Friday,13,Friday,2021-10-29 00:00:00+00:00,2021-11-05 00:00:00+00:00,False,,
a3947e8171dbf8571515dd15250f2dda,OFFLINE,2021-02-25 08:10:45.349000+00:00,2021-10-29 09:59:00+00:00,78,07B,162,4E8E60427140A514537C374BAA698D32,246.07516957175926,9,Friday,8,Thursday,2021-10-29 00:00:00+00:00,2021-11-05 00:00:00+00:00,False,,
146dbf26a9842d6987eaad001c3cd331,OFFLINE,2021-03-05 11:12:21.177000+00:00,2021-10-29 10:00:00+00:00,78,1EF,160,740CB1CA2BD83B3276B092195A6EB883,237.9497548958333,10,Friday,11,Friday,2021-10-29 00:00:00+00:00,2021-11-05 00:00:00+00:00,False,,
e7082643dd47d4d185b6df5b27adfda0,OFFLINE,2021-10-05 09:13:28.794000+00:00,2021-10-29 10:01:00+00:00,78,300,128,C0DD698BE0C1EA71FA3045950BEEC64B,24.033000069444444,10,Friday,9,Tuesday,2021-10-29 00:00:00+00:00,2021-11-05 00:00:00+00:00,False,,
90497c8e8fb8f69ea5a23e6fd42a959d,ONLINE,2021-10-15 17:25:48.752000+00:00,2021-10-29 10:06:00+00:00,78,300,88,E56AE16934A0D29EBF24915402A7E5ED,13.694574629629628,10,Friday,17,Friday,2021-10-29 00:00:00+00:00,2021-11-05 00:00:00+00:00,False,,
aaf0b25b11b746ec203d40aa2433c060,OFFLINE,2021-08-11 09:40:25.259000+00:00,2021-10-29 10:09:00+00:00,78,1EF,145,4DF70D744AB4B2076706A37F1EBAC6B9,79.01984653935186,10,Friday,9,Wednesday,2021-10-29 00:00:00+00:00,2021-11-05 00:00:00+00:00,False,,
0eb0e5254169db6bc7d8cfbed6d63f97,OFFLINE,2021-04-01 05:21:41.510000+00:00,2021-10-29 10:14:00+00:00,78,07B,115,294B021232C509826A57AC3136B8ABDD,211.2029917824074,10,Friday,5,Thursday,2021-10-29 00:00:00+00:00,2021-11-05 00:00:00+00:00,False,,
a3f4f7bfdbcc22eb982eb4bd258257fa,ONLINE,2021-03-10 11:53:13.133000+00:00,2021-10-29 10:14:00+00:00,78,07B,69,10D023CEE6CC12F06C576EB33402E56B,232.93109799768516,10,Friday,11,Wednesday,2021-10-29 00:00:00+00:00,2021-11-05 00:00:00+00:00,False,,
5b1b3bb287f309103b9f630dde1183a5,OFFLINE,2021-05-20 12:30:51.249000+00:00,2021-10-29 10:39:00+00:00,78,1EF,85,A00AF20362FBDDE9E3869D787E4693AF,161.92232350694445,10,Friday,12,Thursday,2021-10-29 00:00:00+00:00,2021-11-05 00:00:00+00:00,False,,
f532e997c4b18b302c442ab48e83da42,OFFLINE,2021-02-27 10:17:04.456000+00:00,2021-10-29 10:54:00+00:00,78,300,97,09B36CB8AB7325477B80E99BE8FB2D02,244.02564287037038,10,Friday,10,Saturday,2021-10-29 00:00:00+00:00,2021-11-05 00:00:00+00:00,False,,
739fa91e9be12b73cc1cc23d9e663349,OFFLINE,2021-05-10 11:37:58.146000+00:00,2021-10-29 11:03:00+00:00,78,07B,102,294B021232C509826A57AC3136B8ABDD,171.97571590277778,11,Friday,11,Monday,2021-10-29 00:00:00+00:00,2021-11-05 00:00:00+00:00,False,,
5474ffcc5ba7818d0888b3cb136fe4b4,OFFLINE,2021-03-19 08:20:05.971000+00:00,2021-10-29 11:07:00+00:00,78,07B,133,9FFABDFED33FB837D72433191B5668D5,224.11590311342593,11,Friday,8,Friday,2021-10-29 00:00:00+00:00,2021-11-05 00:00:00+00:00,False,,
bedfad817a98d5433d2f6ce6d11d9007,OFFLINE,2021-03-03 08:22:34.512000+00:00,2021-10-29 11:08:00+00:00,78,300,108,E56AE16934A0D29EBF24915402A7E5ED,240.11487833333337,11,Friday,8,Wednesday,2021-10-29 00:00:00+00:00,2021-11-05 00:00:00+00:00,False,,
c75da9eac185d6e45184a8b1314315cc,ONLINE,2021-05-01 19:42:46.330000+00:00,2021-10-29 11:11:00+00:00,78,300,162,E56AE16934A0D29EBF24915402A7E5ED,180.64460266203704,11,Friday,19,Saturday,2021-10-29 00:00:00+00:00,2021-11-05 00:00:00+00:00,False,,
3016b71c8af4d752b9107150a9b10465,OFFLINE,2021-04-16 09:12:28.820000+00:00,2021-10-29 11:41:00+00:00,78,07B,90,4ECC8B694F4BB262BDD4B0A85952B71A,196.1031386574074,11,Friday,9,Friday,2021-10-29 00:00:00+00:00,2021-11-05 00:00:00+00:00,False,,
152448710439f0651f813a179c2e091d,OFFLINE,2021-10-05 03:58:25.198000+00:00,2021-10-29 12:08:00+00:00,78,300,176,56C3843EA0BAA7B2438B58CFC2BBD0FF,24.33998613425926,12,Friday,3,Tuesday,2021-10-29 00:00:00+00:00,2021-11-05 00:00:00+00:00,False,,
432f86a1c48428daed8bf3f8cdd59576,OFFLINE,2021-04-19 15:02:17.816000+00:00,2021-10-29 12:11:00+00:00,78,07B,101,294B021232C509826A57AC3136B8ABDD,192.8810437962963,12,Friday,15,Monday,2021-10-29 00:00:00+00:00,2021-11-05 00:00:00+00:00,False,,
16a4bd77161fe9efa1546adba8d93a89,OFFLINE,2021-09-23 05:51:55.222000+00:00,2021-10-29 12:18:00+00:00,78,07B,95,EEDD0125ADF9CD4325E56C39462533F5,36.26811085648148,12,Friday,5,Thursday,2021-10-29 00:00:00+00:00,2021-11-05 00:00:00+00:00,False,,
6d8e0ec705eff72ae21989aa60fe98ca,OFFLINE,2021-04-02 05:43:24.806000+00:00,2021-10-29 12:28:00+00:00,78,1EF,93,4DF70D744AB4B2076706A37F1EBAC6B9,210.2809628935185,12,Friday,5,Friday,2021-10-29 00:00:00+00:00,2021-11-05 00:00:00+00:00,False,,
fceafddeeef0d3229dc600dd156376a3,OFFLINE,2021-02-10 13:33:28.023000+00:00,2021-10-29 12:32:00+00:00,78,07B,112,EEDD0125ADF9CD4325E56C39462533F5,260.9573145486111,12,Friday,13,Wednesday,2021-10-29 00:00:00+00:00,2021-11-05 00:00:00+00:00,False,,
97ca0048963e5bdc24fc9f88ee834f76,OFFLINE,2021-09-21 08:15:56.800000+00:00,2021-10-29 12:34:00+00:00,78,1EF,121,BB2033CE2FA4822C957B37DEB445B32C,38.179203703703706,12,Friday,8,Tuesday,2021-10-29 00:00:00+00:00,2021-11-05 00:00:00+00:00,False,,
72381c8a8db45d1d88bc0d6148d9068b,OFFLINE,2021-02-22 10:36:30.409000+00:00,2021-10-29 12:39:00+00:00,78,1EF,117,740CB1CA2BD83B3276B092195A6EB883,249.08506471064814,12,Friday,10,Monday,2021-10-29 00:00:00+00:00,2021-11-05 00:00:00+00:00,False,,
6f7722e0a693d6801995a0172016e357,OFFLINE,2021-06-05 13:12:15.080000+00:00,2021-10-29 12:50:00+00:00,78,1EF,190,96C3C752FA22E3A6918ADE4F355D3F8D,145.9845476851852,12,Friday,13,Saturday,2021-10-29 00:00:00+00:00,2021-11-05 00:00:00+00:00,False,,
2fde26c56a0368a1228239aef4657736,ONLINE,2021-02-02 10:39:25.548000+00:00,2021-10-29 12:56:00+00:00,78,07B,90,10D023CEE6CC12F06C576EB33402E56B,269.0948431944444,12,Friday,10,Tuesday,2021-10-29 00:00:00+00:00,2021-11-05 00:00:00+00:00,False,,
040bf406a62945626c3d782d31f7cbce,ONLINE,2021-06-01 11:21:21.433000+00:00,2021-10-29 13:17:00+00:00,78,1EF,125,38BB76CCFDD8129EF62B3AF5480605C7,150.08030748842592,13,Friday,11,Tuesday,2021-10-29 00:00:00+00:00,2021-11-05 00:00:00+00:00,False,,
30efec45811b4284978943d9203222bc,ONLINE,2021-10-29 12:44:52.615000+00:00,2021-10-29 13:31:00+00:00,78,07B,163,4E8E60427140A514537C374BAA698D32,0.032029918981481484,13,Friday,12,Friday,2021-10-29 00:00:00+00:00,2021-11-05 00:00:00+00:00,False,,
7aaa01f8d4439827b7333428438bce9b,ONLINE,2021-10-05 03:55:13.615000+00:00,2021-10-29 13:32:00+00:00,78,300,68,1BA53B5BBB76E9903A2CF8FF02C37293,24.400536863425923,13,Friday,3,Tuesday,2021-10-29 00:00:00+00:00,2021-11-05 00:00:00+00:00,False,,
ab37be2ea4e17264a3dca5261aa0915b,OFFLINE,2021-06-19 05:16:15.508000+00:00,2021-10-29 13:34:00+00:00,78,1EF,144,7B36B12A4C581DFCF8BF406AECA45564,132.3456538425926,13,Friday,5,Saturday,2021-10-29 00:00:00+00:00,2021-11-05 00:00:00+00:00,False,,
9044634a979e9124917bc2d832e5e835,OFFLINE,2021-09-14 04:23:19.241000+00:00,2021-10-29 13:36:00+00:00,78,1EF,100,FF6F2DDF8AB23F3461E39CE6531C7EAB,45.38380508101852,13,Friday,4,Tuesday,2021-10-29 00:00:00+00:00,2021-11-05 00:00:00+00:00,False,,
9dbd46149b0ee3da9bf36a4cf0096f27,ONLINE,2021-10-24 09:08:07.371000+00:00,2021-10-29 13:38:00+00:00,78,1EF,180,4DBE83E28F1DFA3ED9C79A2C577BFBDE,5.1874146875000005,13,Friday,9,Sunday,2021-10-29 00:00:00+00:00,2021-11-05 00:00:00+00:00,False,,
a057777c9331725b2a32b684cc01d76f,OFFLINE,2021-02-04 14:46:45.396000+00:00,2021-10-29 13:41:00+00:00,78,07B,66,EEDD0125ADF9CD4325E56C39462533F5,266.9543356944444,13,Friday,14,Thursday,2021-10-29 00:00:00+00:00,2021-11-05 00:00:00+00:00,False,,
684887973ad45ade5dfffa1ddf744897,OFFLINE,2021-06-24 17:27:32.189000+00:00,2021-10-29 13:58:00+00:00,78,1EF,80,2C10D809ABD31810F4E95F4E500EFA7E,126.85448855324074,13,Friday,17,Thursday,2021-10-29 00:00:00+00:00,2021-11-05 00:00:00+00:00,False,,
b65413b0d8ac4b6b3a13726597e8d466,OFFLINE,2021-02-09 10:21:10.518000+00:00,2021-10-29 14:39:00+00:00,78,07B,75,EEDD0125ADF9CD4325E56C39462533F5,262.17904493055556,14,Friday,10,Tuesday,2021-10-29 00:00:00+00:00,2021-11-05 00:00:00+00:00,False,,
9acb127fffaad0e07a63969fb5a427e9,OFFLINE,2021-10-12 14:40:15.755000+00:00,2021-10-29 14:43:00+00:00,78,300,50,09B36CB8AB7325477B80E99BE8FB2D02,17.001900983796297,14,Friday,14,Tuesday,2021-10-29 00:00:00+00:00,2021-11-05 00:00:00+00:00,False,,
1b2f01cba40141c73c5dc583b6c4904c,OFFLINE,2021-08-04 14:12:46.382000+00:00,2021-10-29 14:45:00+00:00,78,300,77,08379264459A6EF0F8052CC20B9DD41F,86.02237983796296,14,Friday,14,Wednesday,2021-10-29 00:00:00+00:00,2021-11-05 00:00:00+00:00,False,,
ea0e92ee3c7e56c95b2c3659b58db8c5,ONLINE,2021-06-17 15:50:31.449000+00:00,2021-10-29 14:49:00+00:00,78,07B,75,294B021232C509826A57AC3136B8ABDD,133.95727489583334,14,Friday,15,Thursday,2021-10-29 00:00:00+00:00,2021-11-05 00:00:00+00:00,False,,
03215504587b04ac6dbbd6795ba628c3,OFFLINE,2021-01-17 20:50:45.473000+00:00,2021-10-29 14:51:00+00:00,78,07B,68,294B021232C509826A57AC3136B8ABDD,284.7501681365741,14,Friday,20,Sunday,2021-10-29 00:00:00+00:00,2021-11-05 00:00:00+00:00,False,,
87f125f83671a390bad49f807eb6b537,OFFLINE,2021-07-28 04:20:48.951000+00:00,2021-10-29 14:51:00+00:00,78,300,132,08379264459A6EF0F8052CC20B9DD41F,93.43762788194444,14,Friday,4,Wednesday,2021-10-29 00:00:00+00:00,2021-11-05 00:00:00+00:00,False,,
73f561f3870a336ce6f44501fa42fef3,OFFLINE,2021-09-28 14:11:02.519000+00:00,2021-10-29 14:55:00+00:00,78,07B,120,C142F51706DA139EC3DCAA250682C61A,31.030526400462964,14,Friday,14,Tuesday,2021-10-29 00:00:00+00:00,2021-11-05 00:00:00+00:00,False,,
0789e065ebef5935a81c72920d7c880d,OFFLINE,2021-10-12 21:13:07.520000+00:00,2021-10-29 15:37:00+00:00,78,300,107,89D534629771B04F61D1971C3068D1BD,16.76657962962963,15,Friday,21,Tuesday,2021-10-29 00:00:00+00:00,2021-11-05 00:00:00+00:00,False,,
12a10111cf37bb5fc5787d0689219346,OFFLINE,2021-05-21 07:24:27.488000+00:00,2021-10-29 16:07:00+00:00,78,07B,50,294B021232C509826A57AC3136B8ABDD,161.3628762962963,16,Friday,7,Friday,2021-10-29 00:00:00+00:00,2021-11-05 00:00:00+00:00,False,,
210b226dca2e06e7f5524215a2d23ff7,OFFLINE,2021-03-13 06:43:46.842000+00:00,2021-10-29 16:51:00+00:00,78,07B,161,EE735FFED3A6072D13A30636E658A03A,230.42168006944445,16,Friday,6,Saturday,2021-10-29 00:00:00+00:00,2021-11-05 00:00:00+00:00,False,,
0e04cee816efa72a521a070165f6176e,OFFLINE,2021-01-29 18:43:24.445000+00:00,2021-10-29 17:29:00+00:00,78,300,64,89D534629771B04F61D1971C3068D1BD,272.94832818287034,17,Friday,18,Friday,2021-10-29 00:00:00+00:00,2021-11-05 00:00:00+00:00,False,,
ab39dd869ccf2106d6053b72379f2922,ONLINE,2021-09-23 08:17:48.428000+00:00,2021-10-29 17:44:00+00:00,78,07B,121,EE735FFED3A6072D13A30636E658A03A,36.393189490740745,17,Friday,8,Thursday,2021-10-29 00:00:00+00:00,2021-11-05 00:00:00+00:00,False,,
b0dfb2d884542b26540da0a1768cb9bc,OFFLINE,2021-06-13 18:23:47.573000+00:00,2021-10-29 18:07:00+00:00,78,300,70,C0DD698BE0C1EA71FA3045950BEEC64B,137.98833827546295,18,Friday,18,Sunday,2021-10-29 00:00:00+00:00,2021-11-05 00:00:00+00:00,False,,
37e533b56964717a26d933db90093a00,OFFLINE,2021-09-15 09:01:59.848000+00:00,2021-10-29 18:15:00+00:00,78,300,50,08379264459A6EF0F8052CC20B9DD41F,44.38402953703704,18,Friday,9,Wednesday,2021-10-29 00:00:00+00:00,2021-11-05 00:00:00+00:00,False,,
059af65d3d16c17c7ee4c2ccfc5280a1,OFFLINE,2021-09-02 19:29:09.858000+00:00,2021-10-29 18:53:00+00:00,78,07B,167,7A4560119B1440F826F97B91B425DABC,56.97488590277778,18,Friday,19,Thursday,2021-10-29 00:00:00+00:00,2021-11-05 00:00:00+00:00,False,,
66155fe084fb57d047c17d086c57a6a7,ONLINE,2021-04-09 16:39:50.070000+00:00,2021-10-29 18:58:00+00:00,78,300,96,D3CEA8B57F07B785543EDB2058A190CE,203.09594826388889,18,Friday,16,Friday,2021-10-29 00:00:00+00:00,2021-11-05 00:00:00+00:00,False,,
510afbe2179b96d44f9389a83a505d40,OFFLINE,2021-05-24 09:29:09.703000+00:00,2021-10-29 22:17:00+00:00,78,07B,99,EEDD0125ADF9CD4325E56C39462533F5,158.5332210300926,22,Friday,9,Monday,2021-10-29 00:00:00+00:00,2021-11-05 00:00:00+00:00,False,,
5e80e6a4878957cc82440ab594d2c114,OFFLINE,2021-04-05 23:24:11.250000+00:00,2021-10-29 22:38:00+00:00,78,07B,210,4E8E60427140A514537C374BAA698D32,206.96792534722223,22,Friday,23,Monday,2021-10-29 00:00:00+00:00,2021-11-05 00:00:00+00:00,False,,
024a7d2321f2fac1640f8c907045cb39,ONLINE,2021-02-14 07:47:43.948000+00:00,2021-11-10 02:36:00+00:00,78,1EF,92,F11BA079658F860875013A84EC1AEA2B,268.7835191203704,2,Wednesday,7,Sunday,2021-11-10 00:00:00+00:00,2021-11-17 00:00:00+00:00,False,,
5c8142ec2477487e3eba5c7a4443684f,ONLINE,2021-09-09 08:55:46.942000+00:00,2021-11-10 02:37:00+00:00,78,07B,86,3B56EC028568E71AF10B3360787CD0BC,61.73695668981482,2,Wednesday,8,Thursday,2021-11-10 00:00:00+00:00,2021-11-17 00:00:00+00:00,False,,
ce4452f73c30dbf3fd88b38fca860394,OFFLINE,2021-04-29 16:50:06.842000+00:00,2021-11-10 02:39:00+00:00,78,300,70,89D534629771B04F61D1971C3068D1BD,194.40894858796295,2,Wednesday,16,Thursday,2021-11-10 00:00:00+00:00,2021-11-17 00:00:00+00:00,False,,
17e4e116523d91380f324e1fb72140c6,ONLINE,2021-03-02 02:23:02.526000+00:00,2021-11-10 02:42:00+00:00,78,07B,74,4ECC8B694F4BB262BDD4B0A85952B71A,253.01316520833333,2,Wednesday,2,Tuesday,2021-11-10 00:00:00+00:00,2021-11-17 00:00:00+00:00,False,,
8d6452beca828af0a3cd805178380d2a,OFFLINE,2021-08-30 17:49:41.060000+00:00,2021-11-10 02:48:00+00:00,78,07B,93,4ECC8B694F4BB262BDD4B0A85952B71A,71.37383032407408,2,Wednesday,17,Monday,2021-11-10 00:00:00+00:00,2021-11-17 00:00:00+00:00,False,,
adf865951b2aa1e1c707022b0cc45a68,OFFLINE,2021-09-02 17:49:18.293000+00:00,2021-11-10 02:52:00+00:00,78,07B,122,EEDD0125ADF9CD4325E56C39462533F5,68.3768716087963,2,Wednesday,17,Thursday,2021-11-10 00:00:00+00:00,2021-11-17 00:00:00+00:00,False,,
39c0e3123c3f2c2a00eafbbb000f3f04,OFFLINE,2021-03-27 07:38:47.648000+00:00,2021-11-10 02:57:00+00:00,78,07B,103,294B021232C509826A57AC3136B8ABDD,227.80430962962964,2,Wednesday,7,Saturday,2021-11-10 00:00:00+00:00,2021-11-17 00:00:00+00:00,False,,
31a1d6b9eaf0791f78b468e728ff351a,OFFLINE,2021-04-17 12:11:19.895000+00:00,2021-11-10 03:19:00+00:00,78,300,50,09B36CB8AB7325477B80E99BE8FB2D02,206.63032528935184,3,Wednesday,12,Saturday,2021-11-10 00:00:00+00:00,2021-11-17 00:00:00+00:00,False,,
314aafc052f3e9abf54f45a241cb896a,OFFLINE,2021-09-28 11:31:06.300000+00:00,2021-11-10 03:22:00+00:00,78,300,86,2630D6FC6433A9A4C1C906C0D64BDDE1,42.66034375,3,Wednesday,11,Tuesday,2021-11-10 00:00:00+00:00,2021-11-17 00:00:00+00:00,False,,
ef765c9fe2b11fb9340cfd760bbdcff9,ONLINE,2021-04-17 06:02:08.815000+00:00,2021-11-10 03:55:00+00:00,78,1EF,67,A00AF20362FBDDE9E3869D787E4693AF,206.91170353009258,3,Wednesday,6,Saturday,2021-11-10 00:00:00+00:00,2021-11-17 00:00:00+00:00,False,,
6b2d5ba39057a070499faa77e5e152de,ONLINE,2021-09-05 06:55:50.589000+00:00,2021-11-10 03:58:00+00:00,78,07B,77,EEDD0125ADF9CD4325E56C39462533F5,65.8764978125,3,Wednesday,6,Sunday,2021-11-10 00:00:00+00:00,2021-11-17 00:00:00+00:00,False,,
da35d4538028d5cf690ab7e420fe74fb,OFFLINE,2021-08-28 23:05:24.747000+00:00,2021-11-10 04:20:00+00:00,78,1EF,142,D5CECB3D35FF9FEF0E46207CFE4A5F29,73.21846357638888,4,Wednesday,23,Saturday,2021-11-10 00:00:00+00:00,2021-11-17 00:00:00+00:00,False,,
94f1d5c6b1552cd394719df564711acf,OFFLINE,2021-02-20 11:29:05.656000+00:00,2021-11-10 04:24:00+00:00,78,300,58,4FB52D1F31461850C15CC1C15A02931B,262.70479564814815,4,Wednesday,11,Saturday,2021-11-10 00:00:00+00:00,2021-11-17 00:00:00+00:00,False,,
97082f9f21e9c75f6ab100591c33901f,OFFLINE,2021-06-27 15:01:42.878000+00:00,2021-11-10 04:34:00+00:00,78,07B,105,4E8E60427140A514537C374BAA698D32,135.5640870601852,4,Wednesday,15,Sunday,2021-11-10 00:00:00+00:00,2021-11-17 00:00:00+00:00,False,,
8487caab05a9533aa06e805df9ffd913,ONLINE,2021-09-29 20:00:12.311000+00:00,2021-11-10 04:41:00+00:00,78,07B,126,EEDD0125ADF9CD4325E56C39462533F5,41.361663067129626,4,Wednesday,20,Wednesday,2021-11-10 00:00:00+00:00,2021-11-17 00:00:00+00:00,False,,
f9d99571ea49f29b8d06eebc8257489d,ONLINE,2021-09-01 02:41:32.946000+00:00,2021-11-10 04:49:00+00:00,78,300,102,1BA53B5BBB76E9903A2CF8FF02C37293,70.08850756944445,4,Wednesday,2,Wednesday,2021-11-10 00:00:00+00:00,2021-11-17 00:00:00+00:00,False,,
eaed5cb3ffe829b7397c5e43688d77fc,ONLINE,2021-09-07 10:12:41.973000+00:00,2021-11-10 05:07:00+00:00,78,07B,196,3BA1172F566EDC7D37511BBF59F34142,63.787708645833334,5,Wednesday,10,Tuesday,2021-11-10 00:00:00+00:00,2021-11-17 00:00:00+00:00,False,,
81043c774ccaf59a21c7ebb8063a793e,OFFLINE,2021-08-17 13:08:40.743000+00:00,2021-11-10 05:17:00+00:00,78,300,95,E56AE16934A0D29EBF24915402A7E5ED,84.67244510416667,5,Wednesday,13,Tuesday,2021-11-10 00:00:00+00:00,2021-11-17 00:00:00+00:00,False,,
ce69baacb2f73c0663c4fd182b04a5dc,OFFLINE,2021-09-08 10:46:55.379000+00:00,2021-11-10 05:19:00+00:00,78,300,79,7E701822D80EF10DEBEA008731637EA3,62.77227570601852,5,Wednesday,10,Wednesday,2021-11-10 00:00:00+00:00,2021-11-17 00:00:00+00:00,False,,
31e9c7164c1fd499efcd2ec65fb6c1a7,OFFLINE,2021-07-10 06:46:51.960000+00:00,2021-11-10 05:21:00+00:00,78,07B,316,4575953E5DD96D9E301B05E12FB12540,122.94037083333332,5,Wednesday,6,Saturday,2021-11-10 00:00:00+00:00,2021-11-17 00:00:00+00:00,False,,
f38440e3b76c4472c51e6a96edbb5adc,ONLINE,2021-03-30 03:24:58.712000+00:00,2021-11-10 05:22:00+00:00,78,07B,141,4ECC8B694F4BB262BDD4B0A85952B71A,225.0812649074074,5,Wednesday,3,Tuesday,2021-11-10 00:00:00+00:00,2021-11-17 00:00:00+00:00,False,,
6e079d162d9d528d88ac047d75f9ddb0,OFFLINE,2021-09-30 15:00:56.308000+00:00,2021-11-10 05:23:00+00:00,78,300,173,89D534629771B04F61D1971C3068D1BD,40.59865384259259,5,Wednesday,15,Thursday,2021-11-10 00:00:00+00:00,2021-11-17 00:00:00+00:00,False,,
7205d08bd91557426ea7fd04fc254280,OFFLINE,2021-06-26 19:06:19.586000+00:00,2021-11-10 05:35:00+00:00,78,300,50,526A1D40F50BBB44821C0C0FDE8E16B7,136.43657886574076,5,Wednesday,19,Saturday,2021-11-10 00:00:00+00:00,2021-11-17 00:00:00+00:00,False,,
714de817a6f221493893c61a83419ca0,OFFLINE,2021-05-20 11:01:15.275000+00:00,2021-11-10 05:39:00+00:00,78,1EF,106,740CB1CA2BD83B3276B092195A6EB883,173.7762120949074,5,Wednesday,11,Thursday,2021-11-10 00:00:00+00:00,2021-11-17 00:00:00+00:00,False,,
e3a1864c43c86202d10b364ad48c282b,OFFLINE,2021-07-13 18:57:48.918000+00:00,2021-11-10 05:52:00+00:00,78,07B,90,4ECC8B694F4BB262BDD4B0A85952B71A,119.45429493055556,5,Wednesday,18,Tuesday,2021-11-10 00:00:00+00:00,2021-11-17 00:00:00+00:00,False,,
e2e0ed7706bbc1adc402a3f7f0547b01,OFFLINE,2021-06-20 13:34:39.240000+00:00,2021-11-10 06:04:00+00:00,78,300,142,526A1D40F50BBB44821C0C0FDE8E16B7,142.68704583333334,6,Wednesday,13,Sunday,2021-11-10 00:00:00+00:00,2021-11-17 00:00:00+00:00,False,,
e2cc0e6d5c2d54e6ff71d6b6e2ca88f8,OFFLINE,2021-10-04 09:40:03.875000+00:00,2021-11-10 06:14:00+00:00,78,1EF,67,38BB76CCFDD8129EF62B3AF5480605C7,36.85689959490741,6,Wednesday,9,Monday,2021-11-10 00:00:00+00:00,2021-11-17 00:00:00+00:00,False,,
dc2e3bddcccc0e263a787bcde15627f1,OFFLINE,2021-03-25 12:39:20.923000+00:00,2021-11-10 06:40:00+00:00,78,07B,113,EEDD0125ADF9CD4325E56C39462533F5,229.7504522800926,6,Wednesday,12,Thursday,2021-11-10 00:00:00+00:00,2021-11-17 00:00:00+00:00,False,,
7f18b7aa1ac7422d8bbd5c1753020bd5,OFFLINE,2021-09-20 08:28:03.754000+00:00,2021-11-10 06:41:00+00:00,78,300,113,89D534629771B04F61D1971C3068D1BD,50.925650995370376,6,Wednesday,8,Monday,2021-11-10 00:00:00+00:00,2021-11-17 00:00:00+00:00,False,,
8fb8ec9e813fbfbccecf0eb52d1ae2e3,ONLINE,2021-09-01 17:20:49.287000+00:00,2021-11-10 06:48:00+00:00,78,1EF,146,7B36B12A4C581DFCF8BF406AECA45564,69.56054065972222,6,Wednesday,17,Wednesday,2021-11-10 00:00:00+00:00,2021-11-17 00:00:00+00:00,False,,
281b42177c3b505710d0d61d91599b00,OFFLINE,2021-10-10 14:02:11.275000+00:00,2021-11-10 06:54:00+00:00,78,1EF,79,5CD6463B9C20BA10DA25A431F2D844A6,30.702647280092595,6,Wednesday,14,Sunday,2021-11-10 00:00:00+00:00,2021-11-17 00:00:00+00:00,False,,
a8338d5a89ec69c2cdb080833983f667,OFFLINE,2021-02-28 12:20:17.381000+00:00,2021-11-10 06:55:00+00:00,78,07B,127,9FFABDFED33FB837D72433191B5668D5,254.77410438657407,6,Wednesday,12,Sunday,2021-11-10 00:00:00+00:00,2021-11-17 00:00:00+00:00,False,,
8c715dcaa880d7be932bd7af03277c73,OFFLINE,2021-08-31 15:08:36.101000+00:00,2021-11-10 07:12:00+00:00,78,07B,104,4E8E60427140A514537C374BAA698D32,70.6690266087963,7,Wednesday,15,Tuesday,2021-11-10 00:00:00+00:00,2021-11-17 00:00:00+00:00,False,,
bfaae289cfce37507eb0e9b82ccfcac3,OFFLINE,2021-02-03 09:42:11.690000+00:00,2021-11-10 07:13:00+00:00,78,07B,82,EEDD0125ADF9CD4325E56C39462533F5,279.8963924768518,7,Wednesday,9,Wednesday,2021-11-10 00:00:00+00:00,2021-11-17 00:00:00+00:00,False,,
e767348d663c0b8061138377cd4483f0,OFFLINE,2021-07-05 06:46:48.031000+00:00,2021-11-10 07:16:00+00:00,78,07B,215,5D80F97CDC9BD4BCBB7BFA0B329E6A7B,128.0202774189815,7,Wednesday,6,Monday,2021-11-10 00:00:00+00:00,2021-11-17 00:00:00+00:00,False,,
6366c046288fca7bf77ebc71a315d7ce,ONLINE,2021-04-15 15:44:37.782000+00:00,2021-11-10 07:27:00+00:00,78,1EF,128,FF6F2DDF8AB23F3461E39CE6531C7EAB,208.65442381944442,7,Wednesday,15,Thursday,2021-11-10 00:00:00+00:00,2021-11-17 00:00:00+00:00,False,,
204725bc34998290cda628ff4f48603f,OFFLINE,2021-09-21 04:05:55.947000+00:00,2021-11-10 07:35:00+00:00,78,07B,77,2D9F8B5DDB0A7BD6F060DBAA34EC0CFF,50.14518579861112,7,Wednesday,4,Tuesday,2021-11-10 00:00:00+00:00,2021-11-17 00:00:00+00:00,False,,
63588d56bf78a15f34bb6b0ff703b798,ONLINE,2021-05-30 11:08:19.213000+00:00,2021-11-10 07:48:00+00:00,78,07B,193,EE735FFED3A6072D13A30636E658A03A,163.86088873842593,7,Wednesday,11,Sunday,2021-11-10 00:00:00+00:00,2021-11-17 00:00:00+00:00,False,,
50ddf27cb87964abfc0ece61f1cd74aa,OFFLINE,2021-09-02 04:43:26.325000+00:00,2021-11-10 07:54:00+00:00,78,1EF,151,F6AD024DDBE30DC433E2D9BE8AB5CBDC,69.13233420138889,7,Wednesday,4,Thursday,2021-11-10 00:00:00+00:00,2021-11-17 00:00:00+00:00,False,,
8c1fb090c10a192c88ab28a558709daa,OFFLINE,2021-03-19 06:56:58.880000+00:00,2021-11-10 07:55:00+00:00,78,07B,92,B0B076A3064F0AEA0A2AAC679ECE5F62,236.04029074074074,7,Wednesday,6,Friday,2021-11-10 00:00:00+00:00,2021-11-17 00:00:00+00:00,False,,
bdc63268795e7d79ccae38d6299333d4,ONLINE,2021-07-17 09:05:55.067000+00:00,2021-11-10 07:56:00+00:00,78,1EF,97,BB2033CE2FA4822C957B37DEB445B32C,115.9514459837963,7,Wednesday,9,Saturday,2021-11-10 00:00:00+00:00,2021-11-17 00:00:00+00:00,False,,
05fd4919808005f272cbe5cfb01e5a11,ONLINE,2021-05-08 07:46:52.990000+00:00,2021-11-10 08:06:00+00:00,78,07B,138,4E8E60427140A514537C374BAA698D32,186.0132755787037,8,Wednesday,7,Saturday,2021-11-10 00:00:00+00:00,2021-11-17 00:00:00+00:00,False,,
500bcd128c2b3b514ed63a5a685c940a,OFFLINE,2021-03-03 19:04:00.197000+00:00,2021-11-10 08:33:00+00:00,78,1EF,101,5CD6463B9C20BA10DA25A431F2D844A6,251.56180327546295,8,Wednesday,19,Wednesday,2021-11-10 00:00:00+00:00,2021-11-17 00:00:00+00:00,False,,
700e1ed7646f7d980eddbc4829e5a8b9,ONLINE,2021-06-10 06:55:59.087000+00:00,2021-11-10 08:39:00+00:00,78,300,182,56C3843EA0BAA7B2438B58CFC2BBD0FF,153.07153834490742,8,Wednesday,6,Thursday,2021-11-10 00:00:00+00:00,2021-11-17 00:00:00+00:00,False,,
ccb250ba0af05d7fc65fd444dd8e0619,OFFLINE,2021-03-14 21:01:06.510000+00:00,2021-11-10 09:19:00+00:00,78,07B,70,294B021232C509826A57AC3136B8ABDD,240.51242465277775,9,Wednesday,21,Sunday,2021-11-10 00:00:00+00:00,2021-11-17 00:00:00+00:00,False,,
0caff77f4c8866e3d5199011a1ac14c0,ONLINE,2021-07-02 07:36:34.494000+00:00,2021-11-10 09:34:00+00:00,78,07B,198,9FFABDFED33FB837D72433191B5668D5,131.08154520833332,9,Wednesday,7,Friday,2021-11-10 00:00:00+00:00,2021-11-17 00:00:00+00:00,False,,
97b2c5bea92a68d58a26de82eb4809bd,OFFLINE,2021-08-26 05:57:08.559000+00:00,2021-11-10 09:43:00+00:00,78,300,50,612D21728D2539ECADF40493AACAF39A,76.15684538194444,9,Wednesday,5,Thursday,2021-11-10 00:00:00+00:00,2021-11-17 00:00:00+00:00,False,,
df9edd82c12f08c8ac150ccb4ee00092,OFFLINE,2021-02-26 09:43:02.615000+00:00,2021-11-10 09:46:00+00:00,78,1EF,75,1162FF15A2450469905B590D62F7746E,257.0020530671296,9,Wednesday,9,Friday,2021-11-10 00:00:00+00:00,2021-11-17 00:00:00+00:00,False,,
8602e6267109cb1e802adea8ec5baef5,ONLINE,2021-09-10 19:00:24.903000+00:00,2021-11-10 10:10:00+00:00,78,07B,105,EE735FFED3A6072D13A30636E658A03A,60.63165621527778,10,Wednesday,19,Friday,2021-11-10 00:00:00+00:00,2021-11-17 00:00:00+00:00,False,,
5f026f7deadd49371bbb62d32a99feaa,OFFLINE,2021-07-27 06:03:23.874000+00:00,2021-11-10 10:14:00+00:00,78,300,50,E56AE16934A0D29EBF24915402A7E5ED,106.17402923611111,10,Wednesday,6,Tuesday,2021-11-10 00:00:00+00:00,2021-11-17 00:00:00+00:00,False,,
d88c098c94b2e6de8f917450a3bcd8da,ONLINE,2021-02-25 10:47:44.364000+00:00,2021-11-10 10:15:00+00:00,78,1EF,149,5CD6463B9C20BA10DA25A431F2D844A6,257.97726430555554,10,Wednesday,10,Thursday,2021-11-10 00:00:00+00:00,2021-11-17 00:00:00+00:00,False,,
d63ef93bb204163f5be748d9d5714a12,OFFLINE,2021-06-20 15:26:24.921000+00:00,2021-11-10 10:27:00+00:00,78,1EF,99,BB2033CE2FA4822C957B37DEB445B32C,142.7920726736111,10,Wednesday,15,Sunday,2021-11-10 00:00:00+00:00,2021-11-17 00:00:00+00:00,False,,
18fb0a80cbd4d4562df300e8aee1a064,ONLINE,2021-10-11 09:15:57.931000+00:00,2021-11-10 10:33:00+00:00,78,07B,113,9F9E66046BADAE5ABE94708CED879416,30.053496168981482,10,Wednesday,9,Monday,2021-11-10 00:00:00+00:00,2021-11-17 00:00:00+00:00,False,,
e5409208c8216a96688909c94dd5cadf,OFFLINE,2021-03-29 09:37:24.734000+00:00,2021-11-10 10:42:00+00:00,78,07B,76,EEDD0125ADF9CD4325E56C39462533F5,226.04485261574072,10,Wednesday,9,Monday,2021-11-10 00:00:00+00:00,2021-11-17 00:00:00+00:00,False,,
cb7ffb1775f0811dbff177faf3706974,ONLINE,2021-04-04 07:21:44.196000+00:00,2021-11-10 10:52:00+00:00,78,07B,97,EE735FFED3A6072D13A30636E658A03A,220.14601625,10,Wednesday,7,Sunday,2021-11-10 00:00:00+00:00,2021-11-17 00:00:00+00:00,False,,
07e7e5a3917eca20509057630a99fad9,OFFLINE,2021-07-12 12:19:01.749000+00:00,2021-11-10 11:08:00+00:00,78,1EF,79,BB2033CE2FA4822C957B37DEB445B32C,120.95067420138889,11,Wednesday,12,Monday,2021-11-10 00:00:00+00:00,2021-11-17 00:00:00+00:00,False,,
2c5af668c81054f3b9b6772aded2d606,OFFLINE,2021-08-31 08:43:16.814000+00:00,2021-11-10 11:13:00+00:00,78,300,59,C0DD698BE0C1EA71FA3045950BEEC64B,71.10397206018519,11,Wednesday,8,Tuesday,2021-11-10 00:00:00+00:00,2021-11-17 00:00:00+00:00,False,,
5adccb6e40ad0c496a0fd00f9fdba446,ONLINE,2021-02-08 08:59:56.886000+00:00,2021-11-10 11:20:00+00:00,78,07B,170,4E8E60427140A514537C374BAA698D32,275.0972582638889,11,Wednesday,8,Monday,2021-11-10 00:00:00+00:00,2021-11-17 00:00:00+00:00,False,,
62e5881abe1a8a58413ac5470c3a02e6,OFFLINE,2021-05-10 08:13:49.642000+00:00,2021-11-10 11:36:00+00:00,78,07B,74,9F9E66046BADAE5ABE94708CED879416,184.14039766203703,11,Wednesday,8,Monday,2021-11-10 00:00:00+00:00,2021-11-17 00:00:00+00:00,False,,
32db80e16164d7dbd45be576a46918e0,ONLINE,2021-09-13 14:18:51.610000+00:00,2021-11-10 12:04:00+00:00,78,1EF,130,D5CECB3D35FF9FEF0E46207CFE4A5F29,57.906347106481476,12,Wednesday,14,Monday,2021-11-10 00:00:00+00:00,2021-11-17 00:00:00+00:00,False,,
50a0fded0a12d6531233d3655bbd6007,OFFLINE,2021-04-09 16:28:39.764000+00:00,2021-11-10 12:13:00+00:00,78,300,71,09B36CB8AB7325477B80E99BE8FB2D02,214.8224564351852,12,Wednesday,16,Friday,2021-11-10 00:00:00+00:00,2021-11-17 00:00:00+00:00,False,,
79119e905c2e9296c22c728b2afa4308,OFFLINE,2021-09-24 10:24:53.234000+00:00,2021-11-10 12:23:00+00:00,78,1EF,125,2C10D809ABD31810F4E95F4E500EFA7E,47.08202275462963,12,Wednesday,10,Friday,2021-11-10 00:00:00+00:00,2021-11-17 00:00:00+00:00,False,,
26ecef8b442f6706fe52a1e7e487bbce,OFFLINE,2021-03-17 11:38:41.546000+00:00,2021-11-10 12:35:00+00:00,78,07B,144,9FFABDFED33FB837D72433191B5668D5,238.03910247685184,12,Wednesday,11,Wednesday,2021-11-10 00:00:00+00:00,2021-11-17 00:00:00+00:00,False,,
a2e6c8022344499a84d0ad9a202fe72b,OFFLINE,2021-04-08 12:11:18.185000+00:00,2021-11-10 12:36:00+00:00,78,300,72,526A1D40F50BBB44821C0C0FDE8E16B7,216.0171506365741,12,Wednesday,12,Thursday,2021-11-10 00:00:00+00:00,2021-11-17 00:00:00+00:00,False,,
fd8bae585489858d8905de001f1e5323,OFFLINE,2021-10-08 17:18:52.258000+00:00,2021-11-10 12:41:00+00:00,78,1EF,158,FF6F2DDF8AB23F3461E39CE6531C7EAB,32.80703405092593,12,Wednesday,17,Friday,2021-11-10 00:00:00+00:00,2021-11-17 00:00:00+00:00,False,,
b216a00eb6d66b06bf5c0ab38f3942a2,OFFLINE,2021-05-17 08:38:54.324000+00:00,2021-11-10 12:46:00+00:00,78,07B,56,56129BC950F9E18A9F5DF651D9D267D1,177.17159347222224,12,Wednesday,8,Monday,2021-11-10 00:00:00+00:00,2021-11-17 00:00:00+00:00,False,,
fe3fc4ab6200a3508934f3e527ac225e,OFFLINE,2021-05-01 23:23:06.737000+00:00,2021-11-10 12:48:00+00:00,78,1EF,60,195FD095D9D7F47943113AF2CBCF9A75,192.55894980324075,12,Wednesday,23,Saturday,2021-11-10 00:00:00+00:00,2021-11-17 00:00:00+00:00,False,,
ada5dc901ed5d6451514ad9d9eea22a7,ONLINE,2021-07-12 13:10:08.151000+00:00,2021-11-10 12:50:00+00:00,78,07B,99,EEDD0125ADF9CD4325E56C39462533F5,120.98601677083333,12,Wednesday,13,Monday,2021-11-10 00:00:00+00:00,2021-11-17 00:00:00+00:00,False,,
51f3933028bd4474f2e740866645aae7,OFFLINE,2021-09-28 08:29:28.156000+00:00,2021-11-10 12:59:00+00:00,78,1EF,111,F5D32DD994477BAC9E1ACC96D65A0972,43.18717412037037,12,Wednesday,8,Tuesday,2021-11-10 00:00:00+00:00,2021-11-17 00:00:00+00:00,False,,
f5acdebe8db211c8b99ea29468f1ac2d,OFFLINE,2021-06-20 07:35:46.865000+00:00,2021-11-10 13:07:00+00:00,78,300,81,7E701822D80EF10DEBEA008731637EA3,143.23001313657406,13,Wednesday,7,Sunday,2021-11-10 00:00:00+00:00,2021-11-17 00:00:00+00:00,False,,
2f0f82c8eebdfa1634f2cc7f7f5578b9,OFFLINE,2021-09-24 04:42:19.341000+00:00,2021-11-10 13:17:00+00:00,78,07B,244,D03E45AE45CAFB97B315F3E4A7C2D615,47.35741503472222,13,Wednesday,4,Friday,2021-11-10 00:00:00+00:00,2021-11-17 00:00:00+00:00,False,,
e9688ad6d0621f797a296f4387c2f3ae,OFFLINE,2021-02-24 14:22:28.154000+00:00,2021-11-10 13:44:00+00:00,78,07B,120,294B021232C509826A57AC3136B8ABDD,258.9732852546296,13,Wednesday,14,Wednesday,2021-11-10 00:00:00+00:00,2021-11-17 00:00:00+00:00,False,,
22e7d34ca90cc211418dfcd4b657a725,ONLINE,2021-02-17 14:27:25.612000+00:00,2021-11-10 14:06:00+00:00,78,07B,65,4E8E60427140A514537C374BAA698D32,265.98512023148146,14,Wednesday,14,Wednesday,2021-11-10 00:00:00+00:00,2021-11-17 00:00:00+00:00,False,,
8ffe80b50f09c7c21e8565432d3525a5,OFFLINE,2021-03-19 14:56:31.369000+00:00,2021-11-10 14:15:00+00:00,78,1EF,241,F066DEFF7409FE06BB3F4539FBDF12A4,235.97116471064817,14,Wednesday,14,Friday,2021-11-10 00:00:00+00:00,2021-11-17 00:00:00+00:00,False,,
cdf1cf1183dd40f3360d019a17120979,OFFLINE,2021-05-27 17:55:40.844000+00:00,2021-11-10 14:15:00+00:00,78,1EF,113,4DF70D744AB4B2076706A37F1EBAC6B9,166.84674949074073,14,Wednesday,17,Thursday,2021-11-10 00:00:00+00:00,2021-11-17 00:00:00+00:00,False,,
9ddb414ad39be56403a261aeca47ced6,OFFLINE,2021-09-16 17:03:49.162000+00:00,2021-11-10 14:20:00+00:00,78,07B,115,4E8E60427140A514537C374BAA698D32,54.88623655092593,14,Wednesday,17,Thursday,2021-11-10 00:00:00+00:00,2021-11-17 00:00:00+00:00,False,,
1ede1c2a76257b2c6d0b359b41ee38c1,OFFLINE,2021-06-15 04:06:46.477000+00:00,2021-11-10 14:45:00+00:00,78,1EF,104,5CD6463B9C20BA10DA25A431F2D844A6,148.44321207175926,14,Wednesday,4,Tuesday,2021-11-10 00:00:00+00:00,2021-11-17 00:00:00+00:00,False,,
9d87fb6eeb91511e07126d361f000e34,ONLINE,2021-05-02 23:04:09.688000+00:00,2021-11-10 14:55:00+00:00,78,1EF,66,7B36B12A4C581DFCF8BF406AECA45564,191.66030453703704,14,Wednesday,23,Sunday,2021-11-10 00:00:00+00:00,2021-11-17 00:00:00+00:00,False,,
f47aa6af5f2abd046fdbda3b927378ef,OFFLINE,2021-03-02 20:22:38.348000+00:00,2021-11-10 15:30:00+00:00,78,07B,64,3B56EC028568E71AF10B3360787CD0BC,252.79677837962961,15,Wednesday,20,Tuesday,2021-11-10 00:00:00+00:00,2021-11-17 00:00:00+00:00,False,,
2fbc9a01f114a86147ea7b963f67f6e0,ONLINE,2021-07-05 09:41:02.310000+00:00,2021-11-10 15:34:00+00:00,78,1EF,94,08A9B54E00545ECCD369B8E5D2692E9F,128.24511215277778,15,Wednesday,9,Monday,2021-11-10 00:00:00+00:00,2021-11-17 00:00:00+00:00,False,,
a1e12ccf5e1e807329a57c0a98160b67,OFFLINE,2021-10-06 06:49:42.555000+00:00,2021-11-10 15:38:00+00:00,78,300,50,526A1D40F50BBB44821C0C0FDE8E16B7,35.36686857638889,15,Wednesday,6,Wednesday,2021-11-10 00:00:00+00:00,2021-11-17 00:00:00+00:00,False,,
a560b5da926cbc7588491b1235e09016,ONLINE,2021-04-05 08:06:10.193000+00:00,2021-11-10 15:56:00+00:00,78,1EF,169,F53472DBCC26A0D6A6D02DDAAB396785,219.32627091435185,15,Wednesday,8,Monday,2021-11-10 00:00:00+00:00,2021-11-17 00:00:00+00:00,False,,
5bdca30640c5ba4889112e9bf9677971,OFFLINE,2021-03-16 03:01:56.955000+00:00,2021-11-10 16:36:00+00:00,78,07B,82,294B021232C509826A57AC3136B8ABDD,239.56531302083334,16,Wednesday,3,Tuesday,2021-11-10 00:00:00+00:00,2021-11-17 00:00:00+00:00,False,,
dfccfc45ee80ad80bfc7ba33da034905,ONLINE,2021-09-17 14:51:43.333000+00:00,2021-11-10 17:03:00+00:00,78,07B,54,EEDD0125ADF9CD4325E56C39462533F5,54.09116512731482,17,Wednesday,14,Friday,2021-11-10 00:00:00+00:00,2021-11-17 00:00:00+00:00,False,,
0c9c6b4076eb110d7f3481d973460ae3,ONLINE,2021-07-16 05:23:04.345000+00:00,2021-11-10 17:08:00+00:00,78,300,95,08379264459A6EF0F8052CC20B9DD41F,117.48953304398147,17,Wednesday,5,Friday,2021-11-10 00:00:00+00:00,2021-11-17 00:00:00+00:00,False,,
dc7e38475d95314f0272b26e754b5f2c,ONLINE,2021-06-22 04:37:30.968000+00:00,2021-11-10 17:12:00+00:00,78,07B,73,EE735FFED3A6072D13A30636E658A03A,141.52394712962962,17,Wednesday,4,Tuesday,2021-11-10 00:00:00+00:00,2021-11-17 00:00:00+00:00,False,,
85c6f18d561a974d569a65d8c45fa302,OFFLINE,2021-06-05 09:54:08.039000+00:00,2021-11-10 17:13:00+00:00,78,300,126,15DEDC3B645D743B528945FFB129B0EC,158.30476806712963,17,Wednesday,9,Saturday,2021-11-10 00:00:00+00:00,2021-11-17 00:00:00+00:00,False,,
edf00d3bddc2407f43c63c4396a4610f,OFFLINE,2021-06-28 05:37:03.281000+00:00,2021-11-10 17:31:00+00:00,78,300,71,E56AE16934A0D29EBF24915402A7E5ED,135.4957953587963,17,Wednesday,5,Monday,2021-11-10 00:00:00+00:00,2021-11-17 00:00:00+00:00,False,,
58b636e7ea3fbb919ed573ea1407ea77,OFFLINE,2021-01-19 19:46:01.739000+00:00,2021-11-10 18:03:00+00:00,78,07B,103,4E8E60427140A514537C374BAA698D32,294.9284520949074,18,Wednesday,19,Tuesday,2021-11-10 00:00:00+00:00,2021-11-17 00:00:00+00:00,False,,
d18f979d8320238b4c96491a698e0979,OFFLINE,2021-09-19 13:55:29.820000+00:00,2021-11-10 18:06:00+00:00,78,07B,50,10D023CEE6CC12F06C576EB33402E56B,52.17396041666667,18,Wednesday,13,Sunday,2021-11-10 00:00:00+00:00,2021-11-17 00:00:00+00:00,False,,
1a7543c08d5ab6c27ea2d65996903463,OFFLINE,2021-10-05 18:07:53.683000+00:00,2021-11-10 18:28:00+00:00,78,1EF,84,740CB1CA2BD83B3276B092195A6EB883,36.01396200231481,18,Wednesday,18,Tuesday,2021-11-10 00:00:00+00:00,2021-11-17 00:00:00+00:00,False,,
5310df59c4dec635be2e172ac3676d24,OFFLINE,2021-02-03 08:25:07.746000+00:00,2021-11-10 18:33:00+00:00,78,1EF,85,740CB1CA2BD83B3276B092195A6EB883,280.42213256944444,18,Wednesday,8,Wednesday,2021-11-10 00:00:00+00:00,2021-11-17 00:00:00+00:00,False,,
ee6fd008a33019b89973b8ef1c813289,OFFLINE,2021-10-10 16:34:35.715000+00:00,2021-11-10 18:59:00+00:00,78,300,126,C0DD698BE0C1EA71FA3045950BEEC64B,31.100281076388892,18,Wednesday,16,Sunday,2021-11-10 00:00:00+00:00,2021-11-17 00:00:00+00:00,False,,
aeb2bceb4d649e22b543485e6890ee78,OFFLINE,2021-06-19 18:08:56.070000+00:00,2021-11-10 21:20:00+00:00,78,07B,168,294B021232C509826A57AC3136B8ABDD,144.132684375,21,Wednesday,18,Saturday,2021-11-10 00:00:00+00:00,2021-11-17 00:00:00+00:00,False,,
abf25f838fca3b9d4a65212f1470270b,ONLINE,2021-10-05 11:24:56.221000+00:00,2021-12-10 01:55:00+00:00,78,07B,67,EE735FFED3A6072D13A30636E658A03A,65.60421040509259,1,Friday,11,Tuesday,2021-12-10 00:00:00+00:00,2021-12-17 00:00:00+00:00,False,,
fe559aad46bd76467b531e16db831604,ONLINE,2021-09-06 07:18:03.075000+00:00,2021-12-10 02:38:00+00:00,78,07B,132,7A4560119B1440F826F97B91B425DABC,94.80551996527778,2,Friday,7,Monday,2021-12-10 00:00:00+00:00,2021-12-17 00:00:00+00:00,False,,
5b9e63319ec4e8717886bc0c23f1f1c4,OFFLINE,2021-04-22 01:19:34.665000+00:00,2021-12-10 02:39:00+00:00,78,07B,255,EE735FFED3A6072D13A30636E658A03A,232.0551543402778,2,Friday,1,Thursday,2021-12-10 00:00:00+00:00,2021-12-17 00:00:00+00:00,False,,
28ec519baf92cfb7638fa79be6d79310,OFFLINE,2021-02-24 08:00:09.054000+00:00,2021-12-10 02:53:00+00:00,78,1EF,82,08A9B54E00545ECCD369B8E5D2692E9F,288.78670076388886,2,Friday,8,Wednesday,2021-12-10 00:00:00+00:00,2021-12-17 00:00:00+00:00,False,,
ef5a90e01d9b958a7ee4a36abd2b026e,OFFLINE,2021-02-08 02:48:34.655000+00:00,2021-12-10 03:00:00+00:00,78,1EF,67,4DF70D744AB4B2076706A37F1EBAC6B9,305.0079322337963,3,Friday,2,Monday,2021-12-10 00:00:00+00:00,2021-12-17 00:00:00+00:00,False,,
a67a6c0c4890c0652fa1ca9e7f816c69,OFFLINE,2021-01-22 14:36:12.933000+00:00,2021-12-10 03:04:00+00:00,78,07B,80,10D023CEE6CC12F06C576EB33402E56B,321.5192947569445,3,Friday,14,Friday,2021-12-10 00:00:00+00:00,2021-12-17 00:00:00+00:00,False,,
f102e5fcd609d4c44a9ab707f716aef2,OFFLINE,2021-01-22 15:08:19.992000+00:00,2021-12-10 03:09:00+00:00,78,1EF,75,BB2033CE2FA4822C957B37DEB445B32C,321.5004630555556,3,Friday,15,Friday,2021-12-10 00:00:00+00:00,2021-12-17 00:00:00+00:00,False,,
21d9c0791999619e0221da5629cae17f,OFFLINE,2021-04-04 13:35:12.795000+00:00,2021-12-10 03:15:00+00:00,78,07B,196,56129BC950F9E18A9F5DF651D9D267D1,249.56929635416665,3,Friday,13,Sunday,2021-12-10 00:00:00+00:00,2021-12-17 00:00:00+00:00,False,,
bdf96610d6393646a5a0761c69a34a9f,OFFLINE,2021-02-09 11:32:23.892000+00:00,2021-12-10 03:18:00+00:00,78,07B,201,EE735FFED3A6072D13A30636E658A03A,303.65666791666666,3,Friday,11,Tuesday,2021-12-10 00:00:00+00:00,2021-12-17 00:00:00+00:00,False,,
5c99c3ae3752d0e2119134fd6f072d25,ONLINE,2021-08-23 11:24:59.987000+00:00,2021-12-10 03:23:00+00:00,78,07B,111,10D023CEE6CC12F06C576EB33402E56B,108.66527792824074,3,Friday,11,Monday,2021-12-10 00:00:00+00:00,2021-12-17 00:00:00+00:00,False,,
ff341d9166e4d2d91e3bc474f6964fc8,OFFLINE,2021-06-01 11:02:01.919000+00:00,2021-12-10 03:30:00+00:00,78,1EF,147,F23ABF889C244499ACA33B5CE1A7C848,191.68608890046298,3,Friday,11,Tuesday,2021-12-10 00:00:00+00:00,2021-12-17 00:00:00+00:00,False,,
14c1a5a87d12d0ca82a2e4584a419b95,OFFLINE,2021-07-02 03:36:11.003000+00:00,2021-12-10 03:39:00+00:00,78,300,168,F0C8A9D19009F1B76367ED6CFD4FA580,161.00195598379628,3,Friday,3,Friday,2021-12-10 00:00:00+00:00,2021-12-17 00:00:00+00:00,False,,
4214511cb8b28629aafc15891cd11368,ONLINE,2021-02-16 04:26:13.064000+00:00,2021-12-10 04:05:00+00:00,78,1EF,143,740CB1CA2BD83B3276B092195A6EB883,296.98526546296296,4,Friday,4,Tuesday,2021-12-10 00:00:00+00:00,2021-12-17 00:00:00+00:00,False,,
2d9c895b93d7780cfd35d251d035c3f2,ONLINE,2021-03-02 10:07:11.249000+00:00,2021-12-10 04:11:00+00:00,78,1EF,67,08A9B54E00545ECCD369B8E5D2692E9F,282.7526475810185,4,Friday,10,Tuesday,2021-12-10 00:00:00+00:00,2021-12-17 00:00:00+00:00,False,,
43f05c1abfc05dede6b7a535e62b166b,OFFLINE,2021-05-12 03:46:28.554000+00:00,2021-12-10 04:16:00+00:00,78,300,110,E2F9517E4B924224FB308023E6149775,212.02050284722222,4,Friday,3,Wednesday,2021-12-10 00:00:00+00:00,2021-12-17 00:00:00+00:00,False,,
c1bfa1d2be8a4cd05cc6c1a937bed104,OFFLINE,2021-06-27 14:08:42.509000+00:00,2021-12-10 04:30:00+00:00,78,07B,188,4E8E60427140A514537C374BAA698D32,165.5981191087963,4,Friday,14,Sunday,2021-12-10 00:00:00+00:00,2021-12-17 00:00:00+00:00,False,,
e936fadfc57755a9753d035a56327473,OFFLINE,2021-01-29 09:08:44.613000+00:00,2021-12-10 04:33:00+00:00,78,1EF,60,1162FF15A2450469905B590D62F7746E,314.8085114236111,4,Friday,9,Friday,2021-12-10 00:00:00+00:00,2021-12-17 00:00:00+00:00,False,,
f8935aaf2523880fa8dc74c38baaa3b1,OFFLINE,2021-07-07 08:27:51.996000+00:00,2021-12-10 05:03:00+00:00,78,07B,73,4E8E60427140A514537C374BAA698D32,155.8577315277778,5,Friday,8,Wednesday,2021-12-10 00:00:00+00:00,2021-12-17 00:00:00+00:00,False,,
e6dd3901afde278479f8ea555a213df4,OFFLINE,2021-07-07 14:17:38.768000+00:00,2021-12-10 05:04:00+00:00,78,07B,77,EEDD0125ADF9CD4325E56C39462533F5,155.61552351851853,5,Friday,14,Wednesday,2021-12-10 00:00:00+00:00,2021-12-17 00:00:00+00:00,False,,
81f8be01deb17f1e313bc7b941ae8e40,OFFLINE,2021-03-12 13:05:48.131000+00:00,2021-12-10 05:06:00+00:00,78,1EF,116,D5CECB3D35FF9FEF0E46207CFE4A5F29,272.66680403935186,5,Friday,13,Friday,2021-12-10 00:00:00+00:00,2021-12-17 00:00:00+00:00,False,,
4bc166f1fa3d829240abc2ac935c4d0b,OFFLINE,2021-02-11 04:36:41.169000+00:00,2021-12-10 05:19:00+00:00,78,07B,82,4ECC8B694F4BB262BDD4B0A85952B71A,302.02938461805553,5,Friday,4,Thursday,2021-12-10 00:00:00+00:00,2021-12-17 00:00:00+00:00,False,,
442b1cf41fec1ea5f8f71bafc03f9f7a,OFFLINE,2021-06-21 06:03:31.658000+00:00,2021-12-10 05:29:00+00:00,78,07B,199,0788D330C960376CA8EF0D842E5443A4,171.97602247685185,5,Friday,6,Monday,2021-12-10 00:00:00+00:00,2021-12-17 00:00:00+00:00,False,,
957c00d655127c3ed8816277339b24c8,ONLINE,2021-02-23 03:26:04.715000+00:00,2021-12-10 05:32:00+00:00,78,1EF,149,740CB1CA2BD83B3276B092195A6EB883,290.08744542824076,5,Friday,3,Tuesday,2021-12-10 00:00:00+00:00,2021-12-17 00:00:00+00:00,False,,
d2b7e914daf088aa98dd579f86b9fd0f,OFFLINE,2021-02-09 06:44:23.614000+00:00,2021-12-10 05:39:00+00:00,78,1EF,162,F4C330A3091E324FECCFB7CBE86F44E1,303.95458780092594,5,Friday,6,Tuesday,2021-12-10 00:00:00+00:00,2021-12-17 00:00:00+00:00,False,,
db90d7484333a610bb3697090638fc79,OFFLINE,2021-07-19 09:58:06.402000+00:00,2021-12-10 05:49:00+00:00,78,1EF,78,740CB1CA2BD83B3276B092195A6EB883,143.8270092361111,5,Friday,9,Monday,2021-12-10 00:00:00+00:00,2021-12-17 00:00:00+00:00,False,,
e777303650e604c41cf8520bffe15c97,OFFLINE,2021-10-08 04:27:07.236000+00:00,2021-12-10 06:03:00+00:00,78,1EF,128,195FD095D9D7F47943113AF2CBCF9A75,63.06658291666667,6,Friday,4,Friday,2021-12-10 00:00:00+00:00,2021-12-17 00:00:00+00:00,False,,
d9dfaebfa85538c8d5959d33d55b1cf8,OFFLINE,2021-03-11 16:29:34.611000+00:00,2021-12-10 06:13:00+00:00,78,07B,255,4ECC8B694F4BB262BDD4B0A85952B71A,273.57182163194443,6,Friday,16,Thursday,2021-12-10 00:00:00+00:00,2021-12-17 00:00:00+00:00,False,,
196efe6eeb661a7bd508535c2fe4fee4,OFFLINE,2021-07-06 16:59:37.807000+00:00,2021-12-10 06:22:00+00:00,78,1EF,102,7B36B12A4C581DFCF8BF406AECA45564,156.55720130787037,6,Friday,16,Tuesday,2021-12-10 00:00:00+00:00,2021-12-17 00:00:00+00:00,False,,
5f3239cc5f174d0a928cd89242b3d6a0,ONLINE,2021-08-28 18:05:29.451000+00:00,2021-12-10 06:32:00+00:00,78,07B,67,EEDD0125ADF9CD4325E56C39462533F5,103.51840913194445,6,Friday,18,Saturday,2021-12-10 00:00:00+00:00,2021-12-17 00:00:00+00:00,False,,
a0672ebd0a83812f1a75b88183e1c435,OFFLINE,2021-01-22 11:52:30.278000+00:00,2021-12-10 06:55:00+00:00,78,1EF,141,740CB1CA2BD83B3276B092195A6EB883,321.79339956018515,6,Friday,11,Friday,2021-12-10 00:00:00+00:00,2021-12-17 00:00:00+00:00,False,,
6023443c89b5c8f453125d600ae27c5f,OFFLINE,2021-01-12 11:24:13.901000+00:00,2021-12-10 07:00:00+00:00,78,07B,111,4E8E60427140A514537C374BAA698D32,331.81650577546293,7,Friday,11,Tuesday,2021-12-10 00:00:00+00:00,2021-12-17 00:00:00+00:00,False,,
ba6a650bc853e8dda7ff12f010bc8492,OFFLINE,2021-10-12 06:27:08.727000+00:00,2021-12-10 07:07:00+00:00,78,07B,153,56129BC950F9E18A9F5DF651D9D267D1,59.02767677083333,7,Friday,6,Tuesday,2021-12-10 00:00:00+00:00,2021-12-17 00:00:00+00:00,False,,
d6e6807f1f69b1bec7df93e7d9fdf3e9,OFFLINE,2021-06-18 05:54:18.671000+00:00,2021-12-10 07:31:00+00:00,78,07B,93,9F9E66046BADAE5ABE94708CED879416,175.06714501157407,7,Friday,5,Friday,2021-12-10 00:00:00+00:00,2021-12-17 00:00:00+00:00,False,,
628f15d54e41416a1ac75071c2d5cd1f,OFFLINE,2021-03-15 13:53:14.831000+00:00,2021-12-10 07:31:00+00:00,90,07B,151,10D023CEE6CC12F06C576EB33402E56B,269.73455056712965,7,Friday,13,Monday,2021-12-10 00:00:00+00:00,2021-12-17 00:00:00+00:00,False,,
933a2dcaafc4b09d0cbef4cd6329956a,OFFLINE,2021-03-11 17:11:14.599000+00:00,2021-12-10 07:43:00+00:00,78,07B,85,4E8E60427140A514537C374BAA698D32,273.60538658564815,7,Friday,17,Thursday,2021-12-10 00:00:00+00:00,2021-12-17 00:00:00+00:00,False,,
c3e139527f7358184a2bbeefe4afddf2,OFFLINE,2021-03-08 11:49:42.987000+00:00,2021-12-10 07:56:00+00:00,78,300,50,09B36CB8AB7325477B80E99BE8FB2D02,276.83769690972224,7,Friday,11,Monday,2021-12-10 00:00:00+00:00,2021-12-17 00:00:00+00:00,False,,
32a73766a0a734711df901c616627179,ONLINE,2021-08-08 17:47:20.364000+00:00,2021-12-10 08:08:00+00:00,78,1EF,139,FF6F2DDF8AB23F3461E39CE6531C7EAB,123.59768097222222,8,Friday,17,Sunday,2021-12-10 00:00:00+00:00,2021-12-17 00:00:00+00:00,False,,
fed8490f9e799b2f144ae951aa51d786,OFFLINE,2021-09-29 19:39:28.001000+00:00,2021-12-10 08:10:00+00:00,78,1EF,60,BB2033CE2FA4822C957B37DEB445B32C,71.52120369212963,8,Friday,19,Wednesday,2021-12-10 00:00:00+00:00,2021-12-17 00:00:00+00:00,False,,
365818ab158d5ecf0ece90fc7e28345a,OFFLINE,2021-03-17 09:56:44.319000+00:00,2021-12-10 08:11:00+00:00,78,07B,147,3B56EC028568E71AF10B3360787CD0BC,267.9265703819445,8,Friday,9,Wednesday,2021-12-10 00:00:00+00:00,2021-12-17 00:00:00+00:00,False,,
d982d6ec01358596645430d96eecd416,ONLINE,2021-06-16 17:17:20.269000+00:00,2021-12-10 08:23:00+00:00,78,1EF,60,740CB1CA2BD83B3276B092195A6EB883,176.62893207175927,8,Friday,17,Wednesday,2021-12-10 00:00:00+00:00,2021-12-17 00:00:00+00:00,False,,
b1bd97a5aafb9f46cfc2edfbd9be551b,OFFLINE,2021-08-12 12:41:42.682000+00:00,2021-12-10 08:28:00+00:00,78,07B,50,10D023CEE6CC12F06C576EB33402E56B,119.82381155092592,8,Friday,12,Thursday,2021-12-10 00:00:00+00:00,2021-12-17 00:00:00+00:00,False,,
34fab7470a298103f4dd40bbd8ee03e4,OFFLINE,2021-08-23 10:27:51.220000+00:00,2021-12-10 08:33:00+00:00,78,07B,104,10D023CEE6CC12F06C576EB33402E56B,108.92024050925926,8,Friday,10,Monday,2021-12-10 00:00:00+00:00,2021-12-17 00:00:00+00:00,False,,
27d6287a8fa7286a1b5d8d50c37150b4,OFFLINE,2021-02-01 07:16:14.258000+00:00,2021-12-10 08:55:00+00:00,78,07B,111,4E8E60427140A514537C374BAA698D32,312.0685849768518,8,Friday,7,Monday,2021-12-10 00:00:00+00:00,2021-12-17 00:00:00+00:00,False,,
ff8e90465e39fe44fe4670ba366a3df9,OFFLINE,2021-05-03 10:41:34.377000+00:00,2021-12-10 09:09:00+00:00,78,300,50,09B36CB8AB7325477B80E99BE8FB2D02,220.93571322916665,9,Friday,10,Monday,2021-12-10 00:00:00+00:00,2021-12-17 00:00:00+00:00,False,,
5f2c5e7ef089cc90d5b98e39c7ebca6b,ONLINE,2021-08-12 14:49:04.756000+00:00,2021-12-10 09:22:00+00:00,78,1EF,109,38BB76CCFDD8129EF62B3AF5480605C7,119.77286162037038,9,Friday,14,Thursday,2021-12-10 00:00:00+00:00,2021-12-17 00:00:00+00:00,False,,
0440615bd0048eb581242a98f17e8807,OFFLINE,2021-03-06 10:16:44.599000+00:00,2021-12-10 09:34:00+00:00,78,07B,61,EEDD0125ADF9CD4325E56C39462533F5,278.97031714120374,9,Friday,10,Saturday,2021-12-10 00:00:00+00:00,2021-12-17 00:00:00+00:00,False,,
7d97b0c3202f9fc0b726453600b6f6d6,OFFLINE,2021-10-04 09:42:43.255000+00:00,2021-12-10 09:48:00+00:00,78,1EF,134,2C10D809ABD31810F4E95F4E500EFA7E,67.00366603009259,9,Friday,9,Monday,2021-12-10 00:00:00+00:00,2021-12-17 00:00:00+00:00,False,,
2df69f9215204d038b671d9125b1419a,ONLINE,2021-02-14 07:40:49.722000+00:00,2021-12-10 10:08:00+00:00,78,07B,81,EE735FFED3A6072D13A30636E658A03A,299.1022022916667,10,Friday,7,Sunday,2021-12-10 00:00:00+00:00,2021-12-17 00:00:00+00:00,False,,
5c4df36820510f0000ba0b58034fdbd8,OFFLINE,2021-06-28 11:31:36.313000+00:00,2021-12-10 10:15:00+00:00,78,300,122,269CB18F9DAC7649B08410B51621225E,164.9468019328704,10,Friday,11,Monday,2021-12-10 00:00:00+00:00,2021-12-17 00:00:00+00:00,False,,
ba4b555e7334a472ffe6c1abfbaf9fed,ONLINE,2021-08-22 07:32:59.056000+00:00,2021-12-10 10:27:00+00:00,78,07B,91,4E8E60427140A514537C374BAA698D32,110.12084425925926,10,Friday,7,Sunday,2021-12-10 00:00:00+00:00,2021-12-17 00:00:00+00:00,False,,
4b97a36d5138b27b8a837843a2c06767,OFFLINE,2021-08-23 15:03:48.903000+00:00,2021-12-10 10:33:00+00:00,78,07B,172,9F9E66046BADAE5ABE94708CED879416,108.81193399305555,10,Friday,15,Monday,2021-12-10 00:00:00+00:00,2021-12-17 00:00:00+00:00,False,,
aaaf15500d9b3f1b539695174d49f609,OFFLINE,2021-06-05 17:38:03.257000+00:00,2021-12-10 10:38:00+00:00,77,300,123,2630D6FC6433A9A4C1C906C0D64BDDE1,187.7082956365741,10,Friday,17,Saturday,2021-12-10 00:00:00+00:00,2021-12-17 00:00:00+00:00,False,,
460d1ad72334210a79b5b129862bbc35,OFFLINE,2021-07-10 15:17:19.974000+00:00,2021-12-10 10:42:00+00:00,78,07B,85,EE735FFED3A6072D13A30636E658A03A,152.80879659722223,10,Friday,15,Saturday,2021-12-10 00:00:00+00:00,2021-12-17 00:00:00+00:00,False,,
8ee60a6d2256df00d597437ec9949129,OFFLINE,2021-07-26 17:53:50.723000+00:00,2021-12-10 10:43:00+00:00,78,300,50,09B36CB8AB7325477B80E99BE8FB2D02,136.70080181712964,10,Friday,17,Monday,2021-12-10 00:00:00+00:00,2021-12-17 00:00:00+00:00,False,,
e0e8d892e9f063cc4a70a14304adb16a,ONLINE,2021-10-05 10:05:26.883000+00:00,2021-12-10 10:50:00+00:00,78,300,247,8C9CD2798C922216EC02BD7D1BCD9786,66.03093885416666,10,Friday,10,Tuesday,2021-12-10 00:00:00+00:00,2021-12-17 00:00:00+00:00,False,,
fc0c791556c22191a97e7cbce8e3f10f,ONLINE,2021-01-29 06:31:45.532000+00:00,2021-12-10 10:57:00+00:00,78,07B,92,EEDD0125ADF9CD4325E56C39462533F5,315.18419523148145,10,Friday,6,Friday,2021-12-10 00:00:00+00:00,2021-12-17 00:00:00+00:00,False,,
959b1fb9a939617104e906afe1f05702,OFFLINE,2021-04-16 02:52:56.922000+00:00,2021-12-10 11:01:00+00:00,78,07B,187,EE735FFED3A6072D13A30636E658A03A,238.3389245138889,11,Friday,2,Friday,2021-12-10 00:00:00+00:00,2021-12-17 00:00:00+00:00,False,,
cad75a29c0d95fa7b293e509de71c696,ONLINE,2021-09-30 16:56:35.411000+00:00,2021-12-10 11:25:00+00:00,78,1EF,65,BB2033CE2FA4822C957B37DEB445B32C,70.76972903935184,11,Friday,16,Thursday,2021-12-10 00:00:00+00:00,2021-12-17 00:00:00+00:00,False,,
174f896d1951045dbd59335969c3e708,OFFLINE,2021-08-05 09:06:12.727000+00:00,2021-12-10 12:09:00+00:00,78,1EF,93,B320812E30E13B08E24F7EFE4CDEBF47,127.1269360300926,12,Friday,9,Thursday,2021-12-10 00:00:00+00:00,2021-12-17 00:00:00+00:00,False,,
593579013a7f67889e83802128d51c55,OFFLINE,2021-06-22 10:07:41.868000+00:00,2021-12-10 12:10:00+00:00,78,1EF,119,65BDDE34D53F6A348B44541DD0852538,171.0849320833333,12,Friday,10,Tuesday,2021-12-10 00:00:00+00:00,2021-12-17 00:00:00+00:00,False,,
3eb15f76b86fa5fec73fd307ff7120dc,OFFLINE,2021-10-04 17:31:00.341000+00:00,2021-12-10 12:20:00+00:00,78,1EF,104,740CB1CA2BD83B3276B092195A6EB883,66.78402383101852,12,Friday,17,Monday,2021-12-10 00:00:00+00:00,2021-12-17 00:00:00+00:00,False,,
0eda145970aace64969b2444f3f63bd6,OFFLINE,2021-05-22 18:52:37.480000+00:00,2021-12-10 12:34:00+00:00,78,1EF,112,4DF70D744AB4B2076706A37F1EBAC6B9,201.7370662037037,12,Friday,18,Saturday,2021-12-10 00:00:00+00:00,2021-12-17 00:00:00+00:00,False,,
55ddf395d24886e17e2a93fd7b88bcc7,OFFLINE,2021-03-31 14:24:21.397000+00:00,2021-12-10 12:41:00+00:00,78,07B,112,C142F51706DA139EC3DCAA250682C61A,253.92822457175927,12,Friday,14,Wednesday,2021-12-10 00:00:00+00:00,2021-12-17 00:00:00+00:00,False,,
c329d99054f12cd3e72559a442a02963,ONLINE,2021-09-14 12:24:56.981000+00:00,2021-12-10 12:44:00+00:00,78,1EF,66,740CB1CA2BD83B3276B092195A6EB883,87.01322938657408,12,Friday,12,Tuesday,2021-12-10 00:00:00+00:00,2021-12-17 00:00:00+00:00,False,,
b8e42db0a955695d4da93d86e2f3a85a,OFFLINE,2021-03-19 12:00:34.929000+00:00,2021-12-10 12:48:00+00:00,78,1EF,123,2C10D809ABD31810F4E95F4E500EFA7E,266.0329290625,12,Friday,12,Friday,2021-12-10 00:00:00+00:00,2021-12-17 00:00:00+00:00,False,,
8f92c5a04fd9dd153c6a88323e691461,OFFLINE,2021-02-22 15:46:58.966000+00:00,2021-12-10 12:49:00+00:00,78,1EF,101,4DF70D744AB4B2076706A37F1EBAC6B9,290.8764008564815,12,Friday,15,Monday,2021-12-10 00:00:00+00:00,2021-12-17 00:00:00+00:00,False,,
e0ba425c45c8d293e6e3eaf4ae5314be,OFFLINE,2021-07-15 03:15:50.078000+00:00,2021-12-10 13:09:00+00:00,78,07B,184,4ECC8B694F4BB262BDD4B0A85952B71A,148.41192039351853,13,Friday,3,Thursday,2021-12-10 00:00:00+00:00,2021-12-17 00:00:00+00:00,False,,
4ea96981a0cbde17485d0aacfcf70032,OFFLINE,2021-05-13 09:01:49.700000+00:00,2021-12-10 13:31:00+00:00,78,300,187,08379264459A6EF0F8052CC20B9DD41F,211.18692476851854,13,Friday,9,Thursday,2021-12-10 00:00:00+00:00,2021-12-17 00:00:00+00:00,False,,
213ca2f6c496e4500846c7ce054c93e3,OFFLINE,2021-01-18 03:02:41.628000+00:00,2021-12-10 13:32:00+00:00,78,07B,97,4ECC8B694F4BB262BDD4B0A85952B71A,326.4370181944445,13,Friday,3,Monday,2021-12-10 00:00:00+00:00,2021-12-17 00:00:00+00:00,False,,
6ea71bd56cd87347a82ffd8b62116a91,OFFLINE,2021-06-26 08:26:35.975000+00:00,2021-12-10 13:46:00+00:00,78,1EF,87,D5CECB3D35FF9FEF0E46207CFE4A5F29,167.2218058449074,13,Friday,8,Saturday,2021-12-10 00:00:00+00:00,2021-12-17 00:00:00+00:00,False,,
e12aaeffefc3c97baafe287a9637d67a,OFFLINE,2021-04-02 08:47:23.244000+00:00,2021-12-10 13:52:00+00:00,78,07B,86,294B021232C509826A57AC3136B8ABDD,252.21153652777778,13,Friday,8,Friday,2021-12-10 00:00:00+00:00,2021-12-17 00:00:00+00:00,False,,
538f023671b0612063d43a11e2238a08,OFFLINE,2021-09-04 15:40:51.101000+00:00,2021-12-10 13:58:00+00:00,78,07B,63,EEDD0125ADF9CD4325E56C39462533F5,96.92857521990742,13,Friday,15,Saturday,2021-12-10 00:00:00+00:00,2021-12-17 00:00:00+00:00,False,,
1e8c12d1c81021b859218e5e6b1a7d63,ONLINE,2021-03-13 09:31:31.975000+00:00,2021-12-10 14:17:00+00:00,78,07B,106,4E8E60427140A514537C374BAA698D32,272.19824103009256,14,Friday,9,Saturday,2021-12-10 00:00:00+00:00,2021-12-17 00:00:00+00:00,False,,
6f47c8173af12f178585151337a82e3e,OFFLINE,2021-01-21 04:28:43.272000+00:00,2021-12-10 14:29:00+00:00,78,300,133,08379264459A6EF0F8052CC20B9DD41F,323.4168602777778,14,Friday,4,Thursday,2021-12-10 00:00:00+00:00,2021-12-17 00:00:00+00:00,False,,
dc852f19b297046e2cbb557331b82682,OFFLINE,2021-03-03 10:06:46.906000+00:00,2021-12-10 14:41:00+00:00,78,300,112,4FB52D1F31461850C15CC1C15A02931B,282.1904293287037,14,Friday,10,Wednesday,2021-12-10 00:00:00+00:00,2021-12-17 00:00:00+00:00,False,,
1970ed092d9650b88da507c0aa5b5652,ONLINE,2021-09-02 08:53:12.032000+00:00,2021-12-10 14:43:00+00:00,78,07B,86,9F9E66046BADAE5ABE94708CED879416,99.2429162962963,14,Friday,8,Thursday,2021-12-10 00:00:00+00:00,2021-12-17 00:00:00+00:00,False,,
bc6565ee3cd6c201f5b3ebc55cb9d6c6,OFFLINE,2021-09-17 04:31:30.459000+00:00,2021-12-10 14:45:00+00:00,78,07B,117,294B021232C509826A57AC3136B8ABDD,84.42603635416667,14,Friday,4,Friday,2021-12-10 00:00:00+00:00,2021-12-17 00:00:00+00:00,False,,
36baf9d6c0cd8b335d4d78a6bf694f98,OFFLINE,2021-08-01 17:58:11.578000+00:00,2021-12-10 14:47:00+00:00,78,07B,174,3DCC8B4086B582DDB2E5481A5D44CAB4,130.8672271064815,14,Friday,17,Sunday,2021-12-10 00:00:00+00:00,2021-12-17 00:00:00+00:00,False,,
3e2c4941270912d1f4614643deef393e,ONLINE,2021-01-18 09:54:34.551000+00:00,2021-12-10 14:48:00+00:00,78,07B,158,EE735FFED3A6072D13A30636E658A03A,326.20376677083334,14,Friday,9,Monday,2021-12-10 00:00:00+00:00,2021-12-17 00:00:00+00:00,False,,
25f1053889e35087845b2078db7e3f30,OFFLINE,2021-02-09 12:17:29.779000+00:00,2021-12-10 14:50:00+00:00,78,07B,78,294B021232C509826A57AC3136B8ABDD,304.1059053356482,14,Friday,12,Tuesday,2021-12-10 00:00:00+00:00,2021-12-17 00:00:00+00:00,False,,
7f9dca1ddeaa2405dffb9b9c71158c5a,ONLINE,2021-07-11 09:34:03.545000+00:00,2021-12-10 15:23:00+00:00,78,1EF,115,96C3C752FA22E3A6918ADE4F355D3F8D,152.24232008101853,15,Friday,9,Sunday,2021-12-10 00:00:00+00:00,2021-12-17 00:00:00+00:00,False,,
ccbb92246f7fc2573df8670101f62ecc,OFFLINE,2021-05-06 01:56:21.407000+00:00,2021-12-10 15:33:00+00:00,78,1EF,149,F23ABF889C244499ACA33B5CE1A7C848,218.5671133449074,15,Friday,1,Thursday,2021-12-10 00:00:00+00:00,2021-12-17 00:00:00+00:00,False,,
7a961e4d43e5cd6d5c8a378005624d70,ONLINE,2021-09-25 07:21:04.814000+00:00,2021-12-10 15:36:00+00:00,78,1EF,66,F066DEFF7409FE06BB3F4539FBDF12A4,76.3436942824074,15,Friday,7,Saturday,2021-12-10 00:00:00+00:00,2021-12-17 00:00:00+00:00,False,,
c5dc27c1ed6d3166d09cbf2cee8d46b6,OFFLINE,2021-02-24 10:33:30.057000+00:00,2021-12-10 16:13:00+00:00,78,07B,65,4E8E60427140A514537C374BAA698D32,289.23576322916665,16,Friday,10,Wednesday,2021-12-10 00:00:00+00:00,2021-12-17 00:00:00+00:00,False,,
e869a251990a3f5290dc3578b2809dac,ONLINE,2021-04-04 09:24:22.996000+00:00,2021-12-10 16:49:00+00:00,78,1EF,60,FF6F2DDF8AB23F3461E39CE6531C7EAB,250.30876162037038,16,Friday,9,Sunday,2021-12-10 00:00:00+00:00,2021-12-17 00:00:00+00:00,False,,
40537798ea507853a2c7920a32df0694,ONLINE,2021-04-03 15:28:01.463000+00:00,2021-12-10 17:05:00+00:00,78,300,80,09B36CB8AB7325477B80E99BE8FB2D02,251.06734417824075,17,Friday,15,Saturday,2021-12-10 00:00:00+00:00,2021-12-17 00:00:00+00:00,False,,
a693734f6d792c8b4d6f4257e724e6d1,OFFLINE,2021-02-21 16:51:27.888000+00:00,2021-12-10 17:10:00+00:00,78,300,50,4EAA928CDE96CC979939CD4797399B7B,292.0128716666667,17,Friday,16,Sunday,2021-12-10 00:00:00+00:00,2021-12-17 00:00:00+00:00,False,,
9dc76c01190e03932068acde55b45588,OFFLINE,2021-07-23 10:20:29.478000+00:00,2021-12-10 17:12:00+00:00,78,300,50,09B36CB8AB7325477B80E99BE8FB2D02,140.28576993055555,17,Friday,10,Friday,2021-12-10 00:00:00+00:00,2021-12-17 00:00:00+00:00,False,,
77fd8326bd4dfce245af727913c6d1cf,ONLINE,2021-08-09 11:55:47.834000+00:00,2021-12-10 17:13:00+00:00,78,1EF,66,4DF70D744AB4B2076706A37F1EBAC6B9,123.22027969907407,17,Friday,11,Monday,2021-12-10 00:00:00+00:00,2021-12-17 00:00:00+00:00,False,,
c7c870a42171aa618871b9981cd5b1f8,OFFLINE,2021-10-02 02:38:27.339000+00:00,2021-12-10 17:24:00+00:00,78,300,50,E56AE16934A0D29EBF24915402A7E5ED,69.61496135416667,17,Friday,2,Saturday,2021-12-10 00:00:00+00:00,2021-12-17 00:00:00+00:00,False,,
856e22fe4954cba46d95bd53731ba4eb,OFFLINE,2021-04-29 12:42:55.742000+00:00,2021-12-10 17:33:00+00:00,78,300,97,C0DD698BE0C1EA71FA3045950BEEC64B,225.2014381712963,17,Friday,12,Thursday,2021-12-10 00:00:00+00:00,2021-12-17 00:00:00+00:00,False,,
64deb0412689952cd7da1d74398a86d1,OFFLINE,2021-09-21 14:05:04.895000+00:00,2021-12-10 17:46:00+00:00,78,300,50,7E701822D80EF10DEBEA008731637EA3,80.15341556712964,17,Friday,14,Tuesday,2021-12-10 00:00:00+00:00,2021-12-17 00:00:00+00:00,False,,
5f4059b1a34f3c0dc699dc76535da0ca,OFFLINE,2021-09-06 13:20:04.139000+00:00,2021-12-10 18:03:00+00:00,78,07B,133,EEDD0125ADF9CD4325E56C39462533F5,95.19647987268517,18,Friday,13,Monday,2021-12-10 00:00:00+00:00,2021-12-17 00:00:00+00:00,False,,
5b12f0ff3115d02925aa73bf0b54e3fa,ONLINE,2021-09-19 02:47:21.032000+00:00,2021-12-10 18:20:00+00:00,78,07B,96,3B56EC028568E71AF10B3360787CD0BC,82.64767324074074,18,Friday,2,Sunday,2021-12-10 00:00:00+00:00,2021-12-17 00:00:00+00:00,False,,
b6bf49b4446c46e6bd4ab1e579ffa266,OFFLINE,2021-01-21 18:06:35.898000+00:00,2021-12-10 20:02:00+00:00,78,1EF,108,740CB1CA2BD83B3276B092195A6EB883,323.08014006944444,20,Friday,18,Thursday,2021-12-10 00:00:00+00:00,2021-12-17 00:00:00+00:00,False,,
e381b05d6fdabb446fcfe83324296310,OFFLINE,2021-09-09 10:16:18.464000+00:00,2021-12-10 20:03:00+00:00,78,300,50,A85A33858C7BB0DCE962E99B2E79BBC4,92.40742518518519,20,Friday,10,Thursday,2021-12-10 00:00:00+00:00,2021-12-17 00:00:00+00:00,False,,
7043aadf737db7a1af801d65bcf5a603,OFFLINE,2021-04-30 21:59:51.587000+00:00,2021-12-10 21:03:00+00:00,78,07B,122,4ECC8B694F4BB262BDD4B0A85952B71A,223.96051403935184,21,Friday,21,Friday,2021-12-10 00:00:00+00:00,2021-12-17 00:00:00+00:00,False,,
